-- Generated by Craft v2.6.2952 on Dec 20, 2016, 7:59:33 PM.

--
-- Disable foreign key checks and autocommit.
--

SET FOREIGN_KEY_CHECKS = 0;
SET SQL_MODE = "NO_AUTO_VALUE_ON_ZERO";
SET AUTOCOMMIT = 0;
SET NAMES utf8;


DROP TABLE IF EXISTS `craft_assetfiles`;


--
-- Schema for table `craft_assetfiles`
--
CREATE TABLE `craft_assetfiles` (
  `id` int(11) NOT NULL,
  `sourceId` int(11) DEFAULT NULL,
  `folderId` int(11) NOT NULL,
  `filename` varchar(255) COLLATE utf8_unicode_ci NOT NULL,
  `kind` varchar(50) COLLATE utf8_unicode_ci NOT NULL DEFAULT 'unknown',
  `width` int(11) unsigned DEFAULT NULL,
  `height` int(11) unsigned DEFAULT NULL,
  `size` bigint(20) unsigned DEFAULT NULL,
  `dateModified` datetime DEFAULT NULL,
  `dateCreated` datetime NOT NULL,
  `dateUpdated` datetime NOT NULL,
  `uid` char(36) COLLATE utf8_unicode_ci NOT NULL DEFAULT '0',
  PRIMARY KEY (`id`),
  UNIQUE KEY `craft_assetfiles_filename_folderId_unq_idx` (`filename`,`folderId`),
  KEY `craft_assetfiles_sourceId_fk` (`sourceId`),
  KEY `craft_assetfiles_folderId_fk` (`folderId`)
) ENGINE=InnoDB DEFAULT CHARSET=utf8 COLLATE=utf8_unicode_ci;

--
-- Data for table `craft_assetfiles`
--

INSERT INTO `craft_assetfiles` (`id`, `sourceId`, `folderId`, `filename`, `kind`, `width`, `height`, `size`, `dateModified`, `dateCreated`, `dateUpdated`, `uid`) VALUES
 ('66', '2', '2', 'team-1.jpg', 'image', '375', '375', '15619', '2016-11-01 21:53:07', '2016-11-01 21:53:08', '2016-11-22 22:31:41', 'ec2e16ac-3c33-4e38-888a-5e4029bda89f'),
 ('97', '3', '3', 'cta-contact.jpg', 'image', '1589', '602', '195587', '2016-11-02 18:59:28', '2016-11-02 18:59:30', '2016-11-22 22:31:42', 'e48764cc-f900-4573-ad88-1533f9943c0d'),
 ('128', NULL, '7', 'large-image-fpo-1.jpg', 'image', '1468', '980', '9040', '2016-11-11 20:59:03', '2016-11-11 20:59:03', '2016-11-11 20:59:03', '2e95042b-a734-4101-b4d4-8059d5752a3a'),
 ('130', NULL, '7', 'large-image-fpo-1_161017_202946.jpg', 'image', '1468', '980', '9038', '2016-11-11 21:02:07', '2016-11-11 21:02:07', '2016-11-11 21:02:07', '593542cb-520d-4c5d-a6d8-845ef240fa55'),
 ('153', NULL, '29', '090716_sea_cottoncandy_med_rinnzimd.gif', 'image', '480', '270', '3077575', '2016-11-17 19:20:48', '2016-11-17 19:20:48', '2016-11-17 19:20:48', 'c6225e54-85b4-42fb-885b-ba111d2dd171'),
 ('154', '3', '3', 't-01.gif', 'image', '900', '900', '123997', '2016-11-19 00:16:02', '2016-11-18 23:49:37', '2016-11-22 22:31:43', '42676b23-98a4-4216-9a15-edc8ba86ef3b'),
 ('167', NULL, '31', '1200x900.jpg', 'image', '1200', '900', '10942', '2016-11-22 21:43:09', '2016-11-22 21:43:09', '2016-11-22 21:43:09', 'b6abdbe2-2832-4dfa-8af8-88875ab4e223'),
 ('168', NULL, '31', '1200x1200.jpg', 'image', '1200', '1200', '12540', '2016-11-22 21:43:10', '2016-11-22 21:43:10', '2016-11-22 21:43:10', 'c11a0a78-3415-408b-aacf-9ecf418f0c62'),
 ('169', NULL, '31', '1200x1800.jpg', 'image', '1200', '1800', '14836', '2016-11-22 21:43:10', '2016-11-22 21:43:11', '2016-11-22 21:43:11', '664a8198-1692-44d2-aa74-a2a31df55c91'),
 ('171', NULL, '30', '1200x1800.jpg', 'image', '1200', '1800', '14836', '2016-11-22 21:57:53', '2016-11-22 21:57:53', '2016-11-22 21:57:53', '1d73c090-3ad8-4760-be3b-648f3dbfae88'),
 ('177', '1', '49', '2400x1800.jpg', 'image', '2400', '1800', '23528', '2016-11-22 22:32:09', '2016-11-22 22:32:09', '2016-12-14 22:35:14', 'a055228b-a78b-48e2-af6c-928b15f521eb'),
 ('179', '1', '35', '1600w.jpg', 'image', '1600', '800', '11817', '2016-11-22 22:35:23', '2016-11-22 22:35:23', '2016-11-22 22:36:43', '89f26582-6e04-40d0-8b3e-875dd0a8a756'),
 ('184', '1', '49', '1200x900.jpg', 'image', '1200', '900', '10942', '2016-11-22 22:47:17', '2016-11-22 22:47:17', '2016-12-14 22:35:14', '7592eaa4-bca8-45cc-ba2b-f10666ac6542'),
 ('185', '1', '37', '2400x1800.jpg', 'image', '2400', '1800', '23528', '2016-11-22 22:49:35', '2016-11-22 22:49:35', '2016-11-22 22:50:49', '1eda4275-4693-4108-b378-460bc70cc956'),
 ('186', '1', '37', '1600w.jpg', 'image', '1600', '800', '11817', '2016-11-22 22:51:09', '2016-11-22 22:51:09', '2016-11-22 22:51:09', 'a856a88b-ccdb-4ed6-9947-f7dc7aa839cf'),
 ('187', '1', '44', '2400x1800.jpg', 'image', '2400', '1800', '23528', '2016-11-22 22:52:46', '2016-11-22 22:52:46', '2016-11-30 00:29:19', '6d1e4e84-27c6-4822-baa0-936c42c8ff44'),
 ('188', '1', '44', '1200x900.jpg', 'image', '1200', '900', '10942', '2016-11-22 22:53:45', '2016-11-22 22:53:45', '2016-11-30 00:29:20', '645fe7d2-1b10-46b5-9e18-5c3eec37cfbb'),
 ('189', '1', '37', '1200x1800.jpg', 'image', '1200', '1800', '14836', '2016-11-22 23:09:51', '2016-11-22 23:09:51', '2016-11-22 23:09:51', '35949994-4adc-4a98-b6c2-c202ce6ef3b4'),
 ('190', '1', '39', '2400x1800.jpg', 'image', '2400', '1800', '23528', '2016-11-22 23:35:11', '2016-11-22 23:35:11', '2016-11-22 23:35:14', '5dbaef9e-0830-4db2-b338-f362941a722f'),
 ('191', '1', '39', '1200x1200.jpg', 'image', '1200', '1200', '12540', '2016-11-22 23:35:28', '2016-11-22 23:35:28', '2016-11-22 23:35:28', '59d648e8-66ff-4272-8f2d-ac7697cf9ece'),
 ('193', '1', '44', '1600w.jpg', 'image', '1600', '800', '11817', '2016-11-22 23:55:09', '2016-11-22 23:55:09', '2016-11-30 00:29:20', '52ed2fae-0412-49f3-8e4a-b9ee8a93dc35'),
 ('194', '1', '35', '1600x800.jpg', 'image', '1600', '800', '11983', '2016-11-23 00:31:29', '2016-11-23 00:31:30', '2016-11-23 00:31:30', '48822125-8d30-4fc1-88de-1cbfaf8ce6c7'),
 ('195', '1', '35', '1600x1600.jpg', 'image', '1600', '1600', '17300', '2016-11-23 00:31:31', '2016-11-23 00:31:31', '2016-11-23 00:31:31', '7254e04d-6076-40ca-bd3f-7edc5e53bad9'),
 ('196', '1', '40', '20140325_FUZZCO_INTERIOR4265-1_FINAL_SquireFox-1600x800.jpg', 'image', '1200', '800', '641738', '2016-11-23 00:59:11', '2016-11-23 00:59:11', '2016-11-23 00:59:29', 'aa00a5bc-7a54-46a7-9559-34b81fd57642'),
 ('197', '1', '40', '20140325_FUZZCO_INTERIOR19490_FINAL_SquireFox-1600x800.jpg', 'image', '1200', '800', '788839', '2016-11-23 00:59:14', '2016-11-23 00:59:14', '2016-11-23 00:59:29', 'bad0a7c5-4113-4f9e-a692-9c3e28987b8d'),
 ('198', '1', '40', 'MG_6666-Edit-800.jpg', 'image', '533', '800', '82598', '2016-11-23 00:59:15', '2016-11-23 00:59:15', '2016-11-23 00:59:29', '31de05a4-0866-45c7-9181-fc4e2efb1071'),
 ('199', '1', '40', 'MG_6706-Edit-1600x800.jpg', 'image', '1200', '800', '484660', '2016-11-23 00:59:16', '2016-11-23 00:59:17', '2016-11-23 00:59:29', '71b0649c-c149-4239-a334-91ede5dd066a'),
 ('200', '1', '43', 'turnstyle-guide-color-01-01.svg', 'image', '1600', '800', '25564', '2016-11-23 22:01:08', '2016-11-23 22:01:08', '2016-11-23 22:06:04', '6eebd737-510c-4a5c-9c51-9a6b8cbfa575'),
 ('203', '1', '43', 'turnstyle-guide-thumb-01.jpg', 'image', '1200', '1800', '35721', '2016-11-23 22:14:54', '2016-11-23 22:06:25', '2016-11-23 22:14:56', '17ee7cb3-257b-45bf-a042-0cfbbcda0121'),
 ('204', '1', '43', 'turnstyle-guide-hero-01.jpg', 'image', '2400', '1800', '68771', '2016-11-23 22:14:53', '2016-11-23 22:14:53', '2016-11-23 22:14:53', '0d2d5293-3749-4a27-a09a-d4c016d88bd8'),
 ('207', '1', '43', 'turnstyle-guide-color-01.svg', 'image', '1600', '2800', '25886', '2016-11-23 23:58:08', '2016-11-23 22:30:47', '2016-11-23 23:58:10', '98e3be1e-a11a-4429-8fe3-0351181c4b80'),
 ('209', '1', '43', 'turnstyle-guide-color-01.jpg', 'image', '1600', '2800', '134820', '2016-11-23 22:35:27', '2016-11-23 22:33:54', '2016-11-23 22:35:30', '49d5a3d5-d870-4345-9da8-7ddacd29e0b1'),
 ('213', '1', '43', 'turnstyle-guide-large-01.jpg', 'image', '2400', '1600', '56359', '2016-11-23 23:04:40', '2016-11-23 22:54:55', '2016-11-23 23:04:42', '7da1c40a-6ab4-4de7-a373-85ce3906fd95'),
 ('214', '1', '43', 'turnstyle-guide-half-01.jpg', 'image', '1600', '1600', '40949', '2016-11-23 22:57:47', '2016-11-23 22:57:47', '2016-11-23 22:57:47', '56dd17cc-d4c1-4e81-abec-34511edd6b55'),
 ('217', '1', '43', 'turnstyle-guide-half-02.jpg', 'image', '1600', '2098', '49372', '2016-11-23 23:01:45', '2016-11-23 23:01:45', '2016-11-23 23:01:45', 'c14bf95b-57ef-493a-95c4-2fd1b0acd8b0'),
 ('221', '1', '43', 'turnstyle-guide-half-03.jpg', 'image', '1600', '1101', '31289', '2016-11-23 23:06:31', '2016-11-23 23:06:31', '2016-11-23 23:06:31', 'fb2336eb-6185-440e-bfe9-49b0b8936b0d'),
 ('223', '1', '43', 'turnstyle-guide-logo-01.svg', 'image', '1600', '700', '2197', '2016-11-23 23:24:05', '2016-11-23 23:24:05', '2016-11-23 23:24:05', '7263ab69-20e6-421a-a5da-1e8baa3e45ea'),
 ('225', '1', '43', 'Screenshot-2016-11-23-15.27.11.png', 'image', '1219', '1028', '72942', '2016-11-23 23:29:06', '2016-11-23 23:29:06', '2016-11-23 23:29:06', 'be8cb889-edee-4f4a-a98a-e26356749c0a'),
 ('227', '1', '43', 'turnstyle-guide-naming-01.svg', 'image', '1600', '600', '36308', '2016-11-23 23:54:24', '2016-11-23 23:39:45', '2016-11-23 23:54:26', '27bb35f0-5415-4dc4-8fc8-2b7e5fff5fb3'),
 ('229', '1', '43', 'turnstyle-guide-color-01_161123_235650.svg', 'image', '1600', '2800', '25886', '2016-11-23 23:56:50', '2016-11-23 23:56:50', '2016-11-23 23:56:50', '6bdb2e67-59ea-42c7-ba98-cee353c877d4'),
 ('233', '1', '45', '2400x1800.jpg', 'image', '2400', '1800', '23528', '2016-11-30 00:43:02', '2016-11-30 00:43:02', '2016-11-30 00:43:38', '5956f78d-ae5f-43ef-9df2-3ae593bc892d'),
 ('234', '1', '45', '1200x1200.jpg', 'image', '1200', '1200', '12540', '2016-11-30 00:44:54', '2016-11-30 00:44:54', '2016-11-30 00:44:54', '7f5746c8-c190-4cff-8cd6-60e18940ee9b'),
 ('236', '1', '1', '2400x1800.jpg', 'image', '2400', '1800', '23528', '2016-11-30 21:35:04', '2016-11-30 21:35:04', '2016-11-30 21:35:04', 'c9d9ab95-cd71-40c9-ae2a-8a5dc7014b69'),
 ('238', '1', '46', '1200x900.jpg', 'image', '1200', '900', '10942', '2016-12-01 19:30:21', '2016-12-01 19:30:21', '2016-12-01 19:30:24', '231db79e-386c-4235-a2f7-1320709df16e'),
 ('239', '1', '47', '1200x1800.jpg', 'image', '1200', '1800', '14836', '2016-12-01 19:30:36', '2016-12-01 19:30:37', '2016-12-01 19:30:39', 'ca185c33-00a2-4400-9f78-a7814d023f62'),
 ('240', NULL, '36', '1200x1200.jpg', 'image', '1200', '1200', '12540', '2016-12-01 19:30:50', '2016-12-01 19:30:50', '2016-12-01 19:30:50', '4380d6af-e514-416d-8271-f9209340847a'),
 ('241', '1', '48', '1200x1800.jpg', 'image', '1200', '1800', '14836', '2016-12-01 19:33:00', '2016-12-01 19:33:00', '2016-12-01 19:33:04', '9125d531-3e85-4808-883a-9ae781f9b4bb'),
 ('242', '1', '43', 'turnstyle-mobile-website-01.jpg', 'image', '2400', '1350', '154079', '2016-12-06 22:36:14', '2016-12-06 22:36:14', '2016-12-06 22:36:14', '08540720-df07-4b84-89a5-d668c8ff3a04'),
 ('244', '1', '43', 'turnstyle-guide-hero-02.jpg', 'image', '2400', '1800', '208127', '2016-12-07 00:07:32', '2016-12-07 00:07:33', '2016-12-07 00:07:33', '9d2c4bad-3567-4f19-9471-65ad29d18d44'),
 ('245', '1', '49', 'fulcrumfoundation-hero-01.jpg', 'image', '2400', '1800', '380091', '2016-12-15 00:20:57', '2016-12-14 22:43:41', '2016-12-15 00:20:59', '4f6caf6c-85ee-4713-8d07-5f836e8655db'),
 ('249', '1', '49', 'fulcrumfoundation-list-01.jpg', 'image', '1200', '1500', '29109', '2016-12-15 23:21:20', '2016-12-14 23:03:50', '2016-12-15 23:21:22', '968c0e46-fab8-4065-9e0c-710c462a78fc'),
 ('259', '1', '49', 'fulcrumfoundation-logo-01.svg', 'image', '1240', '300', '2149', '2016-12-15 00:49:14', '2016-12-15 00:49:14', '2016-12-15 00:49:14', '3fe8d631-a3b7-45c1-b385-99d8b5ad5a84'),
 ('261', '1', '37', 'oiselle-list-01.jpg', 'image', '1200', '1800', '150420', '2016-12-15 01:04:55', '2016-12-15 01:04:56', '2016-12-15 01:04:56', 'dddfe47c-5472-413a-a780-41194cf12a7f'),
 ('262', '2', '2', 'turnstyle-kyle-gabouer-01.jpg', 'image', '1200', '1200', '119298', '2016-12-15 19:17:48', '2016-12-15 19:17:48', '2016-12-15 19:17:48', 'e28bc0ef-3b74-4d08-ac59-94b770ce0076'),
 ('263', '1', '50', 'homegrown-list-01.jpg', 'image', '1200', '1200', '254748', '2016-12-15 22:52:40', '2016-12-15 22:41:50', '2016-12-15 22:52:42', '56a62ca5-ffd4-4c6a-a85a-46fd0e3f4319'),
 ('264', '1', '50', 'homegrown-hero-01.jpg', 'image', '2400', '1800', '436026', '2016-12-16 00:14:01', '2016-12-15 22:43:55', '2016-12-16 00:14:04', '9dcaacef-11a8-4a39-9f62-c8c46a0bdfd4'),
 ('270', '1', '43', 'turnstyle-guide-list-01.jpg', 'image', '1200', '1800', '31958', '2016-12-15 23:19:54', '2016-12-15 23:19:54', '2016-12-15 23:19:54', 'e912fc57-d571-4145-b06d-62edda49e323'),
 ('273', '1', '37', 'oiselle-hero-01.jpg', 'image', '2400', '1800', '438944', '2016-12-16 00:19:26', '2016-12-16 00:19:26', '2016-12-16 00:19:26', 'ebefb710-68d0-4816-b4d5-27834d60fef2'),
 ('274', '1', '49', 'fulcrumfoundation-hero-02.jpg', 'image', '2400', '1800', '306113', '2016-12-20 18:58:45', '2016-12-16 00:28:29', '2016-12-20 18:58:47', '04d459e0-ee77-4a97-9db2-db3a899b1ddb'),
 ('275', '1', '60', 'flyingaces-hero-01.jpg', 'image', '2400', '1800', '129266', '2016-12-16 19:18:23', '2016-12-16 19:18:23', '2016-12-16 19:20:36', '712d94f4-9e95-4bdf-a0fd-eac40fa48387'),
 ('277', '1', '60', 'flyingaces-list-01.jpg', 'image', '1200', '900', '81642', '2016-12-16 19:28:51', '2016-12-16 19:28:51', '2016-12-16 19:28:51', 'c3ea35a1-9362-4e0f-9fd9-8e41c4003b8b'),
 ('279', NULL, '62', 'revel-brochure-01.png', 'image', '2400', '1500', '1735691', '2016-12-16 20:14:47', '2016-12-16 20:14:47', '2016-12-16 20:14:47', '9854da8e-6381-4191-a8db-2e134187b5c4'),
 ('280', NULL, '62', 'revel-brochure-02.jpg', 'image', '1600', '1066', '224628', '2016-12-16 20:14:49', '2016-12-16 20:14:49', '2016-12-16 20:14:49', '9251e372-8b3d-42bb-b929-42946883c76f'),
 ('281', NULL, '62', 'revel-desktop-01.jpg', 'image', '1600', '3571', '628558', '2016-12-16 20:14:50', '2016-12-16 20:14:50', '2016-12-16 20:14:50', 'a432c61f-73ff-426d-973b-82f9ecb943bb'),
 ('282', NULL, '62', 'revel-guidelines-01.png', 'image', '2400', '1160', '169089', '2016-12-16 20:14:53', '2016-12-16 20:14:53', '2016-12-16 20:14:53', '43e30186-5cb3-45be-9177-36e8145e2858'),
 ('283', NULL, '62', 'revel-icons-01.svg', 'image', '2400', '1160', '6672780', '2016-12-16 20:14:57', '2016-12-16 20:14:56', '2016-12-16 20:14:56', 'b985bf81-b498-484e-a3cd-4bd2cf3e31f1'),
 ('284', NULL, '62', 'revel-mobile-01.png', 'image', '2400', '1500', '675896', '2016-12-16 20:14:59', '2016-12-16 20:14:59', '2016-12-16 20:14:59', 'c920415b-ab15-4a04-8023-5ce197810c37'),
 ('285', NULL, '62', 'revel-wild-postings-01.jpg', 'image', '2400', '1500', '602448', '2016-12-16 20:15:01', '2016-12-16 20:15:00', '2016-12-16 20:15:00', '357e4c2d-70b2-446d-aea1-924f20bb031d'),
 ('286', '1', '70', 'revel-mobile-01.png', 'image', '2400', '1500', '675896', '2016-12-16 20:25:47', '2016-12-16 20:25:46', '2016-12-16 20:42:31', 'c9600d27-093a-4265-b382-b9f036bfa382'),
 ('288', NULL, '64', 'revel-brochure-01.png', 'image', '2400', '1500', '1735691', '2016-12-16 20:33:20', '2016-12-16 20:33:20', '2016-12-16 20:33:20', 'feae24e5-feee-49e2-9792-e35e84ca3e46'),
 ('289', '1', '70', 'revel-icons-01.svg', 'image', '2400', '1160', '6672780', '2016-12-16 20:34:25', '2016-12-16 20:34:24', '2016-12-16 20:42:31', 'faefb479-d08a-4d68-a7bd-80dd31cba0e7'),
 ('290', '1', '70', 'revel-brochure-02.jpg', 'image', '1600', '1066', '224628', '2016-12-16 20:36:13', '2016-12-16 20:36:13', '2016-12-16 20:42:31', '2eda2c51-ce0d-4c40-b335-1cb4bb9e33c2'),
 ('291', NULL, '64', 'revel-guidelines-01.png', 'image', '2400', '1160', '169089', '2016-12-16 20:39:07', '2016-12-16 20:39:07', '2016-12-16 20:39:07', 'f32b3e75-a599-474f-afa6-0af76465e01e'),
 ('292', '1', '70', 'revel-guidelines-01.png', 'image', '2400', '1160', '169089', '2016-12-16 20:39:58', '2016-12-16 20:39:58', '2016-12-16 20:42:31', '91dc9611-5450-48c3-a57c-a70c8d571223'),
 ('303', '1', '70', 'revel-list-01.jpg', 'image', '1200', '1200', '453035', '2016-12-16 20:48:03', '2016-12-16 20:48:03', '2016-12-16 20:48:03', '9a7e1553-a63b-4c5d-9bb3-dd45b77ce455'),
 ('305', '1', '80', 'BothCapsules_24x18.jpg', 'image', '2400', '1800', '177125', '2016-12-16 22:46:17', '2016-12-16 22:46:17', '2016-12-16 22:51:54', '7fe2c18b-7c22-4969-9396-d05ebb8f4734'),
 ('306', '1', '80', 'RedCapsule_1200x1200.jpg', 'image', '1200', '1200', '115579', '2016-12-16 22:50:52', '2016-12-16 22:50:52', '2016-12-16 22:51:55', '1af52768-f3a1-4c83-99b9-dccebbb24e3b'),
 ('308', '1', '80', 'BothCapsules_24x18b.jpg', 'image', '2400', '1800', '174458', '2016-12-17 00:31:37', '2016-12-16 23:14:36', '2016-12-17 00:31:39', '00cbf3b8-8517-4690-9422-6f02f134a5cd'),
 ('315', '1', '70', 'revel-desktop-01.jpg', 'image', '1600', '3571', '946364', '2016-12-16 23:37:51', '2016-12-16 23:37:51', '2016-12-16 23:37:51', '1745e5c2-7b6e-4261-be85-de17de3665fe'),
 ('316', '1', '70', 'revel-brochure-01.jpg', 'image', '2400', '1500', '532203', '2016-12-16 23:38:51', '2016-12-16 23:38:50', '2016-12-16 23:38:50', '8a700abf-c736-47aa-a45c-bb9967eea16e'),
 ('318', '1', '80', 'TMW_CabFrancSide.jpg', 'image', '2400', '1800', '240064', '2016-12-17 00:04:52', '2016-12-17 00:00:51', '2016-12-17 00:04:55', 'e881e892-be56-4af8-819c-9bbf46c34382'),
 ('322', '1', '80', 'TMW-FINAL-FLAT-PHOTO.jpg', 'image', '2400', '1800', '1316032', '2016-12-17 00:16:59', '2016-12-17 00:16:59', '2016-12-17 00:16:59', '6891ea4d-7426-4511-9d35-27b5121faf1a'),
 ('324', '1', '70', 'revel-hero-01.jpg', 'image', '2400', '1500', '726434', '2016-12-17 00:20:08', '2016-12-17 00:20:08', '2016-12-17 00:20:08', '4dc60b0f-4c55-423e-b448-ed8dc2ebfcb8'),
 ('325', '1', '70', 'revel-wild-postings-01.jpg', 'image', '2400', '1203', '756919', '2016-12-17 00:23:51', '2016-12-17 00:23:51', '2016-12-17 00:23:51', 'b2938754-065e-40fb-81d7-0f87dcb125da'),
 ('326', '1', '80', 'TMW-FINAL-FLAT-PHOTO2.jpg', 'image', '2400', '1552', '1307089', '2016-12-17 00:25:14', '2016-12-17 00:25:14', '2016-12-17 00:25:14', '3d866096-ba3e-414c-ab5a-69f6a3bc675c'),
 ('328', '1', '80', 'BothCapsules_24x18c.jpg', 'image', '2400', '1800', '174458', '2016-12-17 00:33:00', '2016-12-17 00:33:00', '2016-12-17 00:33:00', 'db4cf892-47cf-4bdf-a49e-aea9d7efda27'),
 ('329', '1', '80', 'TMWlogo_Primary_Tex_RGB.svg', 'image', '422', '171', '103878', '2016-12-17 00:54:41', '2016-12-17 00:54:41', '2016-12-17 00:54:41', '0869b95f-96f7-4ea9-8bb1-780e55624049'),
 ('330', '1', '80', 'AllRedsFront_2400.jpg', 'image', '2400', '1670', '349068', '2016-12-17 01:17:14', '2016-12-17 01:17:13', '2016-12-17 01:17:13', 'f3e46e1e-76a0-4515-a277-187062623079'),
 ('331', '1', '80', 'AllRedsFront.jpg', 'image', '2400', '1670', '335375', '2016-12-17 01:29:57', '2016-12-17 01:25:45', '2016-12-17 01:30:00', 'fb0bb799-9d09-4bd7-ae94-a6e517d52672'),
 ('335', '1', '70', 'revel-brochure-03.jpg', 'image', '2400', '1500', '910112', '2016-12-19 23:38:00', '2016-12-19 23:37:59', '2016-12-19 23:37:59', '5d8cc48f-8e25-4835-a782-f4d400220408');



DROP TABLE IF EXISTS `craft_assetfolders`;


--
-- Schema for table `craft_assetfolders`
--
CREATE TABLE `craft_assetfolders` (
  `id` int(11) NOT NULL AUTO_INCREMENT,
  `parentId` int(11) DEFAULT NULL,
  `sourceId` int(11) DEFAULT NULL,
  `name` varchar(255) COLLATE utf8_unicode_ci NOT NULL,
  `path` varchar(255) COLLATE utf8_unicode_ci DEFAULT NULL,
  `dateCreated` datetime NOT NULL,
  `dateUpdated` datetime NOT NULL,
  `uid` char(36) COLLATE utf8_unicode_ci NOT NULL DEFAULT '0',
  PRIMARY KEY (`id`),
  UNIQUE KEY `craft_assetfolders_name_parentId_sourceId_unq_idx` (`name`,`parentId`,`sourceId`),
  KEY `craft_assetfolders_parentId_fk` (`parentId`),
  KEY `craft_assetfolders_sourceId_fk` (`sourceId`)
) ENGINE=InnoDB AUTO_INCREMENT=81 DEFAULT CHARSET=utf8 COLLATE=utf8_unicode_ci;

--
-- Data for table `craft_assetfolders`
--

INSERT INTO `craft_assetfolders` (`id`, `parentId`, `sourceId`, `name`, `path`, `dateCreated`, `dateUpdated`, `uid`) VALUES
 ('1', NULL, '1', 'Uploads', '', '2016-10-13 23:00:10', '2016-11-22 22:20:46', 'e578f3c2-2976-40d5-8ecf-936eeb69dce2'),
 ('2', NULL, '2', 'Team', '', '2016-11-01 21:41:09', '2016-11-01 21:41:09', '8868e608-30b9-42ac-858d-4573a1c84565'),
 ('3', NULL, '3', 'CTA', '', '2016-11-02 18:41:24', '2016-11-02 18:41:24', '45f33eb7-a1cd-42c2-a3c5-d6e7583b29b2'),
 ('5', NULL, NULL, 'Temporary source', NULL, '2016-11-11 19:43:56', '2016-11-11 19:43:56', '37ae7b88-d0d3-4d85-ba9e-a8b031c71937'),
 ('6', '5', NULL, 'user_1', NULL, '2016-11-11 19:43:56', '2016-11-11 19:43:56', '79028d22-6086-47a6-bd70-8cc0a6d17d1d'),
 ('7', '6', NULL, 'field_11', 'field_11/', '2016-11-11 19:43:56', '2016-11-11 19:43:56', 'd6f8ad77-201e-4f5f-9cee-901b7cf6a147'),
 ('9', '5', NULL, 'user_46', NULL, '2016-11-11 21:15:04', '2016-11-11 21:15:04', '93329276-1824-4ac2-8831-d543b6e0f46c'),
 ('10', '9', NULL, 'field_56', 'field_56/', '2016-11-11 21:15:04', '2016-11-11 21:15:04', '2bb005f7-e7f9-484d-ba1a-1c82385a6cf0'),
 ('11', '9', NULL, 'field_11', 'field_11/', '2016-11-11 21:15:04', '2016-11-11 21:15:04', 'f9dd0209-91c4-498d-9f81-bd85e015588f'),
 ('12', '9', NULL, 'field_15', 'field_15/', '2016-11-11 21:15:04', '2016-11-11 21:15:04', 'f04f0c2b-acb5-42cd-82a4-aa90deb05937'),
 ('13', '9', NULL, 'field_19', 'field_19/', '2016-11-11 21:15:04', '2016-11-11 21:15:04', 'f278f5aa-6539-4691-9ab0-cd96750e6d37'),
 ('14', '9', NULL, 'field_22', 'field_22/', '2016-11-11 21:15:04', '2016-11-11 21:15:04', 'e57c9554-37b0-466e-b5f1-27fe63f64066'),
 ('15', '9', NULL, 'field_23', 'field_23/', '2016-11-11 21:15:05', '2016-11-11 21:15:05', '2d5e5caa-2210-48f1-89e2-f812c6fb6e82'),
 ('16', '9', NULL, 'field_30', 'field_30/', '2016-11-11 21:15:05', '2016-11-11 21:15:05', 'bbd9c448-eaa3-4f4a-907f-81ad1397c4b6'),
 ('18', '6', NULL, 'field_15', 'field_15/', '2016-11-11 22:58:09', '2016-11-11 22:58:09', '00ddae65-634e-433f-aa99-3e761e594e0d'),
 ('19', '6', NULL, 'field_19', 'field_19/', '2016-11-11 22:58:09', '2016-11-11 22:58:09', '796632df-d363-48b7-b84c-344a6d1824e1'),
 ('20', '6', NULL, 'field_22', 'field_22/', '2016-11-11 22:58:09', '2016-11-11 22:58:09', '453455e7-dd24-41df-8bcb-2923a71941c7'),
 ('21', '6', NULL, 'field_23', 'field_23/', '2016-11-11 22:58:09', '2016-11-11 22:58:09', 'd09d31e9-28b1-489d-8b4b-78fa6346aae4'),
 ('22', '6', NULL, 'field_30', 'field_30/', '2016-11-11 22:58:09', '2016-11-11 22:58:09', '5630d813-04e6-4977-aa16-6a34ffa2021f'),
 ('27', '6', NULL, 'field_56', 'field_56/', '2016-11-16 18:55:35', '2016-11-16 18:55:35', 'd9499954-b93d-44ec-af84-e360cde049cc'),
 ('28', '9', NULL, 'field_7', 'field_7/', '2016-11-17 19:19:22', '2016-11-17 19:19:22', 'e545ec18-034e-41ca-8ec5-0d69a8efca86'),
 ('29', '9', NULL, 'field_5', 'field_5/', '2016-11-17 19:19:22', '2016-11-17 19:19:22', '3ad3dd24-8000-445c-b53f-dea63bf49720'),
 ('30', '6', NULL, 'field_7', 'field_7/', '2016-11-21 19:34:37', '2016-11-21 19:34:37', '43327292-b8d6-47d9-be59-12f366b122ca'),
 ('31', '6', NULL, 'field_5', 'field_5/', '2016-11-21 19:34:38', '2016-11-21 19:34:38', '3b448b29-72da-40eb-b519-86343600aa7f'),
 ('35', '1', '1', 'justin-golmer-promo', 'justin-golmer-promo/', '2016-11-22 22:36:43', '2016-11-22 22:36:43', '8f83de06-3191-4c1b-a254-671c8b7cb5ed'),
 ('36', '6', NULL, 'field_62', 'field_62/', '2016-11-22 22:49:21', '2016-11-22 22:49:21', '839cf4c2-7235-476f-b4ec-ca0397db7c06'),
 ('37', '1', '1', 'oiselle-identity', 'oiselle-identity/', '2016-11-22 22:50:49', '2016-11-22 22:50:49', 'b30de117-6be6-45d3-9a55-475a1920069e'),
 ('38', '1', '1', 'turnstyle-principal-serves-as-juror-for-communication-arts-design-annual', 'turnstyle-principal-serves-as-juror-for-communication-arts-design-annual/', '2016-11-22 22:52:49', '2016-11-22 22:52:49', 'dac2ece4-962b-463d-9ebb-6c330307f231'),
 ('39', '1', '1', 'were-building-our-own-building', 'were-building-our-own-building/', '2016-11-22 23:35:14', '2016-11-22 23:35:14', '3b1c1b2a-b592-4abb-b330-6a531db1c190'),
 ('40', '1', '1', 'studio', 'studio/', '2016-11-23 00:59:29', '2016-11-23 00:59:29', '8440fb06-d907-4f2a-96ea-6dda7b16b198'),
 ('41', '9', NULL, 'field_62', 'field_62/', '2016-11-23 01:03:23', '2016-11-23 01:03:23', '74ab7c6a-324d-4c36-8575-6bcd8efe8925'),
 ('42', '1', '1', 'title', 'title/', '2016-11-23 22:01:39', '2016-11-23 22:01:39', '6b0b1dcf-e12f-4b4a-a0cc-41aaebdec632'),
 ('43', '1', '1', 'turnstyle-case-study-guide', 'turnstyle-case-study-guide/', '2016-11-23 22:06:04', '2016-11-23 22:06:04', 'd91636c7-c34d-4d01-a72c-bbe547b75a60'),
 ('44', '1', '1', 'steve-judges-comm-arts-design-annual', 'steve-judges-comm-arts-design-annual/', '2016-11-30 00:29:19', '2016-11-30 00:29:19', 'd2d45e90-9fd9-4dc5-a981-854a3cdeb879'),
 ('45', '1', '1', 'turnstyle-featured-in-idn-magazine', 'turnstyle-featured-in-idn-magazine/', '2016-11-30 00:43:38', '2016-11-30 00:43:38', 'b84b53fb-98b8-4618-b69d-4894a759901a'),
 ('46', '1', '1', 'strategy-entry', 'strategy-entry/', '2016-12-01 19:30:24', '2016-12-01 19:30:24', 'eda3e7d8-4743-462c-8c87-83a1436309ab'),
 ('47', '1', '1', 'print-entry', 'print-entry/', '2016-12-01 19:30:39', '2016-12-01 19:30:39', '0dfc7164-3480-4e65-9ff1-7e54df69ab39'),
 ('48', '1', '1', 'digital-entry', 'digital-entry/', '2016-12-01 19:33:04', '2016-12-01 19:33:04', '1f1828e1-f1f4-40ae-901a-2e534ecdee8c'),
 ('49', '1', '1', 'fulcrum-brand-identity-website', 'fulcrum-brand-identity-website/', '2016-12-14 22:35:14', '2016-12-14 22:35:14', '76154753-d25b-4a98-b810-d90ca893e238'),
 ('50', '1', '1', 'homegrown', 'homegrown/', '2016-12-15 22:44:18', '2016-12-15 22:44:18', '4227de5d-0744-4df4-bc2a-1a19b6b08b24'),
 ('51', '5', NULL, 'user_152', NULL, '2016-12-16 19:14:47', '2016-12-16 19:14:47', '9e78b69f-588c-4551-96ca-c2868274b90c'),
 ('52', '51', NULL, 'field_7', 'field_7/', '2016-12-16 19:14:47', '2016-12-16 19:14:47', '7f2a0216-dbca-4942-892c-98f41dd882ee'),
 ('53', '51', NULL, 'field_62', 'field_62/', '2016-12-16 19:14:47', '2016-12-16 19:14:47', '75ee208a-3fad-4e6b-86da-21b42d2d6460'),
 ('54', '51', NULL, 'field_11', 'field_11/', '2016-12-16 19:14:47', '2016-12-16 19:14:47', '440253ef-23c8-4d7b-be0e-2326e4091247'),
 ('55', '51', NULL, 'field_15', 'field_15/', '2016-12-16 19:14:47', '2016-12-16 19:14:47', '2e0ec37f-0415-4499-902d-5755c363b6f8'),
 ('56', '51', NULL, 'field_19', 'field_19/', '2016-12-16 19:14:47', '2016-12-16 19:14:47', 'd06f350f-de10-4090-b2d5-323dc72718dc'),
 ('57', '51', NULL, 'field_22', 'field_22/', '2016-12-16 19:14:47', '2016-12-16 19:14:47', '05489f54-099c-40cd-b7c0-0d2d0744207f'),
 ('58', '51', NULL, 'field_23', 'field_23/', '2016-12-16 19:14:47', '2016-12-16 19:14:47', '84b6bc9c-04b8-4563-823f-e77303371bf6'),
 ('59', '51', NULL, 'field_30', 'field_30/', '2016-12-16 19:14:47', '2016-12-16 19:14:47', 'b129ea2a-08ad-474c-ba37-68d02dbe0341'),
 ('60', '1', '1', 'teague-flying-aces', 'teague-flying-aces/', '2016-12-16 19:20:36', '2016-12-16 19:20:36', '1d21806f-4aec-410a-ac25-95123bd89936'),
 ('61', '5', NULL, 'user_151', NULL, '2016-12-16 20:13:44', '2016-12-16 20:13:44', 'ad1eb882-7b65-4f3e-b5b6-db246550f4d0'),
 ('62', '61', NULL, 'field_7', 'field_7/', '2016-12-16 20:13:44', '2016-12-16 20:13:44', '56b5c11c-8341-4f29-8679-d1f017eced97'),
 ('63', '61', NULL, 'field_62', 'field_62/', '2016-12-16 20:13:44', '2016-12-16 20:13:44', '7d2c8cfe-5bad-4ece-92b0-043c1da74fb4'),
 ('64', '61', NULL, 'field_11', 'field_11/', '2016-12-16 20:13:44', '2016-12-16 20:13:44', '07571180-d0d4-400b-ac98-f5b165eb701d'),
 ('65', '61', NULL, 'field_15', 'field_15/', '2016-12-16 20:13:44', '2016-12-16 20:13:44', 'bc4244f6-d52a-4949-a5d8-a9204d3c90ac'),
 ('66', '61', NULL, 'field_19', 'field_19/', '2016-12-16 20:13:44', '2016-12-16 20:13:44', 'be1831bd-a7aa-400f-98a1-7abef5399b6e'),
 ('67', '61', NULL, 'field_22', 'field_22/', '2016-12-16 20:13:44', '2016-12-16 20:13:44', 'd7336817-936a-45f0-9b5c-715ddb46d93d'),
 ('68', '61', NULL, 'field_23', 'field_23/', '2016-12-16 20:13:44', '2016-12-16 20:13:44', 'feefe2ee-6790-4d3f-a171-96f6854cf6e5'),
 ('69', '61', NULL, 'field_30', 'field_30/', '2016-12-16 20:13:44', '2016-12-16 20:13:44', '6107c9d4-3ab3-4490-b496-b56bf1a18494'),
 ('70', '1', '1', 'revel-consulting', 'revel-consulting/', '2016-12-16 20:42:30', '2016-12-16 20:42:30', '49fcace6-b60c-41db-a8d9-d94a5c0d40d2'),
 ('71', '5', NULL, 'user_47', NULL, '2016-12-16 22:21:45', '2016-12-16 22:21:45', '36d2bb98-020f-4332-ad70-d6b1b1819e94'),
 ('72', '71', NULL, 'field_7', 'field_7/', '2016-12-16 22:21:45', '2016-12-16 22:21:45', 'cdad7a08-a805-4f24-aeeb-6ae34f511871'),
 ('73', '71', NULL, 'field_62', 'field_62/', '2016-12-16 22:21:45', '2016-12-16 22:21:45', 'ebec4f13-ae92-44f0-a06a-51894ebefe82'),
 ('74', '71', NULL, 'field_11', 'field_11/', '2016-12-16 22:21:45', '2016-12-16 22:21:45', 'f0bff114-1560-46ed-aebf-663b35d5b26f'),
 ('75', '71', NULL, 'field_15', 'field_15/', '2016-12-16 22:21:45', '2016-12-16 22:21:45', 'd7dc7782-bc4a-4bdf-8d43-1adeebf113bc'),
 ('76', '71', NULL, 'field_19', 'field_19/', '2016-12-16 22:21:45', '2016-12-16 22:21:45', '4534ca0d-6fb4-42ab-83bc-020bcb182a79'),
 ('77', '71', NULL, 'field_22', 'field_22/', '2016-12-16 22:21:45', '2016-12-16 22:21:45', 'f578fe36-2253-470e-8db0-60b5be39fcf6'),
 ('78', '71', NULL, 'field_23', 'field_23/', '2016-12-16 22:21:45', '2016-12-16 22:21:45', 'e88de551-c577-4fad-b87a-17c2454d6183'),
 ('79', '71', NULL, 'field_30', 'field_30/', '2016-12-16 22:21:45', '2016-12-16 22:21:45', 'ac4c6c07-f46c-4cf2-89ce-14066f821202'),
 ('80', '1', '1', 'two-mountain-winery', 'two-mountain-winery/', '2016-12-16 22:51:54', '2016-12-16 22:51:54', 'b28dd8cb-27db-4f4e-b9d8-bb18064f68fc');



DROP TABLE IF EXISTS `craft_assetindexdata`;


--
-- Schema for table `craft_assetindexdata`
--
CREATE TABLE `craft_assetindexdata` (
  `id` int(11) NOT NULL AUTO_INCREMENT,
  `sessionId` varchar(36) COLLATE utf8_unicode_ci NOT NULL DEFAULT '',
  `sourceId` int(10) NOT NULL,
  `offset` int(10) NOT NULL,
  `uri` varchar(255) COLLATE utf8_unicode_ci DEFAULT NULL,
  `size` varchar(255) COLLATE utf8_unicode_ci DEFAULT NULL,
  `recordId` int(10) DEFAULT NULL,
  `dateCreated` datetime NOT NULL,
  `dateUpdated` datetime NOT NULL,
  `uid` char(36) COLLATE utf8_unicode_ci NOT NULL DEFAULT '0',
  PRIMARY KEY (`id`),
  UNIQUE KEY `craft_assetindexdata_sessionId_sourceId_offset_unq_idx` (`sessionId`,`sourceId`,`offset`),
  KEY `craft_assetindexdata_sourceId_fk` (`sourceId`)
) ENGINE=InnoDB AUTO_INCREMENT=8 DEFAULT CHARSET=utf8 COLLATE=utf8_unicode_ci;

--
-- Data for table `craft_assetindexdata`
--

INSERT INTO `craft_assetindexdata` (`id`, `sessionId`, `sourceId`, `offset`, `uri`, `size`, `recordId`, `dateCreated`, `dateUpdated`, `uid`) VALUES
 ('1', '6ed1daf0-7257-40db-90a7-4742f597d6f2', '2', '0', '/mnt/stor20-wc2-dfw1/1020670/www.turnstyle.studio/web/content/_ui/img/team/team-1.jpg', '15619', NULL, '2016-11-22 22:28:40', '2016-11-22 22:28:40', 'bef1a279-9120-4333-8dfb-547e31724df6'),
 ('2', '6ed1daf0-7257-40db-90a7-4742f597d6f2', '3', '0', '/mnt/stor20-wc2-dfw1/1020670/www.turnstyle.studio/web/content/_ui/img/cta/cta-contact.jpg', '195587', NULL, '2016-11-22 22:28:40', '2016-11-22 22:28:40', '22d569ba-47c0-47b3-9cd9-e3cb388a2a2b'),
 ('3', '6ed1daf0-7257-40db-90a7-4742f597d6f2', '3', '1', '/mnt/stor20-wc2-dfw1/1020670/www.turnstyle.studio/web/content/_ui/img/cta/t-01.gif', '123997', NULL, '2016-11-22 22:28:40', '2016-11-22 22:28:40', '40360b61-ae26-45a7-91b6-a01665dc8f9e');



DROP TABLE IF EXISTS `craft_assetsources`;


--
-- Schema for table `craft_assetsources`
--
CREATE TABLE `craft_assetsources` (
  `id` int(11) NOT NULL AUTO_INCREMENT,
  `name` varchar(255) COLLATE utf8_unicode_ci NOT NULL,
  `handle` varchar(255) COLLATE utf8_unicode_ci NOT NULL,
  `type` varchar(150) COLLATE utf8_unicode_ci NOT NULL,
  `settings` text COLLATE utf8_unicode_ci,
  `sortOrder` smallint(6) unsigned DEFAULT NULL,
  `fieldLayoutId` int(10) DEFAULT NULL,
  `dateCreated` datetime NOT NULL,
  `dateUpdated` datetime NOT NULL,
  `uid` char(36) COLLATE utf8_unicode_ci NOT NULL DEFAULT '0',
  PRIMARY KEY (`id`),
  UNIQUE KEY `craft_assetsources_name_unq_idx` (`name`),
  UNIQUE KEY `craft_assetsources_handle_unq_idx` (`handle`),
  KEY `craft_assetsources_fieldLayoutId_fk` (`fieldLayoutId`)
) ENGINE=InnoDB AUTO_INCREMENT=5 DEFAULT CHARSET=utf8 COLLATE=utf8_unicode_ci;

--
-- Data for table `craft_assetsources`
--

INSERT INTO `craft_assetsources` (`id`, `name`, `handle`, `type`, `settings`, `sortOrder`, `fieldLayoutId`, `dateCreated`, `dateUpdated`, `uid`) VALUES
 ('1', 'Uploads', 'uploads', 'Local', '{\"path\":\"{basePath}_ui\\/img\\/uploads\\/\",\"publicURLs\":\"1\",\"url\":\"{baseUrl}_ui\\/img\\/uploads\\/\"}', '1', '277', '2016-10-13 23:00:10', '2016-11-22 22:20:46', 'ff11cfc5-6224-451e-9047-c8ed46e5c675'),
 ('2', 'Team', 'team', 'Local', '{\"path\":\"{basePath}_ui\\/img\\/team\\/\",\"publicURLs\":\"1\",\"url\":\"{baseUrl}_ui\\/img\\/team\\/\"}', '2', '110', '2016-11-01 21:41:09', '2016-11-01 21:41:09', '686695a9-d455-45b6-a6c3-7fedc04c3670'),
 ('3', 'CTA', 'cta', 'Local', '{\"path\":\"{basePath}_ui\\/img\\/cta\\/\",\"publicURLs\":\"1\",\"url\":\"{baseUrl}_ui\\/img\\/cta\\/\"}', '3', '117', '2016-11-02 18:41:24', '2016-11-02 18:41:24', 'e38764ba-43d3-4624-bb08-595c15ab969d');



DROP TABLE IF EXISTS `craft_assettransformindex`;


--
-- Schema for table `craft_assettransformindex`
--
CREATE TABLE `craft_assettransformindex` (
  `id` int(11) NOT NULL AUTO_INCREMENT,
  `fileId` int(11) NOT NULL,
  `filename` varchar(255) COLLATE utf8_unicode_ci DEFAULT NULL,
  `format` varchar(255) COLLATE utf8_unicode_ci DEFAULT NULL,
  `location` varchar(255) COLLATE utf8_unicode_ci NOT NULL,
  `sourceId` int(11) DEFAULT NULL,
  `fileExists` tinyint(1) DEFAULT NULL,
  `inProgress` tinyint(1) DEFAULT NULL,
  `dateIndexed` datetime DEFAULT NULL,
  `dateCreated` datetime NOT NULL,
  `dateUpdated` datetime NOT NULL,
  `uid` char(36) COLLATE utf8_unicode_ci NOT NULL DEFAULT '0',
  PRIMARY KEY (`id`),
  KEY `craft_assettransformindex_sourceId_fileId_location_idx` (`sourceId`,`fileId`,`location`)
) ENGINE=InnoDB DEFAULT CHARSET=utf8 COLLATE=utf8_unicode_ci;

DROP TABLE IF EXISTS `craft_assettransforms`;


--
-- Schema for table `craft_assettransforms`
--
CREATE TABLE `craft_assettransforms` (
  `id` int(11) NOT NULL AUTO_INCREMENT,
  `name` varchar(255) COLLATE utf8_unicode_ci NOT NULL,
  `handle` varchar(255) COLLATE utf8_unicode_ci NOT NULL,
  `mode` enum('stretch','fit','crop') COLLATE utf8_unicode_ci NOT NULL DEFAULT 'crop',
  `position` enum('top-left','top-center','top-right','center-left','center-center','center-right','bottom-left','bottom-center','bottom-right') COLLATE utf8_unicode_ci NOT NULL DEFAULT 'center-center',
  `height` int(10) DEFAULT NULL,
  `width` int(10) DEFAULT NULL,
  `format` varchar(255) COLLATE utf8_unicode_ci DEFAULT NULL,
  `quality` int(10) DEFAULT NULL,
  `dimensionChangeTime` datetime DEFAULT NULL,
  `dateCreated` datetime NOT NULL,
  `dateUpdated` datetime NOT NULL,
  `uid` char(36) COLLATE utf8_unicode_ci NOT NULL DEFAULT '0',
  PRIMARY KEY (`id`),
  UNIQUE KEY `craft_assettransforms_name_unq_idx` (`name`),
  UNIQUE KEY `craft_assettransforms_handle_unq_idx` (`handle`)
) ENGINE=InnoDB DEFAULT CHARSET=utf8 COLLATE=utf8_unicode_ci;

DROP TABLE IF EXISTS `craft_categories`;


--
-- Schema for table `craft_categories`
--
CREATE TABLE `craft_categories` (
  `id` int(11) NOT NULL,
  `groupId` int(11) NOT NULL,
  `dateCreated` datetime NOT NULL,
  `dateUpdated` datetime NOT NULL,
  `uid` char(36) COLLATE utf8_unicode_ci NOT NULL DEFAULT '0',
  PRIMARY KEY (`id`),
  KEY `craft_categories_groupId_fk` (`groupId`)
) ENGINE=InnoDB DEFAULT CHARSET=utf8 COLLATE=utf8_unicode_ci;

--
-- Data for table `craft_categories`
--

INSERT INTO `craft_categories` (`id`, `groupId`, `dateCreated`, `dateUpdated`, `uid`) VALUES
 ('9', '1', '2016-10-13 20:36:24', '2016-10-13 20:36:24', '7e4e6da7-6de5-478f-9827-b6bbfb3209ae'),
 ('10', '1', '2016-10-13 20:36:32', '2016-10-13 20:36:32', '351d3cc5-f3da-4941-87c5-106ce860d911'),
 ('11', '1', '2016-10-13 20:36:44', '2016-10-13 20:36:44', '7231c367-ec0f-4345-82ca-a909f76705b7'),
 ('12', '1', '2016-10-13 20:36:54', '2016-10-13 20:36:54', 'be74b8e6-674e-40b2-b5cf-e85c2b9c0450'),
 ('13', '1', '2016-10-13 20:37:02', '2016-10-13 20:37:02', 'a1490c02-89b0-46af-b6cd-2d868b0c930f'),
 ('14', '1', '2016-10-13 20:37:10', '2016-10-13 20:37:10', '5be5358b-2734-4f45-a3ea-e6c7a16be9b3'),
 ('109', '2', '2016-11-03 21:09:22', '2016-11-03 21:09:22', '703da08d-6c8b-4b18-aea7-87af3b100042'),
 ('110', '2', '2016-11-03 21:09:33', '2016-11-03 21:09:33', 'ff1d10ac-9351-492b-a162-46fe2746d4e9'),
 ('111', '2', '2016-11-03 21:09:48', '2016-11-03 21:09:48', 'd4e257e6-5186-4a15-b665-f0f10d850407'),
 ('127', '2', '2016-11-11 19:45:22', '2016-11-11 19:45:22', 'ed7d3f44-83b8-4516-a3fe-0dfe8d92d2c5');



DROP TABLE IF EXISTS `craft_categorygroups`;


--
-- Schema for table `craft_categorygroups`
--
CREATE TABLE `craft_categorygroups` (
  `id` int(11) NOT NULL AUTO_INCREMENT,
  `structureId` int(11) NOT NULL,
  `fieldLayoutId` int(11) DEFAULT NULL,
  `name` varchar(255) COLLATE utf8_unicode_ci NOT NULL,
  `handle` varchar(255) COLLATE utf8_unicode_ci NOT NULL,
  `hasUrls` tinyint(1) unsigned NOT NULL DEFAULT '1',
  `template` varchar(500) COLLATE utf8_unicode_ci DEFAULT NULL,
  `dateCreated` datetime NOT NULL,
  `dateUpdated` datetime NOT NULL,
  `uid` char(36) COLLATE utf8_unicode_ci NOT NULL DEFAULT '0',
  PRIMARY KEY (`id`),
  UNIQUE KEY `craft_categorygroups_name_unq_idx` (`name`),
  UNIQUE KEY `craft_categorygroups_handle_unq_idx` (`handle`),
  KEY `craft_categorygroups_structureId_fk` (`structureId`),
  KEY `craft_categorygroups_fieldLayoutId_fk` (`fieldLayoutId`)
) ENGINE=InnoDB AUTO_INCREMENT=3 DEFAULT CHARSET=utf8 COLLATE=utf8_unicode_ci;

--
-- Data for table `craft_categorygroups`
--

INSERT INTO `craft_categorygroups` (`id`, `structureId`, `fieldLayoutId`, `name`, `handle`, `hasUrls`, `template`, `dateCreated`, `dateUpdated`, `uid`) VALUES
 ('1', '1', '11', 'Work', 'work', '1', '/work/index.html', '2016-10-13 20:36:13', '2016-10-13 21:56:23', 'ef578f5c-ea75-4d4d-9b4c-d7794f3a7a05'),
 ('2', '3', '149', 'Journal', 'journal', '1', 'journal/index.html', '2016-11-03 21:08:43', '2016-11-03 22:10:44', '30540e6c-300b-4bcc-95ea-3a428a386df8');



DROP TABLE IF EXISTS `craft_categorygroups_i18n`;


--
-- Schema for table `craft_categorygroups_i18n`
--
CREATE TABLE `craft_categorygroups_i18n` (
  `id` int(11) NOT NULL AUTO_INCREMENT,
  `groupId` int(11) NOT NULL,
  `locale` char(12) COLLATE utf8_unicode_ci NOT NULL,
  `urlFormat` text COLLATE utf8_unicode_ci,
  `nestedUrlFormat` text COLLATE utf8_unicode_ci,
  `dateCreated` datetime NOT NULL,
  `dateUpdated` datetime NOT NULL,
  `uid` char(36) COLLATE utf8_unicode_ci NOT NULL DEFAULT '0',
  PRIMARY KEY (`id`),
  UNIQUE KEY `craft_categorygroups_i18n_groupId_locale_unq_idx` (`groupId`,`locale`),
  KEY `craft_categorygroups_i18n_locale_fk` (`locale`)
) ENGINE=InnoDB AUTO_INCREMENT=3 DEFAULT CHARSET=utf8 COLLATE=utf8_unicode_ci;

--
-- Data for table `craft_categorygroups_i18n`
--

INSERT INTO `craft_categorygroups_i18n` (`id`, `groupId`, `locale`, `urlFormat`, `nestedUrlFormat`, `dateCreated`, `dateUpdated`, `uid`) VALUES
 ('1', '1', 'en_us', 'work/{slug}', '{parent.uri}/{slug}', '2016-10-13 20:36:13', '2016-10-13 20:36:13', '99512bb3-fb10-43b3-9d1a-8a8526f8d3af'),
 ('2', '2', 'en_us', 'journal/{slug}', '{parent.uri}/{slug}', '2016-11-03 21:08:43', '2016-11-03 21:08:43', 'de997a9c-aa46-40ec-bb47-bb90dfc3c38e');



DROP TABLE IF EXISTS `craft_content`;


--
-- Schema for table `craft_content`
--
CREATE TABLE `craft_content` (
  `id` int(11) NOT NULL AUTO_INCREMENT,
  `elementId` int(11) NOT NULL,
  `locale` char(12) COLLATE utf8_unicode_ci NOT NULL,
  `title` varchar(255) COLLATE utf8_unicode_ci DEFAULT NULL,
  `field_highlightColor` char(7) COLLATE utf8_unicode_ci DEFAULT NULL,
  `field_projectTitle` text COLLATE utf8_unicode_ci,
  `field_introduction` text COLLATE utf8_unicode_ci,
  `field_heroHeadline` text COLLATE utf8_unicode_ci,
  `field_heroFontColor` char(7) COLLATE utf8_unicode_ci DEFAULT NULL,
  `field_email` text COLLATE utf8_unicode_ci,
  `field_address` text COLLATE utf8_unicode_ci,
  `field_phoneNumber` text COLLATE utf8_unicode_ci,
  `field_faxNumber` text COLLATE utf8_unicode_ci,
  `field_jobTitle` text COLLATE utf8_unicode_ci,
  `field_teamHeader` text COLLATE utf8_unicode_ci,
  `field_introLeftColumn` text COLLATE utf8_unicode_ci,
  `field_introRightColumn` text COLLATE utf8_unicode_ci,
  `field_pressAwards` text COLLATE utf8_unicode_ci,
  `dateCreated` datetime NOT NULL,
  `dateUpdated` datetime NOT NULL,
  `uid` char(36) COLLATE utf8_unicode_ci NOT NULL DEFAULT '0',
  PRIMARY KEY (`id`),
  UNIQUE KEY `craft_content_elementId_locale_unq_idx` (`elementId`,`locale`),
  KEY `craft_content_title_idx` (`title`),
  KEY `craft_content_locale_fk` (`locale`)
) ENGINE=InnoDB AUTO_INCREMENT=262 DEFAULT CHARSET=utf8 COLLATE=utf8_unicode_ci;

--
-- Data for table `craft_content`
--

INSERT INTO `craft_content` (`id`, `elementId`, `locale`, `title`, `field_highlightColor`, `field_projectTitle`, `field_introduction`, `field_heroHeadline`, `field_heroFontColor`, `field_email`, `field_address`, `field_phoneNumber`, `field_faxNumber`, `field_jobTitle`, `field_teamHeader`, `field_introLeftColumn`, `field_introRightColumn`, `field_pressAwards`, `dateCreated`, `dateUpdated`, `uid`) VALUES
 ('1', '1', 'en_us', NULL, NULL, NULL, NULL, NULL, NULL, NULL, NULL, NULL, NULL, NULL, NULL, NULL, NULL, NULL, '2016-10-07 18:01:52', '2016-10-20 20:27:39', '57624308-86ef-4716-95d7-9dc23feee639'),
 ('2', '2', 'en_us', 'Turnstyle', NULL, NULL, NULL, NULL, NULL, NULL, NULL, NULL, NULL, NULL, NULL, NULL, NULL, NULL, '2016-10-07 18:01:54', '2016-10-20 22:31:56', '0fb4d877-5c39-4f76-8ed0-5d264a300eb3'),
 ('4', '4', 'en_us', 'Work', NULL, NULL, NULL, NULL, NULL, NULL, NULL, NULL, NULL, NULL, NULL, NULL, NULL, NULL, '2016-10-13 20:24:42', '2016-10-13 20:24:42', '4cc063b0-0d1e-47c7-846c-fdc820fb1dfb'),
 ('5', '5', 'en_us', 'Print Entry', '#000000', 'Cool Print Project Title ', '', 'Hero\r\nHeadline\r\nIs\r\nHere', '#000000', NULL, NULL, NULL, NULL, NULL, NULL, NULL, NULL, NULL, '2016-10-13 20:34:43', '2016-12-01 19:30:39', '853fb6de-1802-490e-a11c-8dfd8dcb1018'),
 ('6', '6', 'en_us', 'Digital Entry', '#000000', 'Sweet Mother of Digital', '', 'Here\'s\r\nto \r\nHeadlines', '#000000', NULL, NULL, NULL, NULL, NULL, NULL, NULL, NULL, NULL, '2016-10-13 20:34:49', '2016-12-01 19:33:04', '575389e8-1e80-47af-9250-b3d6ecd13a85'),
 ('7', '7', 'en_us', 'Identity Entry', '#000000', 'Mr Robot', '', 'Example\r\nHero\r\nHeadline', '#000000', NULL, NULL, NULL, NULL, NULL, NULL, NULL, NULL, NULL, '2016-10-13 20:34:58', '2016-12-01 19:31:02', 'b64481df-dfdf-424a-9e78-bbe572c808a4'),
 ('8', '8', 'en_us', 'Strategy Entry', '#000000', 'Project Title', '', 'Hero\r\nHeadline\r\nHere', '#000000', NULL, NULL, NULL, NULL, NULL, NULL, NULL, NULL, NULL, '2016-10-13 20:35:08', '2016-12-01 19:30:24', '4321a6fb-e8a4-438c-813c-b3ed67469b46'),
 ('9', '9', 'en_us', 'Strategy', NULL, NULL, NULL, NULL, NULL, NULL, NULL, NULL, NULL, NULL, NULL, NULL, NULL, NULL, '2016-10-13 20:36:24', '2016-10-13 20:36:24', '9b453097-0215-4b6e-8b3a-e02837b38c15'),
 ('10', '10', 'en_us', 'Identity', NULL, NULL, NULL, NULL, NULL, NULL, NULL, NULL, NULL, NULL, NULL, NULL, NULL, NULL, '2016-10-13 20:36:32', '2016-10-13 20:36:32', '7a9aee56-aa24-4fc5-ba36-d15d8a11dd63'),
 ('11', '11', 'en_us', 'Digital', NULL, NULL, NULL, NULL, NULL, NULL, NULL, NULL, NULL, NULL, NULL, NULL, NULL, NULL, '2016-10-13 20:36:44', '2016-10-13 20:36:44', '4a103fdc-c1a0-48eb-9e4d-e41099bae221'),
 ('12', '12', 'en_us', 'Print', NULL, NULL, NULL, NULL, NULL, NULL, NULL, NULL, NULL, NULL, NULL, NULL, NULL, NULL, '2016-10-13 20:36:54', '2016-10-13 20:36:54', '950c5b53-7af9-46f1-b5f5-0d09d69403fc'),
 ('13', '13', 'en_us', 'Packaging', NULL, NULL, NULL, NULL, NULL, NULL, NULL, NULL, NULL, NULL, NULL, NULL, NULL, NULL, '2016-10-13 20:37:02', '2016-10-13 20:37:02', '37d86909-0000-4d8b-a20b-3e5cae8d908b'),
 ('14', '14', 'en_us', 'Environment', NULL, NULL, NULL, NULL, NULL, NULL, NULL, NULL, NULL, NULL, NULL, NULL, NULL, NULL, '2016-10-13 20:37:10', '2016-10-13 20:37:10', '323b10f4-f1f9-41e9-b945-62c821f4e77a'),
 ('15', '15', 'en_us', 'Fulcrum Foundation', '#262628', 'Brand Identity & Website', '<p class=\"large\">Donec id elit non mi porta gravida at eget metus. Aenean lacinia bibendum nulla sed consectetur. Cras justo odio, dapibus ac facilisis in, egestas eget quam. Donec id elit non mi porta gravida at eget metus. Cras mattis consectetur purus sit amet fermentum.&nbsp;Maecenas faucibus mollis interdum. Aenean lacinia bibendum nulla sed consectetur. Praesent commodo cursus magna, vel scelerisque nisl consectetur et. Sed posuere consectetur est at lobortis. Cum sociis natoque penatibus et magnis dis parturient montes, nascetur ridiculus mus. Sed posuere consectetur est at lobortis. Lorem ipsum dolor sit amet, consectetur adipiscing elit.</p>', 'A\r\nNEW LOOK\r\nFOR\r\nCATHOLIC\r\nEDUCATION', '#efefef', NULL, NULL, NULL, NULL, NULL, NULL, NULL, NULL, NULL, '2016-10-13 20:39:13', '2016-12-20 19:55:20', 'fe590c8b-e0d5-40e6-ac69-88bce93b6fb0'),
 ('16', '16', 'en_us', 'Oiselle', '#ff5822', 'Brand Identity System', '<p class=\"large\">As they prepared to open their first bricks and mortar store, Oiselle&mdash;a pioneer in women’s running and athletic fashion&mdash;had a mature brand that needed an infusion of new energy. Turnstyle worked with the Oiselle team to establish an updated identity system and then applied it to a huge range of customer touch points, coordinated to deliver, install and deploy in concert with their store opening in Seattle’s University Village in the summer of 2015.</p>', 'AN\r\nINFUSION\r\nOF\r\nNEW\r\nENERGY', '#efefef', NULL, NULL, NULL, NULL, NULL, NULL, NULL, NULL, NULL, '2016-10-13 20:39:34', '2016-12-20 19:55:27', '0e3ab165-2609-406e-ad14-35ee38513a67'),
 ('36', '43', 'en_us', 'Contact', NULL, NULL, NULL, NULL, 'off-whi', 'info@\r\nturnstyle.\r\nstudio', '3621 \r\nStone Way N\r\nSuite B\r\nseattle\r\nwa\r\n98103', '206 \r\n297—7350\r\n', '206 \r\n297—7390', NULL, NULL, NULL, NULL, NULL, '2016-10-18 23:43:07', '2016-11-02 20:49:02', '1913ba28-8956-4943-a5d5-9869063fc246'),
 ('37', '44', 'en_us', 'Journal', NULL, NULL, NULL, NULL, 'off-whi', NULL, NULL, NULL, NULL, NULL, NULL, NULL, NULL, NULL, '2016-10-18 23:48:41', '2016-12-20 19:10:49', 'd30d2583-a218-4af7-af6a-8a26ebfaa577'),
 ('39', '46', 'en_us', NULL, NULL, NULL, NULL, NULL, 'off-whi', NULL, NULL, NULL, NULL, NULL, NULL, NULL, NULL, NULL, '2016-10-20 20:44:16', '2016-10-20 20:44:35', 'a8a4ff88-3f81-466d-9451-f0ffa3cf4dfb'),
 ('40', '47', 'en_us', NULL, NULL, NULL, NULL, NULL, 'off-whi', NULL, NULL, NULL, NULL, NULL, NULL, NULL, NULL, NULL, '2016-10-20 20:45:10', '2016-10-20 20:45:32', '26816311-f671-4891-9cb2-069d6748d9ca'),
 ('45', '55', 'en_us', 'Strategy', NULL, NULL, NULL, NULL, 'off-whi', NULL, NULL, NULL, NULL, NULL, NULL, '<p class=\"h3 caps\">&mdash; Logo<br>&mdash; Voice & Personality<br>&mdash; Visual System<br>&mdash; Guidelines</p>\r\n<p class=\"h3 caps\"></p>', '<p class=\"large\">In our heart of hearts, we are identity designers. Although our capabilities and experience extend to a wide range of design and strategy offerings, identity is at the core of everything we do. We love the challenge of crafting visual systems that capture our clients\' unique brand personas. Systems that clarify purpose, encourage action, and inspire brand loyalty. Whether we’re designing from the ground up, managing a transition, or building upon an established identity, the whole brand experience is always on our radar. We design identities that balance the use of iconic, enduring brand elements with the flexibility to evolve, surprise and delight.</p>', NULL, '2016-11-01 18:31:38', '2016-12-08 23:13:21', 'ee4c72a2-757b-491a-bb61-da36209593cc'),
 ('46', '56', 'en_us', 'Identity', NULL, NULL, NULL, NULL, 'off-whi', NULL, NULL, NULL, NULL, NULL, NULL, NULL, NULL, NULL, '2016-11-01 18:31:47', '2016-11-02 23:29:52', '36fd0063-ad40-4945-984f-f2334ce1db32'),
 ('49', '66', 'en_us', 'Team 1', NULL, NULL, NULL, NULL, 'off-whi', NULL, NULL, NULL, NULL, NULL, NULL, NULL, NULL, NULL, '2016-11-01 21:53:08', '2016-11-22 22:31:41', 'b6531dfb-717c-43f9-9345-36a60a6a75b5'),
 ('50', '67', 'en_us', 'Regina Baerwalde', NULL, NULL, NULL, NULL, 'off-whi', NULL, NULL, NULL, NULL, 'Senior Designer', NULL, NULL, NULL, NULL, '2016-11-01 21:53:12', '2016-11-01 21:53:12', '4febf3d2-bf49-421e-98b3-b571be5108fd'),
 ('51', '68', 'en_us', 'Abbey Baker', NULL, NULL, NULL, NULL, 'off-whi', NULL, NULL, NULL, NULL, 'Account Manager', NULL, NULL, NULL, NULL, '2016-11-01 21:53:33', '2016-11-01 21:53:33', 'deaa99bf-7662-4398-b498-0af24348ffc6'),
 ('52', '69', 'en_us', 'Robert Bennett', NULL, NULL, NULL, NULL, 'off-whi', NULL, NULL, NULL, NULL, 'Senior Designer', NULL, NULL, NULL, NULL, '2016-11-01 21:53:49', '2016-11-01 21:53:49', '08b6f763-5247-474c-a5c5-c728127bc0f3'),
 ('53', '70', 'en_us', 'Mallory Close', NULL, NULL, NULL, NULL, 'off-whi', NULL, NULL, NULL, NULL, 'Designer', NULL, NULL, NULL, NULL, '2016-11-01 21:54:05', '2016-11-01 21:54:05', '223a5b60-925b-415a-b9fa-e3861927f9fb'),
 ('54', '71', 'en_us', 'Stephanie Cooke', NULL, NULL, NULL, NULL, 'off-whi', NULL, NULL, NULL, NULL, 'Client Relations Director', NULL, NULL, NULL, NULL, '2016-11-01 21:54:25', '2016-11-01 21:54:25', '506fb9b3-ff91-4258-9a6a-6b710ea830f6'),
 ('55', '72', 'en_us', 'Matt Diefenbach', NULL, NULL, NULL, NULL, 'off-whi', NULL, NULL, NULL, NULL, 'Principal / Business Director', NULL, NULL, NULL, NULL, '2016-11-01 21:54:57', '2016-11-01 21:54:57', '4416aef7-841d-4a39-9a77-161a18af788f'),
 ('56', '73', 'en_us', 'Kyle Gabouer', NULL, NULL, NULL, NULL, 'off-whi', NULL, NULL, NULL, NULL, 'Digital Design Director', NULL, NULL, NULL, NULL, '2016-11-01 21:55:28', '2016-12-15 19:17:52', 'cbf59feb-6fdf-4515-b82c-04e487c56d89'),
 ('57', '74', 'en_us', 'Jason Gomez', NULL, NULL, NULL, NULL, 'off-whi', NULL, NULL, NULL, NULL, 'Associate Creative Director', NULL, NULL, NULL, NULL, '2016-11-01 21:55:48', '2016-11-01 21:55:48', '063354e8-3e3e-44bb-8fab-fc8f1f99e332'),
 ('58', '75', 'en_us', 'Ben Graham', NULL, NULL, NULL, NULL, 'off-whi', NULL, NULL, NULL, NULL, 'Principal / Creative Director', NULL, NULL, NULL, NULL, '2016-11-01 21:56:07', '2016-11-01 21:56:07', '44d9c8c4-3f22-4215-ac4b-5f3cbb3e84f2'),
 ('59', '76', 'en_us', 'Dani Johnson', NULL, NULL, NULL, NULL, 'off-whi', NULL, NULL, NULL, NULL, 'Operations & Finance Manager', NULL, NULL, NULL, NULL, '2016-11-01 21:56:55', '2016-11-01 21:56:55', '1d50692b-6b87-4247-bc65-7cb779585a47'),
 ('60', '77', 'en_us', 'Nick Katarow', NULL, NULL, NULL, NULL, 'off-whi', NULL, NULL, NULL, NULL, 'Senior Web Developer', NULL, NULL, NULL, NULL, '2016-11-01 21:57:12', '2016-11-01 21:57:12', 'b0d26c06-27ff-4863-92dc-5167036a3ba1'),
 ('61', '78', 'en_us', 'Helen Kong', NULL, NULL, NULL, NULL, 'off-whi', NULL, NULL, NULL, NULL, 'Account Manager', NULL, NULL, NULL, NULL, '2016-11-01 21:57:25', '2016-11-01 21:57:25', '133c0b78-6d67-4502-a173-25f26499b972'),
 ('62', '79', 'en_us', 'Garret Steider', NULL, NULL, NULL, NULL, 'off-whi', NULL, NULL, NULL, NULL, 'Designer', NULL, NULL, NULL, NULL, '2016-11-01 21:57:45', '2016-11-01 21:57:45', '49c33025-0d17-42ee-9add-3c80b7f03235'),
 ('63', '80', 'en_us', 'Steve Watson', NULL, NULL, NULL, NULL, 'off-whi', NULL, NULL, NULL, NULL, 'Principal / Creative Director', NULL, NULL, NULL, NULL, '2016-11-01 21:58:24', '2016-11-01 21:58:24', '7a9d1f7f-ae7d-44d7-b22a-70b7f44fe256'),
 ('64', '81', 'en_us', 'Handsome', NULL, NULL, NULL, NULL, 'off-whi', NULL, NULL, NULL, NULL, NULL, NULL, NULL, NULL, NULL, '2016-11-01 22:54:18', '2016-11-01 22:54:18', '67109da1-af88-422a-a4ec-cca1e398d715'),
 ('65', '82', 'en_us', 'Pretty Good', NULL, NULL, NULL, NULL, 'off-whi', NULL, NULL, NULL, NULL, NULL, NULL, NULL, NULL, NULL, '2016-11-01 22:54:26', '2016-11-01 22:54:26', 'bdfd33c0-7ad8-422d-bab5-08399755fe66'),
 ('66', '83', 'en_us', 'Clever', NULL, NULL, NULL, NULL, 'off-whi', NULL, NULL, NULL, NULL, NULL, NULL, NULL, NULL, NULL, '2016-11-01 22:54:56', '2016-11-01 22:54:56', '057fa3f8-8aaf-4155-9a90-d788730af492'),
 ('67', '84', 'en_us', 'Cheesy', NULL, NULL, NULL, NULL, 'off-whi', NULL, NULL, NULL, NULL, NULL, NULL, NULL, NULL, NULL, '2016-11-01 22:55:25', '2016-11-01 22:55:25', 'b3c2542e-feef-46ae-8283-3d6c43b5b869'),
 ('68', '85', 'en_us', 'Flavorful', NULL, NULL, NULL, NULL, 'off-whi', NULL, NULL, NULL, NULL, NULL, NULL, NULL, NULL, NULL, '2016-11-01 22:55:35', '2016-11-01 22:55:35', 'eb2b6d57-7828-45c6-ba84-9e614791e1c0'),
 ('70', '87', 'en_us', 'Lumpy', NULL, NULL, NULL, NULL, 'off-whi', NULL, NULL, NULL, NULL, NULL, NULL, NULL, NULL, NULL, '2016-11-01 22:57:14', '2016-11-01 22:57:14', '64da178d-d30f-497d-8668-4550fa81c767'),
 ('71', '88', 'en_us', 'Righteous', NULL, NULL, NULL, NULL, 'off-whi', NULL, NULL, NULL, NULL, NULL, NULL, NULL, NULL, NULL, '2016-11-01 22:57:31', '2016-11-01 22:57:31', '51bc8ee8-b972-4a87-8755-ac85e87a450c'),
 ('72', '89', 'en_us', 'Fastidious', NULL, NULL, NULL, NULL, 'off-whi', NULL, NULL, NULL, NULL, NULL, NULL, NULL, NULL, NULL, '2016-11-01 22:58:23', '2016-11-01 22:58:23', '322be92f-0c26-4127-979f-fb1465c9eba7'),
 ('73', '90', 'en_us', 'Jocular', NULL, NULL, NULL, NULL, 'off-whi', NULL, NULL, NULL, NULL, NULL, NULL, NULL, NULL, NULL, '2016-11-01 22:59:12', '2016-11-01 22:59:12', '686e01dc-9c88-4b94-a5bc-86be75d29c45'),
 ('74', '91', 'en_us', 'Luminous', NULL, NULL, NULL, NULL, 'off-whi', NULL, NULL, NULL, NULL, NULL, NULL, NULL, NULL, NULL, '2016-11-01 22:59:27', '2016-11-01 22:59:27', '3b95b652-31f7-4568-b63b-f43f6ff7a270'),
 ('75', '92', 'en_us', 'Neighborly', NULL, NULL, NULL, NULL, 'off-whi', NULL, NULL, NULL, NULL, NULL, NULL, NULL, NULL, NULL, '2016-11-01 23:00:22', '2016-11-01 23:00:22', 'c39b9a0e-df4e-4c3f-a67a-791b24ee05dc'),
 ('76', '93', 'en_us', 'Propitious', NULL, NULL, NULL, NULL, 'off-whi', NULL, NULL, NULL, NULL, NULL, NULL, NULL, NULL, NULL, '2016-11-01 23:00:44', '2016-11-01 23:00:44', '835d9c99-cc12-4096-b3ac-78c4220d97fb'),
 ('77', '94', 'en_us', 'Spasmodic', NULL, NULL, NULL, NULL, 'off-whi', NULL, NULL, NULL, NULL, NULL, NULL, NULL, NULL, NULL, '2016-11-01 23:01:15', '2016-11-01 23:01:15', '9ef9a63e-362b-4d4c-8cba-3bd9f8dbac02'),
 ('78', '95', 'en_us', 'Zealous', NULL, NULL, NULL, NULL, 'off-whi', NULL, NULL, NULL, NULL, NULL, NULL, NULL, NULL, NULL, '2016-11-01 23:01:40', '2016-11-01 23:01:40', '90dbcf08-6d1a-4af8-aa3a-725ccb8b6e95'),
 ('80', '97', 'en_us', 'Cta Contact', NULL, NULL, NULL, NULL, 'off-whi', NULL, NULL, NULL, NULL, NULL, NULL, NULL, NULL, NULL, '2016-11-02 18:59:30', '2016-11-22 22:31:42', 'e754b464-0beb-4d2f-8920-ddcaa540eff6'),
 ('81', '101', 'en_us', 'Studio', NULL, NULL, NULL, NULL, 'off-whi', NULL, NULL, NULL, NULL, NULL, 'MEET\r\nOUR\r\nTALENTED\r\nTEAM', '<p class=\"large\"><br></p>', '<p class=\"large\">Born in 2004</p>\r\n<p class=\"large\">We are a full-service creative agency with offices in Seattle and Portland. A dedicated team of designers, strategists, developers and account specialists, we create highly-crafted brand experiences that clarify purpose, encourage action, and inspire brand loyalty. We’d love to get to know you and help tell your story.&nbsp;</p>', '<p class=\"large\">08/2016 &mdash; IdN Magazine v23n2</p>\r\n<p class=\"large\">06/2016 &mdash; Communication Arts Design Annual 2016</p>\r\n<p class=\"large\">05/2016 &mdash; PRINT Magazine Regional Design Annual 2016</p>\r\n<p class=\"large\">03/2016 &mdash; Communication Arts Design Annual 2015</p>\r\n<p class=\"large\">02/2016 &mdash; IdN Magazine v23n2</p>\r\n<p class=\"large\">12/2015 &mdash; Communication Arts Design Annual 2016</p>\r\n<p class=\"large\">10/2015 &mdash; PRINT Magazine Regional Design Annual 2016</p>\r\n<p class=\"large\">10/2015 &mdash; Communication Arts Design Annual 2015</p>\r\n<p class=\"large\">06/2015 &mdash; PRINT Magazine Regional Design Annual 2016</p>\r\n<p class=\"large\">02/2015 &mdash; Communication Arts Design Annual 2015</p>', '2016-11-02 23:30:00', '2016-12-20 19:32:08', '5cbe9bd9-018b-4dd7-b4bf-c07c9b1b5cb9'),
 ('82', '109', 'en_us', 'Awards & Press', NULL, NULL, NULL, NULL, 'off-whi', NULL, NULL, NULL, NULL, NULL, NULL, NULL, NULL, NULL, '2016-11-03 21:09:22', '2016-11-03 21:09:22', 'acf73ec0-5d43-4cd2-9245-8e31bdc8fa5c'),
 ('83', '110', 'en_us', 'Our Clients', NULL, NULL, NULL, NULL, 'off-whi', NULL, NULL, NULL, NULL, NULL, NULL, NULL, NULL, NULL, '2016-11-03 21:09:33', '2016-11-03 21:09:33', '9bd65997-df9c-455f-97c7-68a8e369643b'),
 ('84', '111', 'en_us', 'News', NULL, NULL, NULL, NULL, 'off-whi', NULL, NULL, NULL, NULL, NULL, NULL, NULL, NULL, NULL, '2016-11-03 21:09:47', '2016-11-03 21:09:47', 'a874d537-fe67-4bb8-944e-205e5fc891a1'),
 ('85', '112', 'en_us', 'Turnstyle Featured in IdN Magazine', '#000000', NULL, NULL, NULL, '#ffffff', NULL, NULL, NULL, NULL, NULL, NULL, NULL, NULL, NULL, '2016-11-03 21:35:57', '2016-12-20 19:56:03', '080a6c6e-d388-43fd-8fcb-022250e0c474'),
 ('89', '118', 'en_us', 'We\'re Building Our Own Building', '#000000', NULL, NULL, NULL, '#ffffff', NULL, NULL, NULL, NULL, NULL, NULL, NULL, NULL, NULL, '2016-11-03 21:43:51', '2016-12-20 19:55:54', 'e4f75db1-fb18-423c-8c69-edefa3e707a2'),
 ('92', '122', 'en_us', 'Steve Judges Comm Arts Design Annual', '#000000', NULL, NULL, NULL, '#daff00', NULL, NULL, NULL, NULL, NULL, NULL, NULL, NULL, NULL, '2016-11-03 21:47:05', '2016-12-20 19:55:41', '1b41e7f9-38f9-47d0-84cd-69359b2f1f55'),
 ('93', '127', 'en_us', 'New Work', NULL, NULL, NULL, NULL, NULL, NULL, NULL, NULL, NULL, NULL, NULL, NULL, NULL, NULL, '2016-11-11 19:45:22', '2016-11-11 19:45:22', '91799f18-5ccc-4bd3-8d4d-42e973d5f17c'),
 ('94', '128', 'en_us', 'Large Image Fpo 1', NULL, NULL, NULL, NULL, NULL, NULL, NULL, NULL, NULL, NULL, NULL, NULL, NULL, NULL, '2016-11-11 20:59:03', '2016-11-11 20:59:03', '2d484518-45f1-4bcb-a441-f504e0324a12'),
 ('95', '130', 'en_us', 'Large Image Fpo 1 161017 202946', NULL, NULL, NULL, NULL, NULL, NULL, NULL, NULL, NULL, NULL, NULL, NULL, NULL, NULL, '2016-11-11 21:02:07', '2016-11-11 21:02:07', '77b818fa-ab91-41c5-8875-3cc0e3503cfa'),
 ('101', '146', 'en_us', NULL, NULL, NULL, NULL, NULL, NULL, NULL, NULL, NULL, NULL, NULL, NULL, NULL, NULL, NULL, '2016-11-17 17:46:18', '2016-11-17 17:51:01', '4cfd13a3-37a6-4a93-9a33-9f7b932298ee'),
 ('102', '147', 'en_us', NULL, NULL, NULL, NULL, NULL, NULL, NULL, NULL, NULL, NULL, NULL, NULL, NULL, NULL, NULL, '2016-11-17 17:46:53', '2016-11-17 17:53:04', '10d5ed2b-bf59-4d43-964f-156666272fa3'),
 ('103', '148', 'en_us', NULL, NULL, NULL, NULL, NULL, NULL, NULL, NULL, NULL, NULL, NULL, NULL, NULL, NULL, NULL, '2016-11-17 17:47:35', '2016-11-17 17:51:17', 'dda128f7-0190-47d7-baa3-ee14443357eb'),
 ('104', '149', 'en_us', NULL, NULL, NULL, NULL, NULL, NULL, NULL, NULL, NULL, NULL, NULL, NULL, NULL, NULL, NULL, '2016-11-17 17:48:02', '2016-11-17 17:50:08', '30b77de5-8441-4e0b-b60a-854947926c8e'),
 ('105', '150', 'en_us', NULL, NULL, NULL, NULL, NULL, NULL, NULL, NULL, NULL, NULL, NULL, NULL, NULL, NULL, NULL, '2016-11-17 17:48:28', '2016-11-17 17:50:25', '75a5294d-d6ae-4cb6-b9fe-c77d02dc8370'),
 ('106', '151', 'en_us', NULL, NULL, NULL, NULL, NULL, NULL, NULL, NULL, NULL, NULL, NULL, NULL, NULL, NULL, NULL, '2016-11-17 17:48:50', '2016-11-17 17:51:36', '611e3579-1255-4308-ba58-a86a5e3cb33b'),
 ('107', '152', 'en_us', NULL, NULL, NULL, NULL, NULL, NULL, NULL, NULL, NULL, NULL, NULL, NULL, NULL, NULL, NULL, '2016-11-17 17:49:13', '2016-11-17 17:50:42', '7eb56b05-8879-45de-baa7-9d8de59c9b2f'),
 ('108', '153', 'en_us', '090716 Sea Cottoncandy Med Rinnzimd', NULL, NULL, NULL, NULL, NULL, NULL, NULL, NULL, NULL, NULL, NULL, NULL, NULL, NULL, '2016-11-17 19:20:48', '2016-11-17 19:20:48', '0c2a03e2-4506-4184-a3cb-b76ac7574ff0'),
 ('109', '154', 'en_us', 'T 01', NULL, NULL, NULL, NULL, NULL, NULL, NULL, NULL, NULL, NULL, NULL, NULL, NULL, NULL, '2016-11-18 23:49:37', '2016-11-22 22:31:43', '2467f4d1-be70-4dd7-9e21-ab0865b42cfe'),
 ('122', '167', 'en_us', '1200X900', NULL, NULL, NULL, NULL, NULL, NULL, NULL, NULL, NULL, NULL, NULL, NULL, NULL, NULL, '2016-11-22 21:43:09', '2016-11-22 21:43:09', '4ed5230a-d57d-4e47-be72-f6b0ecfcefe6'),
 ('123', '168', 'en_us', '1200X1200', NULL, NULL, NULL, NULL, NULL, NULL, NULL, NULL, NULL, NULL, NULL, NULL, NULL, NULL, '2016-11-22 21:43:10', '2016-11-22 21:43:10', '7c359fc3-aa34-450b-8569-6595f5f26910'),
 ('124', '169', 'en_us', '1200X1800', NULL, NULL, NULL, NULL, NULL, NULL, NULL, NULL, NULL, NULL, NULL, NULL, NULL, NULL, '2016-11-22 21:43:10', '2016-11-22 21:43:10', '68778220-a17f-4a35-89fe-431b58fd7388'),
 ('126', '171', 'en_us', '1200X1800', NULL, NULL, NULL, NULL, NULL, NULL, NULL, NULL, NULL, NULL, NULL, NULL, NULL, NULL, '2016-11-22 21:57:53', '2016-11-22 21:57:53', '7c74fe6f-5bf1-405b-afa8-a48dc7fbed0e'),
 ('132', '177', 'en_us', '2400X1800', NULL, NULL, NULL, NULL, NULL, NULL, NULL, NULL, NULL, NULL, NULL, NULL, NULL, NULL, '2016-11-22 22:32:09', '2016-12-14 22:35:14', 'b3d73ce4-b907-4efe-ae95-2e757ec143e8'),
 ('134', '179', 'en_us', '1600W', NULL, NULL, NULL, NULL, NULL, NULL, NULL, NULL, NULL, NULL, NULL, NULL, NULL, NULL, '2016-11-22 22:35:23', '2016-11-22 22:36:43', 'c78a82d8-3ec1-4f61-9002-fbfea6dbd180'),
 ('139', '184', 'en_us', '1200X900', NULL, NULL, NULL, NULL, NULL, NULL, NULL, NULL, NULL, NULL, NULL, NULL, NULL, NULL, '2016-11-22 22:47:17', '2016-12-14 22:35:14', 'c3eb781b-525d-46d2-a614-191b68794e4c'),
 ('140', '185', 'en_us', '2400X1800', NULL, NULL, NULL, NULL, NULL, NULL, NULL, NULL, NULL, NULL, NULL, NULL, NULL, NULL, '2016-11-22 22:49:35', '2016-11-22 22:50:49', 'a7811bb6-3f64-4527-8dd8-af8946ba0a52'),
 ('141', '186', 'en_us', '1600W', NULL, NULL, NULL, NULL, NULL, NULL, NULL, NULL, NULL, NULL, NULL, NULL, NULL, NULL, '2016-11-22 22:51:09', '2016-11-22 22:51:09', 'aedd1408-60c5-4291-8c60-dcfff4ce99e4'),
 ('142', '187', 'en_us', '2400X1800', NULL, NULL, NULL, NULL, NULL, NULL, NULL, NULL, NULL, NULL, NULL, NULL, NULL, NULL, '2016-11-22 22:52:46', '2016-11-30 00:29:19', '711f8be9-f298-4d5e-a4a5-4e1b867e093e'),
 ('143', '188', 'en_us', '1200X900', NULL, NULL, NULL, NULL, NULL, NULL, NULL, NULL, NULL, NULL, NULL, NULL, NULL, NULL, '2016-11-22 22:53:45', '2016-11-30 00:29:20', 'da5810a7-4430-4203-b8fa-eb7b555a024c'),
 ('144', '189', 'en_us', '1200X1800', NULL, NULL, NULL, NULL, NULL, NULL, NULL, NULL, NULL, NULL, NULL, NULL, NULL, NULL, '2016-11-22 23:09:51', '2016-11-22 23:09:51', 'f2c333b8-1bf7-49d9-a673-81cd951d42b9'),
 ('145', '190', 'en_us', '2400X1800', NULL, NULL, NULL, NULL, NULL, NULL, NULL, NULL, NULL, NULL, NULL, NULL, NULL, NULL, '2016-11-22 23:35:11', '2016-11-22 23:35:14', 'd4563781-eda9-45b8-b964-6107b0708f5c'),
 ('146', '191', 'en_us', '1200X1200', NULL, NULL, NULL, NULL, NULL, NULL, NULL, NULL, NULL, NULL, NULL, NULL, NULL, NULL, '2016-11-22 23:35:28', '2016-11-22 23:35:28', 'c37317d8-a477-4482-9f81-6427b7f27cbc'),
 ('147', '193', 'en_us', '1600W', NULL, NULL, NULL, NULL, NULL, NULL, NULL, NULL, NULL, NULL, NULL, NULL, NULL, NULL, '2016-11-22 23:55:09', '2016-11-30 00:29:20', '0fbedd55-a37f-4e21-9844-53baa47b636e'),
 ('148', '194', 'en_us', '1600X800', NULL, NULL, NULL, NULL, NULL, NULL, NULL, NULL, NULL, NULL, NULL, NULL, NULL, NULL, '2016-11-23 00:31:29', '2016-11-23 00:31:29', '69cae57d-ff0b-44a1-8a0d-e2380c7c0bc5'),
 ('149', '195', 'en_us', '1600X1600', NULL, NULL, NULL, NULL, NULL, NULL, NULL, NULL, NULL, NULL, NULL, NULL, NULL, NULL, '2016-11-23 00:31:31', '2016-11-23 00:31:31', '61ec6654-da56-49dc-b925-40ed9f472bfd'),
 ('150', '196', 'en_us', '20140325 Fuzzco Interior4265 1 Final Squire Fox 1600X800', NULL, NULL, NULL, NULL, NULL, NULL, NULL, NULL, NULL, NULL, NULL, NULL, NULL, NULL, '2016-11-23 00:59:11', '2016-11-23 00:59:29', '39f67c6d-9add-4c8e-962f-f794af3230bd'),
 ('151', '197', 'en_us', '20140325 Fuzzco Interior19490 Final Squire Fox 1600X800', NULL, NULL, NULL, NULL, NULL, NULL, NULL, NULL, NULL, NULL, NULL, NULL, NULL, NULL, '2016-11-23 00:59:14', '2016-11-23 00:59:29', 'd95eb354-4161-4b1c-853a-2677adef01a5'),
 ('152', '198', 'en_us', 'Mg 6666 Edit 800', NULL, NULL, NULL, NULL, NULL, NULL, NULL, NULL, NULL, NULL, NULL, NULL, NULL, NULL, '2016-11-23 00:59:15', '2016-11-23 00:59:29', '336a377f-ad42-48b8-a68e-169e2ab3dba7'),
 ('153', '199', 'en_us', 'Mg 6706 Edit 1600X800', NULL, NULL, NULL, NULL, NULL, NULL, NULL, NULL, NULL, NULL, NULL, NULL, NULL, NULL, '2016-11-23 00:59:16', '2016-11-23 00:59:29', '616ade9e-42a4-4684-b086-3e76bc832194'),
 ('154', '200', 'en_us', 'Turnstyle Guide Color 01 01', NULL, NULL, NULL, NULL, NULL, NULL, NULL, NULL, NULL, NULL, NULL, NULL, NULL, NULL, '2016-11-23 22:01:08', '2016-11-23 22:06:04', 'ac29571e-8af7-4076-964c-e6c8eba32d88'),
 ('155', '201', 'en_us', 'Turnstyle', '#3c00ff', 'Case Study Guide', '<p class=\"large\">Welcome to the case study guide! Please don\'t delete me. When the time comes, we can turn me off, but until then I shall exist. Within this guide you will find information about the modules, color, typography, image optimization, file naming and more.</p>\r\n<p class=\"large\">The area at right is dynamically populated with information from the CMS. The client comes from the title&nbsp;field, and the disciplines can be added one at a time depending on the particular project. Additional fields can be added and customized for things like URLs, Awards &&nbsp;Press, and other things unique to particular projects.</p>', 'HERO\r\nHEADLINE\r\nWITH LINE\r\nBREAKS', '#ffffff', NULL, NULL, NULL, NULL, NULL, NULL, NULL, NULL, NULL, '2016-11-23 22:01:39', '2016-12-20 19:55:11', '167461db-40f3-4724-b0e5-522ba4cc8430'),
 ('156', '203', 'en_us', 'Turnstyle Guide Thumb 01', NULL, NULL, NULL, NULL, NULL, NULL, NULL, NULL, NULL, NULL, NULL, NULL, NULL, NULL, '2016-11-23 22:06:25', '2016-11-23 22:14:56', '7692ed38-acb0-49b8-9392-f8907da12081'),
 ('157', '204', 'en_us', 'Turnstyle Guide Hero 01', NULL, NULL, NULL, NULL, NULL, NULL, NULL, NULL, NULL, NULL, NULL, NULL, NULL, NULL, '2016-11-23 22:14:53', '2016-11-23 22:14:53', '831f1429-78cc-45d2-b741-4a87980094a3'),
 ('159', '207', 'en_us', 'Turnstyle Guide Color 01', NULL, NULL, NULL, NULL, NULL, NULL, NULL, NULL, NULL, NULL, NULL, NULL, NULL, NULL, '2016-11-23 22:30:47', '2016-11-23 23:58:10', 'd42c1bf8-29aa-41c5-a480-f9149c377a8a'),
 ('160', '209', 'en_us', 'Turnstyle Guide Color 01', NULL, NULL, NULL, NULL, NULL, NULL, NULL, NULL, NULL, NULL, NULL, NULL, NULL, NULL, '2016-11-23 22:33:54', '2016-11-23 22:35:30', '42d3c3ad-b9b6-466f-a51e-7ac75d8398a2'),
 ('162', '213', 'en_us', 'Turnstyle Guide Large 01', NULL, NULL, NULL, NULL, NULL, NULL, NULL, NULL, NULL, NULL, NULL, NULL, NULL, NULL, '2016-11-23 22:54:55', '2016-11-23 23:04:42', '9c2be0ea-d67b-4fe2-9d13-568309d2ab22'),
 ('163', '214', 'en_us', 'Turnstyle Guide Half 01', NULL, NULL, NULL, NULL, NULL, NULL, NULL, NULL, NULL, NULL, NULL, NULL, NULL, NULL, '2016-11-23 22:57:47', '2016-11-23 22:57:47', '0f52bf83-a40f-45bf-85b1-3feb12361c40'),
 ('164', '217', 'en_us', 'Turnstyle Guide Half 02', NULL, NULL, NULL, NULL, NULL, NULL, NULL, NULL, NULL, NULL, NULL, NULL, NULL, NULL, '2016-11-23 23:01:45', '2016-11-23 23:01:45', 'a3df2232-c603-4b09-ab06-fdecd95df19c');
INSERT INTO `craft_content` (`id`, `elementId`, `locale`, `title`, `field_highlightColor`, `field_projectTitle`, `field_introduction`, `field_heroHeadline`, `field_heroFontColor`, `field_email`, `field_address`, `field_phoneNumber`, `field_faxNumber`, `field_jobTitle`, `field_teamHeader`, `field_introLeftColumn`, `field_introRightColumn`, `field_pressAwards`, `dateCreated`, `dateUpdated`, `uid`) VALUES
 ('166', '221', 'en_us', 'Turnstyle Guide Half 03', NULL, NULL, NULL, NULL, NULL, NULL, NULL, NULL, NULL, NULL, NULL, NULL, NULL, NULL, '2016-11-23 23:06:31', '2016-11-23 23:06:31', '5b26ee63-0c7f-406e-a3c0-4ce35bcb4d15'),
 ('167', '223', 'en_us', 'Turnstyle Guide Logo 01', NULL, NULL, NULL, NULL, NULL, NULL, NULL, NULL, NULL, NULL, NULL, NULL, NULL, NULL, '2016-11-23 23:24:05', '2016-11-23 23:24:05', '3b688b3f-b1a1-4815-855b-4f73ce2283a9'),
 ('168', '225', 'en_us', 'Screenshot 2016 11 23 15 27 11', NULL, NULL, NULL, NULL, NULL, NULL, NULL, NULL, NULL, NULL, NULL, NULL, NULL, NULL, '2016-11-23 23:29:06', '2016-11-23 23:29:06', 'd9776f59-be5b-4ee7-9be6-8bf7e97109c6'),
 ('169', '227', 'en_us', 'Turnstyle Guide Naming 01', NULL, NULL, NULL, NULL, NULL, NULL, NULL, NULL, NULL, NULL, NULL, NULL, NULL, NULL, '2016-11-23 23:39:45', '2016-11-23 23:54:26', '4379bd15-2f69-4a97-82c8-c48740198dbb'),
 ('171', '229', 'en_us', 'Turnstyle Guide Color 01', NULL, NULL, NULL, NULL, NULL, NULL, NULL, NULL, NULL, NULL, NULL, NULL, NULL, NULL, '2016-11-23 23:56:50', '2016-11-23 23:56:50', '2bf36f05-f4da-4e46-8e67-c243cf8f0629'),
 ('173', '232', 'en_us', NULL, NULL, NULL, NULL, NULL, NULL, NULL, '3621 Stone Way N\r\nSuite B\r\nseattle, wa 98103', NULL, NULL, NULL, NULL, NULL, NULL, NULL, '2016-11-29 00:15:51', '2016-11-29 17:31:35', '3be8b535-5840-46c1-9f1b-2270a5f37fa1'),
 ('174', '233', 'en_us', '2400X1800', NULL, NULL, NULL, NULL, NULL, NULL, NULL, NULL, NULL, NULL, NULL, NULL, NULL, NULL, '2016-11-30 00:43:02', '2016-11-30 00:43:38', 'ed53d232-66d8-4524-b505-b66181000123'),
 ('175', '234', 'en_us', '1200X1200', NULL, NULL, NULL, NULL, NULL, NULL, NULL, NULL, NULL, NULL, NULL, NULL, NULL, NULL, '2016-11-30 00:44:54', '2016-11-30 00:44:54', '008002c5-0a14-42c2-b641-e82c60b2dfb8'),
 ('176', '236', 'en_us', '2400X1800', NULL, NULL, NULL, NULL, NULL, NULL, NULL, NULL, NULL, NULL, NULL, NULL, NULL, NULL, '2016-11-30 21:35:04', '2016-11-30 21:35:04', '3a11570c-f312-4f99-a1c7-b511d09fd4c2'),
 ('177', '238', 'en_us', '1200X900', NULL, NULL, NULL, NULL, NULL, NULL, NULL, NULL, NULL, NULL, NULL, NULL, NULL, NULL, '2016-12-01 19:30:21', '2016-12-01 19:30:24', 'a408d180-0630-4db0-9e45-39b71ecdc9b4'),
 ('178', '239', 'en_us', '1200X1800', NULL, NULL, NULL, NULL, NULL, NULL, NULL, NULL, NULL, NULL, NULL, NULL, NULL, NULL, '2016-12-01 19:30:36', '2016-12-01 19:30:39', '36991b78-87a5-4e17-a21f-ecce35b4d539'),
 ('179', '240', 'en_us', '1200X1200', NULL, NULL, NULL, NULL, NULL, NULL, NULL, NULL, NULL, NULL, NULL, NULL, NULL, NULL, '2016-12-01 19:30:50', '2016-12-01 19:30:50', '538f0fd2-d464-480c-b60f-c0d7211bc40f'),
 ('180', '241', 'en_us', '1200X1800', NULL, NULL, NULL, NULL, NULL, NULL, NULL, NULL, NULL, NULL, NULL, NULL, NULL, NULL, '2016-12-01 19:33:00', '2016-12-01 19:33:04', '225e7628-9e5c-48b8-9632-cfa7be177e75'),
 ('181', '242', 'en_us', 'Turnstyle Mobile Website 01', NULL, NULL, NULL, NULL, NULL, NULL, NULL, NULL, NULL, NULL, NULL, NULL, NULL, NULL, '2016-12-06 22:36:14', '2016-12-06 22:36:14', '8936fe86-ae1c-4fa5-97e2-b360f57b0b5b'),
 ('182', '244', 'en_us', 'Turnstyle Guide Hero 02', NULL, NULL, NULL, NULL, NULL, NULL, NULL, NULL, NULL, NULL, NULL, NULL, NULL, NULL, '2016-12-07 00:07:33', '2016-12-07 00:07:33', '8168cbaa-d93d-4f1b-98a9-0cccd4206a15'),
 ('183', '245', 'en_us', 'Fulcrumfoundation Hero 01', NULL, NULL, NULL, NULL, NULL, NULL, NULL, NULL, NULL, NULL, NULL, NULL, NULL, NULL, '2016-12-14 22:43:40', '2016-12-15 00:20:59', '9c135475-5a5b-4407-959f-2ddc5216d394'),
 ('187', '249', 'en_us', 'Fulcrumfoundation List 01', NULL, NULL, NULL, NULL, NULL, NULL, NULL, NULL, NULL, NULL, NULL, NULL, NULL, NULL, '2016-12-14 23:03:50', '2016-12-15 23:21:22', '32f6967a-2211-4de6-9fe0-bbce245fd50f'),
 ('195', '259', 'en_us', 'Fulcrumfoundation Logo 01', NULL, NULL, NULL, NULL, NULL, NULL, NULL, NULL, NULL, NULL, NULL, NULL, NULL, NULL, '2016-12-15 00:49:14', '2016-12-15 00:49:14', 'e875325c-4d19-49e8-8db4-ec25b2fe2446'),
 ('196', '261', 'en_us', 'Oiselle List 01', NULL, NULL, NULL, NULL, NULL, NULL, NULL, NULL, NULL, NULL, NULL, NULL, NULL, NULL, '2016-12-15 01:04:55', '2016-12-15 01:04:55', 'b97b2710-8e39-4a8e-8cdb-9e4f62d4e568'),
 ('197', '262', 'en_us', 'Turnstyle Kyle Gabouer 01', NULL, NULL, NULL, NULL, NULL, NULL, NULL, NULL, NULL, NULL, NULL, NULL, NULL, NULL, '2016-12-15 19:17:47', '2016-12-15 19:17:47', 'b6a0a376-affc-433c-b187-feb56f1cbd34'),
 ('198', '263', 'en_us', 'Homegrown List 01', NULL, NULL, NULL, NULL, NULL, NULL, NULL, NULL, NULL, NULL, NULL, NULL, NULL, NULL, '2016-12-15 22:41:50', '2016-12-15 22:52:42', '8a03636d-6ff3-480d-935e-4119aa7aa788'),
 ('199', '264', 'en_us', 'Homegrown Hero 01', NULL, NULL, NULL, NULL, NULL, NULL, NULL, NULL, NULL, NULL, NULL, NULL, NULL, NULL, '2016-12-15 22:43:55', '2016-12-16 00:14:04', '9653c7ea-f016-4d4a-b886-ec41005db288'),
 ('200', '265', 'en_us', 'Homegrown', '#b9d432', 'Brand Refresh & Website', '<p class=\"large\">Donec id elit non mi porta gravida at eget metus. Curabitur blandit tempus porttitor. Vestibulum id ligula porta felis euismod semper. Aenean lacinia bibendum nulla sed consectetur.&nbsp;Donec id elit non mi porta gravida at eget metus. Curabitur blandit tempus porttitor. Vestibulum id ligula porta felis euismod semper. Aenean lacinia bibendum nulla sed consectetur.&nbsp;</p>', 'SANDWICHES\r\nARE\r\nGOOD\r\nYUM', '#262626', NULL, NULL, NULL, NULL, NULL, NULL, NULL, NULL, NULL, '2016-12-15 22:44:17', '2016-12-20 19:54:58', '450ecf17-9982-48cc-a575-9cbf9d6deb00'),
 ('204', '270', 'en_us', 'Turnstyle Guide List 01', NULL, NULL, NULL, NULL, NULL, NULL, NULL, NULL, NULL, NULL, NULL, NULL, NULL, NULL, '2016-12-15 23:19:54', '2016-12-15 23:19:54', 'ebc74e92-5398-451d-b7b7-b1b47169bb0d'),
 ('207', '273', 'en_us', 'Oiselle Hero 01', NULL, NULL, NULL, NULL, NULL, NULL, NULL, NULL, NULL, NULL, NULL, NULL, NULL, NULL, '2016-12-16 00:19:26', '2016-12-16 00:19:26', '0b102e55-edb0-4109-ad24-060d3525fa37'),
 ('208', '274', 'en_us', 'Fulcrumfoundation Hero 02', NULL, NULL, NULL, NULL, NULL, NULL, NULL, NULL, NULL, NULL, NULL, NULL, NULL, NULL, '2016-12-16 00:28:29', '2016-12-20 18:58:47', '94c178e6-de87-4e5c-bdd7-25600a67901d'),
 ('209', '275', 'en_us', 'Flyingaces Hero 01', NULL, NULL, NULL, NULL, NULL, NULL, NULL, NULL, NULL, NULL, NULL, NULL, NULL, NULL, '2016-12-16 19:18:23', '2016-12-16 19:20:36', '0511ba0f-6a3c-409a-ba3f-646674d31251'),
 ('210', '276', 'en_us', 'Teague Flying Aces', '#9322e3', 'Brand Identity & Website', '', 'I FEEL\r\nTHE NEED\r\nTHE NEED\r\nFOR SPEED', '#262626', NULL, NULL, NULL, NULL, NULL, NULL, NULL, NULL, NULL, '2016-12-16 19:20:36', '2016-12-20 19:54:51', 'f66b8cc1-6b81-4e30-877e-00f4df704e57'),
 ('211', '277', 'en_us', 'Flyingaces List 01', NULL, NULL, NULL, NULL, NULL, NULL, NULL, NULL, NULL, NULL, NULL, NULL, NULL, NULL, '2016-12-16 19:28:51', '2016-12-16 19:28:51', '7e8b70cd-a247-49a8-a357-02c88b7db7ea'),
 ('213', '279', 'en_us', 'Revel Brochure 01', NULL, NULL, NULL, NULL, NULL, NULL, NULL, NULL, NULL, NULL, NULL, NULL, NULL, NULL, '2016-12-16 20:14:47', '2016-12-16 20:14:47', 'b5fe33a3-8762-4f21-bf51-e2c65707da52'),
 ('214', '280', 'en_us', 'Revel Brochure 02', NULL, NULL, NULL, NULL, NULL, NULL, NULL, NULL, NULL, NULL, NULL, NULL, NULL, NULL, '2016-12-16 20:14:48', '2016-12-16 20:14:48', '9cb99f3d-8353-479a-8ae9-16922a9e8aba'),
 ('215', '281', 'en_us', 'Revel Desktop 01', NULL, NULL, NULL, NULL, NULL, NULL, NULL, NULL, NULL, NULL, NULL, NULL, NULL, NULL, '2016-12-16 20:14:50', '2016-12-16 20:14:50', 'd1338385-21ff-47da-8e99-a53973a4f272'),
 ('216', '282', 'en_us', 'Revel Guidelines 01', NULL, NULL, NULL, NULL, NULL, NULL, NULL, NULL, NULL, NULL, NULL, NULL, NULL, NULL, '2016-12-16 20:14:53', '2016-12-16 20:14:53', 'd060a97c-d626-4b3d-a121-e19d764fd7f7'),
 ('217', '283', 'en_us', 'Revel Icons 01', NULL, NULL, NULL, NULL, NULL, NULL, NULL, NULL, NULL, NULL, NULL, NULL, NULL, NULL, '2016-12-16 20:14:56', '2016-12-16 20:14:56', 'f304d0f0-6fef-429d-a126-1236e04bffc7'),
 ('218', '284', 'en_us', 'Revel Mobile 01', NULL, NULL, NULL, NULL, NULL, NULL, NULL, NULL, NULL, NULL, NULL, NULL, NULL, NULL, '2016-12-16 20:14:59', '2016-12-16 20:14:59', 'd6ad7466-c722-4fb6-9d6c-43ccfcbbffb1'),
 ('219', '285', 'en_us', 'Revel Wild Postings 01', NULL, NULL, NULL, NULL, NULL, NULL, NULL, NULL, NULL, NULL, NULL, NULL, NULL, NULL, '2016-12-16 20:15:00', '2016-12-16 20:15:00', '37d26d89-fd29-4936-8b03-ab55857f25ec'),
 ('220', '286', 'en_us', 'Revel Mobile 01', NULL, NULL, NULL, NULL, NULL, NULL, NULL, NULL, NULL, NULL, NULL, NULL, NULL, NULL, '2016-12-16 20:25:46', '2016-12-16 20:42:31', 'fddf32f4-3ec6-4753-b519-118dbaeadc0a'),
 ('222', '288', 'en_us', 'Revel Brochure 01', NULL, NULL, NULL, NULL, NULL, NULL, NULL, NULL, NULL, NULL, NULL, NULL, NULL, NULL, '2016-12-16 20:33:20', '2016-12-16 20:33:20', '5a317aca-d3cc-40eb-96dd-1b24f3c2d259'),
 ('223', '289', 'en_us', 'Revel Icons 01', NULL, NULL, NULL, NULL, NULL, NULL, NULL, NULL, NULL, NULL, NULL, NULL, NULL, NULL, '2016-12-16 20:34:24', '2016-12-16 20:42:31', '5f29e317-e6b4-4265-9863-51137d7fb1ad'),
 ('224', '290', 'en_us', 'Revel Brochure 02', NULL, NULL, NULL, NULL, NULL, NULL, NULL, NULL, NULL, NULL, NULL, NULL, NULL, NULL, '2016-12-16 20:36:13', '2016-12-16 20:42:31', 'dac7d8f8-6ed3-47df-aada-03dc2899dd6b'),
 ('225', '291', 'en_us', 'Revel Guidelines 01', NULL, NULL, NULL, NULL, NULL, NULL, NULL, NULL, NULL, NULL, NULL, NULL, NULL, NULL, '2016-12-16 20:39:07', '2016-12-16 20:39:07', 'c605564c-9dae-460b-a1bb-4d9882d09b16'),
 ('226', '292', 'en_us', 'Revel Guidelines 01', NULL, NULL, NULL, NULL, NULL, NULL, NULL, NULL, NULL, NULL, NULL, NULL, NULL, NULL, '2016-12-16 20:39:58', '2016-12-16 20:42:31', '0d78d0e5-a124-4e4c-8cd0-fc84d1ca3209'),
 ('228', '294', 'en_us', 'Revel Consulting', '#ff4100', 'Brand Identity & Website', '<p class=\"large\">Revel partners with&nbsp;clients to create substantial value through strategic execution by cultivating an innovative approach that attracts, develops and inspires people to achieve more, together.&nbsp;Lorem ipsum dolor sit amet, consectetur adipiscing elit, sed do eiusmod tempor incididunt ut labore et dolore magna aliqua. Ut enim ad minim veniam, quis nostrud exercitation ullamco laboris nisi ut aliquip ex ea commodo consequat. Duis aute irure dolor in reprehenderit in voluptate velit esse cillum dolore eu fugiat nulla pariatur. Excepteur sint occaecat cupidatat non proident, sunt in culpa qui officia deserunt mollit anim id est laborum.</p>', 'UNLOCKING\r\nDIGITAL\r\nPOTENTIAL', '#ff4100', NULL, NULL, NULL, NULL, NULL, NULL, NULL, NULL, NULL, '2016-12-16 20:42:30', '2016-12-20 19:54:43', 'a3dea4d1-dfca-4c56-95f5-8c85a9f055a6'),
 ('229', '303', 'en_us', 'Revel List 01', NULL, NULL, NULL, NULL, NULL, NULL, NULL, NULL, NULL, NULL, NULL, NULL, NULL, NULL, '2016-12-16 20:48:03', '2016-12-16 20:48:03', 'e1577b20-3521-416a-92bc-953f25c91f4f'),
 ('230', '305', 'en_us', 'Both Capsules 24X18', NULL, NULL, NULL, NULL, NULL, NULL, NULL, NULL, NULL, NULL, NULL, NULL, NULL, NULL, '2016-12-16 22:46:17', '2016-12-16 22:51:54', 'f0eb578e-b14d-4e7b-9e3c-5f82f1a85ed7'),
 ('231', '306', 'en_us', 'Red Capsule 1200X1200', NULL, NULL, NULL, NULL, NULL, NULL, NULL, NULL, NULL, NULL, NULL, NULL, NULL, NULL, '2016-12-16 22:50:52', '2016-12-16 22:51:54', 'fe0081c6-8c33-40b3-81fe-a0e72d881c74'),
 ('232', '307', 'en_us', 'Two Mountain Winery', '#db0000', 'Brand Identity & Packaging', '<p>As they approached their tenth year of winemaking, Two Mountain Winery sought to redesign thier label to reflect a more grown-up and refined product. The new design updates distinctive brand elements while creating a dramatic and minimalist new look. Toothy white paper labels, stamped foils, de-bossed details, and the winemakers\'&nbsp;signature on the bottle capsule denote a small-batch, hand-crafted feel.</p>', 'Two\r\nmountain\r\n2.0', '#929292', NULL, NULL, NULL, NULL, NULL, NULL, NULL, NULL, NULL, '2016-12-16 22:51:54', '2016-12-20 19:54:33', '76360c23-927a-4ab9-8ee1-3891c05d9e48'),
 ('233', '308', 'en_us', 'Both Capsules 24X18B', NULL, NULL, NULL, NULL, NULL, NULL, NULL, NULL, NULL, NULL, NULL, NULL, NULL, NULL, '2016-12-16 23:14:36', '2016-12-17 00:31:38', '49324163-124c-44b6-9690-014fe4060528'),
 ('240', '315', 'en_us', 'Revel Desktop 01', NULL, NULL, NULL, NULL, NULL, NULL, NULL, NULL, NULL, NULL, NULL, NULL, NULL, NULL, '2016-12-16 23:37:51', '2016-12-16 23:37:51', 'e0f20854-2e36-4ec6-9abe-bcdec726f8fa'),
 ('241', '316', 'en_us', 'Revel Brochure 01', NULL, NULL, NULL, NULL, NULL, NULL, NULL, NULL, NULL, NULL, NULL, NULL, NULL, NULL, '2016-12-16 23:38:50', '2016-12-16 23:38:50', '95b14b09-8e20-4c67-aa34-81c60fc516d1'),
 ('243', '318', 'en_us', 'Tmw Cab Franc Side', NULL, NULL, NULL, NULL, NULL, NULL, NULL, NULL, NULL, NULL, NULL, NULL, NULL, NULL, '2016-12-17 00:00:51', '2016-12-17 00:04:55', '67065657-f551-4a9f-8d4b-89c73879a7d8'),
 ('245', '322', 'en_us', 'Tmw Final Flat Photo', NULL, NULL, NULL, NULL, NULL, NULL, NULL, NULL, NULL, NULL, NULL, NULL, NULL, NULL, '2016-12-17 00:16:58', '2016-12-17 00:16:58', 'dc74f11c-1d6f-4b75-a6a0-db8b64b0555c'),
 ('246', '324', 'en_us', 'Revel Hero 01', NULL, NULL, NULL, NULL, NULL, NULL, NULL, NULL, NULL, NULL, NULL, NULL, NULL, NULL, '2016-12-17 00:20:08', '2016-12-17 00:20:08', 'e323a414-7747-4ef9-aafe-edd3a6744896'),
 ('247', '325', 'en_us', 'Revel Wild Postings 01', NULL, NULL, NULL, NULL, NULL, NULL, NULL, NULL, NULL, NULL, NULL, NULL, NULL, NULL, '2016-12-17 00:23:51', '2016-12-17 00:23:51', '69bacd63-7222-4a63-a9a4-df6f0deac9ca'),
 ('248', '326', 'en_us', 'Tmw Final Flat Photo2', NULL, NULL, NULL, NULL, NULL, NULL, NULL, NULL, NULL, NULL, NULL, NULL, NULL, NULL, '2016-12-17 00:25:14', '2016-12-17 00:25:14', 'aaa23036-50b5-4323-ba4e-af6a9b05e7ca'),
 ('250', '328', 'en_us', 'Both Capsules 24X18C', NULL, NULL, NULL, NULL, NULL, NULL, NULL, NULL, NULL, NULL, NULL, NULL, NULL, NULL, '2016-12-17 00:33:00', '2016-12-17 00:33:00', 'd80577bf-6735-4a5c-a21e-97046a97b005'),
 ('251', '329', 'en_us', 'Tmwlogo Primary Tex Rgb', NULL, NULL, NULL, NULL, NULL, NULL, NULL, NULL, NULL, NULL, NULL, NULL, NULL, NULL, '2016-12-17 00:54:41', '2016-12-17 00:54:41', '598d0799-232f-4d07-974a-ed38025f63b5'),
 ('252', '330', 'en_us', 'All Reds Front 2400', NULL, NULL, NULL, NULL, NULL, NULL, NULL, NULL, NULL, NULL, NULL, NULL, NULL, NULL, '2016-12-17 01:17:13', '2016-12-17 01:17:13', 'ac879963-9997-4cfe-b504-d2a53c56ef74'),
 ('253', '331', 'en_us', 'All Reds Front', NULL, NULL, NULL, NULL, NULL, NULL, NULL, NULL, NULL, NULL, NULL, NULL, NULL, NULL, '2016-12-17 01:25:45', '2016-12-17 01:30:00', '97cc85d3-cc5d-4286-890d-cd9963ca7f63'),
 ('255', '335', 'en_us', 'Revel Brochure 03', NULL, NULL, NULL, NULL, NULL, NULL, NULL, NULL, NULL, NULL, NULL, NULL, NULL, NULL, '2016-12-19 23:37:59', '2016-12-19 23:37:59', '40817cc6-780b-4bd9-b7ce-216de3583e16'),
 ('256', '337', 'en_us', 'Digital', NULL, NULL, NULL, NULL, NULL, NULL, NULL, NULL, NULL, NULL, NULL, '<p>Digital</p>', '<p>Offering</p>', NULL, '2016-12-20 17:56:26', '2016-12-20 17:56:26', '5e44c651-0dc8-4148-9917-635e1dd5d1e4'),
 ('257', '338', 'en_us', 'Print', NULL, NULL, NULL, NULL, NULL, NULL, NULL, NULL, NULL, NULL, NULL, '<p>Print</p>', '<p>Offering</p>', NULL, '2016-12-20 17:56:43', '2016-12-20 17:56:43', '4138f279-ab62-405c-8e81-aaaa3e78d3a2'),
 ('258', '339', 'en_us', 'Packaging', NULL, NULL, NULL, NULL, NULL, NULL, NULL, NULL, NULL, NULL, NULL, '<p>Packaging</p>', '<p>Offering</p>', NULL, '2016-12-20 17:57:03', '2016-12-20 17:57:03', '32fc7412-904c-42ad-b3b1-d420ac2265f1'),
 ('259', '340', 'en_us', 'Environment', NULL, NULL, NULL, NULL, NULL, NULL, NULL, NULL, NULL, NULL, NULL, '<p>Environment</p>', '<p>Offering</p>', NULL, '2016-12-20 17:57:17', '2016-12-20 17:57:17', '14f376d8-39df-40f8-98d1-b78f110ffe90');



DROP TABLE IF EXISTS `craft_deprecationerrors`;


--
-- Schema for table `craft_deprecationerrors`
--
CREATE TABLE `craft_deprecationerrors` (
  `id` int(11) NOT NULL AUTO_INCREMENT,
  `key` varchar(255) COLLATE utf8_unicode_ci NOT NULL,
  `fingerprint` varchar(255) COLLATE utf8_unicode_ci NOT NULL,
  `lastOccurrence` datetime NOT NULL,
  `file` varchar(255) COLLATE utf8_unicode_ci NOT NULL,
  `line` smallint(6) unsigned NOT NULL,
  `class` varchar(255) COLLATE utf8_unicode_ci DEFAULT NULL,
  `method` varchar(255) COLLATE utf8_unicode_ci DEFAULT NULL,
  `template` varchar(255) COLLATE utf8_unicode_ci DEFAULT NULL,
  `templateLine` smallint(6) unsigned DEFAULT NULL,
  `message` varchar(255) COLLATE utf8_unicode_ci DEFAULT NULL,
  `traces` text COLLATE utf8_unicode_ci,
  `dateCreated` datetime NOT NULL,
  `dateUpdated` datetime NOT NULL,
  `uid` char(36) COLLATE utf8_unicode_ci NOT NULL DEFAULT '0',
  PRIMARY KEY (`id`),
  UNIQUE KEY `craft_deprecationerrors_key_fingerprint_unq_idx` (`key`,`fingerprint`)
) ENGINE=InnoDB DEFAULT CHARSET=utf8 COLLATE=utf8_unicode_ci;

DROP TABLE IF EXISTS `craft_elementindexsettings`;


--
-- Schema for table `craft_elementindexsettings`
--
CREATE TABLE `craft_elementindexsettings` (
  `id` int(11) NOT NULL AUTO_INCREMENT,
  `type` varchar(150) COLLATE utf8_unicode_ci NOT NULL,
  `settings` text COLLATE utf8_unicode_ci,
  `dateCreated` datetime NOT NULL,
  `dateUpdated` datetime NOT NULL,
  `uid` char(36) COLLATE utf8_unicode_ci NOT NULL DEFAULT '0',
  PRIMARY KEY (`id`),
  UNIQUE KEY `craft_elementindexsettings_type_unq_idx` (`type`)
) ENGINE=InnoDB AUTO_INCREMENT=3 DEFAULT CHARSET=utf8 COLLATE=utf8_unicode_ci;

--
-- Data for table `craft_elementindexsettings`
--

INSERT INTO `craft_elementindexsettings` (`id`, `type`, `settings`, `dateCreated`, `dateUpdated`, `uid`) VALUES
 ('1', 'Entry', '{\"sources\":{\"section:9\":{\"tableAttributes\":[]}}}', '2016-11-01 23:36:49', '2016-11-01 23:37:02', '4c7d9be8-ed34-4e09-8f50-8a802be381d9');



DROP TABLE IF EXISTS `craft_elements`;


--
-- Schema for table `craft_elements`
--
CREATE TABLE `craft_elements` (
  `id` int(11) NOT NULL AUTO_INCREMENT,
  `type` varchar(150) COLLATE utf8_unicode_ci NOT NULL,
  `enabled` tinyint(1) unsigned NOT NULL DEFAULT '1',
  `archived` tinyint(1) unsigned NOT NULL DEFAULT '0',
  `dateCreated` datetime NOT NULL,
  `dateUpdated` datetime NOT NULL,
  `uid` char(36) COLLATE utf8_unicode_ci NOT NULL DEFAULT '0',
  PRIMARY KEY (`id`),
  KEY `craft_elements_type_idx` (`type`),
  KEY `craft_elements_enabled_idx` (`enabled`),
  KEY `craft_elements_archived_dateCreated_idx` (`archived`,`dateCreated`)
) ENGINE=InnoDB AUTO_INCREMENT=344 DEFAULT CHARSET=utf8 COLLATE=utf8_unicode_ci;

--
-- Data for table `craft_elements`
--

INSERT INTO `craft_elements` (`id`, `type`, `enabled`, `archived`, `dateCreated`, `dateUpdated`, `uid`) VALUES
 ('1', 'User', '1', '0', '2016-10-07 18:01:52', '2016-10-20 20:27:39', '1882b73c-f477-4f59-b9ec-05c46bc88320'),
 ('2', 'Entry', '1', '0', '2016-10-07 18:01:54', '2016-10-20 22:31:56', '8e15befe-8a20-4d8d-8c78-e7665bb99137'),
 ('4', 'Entry', '1', '0', '2016-10-13 20:24:42', '2016-10-13 20:24:42', '35cfca5d-5e98-4562-ab09-76ec58525ea1'),
 ('5', 'Entry', '0', '0', '2016-10-13 20:34:43', '2016-12-13 23:26:08', 'cd695d5f-defb-4776-aeda-c7b71842354b'),
 ('6', 'Entry', '0', '0', '2016-10-13 20:34:49', '2016-12-13 23:26:08', '990b3649-cd91-4b67-8ad1-bfb854f381f1'),
 ('7', 'Entry', '0', '0', '2016-10-13 20:34:58', '2016-12-01 19:31:02', '7a293dea-e8b1-4fbb-94b3-c5e183b3447e'),
 ('8', 'Entry', '0', '0', '2016-10-13 20:35:08', '2016-12-13 23:26:08', '3deb955c-773a-4279-9f08-329e1f80a30e'),
 ('9', 'Category', '1', '0', '2016-10-13 20:36:24', '2016-10-13 20:36:24', '89ba0bd9-480e-4d42-a1cc-3736eeb89d38'),
 ('10', 'Category', '1', '0', '2016-10-13 20:36:32', '2016-10-13 20:36:32', '77f09759-4eca-4280-bc51-8ac8a1f9548a'),
 ('11', 'Category', '1', '0', '2016-10-13 20:36:44', '2016-10-13 20:36:44', '87cfd81f-15cc-488e-8021-1ecbc28265b9'),
 ('12', 'Category', '1', '0', '2016-10-13 20:36:54', '2016-10-13 20:36:54', 'e93cd96b-49aa-4b46-b365-075d885c59bd'),
 ('13', 'Category', '1', '0', '2016-10-13 20:37:02', '2016-10-13 20:37:02', '58055e6f-44f0-4b39-b55e-46964d983ae2'),
 ('14', 'Category', '1', '0', '2016-10-13 20:37:10', '2016-10-13 20:37:10', '3fd4dc1b-2843-4c9e-aa03-ec039d219aa0'),
 ('15', 'Entry', '1', '0', '2016-10-13 20:39:13', '2016-12-20 19:55:20', 'ceba6db4-ddf8-4323-af89-a982453f67ef'),
 ('16', 'Entry', '1', '0', '2016-10-13 20:39:34', '2016-12-20 19:55:27', 'bd6a103d-3b4c-4b68-8475-9d43d6d4f248'),
 ('28', 'MatrixBlock', '1', '0', '2016-10-17 20:30:09', '2016-12-20 19:55:20', '4e13a79a-58ce-4594-90d1-a29c6ce74533'),
 ('43', 'Entry', '1', '0', '2016-10-18 23:43:07', '2016-11-02 20:49:02', '7385bb9a-103a-4924-bc2e-7bb4425e0d64'),
 ('44', 'Entry', '1', '0', '2016-10-18 23:48:41', '2016-12-20 19:10:49', 'a7773867-ecdf-452b-b230-f9341e1bddfa'),
 ('46', 'User', '1', '0', '2016-10-20 20:44:16', '2016-10-20 20:44:35', '188cdc49-57da-4194-83df-3e8e7144a0e1'),
 ('47', 'User', '1', '0', '2016-10-20 20:45:10', '2016-10-20 20:45:32', '0a421917-5141-490b-98a0-2809fc193235'),
 ('55', 'Entry', '1', '0', '2016-11-01 18:31:38', '2016-12-08 23:13:21', 'd98cead2-a189-4e2c-bb9c-187ed8bfacf8'),
 ('56', 'Entry', '1', '0', '2016-11-01 18:31:47', '2016-11-02 23:29:52', 'ddd22bcc-7898-4f36-8595-886c268e92a5'),
 ('66', 'Asset', '1', '0', '2016-11-01 21:53:08', '2016-11-22 22:31:41', '3863cd2d-df9a-4aec-bdb5-04b55f9bce37'),
 ('67', 'Entry', '1', '0', '2016-11-01 21:53:12', '2016-11-01 21:53:12', '59d91169-1780-421b-88b6-c7d39c09a0a3'),
 ('68', 'Entry', '1', '0', '2016-11-01 21:53:33', '2016-11-01 21:53:33', '8942110d-7b09-43bb-8773-d67348d3f232'),
 ('69', 'Entry', '1', '0', '2016-11-01 21:53:49', '2016-11-01 21:53:49', '28e9b29b-4646-4209-9de3-315e6134e1dd'),
 ('70', 'Entry', '1', '0', '2016-11-01 21:54:05', '2016-11-01 21:54:05', '92dcbbfb-8c45-4b46-9a1f-2320c35677da'),
 ('71', 'Entry', '1', '0', '2016-11-01 21:54:25', '2016-11-01 21:54:25', '7f060fc9-3151-48b4-9008-6c698c741022'),
 ('72', 'Entry', '1', '0', '2016-11-01 21:54:57', '2016-11-01 21:54:57', 'c6dc4758-a660-4ddd-8bf0-7ba9109f989c'),
 ('73', 'Entry', '1', '0', '2016-11-01 21:55:28', '2016-12-15 19:17:52', '8743d4b6-333e-4a97-a263-d70285e190ce'),
 ('74', 'Entry', '1', '0', '2016-11-01 21:55:48', '2016-11-01 21:55:48', '93792f67-6fe0-4a7d-bfd4-2b1ce1aaae6b'),
 ('75', 'Entry', '1', '0', '2016-11-01 21:56:07', '2016-11-01 21:56:07', '949908c3-bf66-4cb1-ae8f-13f71edff60f'),
 ('76', 'Entry', '1', '0', '2016-11-01 21:56:55', '2016-11-01 21:56:55', '158fc8e2-f72f-4479-98a5-cd46b3eb57c5'),
 ('77', 'Entry', '1', '0', '2016-11-01 21:57:12', '2016-11-01 21:57:12', '33d51560-fa70-4a14-bcb8-0d9169154c54'),
 ('78', 'Entry', '1', '0', '2016-11-01 21:57:25', '2016-11-01 21:57:25', '5250d226-ae80-46c5-ab20-8c90f746e9af'),
 ('79', 'Entry', '1', '0', '2016-11-01 21:57:45', '2016-11-01 21:57:45', '4c7febb7-d795-4739-a6fb-cffc0a34a87c'),
 ('80', 'Entry', '1', '0', '2016-11-01 21:58:24', '2016-11-01 21:58:24', 'a41b91e3-4823-40b5-99fc-a3b241d711d5'),
 ('81', 'Entry', '1', '0', '2016-11-01 22:54:18', '2016-11-01 22:54:18', 'b8976e2b-4fea-4ea1-962f-c8ad52df88b3'),
 ('82', 'Entry', '1', '0', '2016-11-01 22:54:26', '2016-11-01 22:54:26', 'b2ee16df-3d91-4515-a0e7-d5894c07f39c'),
 ('83', 'Entry', '1', '0', '2016-11-01 22:54:56', '2016-11-01 22:54:56', '35470486-549d-4c47-a74b-ad2f4b02484f'),
 ('84', 'Entry', '1', '0', '2016-11-01 22:55:25', '2016-11-01 22:55:25', '84767ca3-9dad-422a-a344-5ca0224d540e'),
 ('85', 'Entry', '1', '0', '2016-11-01 22:55:35', '2016-11-01 22:55:35', '19eb7e98-c91e-4876-b63e-e358032e845f'),
 ('87', 'Entry', '1', '0', '2016-11-01 22:57:14', '2016-11-01 22:57:14', 'abf08eeb-83b7-4dc1-a14c-bb6e5b5ae012'),
 ('88', 'Entry', '1', '0', '2016-11-01 22:57:31', '2016-11-01 22:57:31', '87860e6c-118a-44eb-b8a2-90432eade7fa'),
 ('89', 'Entry', '1', '0', '2016-11-01 22:58:23', '2016-11-01 22:58:23', 'f1b54967-eca9-430c-98f2-5e4cd1744f0f'),
 ('90', 'Entry', '1', '0', '2016-11-01 22:59:12', '2016-11-01 22:59:12', '8c7b6cd7-e676-4760-81c9-7715b82441f4'),
 ('91', 'Entry', '1', '0', '2016-11-01 22:59:27', '2016-11-01 22:59:27', 'c576739d-22fe-41c1-943d-2a73983de587'),
 ('92', 'Entry', '1', '0', '2016-11-01 23:00:22', '2016-11-01 23:00:22', 'cd876383-f77e-46c1-aed0-d490fba21403'),
 ('93', 'Entry', '1', '0', '2016-11-01 23:00:44', '2016-11-01 23:00:44', 'fd886313-7738-46d1-aa70-fefd1e1c0d9c'),
 ('94', 'Entry', '1', '0', '2016-11-01 23:01:15', '2016-11-01 23:01:15', '100567ac-26a3-4142-913e-0aa6a95cef24'),
 ('95', 'Entry', '1', '0', '2016-11-01 23:01:40', '2016-11-01 23:01:40', '997623bb-352e-4642-a26f-5148daa04962'),
 ('97', 'Asset', '1', '0', '2016-11-02 18:59:30', '2016-11-22 22:31:42', 'f35dac34-491e-418f-908b-baba664efde0'),
 ('98', 'SuperTable_Block', '1', '0', '2016-11-02 18:59:49', '2016-11-02 23:39:00', 'ec269ce4-9fd1-4656-85c0-1e2c2426868e'),
 ('99', 'SuperTable_Block', '1', '0', '2016-11-02 20:49:02', '2016-11-02 20:49:02', 'e0ae7801-9eb4-4844-a4c5-6bfe239d314a'),
 ('100', 'SuperTable_Block', '1', '0', '2016-11-02 22:32:22', '2016-12-08 23:13:21', '89eaf167-194b-40a1-a313-3e5ba71c9629'),
 ('101', 'Entry', '1', '0', '2016-11-02 23:30:00', '2016-12-20 19:32:08', '6b8dd171-a596-42f9-9df2-2bc03f71ee63'),
 ('102', 'SuperTable_Block', '1', '0', '2016-11-02 23:34:23', '2016-12-20 19:32:08', 'dac5a411-f08f-45aa-ba20-aa2fdc5c8d46'),
 ('103', 'MatrixBlock', '1', '0', '2016-11-02 23:38:39', '2016-12-20 19:32:08', 'ebe3c72e-c2cb-4961-b318-0175193b68ee'),
 ('104', 'MatrixBlock', '1', '0', '2016-11-02 23:38:39', '2016-12-20 19:32:08', '4367c213-0d6d-4c35-8d2f-8ed2e1280c81'),
 ('106', 'MatrixBlock', '1', '0', '2016-11-02 23:38:39', '2016-12-20 19:32:08', '203fab06-b622-4310-899f-7d324a027901'),
 ('107', 'MatrixBlock', '1', '0', '2016-11-02 23:38:39', '2016-12-20 19:32:08', '1594b045-0952-4a84-895c-714e3d544282'),
 ('108', 'MatrixBlock', '1', '0', '2016-11-02 23:38:39', '2016-12-20 19:32:08', '06a905c1-c0d8-457e-880b-d7047d8ad56f'),
 ('109', 'Category', '1', '0', '2016-11-03 21:09:22', '2016-11-03 21:09:22', '947f82a9-4f53-4511-8764-350716c608d0'),
 ('110', 'Category', '1', '0', '2016-11-03 21:09:33', '2016-11-03 21:09:33', '95a30a91-71b0-4cd1-a355-e17bcc8dcad3'),
 ('111', 'Category', '1', '0', '2016-11-03 21:09:47', '2016-11-03 21:09:47', 'd2d4a04c-2f40-4c21-b721-dba9ad809229'),
 ('112', 'Entry', '1', '0', '2016-11-03 21:35:57', '2016-12-20 19:56:03', '92b2cbdd-a944-4d02-a2b8-b902fcece023'),
 ('115', 'MatrixBlock', '1', '0', '2016-11-03 21:38:50', '2016-12-20 19:56:03', '95912f8f-fb97-4509-8cf9-1e4468d60643'),
 ('118', 'Entry', '1', '0', '2016-11-03 21:43:51', '2016-12-20 19:55:54', '055fbe5b-fae3-4a76-aabf-537848a088d5'),
 ('119', 'MatrixBlock', '1', '0', '2016-11-03 21:43:51', '2016-12-20 19:55:54', '137ab852-2d18-4bde-9da1-18aaf46e73b6'),
 ('122', 'Entry', '1', '0', '2016-11-03 21:47:05', '2016-12-20 19:55:41', 'eba32103-1267-4c7f-beb5-23edd046eb28'),
 ('123', 'MatrixBlock', '1', '0', '2016-11-03 21:47:05', '2016-12-20 19:55:41', 'ac886d4b-badc-4ddb-9d25-4cab017b0a7c'),
 ('124', 'MatrixBlock', '1', '0', '2016-11-03 21:47:05', '2016-12-20 19:55:41', 'b9811949-8148-4e82-be55-b3bd6056545b'),
 ('125', 'SuperTable_Block', '1', '0', '2016-11-03 23:15:46', '2016-11-23 00:13:57', 'f91af830-d242-48ee-873a-b06070381280'),
 ('126', 'MatrixBlock', '1', '0', '2016-11-04 15:59:58', '2016-12-20 19:55:41', 'c688ea6c-07b7-4217-adfe-fd642c1566fe'),
 ('127', 'Category', '1', '0', '2016-11-11 19:45:22', '2016-11-11 19:45:22', 'a377843f-c379-4ae1-b20a-b3ed9864b13b'),
 ('128', 'Asset', '1', '0', '2016-11-11 20:59:03', '2016-11-11 20:59:03', 'a46f913a-3601-4d89-bfbe-52662f27b41e'),
 ('130', 'Asset', '1', '0', '2016-11-11 21:02:07', '2016-11-11 21:02:07', '5a843957-44f1-47ba-b417-7f5621fe7a6b'),
 ('133', 'MatrixBlock', '1', '0', '2016-11-11 21:04:30', '2016-12-01 19:30:39', '7254bc4d-46b8-4380-88d4-57986a93e465'),
 ('137', 'MatrixBlock', '1', '0', '2016-11-15 18:22:12', '2016-12-20 19:55:28', '05e841ec-9d51-4a26-a142-615b85e1cf4e'),
 ('146', 'User', '1', '0', '2016-11-17 17:46:18', '2016-11-17 17:51:01', '9cdfcbf4-4095-4c03-9515-430d0e7ec702'),
 ('147', 'User', '1', '0', '2016-11-17 17:46:53', '2016-11-17 17:53:04', '9701de21-6d19-4639-9820-37a08bb9aada'),
 ('148', 'User', '1', '0', '2016-11-17 17:47:35', '2016-11-17 17:51:17', 'b0a49a1c-12cc-4065-8510-2bfe669ca25b'),
 ('149', 'User', '1', '0', '2016-11-17 17:48:02', '2016-11-17 17:50:08', 'afc03e06-9e4b-4e3c-a3a9-51fe49f48fa8'),
 ('150', 'User', '1', '0', '2016-11-17 17:48:28', '2016-11-17 17:50:25', '1ec32021-a713-41d8-863f-b1036f02e2e1'),
 ('151', 'User', '1', '0', '2016-11-17 17:48:50', '2016-11-17 17:51:36', '446929f3-0264-4feb-8013-6bda7e379393'),
 ('152', 'User', '1', '0', '2016-11-17 17:49:13', '2016-11-17 17:50:42', 'e4252586-c928-498b-af25-3745c2c7c152'),
 ('153', 'Asset', '1', '0', '2016-11-17 19:20:48', '2016-11-17 19:20:48', '99288349-83ab-49d8-9c61-3dd0a2d16435'),
 ('154', 'Asset', '1', '0', '2016-11-18 23:49:37', '2016-11-22 22:31:43', '881cef05-877c-4f8a-84a5-dfa67f40bd64'),
 ('167', 'Asset', '1', '0', '2016-11-22 21:43:09', '2016-11-22 21:43:09', 'b2c1aa5a-b7d1-4212-b749-a1c6af177e01'),
 ('168', 'Asset', '1', '0', '2016-11-22 21:43:10', '2016-11-22 21:43:10', 'a98b6ba5-3575-4e08-9291-6e6a11a9687b'),
 ('169', 'Asset', '1', '0', '2016-11-22 21:43:10', '2016-11-22 21:43:10', 'b7d2ea37-f052-4ac5-a928-43b0a88b5ecd'),
 ('171', 'Asset', '1', '0', '2016-11-22 21:57:53', '2016-11-22 21:57:53', 'f242054e-97d7-4271-9815-dc3f385a4297'),
 ('177', 'Asset', '1', '0', '2016-11-22 22:32:09', '2016-12-14 22:35:14', 'bebd8ba8-1a1b-4da8-aec7-ea04019dad73'),
 ('179', 'Asset', '1', '0', '2016-11-22 22:35:23', '2016-11-22 22:36:43', '0284cdaa-64d0-4346-8b8e-f3a92cdb0f4e'),
 ('184', 'Asset', '1', '0', '2016-11-22 22:47:17', '2016-12-14 22:35:14', 'a4f34b96-a47e-4c20-b739-d4417e043c59'),
 ('185', 'Asset', '1', '0', '2016-11-22 22:49:35', '2016-11-22 22:50:49', 'f0234085-ad55-4f5a-ac22-c36cc3b72f6f'),
 ('186', 'Asset', '1', '0', '2016-11-22 22:51:09', '2016-11-22 22:51:09', 'aa284ca8-f553-4a86-8e97-182a110140b2'),
 ('187', 'Asset', '1', '0', '2016-11-22 22:52:46', '2016-11-30 00:29:19', '7eadc33e-dad7-4f69-b16b-cd2fea8356fe'),
 ('188', 'Asset', '1', '0', '2016-11-22 22:53:45', '2016-11-30 00:29:20', '81eaa36d-13c8-48f6-aed6-1e117c8459e5'),
 ('189', 'Asset', '1', '0', '2016-11-22 23:09:51', '2016-11-22 23:09:51', '43421a32-38e2-4222-8d37-613c837746d9');
INSERT INTO `craft_elements` (`id`, `type`, `enabled`, `archived`, `dateCreated`, `dateUpdated`, `uid`) VALUES
 ('190', 'Asset', '1', '0', '2016-11-22 23:35:11', '2016-11-22 23:35:14', 'dced7211-ec67-45a6-81e7-5a151350f753'),
 ('191', 'Asset', '1', '0', '2016-11-22 23:35:28', '2016-11-22 23:35:28', 'd53b96d0-e206-4cb4-98cd-36aaffd6ed97'),
 ('192', 'SuperTable_Block', '1', '0', '2016-11-22 23:47:09', '2016-12-20 19:10:49', '6805e3aa-b0c9-4d6c-9b5c-695d79c99d73'),
 ('193', 'Asset', '1', '0', '2016-11-22 23:55:09', '2016-11-30 00:29:20', '3ba196df-5931-40a8-bf56-3c4099a806ec'),
 ('194', 'Asset', '1', '0', '2016-11-23 00:31:29', '2016-11-23 00:31:29', '37eaf44b-0806-4f64-921a-46eab15e05a8'),
 ('195', 'Asset', '1', '0', '2016-11-23 00:31:31', '2016-11-23 00:31:31', 'b1612f41-f468-4833-99b1-0f230a217299'),
 ('196', 'Asset', '1', '0', '2016-11-23 00:59:11', '2016-11-23 00:59:29', '662b9bd7-9a9b-411b-bb9b-fe0408072d2d'),
 ('197', 'Asset', '1', '0', '2016-11-23 00:59:14', '2016-11-23 00:59:29', '7fe696f3-3483-4277-a736-0ba8dfae2c41'),
 ('198', 'Asset', '1', '0', '2016-11-23 00:59:15', '2016-11-23 00:59:29', '8b141be1-2196-4f78-aacd-79916b495a8f'),
 ('199', 'Asset', '1', '0', '2016-11-23 00:59:16', '2016-11-23 00:59:29', '43a1e669-de52-485c-90de-99af80650ae0'),
 ('200', 'Asset', '1', '0', '2016-11-23 22:01:08', '2016-11-23 22:06:04', 'f0128df5-50c8-485b-8b46-13acef887931'),
 ('201', 'Entry', '1', '0', '2016-11-23 22:01:39', '2016-12-20 19:55:11', 'a7daecca-50d8-4747-a6f4-002784a13962'),
 ('203', 'Asset', '1', '0', '2016-11-23 22:06:25', '2016-11-23 22:14:56', 'ee1c7109-a0c0-4410-a0ea-abf1ad43b1fd'),
 ('204', 'Asset', '1', '0', '2016-11-23 22:14:53', '2016-11-23 22:14:53', 'cd2dc70b-cee1-40e2-aebe-056ac8e3974c'),
 ('207', 'Asset', '1', '0', '2016-11-23 22:30:47', '2016-11-23 23:58:10', '48249b52-aca4-461e-8864-e0df5f523363'),
 ('208', 'MatrixBlock', '1', '0', '2016-11-23 22:31:29', '2016-12-20 19:55:11', '8b45001f-f166-4f64-9575-5ac08be90934'),
 ('209', 'Asset', '1', '0', '2016-11-23 22:33:54', '2016-11-23 22:35:30', '08e36b4a-4c49-406a-9bf3-e36066ff6f01'),
 ('211', 'MatrixBlock', '1', '0', '2016-11-23 22:49:35', '2016-12-20 19:55:11', '411a504d-4c37-4f19-80eb-f011a0925679'),
 ('212', 'MatrixBlock', '1', '0', '2016-11-23 22:52:02', '2016-12-20 19:55:11', 'fbc28216-2603-4467-bcdb-16be4fd37131'),
 ('213', 'Asset', '1', '0', '2016-11-23 22:54:55', '2016-11-23 23:04:42', '8ed6e6c6-d82c-4d28-9f50-da8797b546dc'),
 ('214', 'Asset', '1', '0', '2016-11-23 22:57:47', '2016-11-23 22:57:47', '27d23f2c-3f3e-4646-b4d2-f1465ccbac0e'),
 ('215', 'MatrixBlock', '1', '0', '2016-11-23 23:00:38', '2016-12-20 19:55:11', '851d320f-a38f-471f-a7fa-05dd9a35e7f0'),
 ('216', 'MatrixBlock', '1', '0', '2016-11-23 23:00:38', '2016-12-20 19:55:11', '573a9563-491b-4e7c-a2d4-6f79b4e84ca3'),
 ('217', 'Asset', '1', '0', '2016-11-23 23:01:45', '2016-11-23 23:01:45', '295ea624-44d4-476c-8f67-08c64dfaf2c4'),
 ('218', 'MatrixBlock', '1', '0', '2016-11-23 23:01:53', '2016-12-20 19:55:11', '6a742d6a-9811-4139-a8e2-8b0f91a9bca5'),
 ('219', 'MatrixBlock', '1', '0', '2016-11-23 23:04:00', '2016-12-20 19:55:11', 'aa68828e-a195-4271-bd75-48f07ee44379'),
 ('221', 'Asset', '1', '0', '2016-11-23 23:06:31', '2016-11-23 23:06:31', '97e1ca0a-092e-4149-8ec7-c123d79d691b'),
 ('222', 'MatrixBlock', '1', '0', '2016-11-23 23:16:03', '2016-12-20 19:55:11', 'd681f3cd-4eb4-431d-9d10-c5e49efd9f44'),
 ('223', 'Asset', '1', '0', '2016-11-23 23:24:05', '2016-11-23 23:24:05', 'bbc9d7bd-fb8a-45bd-9d79-25f357df7eb9'),
 ('224', 'MatrixBlock', '1', '0', '2016-11-23 23:25:13', '2016-12-20 19:55:11', 'b1ed7582-260c-4916-ad0f-c17094886145'),
 ('225', 'Asset', '1', '0', '2016-11-23 23:29:06', '2016-11-23 23:29:06', '08862348-f702-4175-b1aa-2dbfbd050212'),
 ('226', 'MatrixBlock', '1', '0', '2016-11-23 23:30:19', '2016-12-20 19:55:11', '56d42bda-20bf-40a4-b8ae-69702a08e6dc'),
 ('227', 'Asset', '1', '0', '2016-11-23 23:39:45', '2016-11-23 23:54:26', '41b81ad9-342d-4ffa-b15a-2f5d4422846c'),
 ('229', 'Asset', '1', '0', '2016-11-23 23:56:50', '2016-11-23 23:56:50', '00957f7f-b502-424c-b859-41f19a0934b5'),
 ('230', 'MatrixBlock', '1', '0', '2016-11-23 23:57:30', '2016-12-20 19:55:11', '0bcb95d9-44c3-4398-9fe9-0c784e17e83c'),
 ('232', 'GlobalSet', '1', '0', '2016-11-29 00:15:51', '2016-11-29 17:31:35', 'c75c1f8f-de39-463b-a1ee-25e2e0cefc5d'),
 ('233', 'Asset', '1', '0', '2016-11-30 00:43:02', '2016-11-30 00:43:38', '5e860b32-2db3-464e-ba24-c77820b4b1ab'),
 ('234', 'Asset', '1', '0', '2016-11-30 00:44:54', '2016-11-30 00:44:54', '8fec6718-5fb1-4af4-a077-c6db3f736473'),
 ('235', 'MatrixBlock', '1', '0', '2016-11-30 20:47:45', '2016-12-20 19:55:11', '6619463f-2994-4766-bd94-0d570fc82695'),
 ('236', 'Asset', '1', '0', '2016-11-30 21:35:04', '2016-11-30 21:35:04', 'a6d7147a-de24-4e45-a705-08bb27b9f04d'),
 ('237', 'MatrixBlock', '1', '0', '2016-11-30 23:25:46', '2016-12-20 19:55:11', '2978b71a-40df-465a-b2a4-4e9fa0dbd666'),
 ('238', 'Asset', '1', '0', '2016-12-01 19:30:21', '2016-12-01 19:30:24', '258fc99a-8f4b-4d92-b5ee-afb849419e30'),
 ('239', 'Asset', '1', '0', '2016-12-01 19:30:36', '2016-12-01 19:30:39', '980012f7-de6b-4314-8b38-67f52cd7c912'),
 ('240', 'Asset', '1', '0', '2016-12-01 19:30:50', '2016-12-01 19:30:50', '3910ce7e-e0d7-4e8a-9822-d430d73a64a7'),
 ('241', 'Asset', '1', '0', '2016-12-01 19:33:00', '2016-12-01 19:33:04', '010263c8-62ef-439c-b79a-c4834938cd6d'),
 ('242', 'Asset', '1', '0', '2016-12-06 22:36:14', '2016-12-06 22:36:14', '77f79a0a-4790-493f-a952-fe70cf10b0af'),
 ('243', 'MatrixBlock', '1', '0', '2016-12-06 22:36:29', '2016-12-20 19:55:11', '48b8f8f4-fb9a-453e-b9dd-b912b8565540'),
 ('244', 'Asset', '1', '0', '2016-12-07 00:07:33', '2016-12-07 00:07:33', '129b572a-1963-46b7-a56b-1381781290c7'),
 ('245', 'Asset', '1', '0', '2016-12-14 22:43:40', '2016-12-15 00:20:59', 'ab03eaf4-025e-404e-916f-714d83676a6e'),
 ('249', 'Asset', '1', '0', '2016-12-14 23:03:50', '2016-12-15 23:21:22', 'a2ddcf37-b4e4-4829-92f7-21af8e5850f5'),
 ('253', 'SuperTable_Block', '1', '0', '2016-12-14 23:24:42', '2016-12-20 19:55:11', '5cca838c-34b9-4cf8-8c2a-16401f10341a'),
 ('254', 'SuperTable_Block', '1', '0', '2016-12-14 23:31:59', '2016-12-20 19:55:20', 'feb7026e-201d-4262-a4a4-1ff60856196f'),
 ('259', 'Asset', '1', '0', '2016-12-15 00:49:14', '2016-12-15 00:49:14', '1cd03548-fd9d-43df-b283-84a9c06b2381'),
 ('260', 'MatrixBlock', '1', '0', '2016-12-15 00:50:00', '2016-12-20 19:55:20', 'ed261f8a-2a96-4a10-a845-74132d2203f0'),
 ('261', 'Asset', '1', '0', '2016-12-15 01:04:55', '2016-12-15 01:04:55', '571447ff-6f4e-4f1e-9431-a20c62df0b78'),
 ('262', 'Asset', '1', '0', '2016-12-15 19:17:47', '2016-12-15 19:17:47', '7b29b193-0494-486a-97bf-fabda35014a0'),
 ('263', 'Asset', '1', '0', '2016-12-15 22:41:50', '2016-12-15 22:52:42', '0c8c862e-7ce0-493d-ac2f-2479ab26f9dd'),
 ('264', 'Asset', '1', '0', '2016-12-15 22:43:55', '2016-12-16 00:14:04', 'eb82368f-23e7-4bd5-97e5-b8594f010001'),
 ('265', 'Entry', '1', '0', '2016-12-15 22:44:17', '2016-12-20 19:54:58', '8b362250-a1e8-4f88-a56a-b33ff03c0690'),
 ('269', 'SuperTable_Block', '1', '0', '2016-12-15 22:56:32', '2016-12-20 19:54:58', '6e4c81b9-21e6-4524-8cbe-82f7fbb23540'),
 ('270', 'Asset', '1', '0', '2016-12-15 23:19:54', '2016-12-15 23:19:54', 'fab8bd21-2eb6-47e1-9f31-4ea66218ff85'),
 ('273', 'Asset', '1', '0', '2016-12-16 00:19:26', '2016-12-16 00:19:26', '47f110de-1f84-44de-9ae0-ea89f3b8309f'),
 ('274', 'Asset', '1', '0', '2016-12-16 00:28:29', '2016-12-20 18:58:47', '6d98e642-7ed1-4186-9517-1a52c1c81971'),
 ('275', 'Asset', '1', '0', '2016-12-16 19:18:23', '2016-12-16 19:20:36', '45aecdcf-5b80-4c0f-a5ca-141ec616e396'),
 ('276', 'Entry', '1', '0', '2016-12-16 19:20:36', '2016-12-20 19:54:51', 'f6a4e77e-ab2d-4538-b04d-e180b090a9af'),
 ('277', 'Asset', '1', '0', '2016-12-16 19:28:51', '2016-12-16 19:28:51', 'ae872f36-7fcf-4b7b-9612-fe8ad9566cd6'),
 ('279', 'Asset', '1', '0', '2016-12-16 20:14:47', '2016-12-16 20:14:47', '2c6a4720-657f-4316-88b1-05022de2be3e'),
 ('280', 'Asset', '1', '0', '2016-12-16 20:14:48', '2016-12-16 20:14:48', 'ff6c8e11-0d3d-440a-8055-066d76ec7ea2'),
 ('281', 'Asset', '1', '0', '2016-12-16 20:14:50', '2016-12-16 20:14:50', '34d9d238-8a8e-42f2-b717-51f02b8ef05b'),
 ('282', 'Asset', '1', '0', '2016-12-16 20:14:53', '2016-12-16 20:14:53', '179d91f3-d854-4918-809d-e5ec64e7e7ef'),
 ('283', 'Asset', '1', '0', '2016-12-16 20:14:56', '2016-12-16 20:14:56', '89d50804-1b5a-422c-affc-68ebfd8e9760'),
 ('284', 'Asset', '1', '0', '2016-12-16 20:14:59', '2016-12-16 20:14:59', '79789801-9183-430a-b64f-0522ade34273'),
 ('285', 'Asset', '1', '0', '2016-12-16 20:15:00', '2016-12-16 20:15:00', '9ef102de-b071-402a-9a06-08bda08e0280'),
 ('286', 'Asset', '1', '0', '2016-12-16 20:25:46', '2016-12-16 20:42:31', '0337d0f3-bf53-46db-ae75-a6f15259100e'),
 ('288', 'Asset', '1', '0', '2016-12-16 20:33:20', '2016-12-16 20:33:20', '46161eab-13f9-425d-b32b-3e9a08620b20'),
 ('289', 'Asset', '1', '0', '2016-12-16 20:34:24', '2016-12-16 20:42:31', '1f089118-f20e-4502-a575-0632f124e19f'),
 ('290', 'Asset', '1', '0', '2016-12-16 20:36:13', '2016-12-16 20:42:31', 'ee5426ae-5ba4-4977-8bb4-3e7b58f86a79'),
 ('291', 'Asset', '1', '0', '2016-12-16 20:39:07', '2016-12-16 20:39:07', 'fe64832c-8303-4d23-8044-0f13c6096204'),
 ('292', 'Asset', '1', '0', '2016-12-16 20:39:58', '2016-12-16 20:42:31', '2b28704d-30d7-43d2-804b-436e5ce5b373'),
 ('294', 'Entry', '1', '0', '2016-12-16 20:42:30', '2016-12-20 19:54:42', '23fdb921-2596-46e4-8b4a-4bd874462b43'),
 ('295', 'MatrixBlock', '1', '0', '2016-12-16 20:42:30', '2016-12-20 19:54:43', 'e334f4ce-dccb-4d44-9841-5a2867555851'),
 ('296', 'MatrixBlock', '1', '0', '2016-12-16 20:42:31', '2016-12-20 19:54:43', '91e92863-a09f-4067-b63b-6ae15116fe87'),
 ('297', 'MatrixBlock', '1', '0', '2016-12-16 20:42:31', '2016-12-20 19:54:43', 'bb47956f-6883-450e-b494-3a7864ac49fd'),
 ('299', 'MatrixBlock', '1', '0', '2016-12-16 20:42:31', '2016-12-20 19:54:43', 'f8460cc4-758c-47e6-9d60-f6ab03c92f3e'),
 ('301', 'MatrixBlock', '1', '0', '2016-12-16 20:42:31', '2016-12-20 19:54:43', '875c6e1f-2abd-46de-af41-940a5c93c925'),
 ('302', 'MatrixBlock', '1', '0', '2016-12-16 20:42:31', '2016-12-20 19:54:43', 'ad5de0ab-8d24-44b8-8eed-6bc51b416638'),
 ('303', 'Asset', '1', '0', '2016-12-16 20:48:03', '2016-12-16 20:48:03', '7d70aaa8-41ae-4ee9-8720-acfccc96355c'),
 ('304', 'MatrixBlock', '1', '0', '2016-12-16 20:58:01', '2016-12-20 19:54:43', '480a1569-827d-4a37-9ec6-761146783937'),
 ('305', 'Asset', '1', '0', '2016-12-16 22:46:17', '2016-12-16 22:51:54', 'd2d68def-2952-46fb-a2a4-a18e56dd04b6'),
 ('306', 'Asset', '1', '0', '2016-12-16 22:50:52', '2016-12-16 22:51:54', '151e7ae4-ccb9-44e3-9e8c-79162d591a4f'),
 ('307', 'Entry', '1', '0', '2016-12-16 22:51:54', '2016-12-20 19:54:33', 'b64e5738-dfa3-4998-b7bd-e2cfdeea3964'),
 ('308', 'Asset', '1', '0', '2016-12-16 23:14:36', '2016-12-17 00:31:38', '8f891454-d03c-4f9f-93fb-6bca36645c2d'),
 ('315', 'Asset', '1', '0', '2016-12-16 23:37:51', '2016-12-16 23:37:51', '7f832cae-f21e-4e59-b321-ba00f51a464f'),
 ('316', 'Asset', '1', '0', '2016-12-16 23:38:50', '2016-12-16 23:38:50', '8ccc5c51-952c-4e84-9f54-afa70dcf7b5b'),
 ('318', 'Asset', '1', '0', '2016-12-17 00:00:51', '2016-12-17 00:04:55', 'd5118670-1b9b-40de-bfe2-36f620b2516b'),
 ('319', 'MatrixBlock', '1', '0', '2016-12-17 00:01:00', '2016-12-20 19:54:33', 'e8096026-b8e0-4df1-8ff6-8d552f428478'),
 ('320', 'MatrixBlock', '1', '0', '2016-12-17 00:03:22', '2016-12-20 19:54:43', '06c83d63-3f0b-4d7f-8ea3-85b8e809dd30'),
 ('322', 'Asset', '1', '0', '2016-12-17 00:16:58', '2016-12-17 00:16:58', 'fcacb00d-f2b1-47f0-9a49-0e9215bd9486'),
 ('323', 'MatrixBlock', '1', '0', '2016-12-17 00:18:50', '2016-12-20 19:54:33', 'eff9debe-4d6e-44b5-8bdd-c2d022e13565'),
 ('324', 'Asset', '1', '0', '2016-12-17 00:20:08', '2016-12-17 00:20:08', '078b6081-588c-4a8e-9e74-4e8bb35e7daa');
INSERT INTO `craft_elements` (`id`, `type`, `enabled`, `archived`, `dateCreated`, `dateUpdated`, `uid`) VALUES
 ('325', 'Asset', '1', '0', '2016-12-17 00:23:51', '2016-12-17 00:23:51', '7c50f278-953b-4756-932d-154578db3776'),
 ('326', 'Asset', '1', '0', '2016-12-17 00:25:14', '2016-12-17 00:25:14', '3d67ec05-b21b-424c-91aa-e959cb29a316'),
 ('328', 'Asset', '1', '0', '2016-12-17 00:32:59', '2016-12-17 00:32:59', '4b0ce628-1646-4a52-8e10-288b45f7704b'),
 ('329', 'Asset', '1', '0', '2016-12-17 00:54:41', '2016-12-17 00:54:41', 'c10a1a8b-c55c-4c0d-8181-786cf4b2e14c'),
 ('330', 'Asset', '1', '0', '2016-12-17 01:17:13', '2016-12-17 01:17:13', '2a61d34a-0fc9-40cc-ba8e-1effc792e3ed'),
 ('331', 'Asset', '1', '0', '2016-12-17 01:25:45', '2016-12-17 01:30:00', '022826b7-25a2-41fc-b9dd-a83088ff7910'),
 ('333', 'MatrixBlock', '1', '0', '2016-12-17 01:30:14', '2016-12-20 19:54:33', '23ad2bc9-867c-4f26-a886-c7366dafc95a'),
 ('334', 'MatrixBlock', '1', '0', '2016-12-17 01:30:14', '2016-12-20 19:54:33', '3b8fe3a3-1ad8-4d17-9963-1b32b481efd4'),
 ('335', 'Asset', '1', '0', '2016-12-19 23:37:59', '2016-12-19 23:37:59', 'f29f834c-8ce3-434e-b000-28954ad170f5'),
 ('336', 'MatrixBlock', '1', '0', '2016-12-19 23:39:56', '2016-12-20 19:54:43', 'bb009402-7efb-49b9-b5bc-1735a633df37'),
 ('337', 'Entry', '1', '0', '2016-12-20 17:56:26', '2016-12-20 17:56:26', 'a9f97b2b-7aa9-4f57-889a-03ed1c79a80d'),
 ('338', 'Entry', '1', '0', '2016-12-20 17:56:43', '2016-12-20 17:56:43', '77dc1e62-e3a6-4283-9c93-bdbb2e661efb'),
 ('339', 'Entry', '1', '0', '2016-12-20 17:57:03', '2016-12-20 17:57:03', '5560acd3-f3fd-4538-841f-aa262e6f9735'),
 ('340', 'Entry', '1', '0', '2016-12-20 17:57:17', '2016-12-20 17:57:17', 'e0c5340f-f658-499d-a4db-86c974a6430f'),
 ('343', 'SuperTable_Block', '1', '0', '2016-12-20 19:02:54', '2016-12-20 19:54:43', '932986e2-49dd-4188-a365-d4ca4e4c6ee1');



DROP TABLE IF EXISTS `craft_elements_i18n`;


--
-- Schema for table `craft_elements_i18n`
--
CREATE TABLE `craft_elements_i18n` (
  `id` int(11) NOT NULL AUTO_INCREMENT,
  `elementId` int(11) NOT NULL,
  `locale` char(12) COLLATE utf8_unicode_ci NOT NULL,
  `slug` varchar(255) COLLATE utf8_unicode_ci DEFAULT NULL,
  `uri` varchar(255) COLLATE utf8_unicode_ci DEFAULT NULL,
  `enabled` tinyint(1) unsigned NOT NULL DEFAULT '1',
  `dateCreated` datetime NOT NULL,
  `dateUpdated` datetime NOT NULL,
  `uid` char(36) COLLATE utf8_unicode_ci NOT NULL DEFAULT '0',
  PRIMARY KEY (`id`),
  UNIQUE KEY `craft_elements_i18n_elementId_locale_unq_idx` (`elementId`,`locale`),
  UNIQUE KEY `craft_elements_i18n_uri_locale_unq_idx` (`uri`,`locale`),
  KEY `craft_elements_i18n_slug_locale_idx` (`slug`,`locale`),
  KEY `craft_elements_i18n_enabled_idx` (`enabled`),
  KEY `craft_elements_i18n_locale_fk` (`locale`)
) ENGINE=InnoDB AUTO_INCREMENT=344 DEFAULT CHARSET=utf8 COLLATE=utf8_unicode_ci;

--
-- Data for table `craft_elements_i18n`
--

INSERT INTO `craft_elements_i18n` (`id`, `elementId`, `locale`, `slug`, `uri`, `enabled`, `dateCreated`, `dateUpdated`, `uid`) VALUES
 ('1', '1', 'en_us', '', NULL, '1', '2016-10-07 18:01:52', '2016-10-20 20:27:39', '13f8c618-f232-4c22-8710-728d9886805b'),
 ('2', '2', 'en_us', 'homepage', '__home__', '1', '2016-10-07 18:01:54', '2016-10-20 22:31:56', '59ebe0ef-3139-4509-8c90-2f852008f073'),
 ('4', '4', 'en_us', 'work', 'work', '1', '2016-10-13 20:24:42', '2016-10-13 20:24:42', 'c65d83d5-67b0-4e17-a243-2d9e535c8427'),
 ('5', '5', 'en_us', 'print-entry', 'work/print-entry', '1', '2016-10-13 20:34:43', '2016-12-01 19:30:39', 'e8d307d3-7d65-4e33-bd9f-dd7e66bfb165'),
 ('6', '6', 'en_us', 'digital-entry', 'work/digital-entry', '1', '2016-10-13 20:34:49', '2016-12-01 19:33:04', '1cb6b033-b121-4ede-b9b8-52013b7bda29'),
 ('7', '7', 'en_us', 'identity-entry', 'work/identity-entry', '1', '2016-10-13 20:34:58', '2016-12-01 19:31:02', '537bae8e-00cd-4947-a601-f203cd70c95e'),
 ('8', '8', 'en_us', 'strategy-entry', 'work/strategy-entry', '1', '2016-10-13 20:35:08', '2016-12-01 19:30:24', '9c4b1111-2f35-4676-8c91-c7eeba29c81e'),
 ('9', '9', 'en_us', 'strategy', 'work/strategy', '1', '2016-10-13 20:36:24', '2016-10-13 20:36:25', '23a4ed29-663a-4cbd-806d-6020681c7385'),
 ('10', '10', 'en_us', 'identity', 'work/identity', '1', '2016-10-13 20:36:32', '2016-10-13 20:36:33', '647553a0-0308-492c-9751-7c2222191e65'),
 ('11', '11', 'en_us', 'digital', 'work/digital', '1', '2016-10-13 20:36:44', '2016-10-13 20:36:45', 'bc04418a-9c4c-41ed-866a-d63fb2d45051'),
 ('12', '12', 'en_us', 'print', 'work/print', '1', '2016-10-13 20:36:54', '2016-10-13 20:36:54', '02e45e96-b3eb-409b-98fc-95cf173434dc'),
 ('13', '13', 'en_us', 'packaging', 'work/packaging', '1', '2016-10-13 20:37:02', '2016-10-13 20:37:03', '6b93f276-ace0-41c9-91d9-dc1d943388c8'),
 ('14', '14', 'en_us', 'environment', 'work/environment', '1', '2016-10-13 20:37:10', '2016-10-13 20:37:11', '4cf014ab-369c-4074-b8ae-5f7116c58d51'),
 ('15', '15', 'en_us', 'fulcrum-brand-identity-website', 'work/fulcrum-brand-identity-website', '1', '2016-10-13 20:39:13', '2016-12-20 19:55:20', 'e3456f59-772c-47ef-8147-a3c217e170d9'),
 ('16', '16', 'en_us', 'oiselle-identity', 'work/oiselle-identity', '1', '2016-10-13 20:39:34', '2016-12-20 19:55:27', '29cfa0f1-dcaf-4090-8acd-10bdbb22f8b0'),
 ('28', '28', 'en_us', '', NULL, '1', '2016-10-17 20:30:09', '2016-12-20 19:55:20', '40fe0998-31a2-48dc-bb20-4943266ac857'),
 ('43', '43', 'en_us', 'contact', 'contact', '1', '2016-10-18 23:43:07', '2016-11-02 20:49:02', 'a8e209ee-a427-4e52-a946-367fa9fccc9e'),
 ('44', '44', 'en_us', 'journal', 'journal', '1', '2016-10-18 23:48:41', '2016-12-20 19:10:49', '0159e8ad-4575-4bee-bbb6-853b66636154'),
 ('46', '46', 'en_us', '', NULL, '1', '2016-10-20 20:44:16', '2016-10-20 20:44:35', '3b085c93-3362-43bf-b71d-ee93a7575b85'),
 ('47', '47', 'en_us', '', NULL, '1', '2016-10-20 20:45:10', '2016-10-20 20:45:32', '026ecf7d-4e1c-419a-929c-3970f0d35ce8'),
 ('55', '55', 'en_us', 'strategy', 'strategy', '1', '2016-11-01 18:31:38', '2016-12-08 23:13:21', '3df886fd-9934-4610-ad3f-08485429d55f'),
 ('56', '56', 'en_us', 'identity', 'identity', '1', '2016-11-01 18:31:47', '2016-11-02 23:29:52', '4c832281-6418-4b24-b7bf-92e09428c8d0'),
 ('66', '66', 'en_us', 'team-1', NULL, '1', '2016-11-01 21:53:08', '2016-11-22 22:31:41', '38c09c0c-415b-4feb-9fc6-37c99a25dc2d'),
 ('67', '67', 'en_us', 'regina-baerwalde', NULL, '1', '2016-11-01 21:53:12', '2016-11-01 21:53:12', '3c50ccf7-304d-4a44-ab72-fbf3db261da4'),
 ('68', '68', 'en_us', 'abbey-baker', NULL, '1', '2016-11-01 21:53:33', '2016-11-01 21:53:33', '22ff9f79-a35d-40c4-87b2-4121be67e648'),
 ('69', '69', 'en_us', 'robert-bennett', NULL, '1', '2016-11-01 21:53:49', '2016-11-01 21:53:49', 'b9caea53-7651-4ffe-a9b7-734d2804af67'),
 ('70', '70', 'en_us', 'mallory-close', NULL, '1', '2016-11-01 21:54:05', '2016-11-01 21:54:05', 'a81136af-c95e-457d-a296-4e98fef62f70'),
 ('71', '71', 'en_us', 'stephanie-cooke', NULL, '1', '2016-11-01 21:54:25', '2016-11-01 21:54:25', 'ecf87edf-4b94-4633-951d-f8e628aa4f82'),
 ('72', '72', 'en_us', 'matt-diefenbach', NULL, '1', '2016-11-01 21:54:57', '2016-11-01 21:54:57', '20a990d1-a3ae-4e2f-a5e8-a4cf24657088'),
 ('73', '73', 'en_us', 'kyle-gabouer', NULL, '1', '2016-11-01 21:55:28', '2016-12-15 19:17:52', 'ee186627-ab5a-4de1-89b1-655bf5c5d464'),
 ('74', '74', 'en_us', 'jason-gomez', NULL, '1', '2016-11-01 21:55:48', '2016-11-01 21:55:48', '23bd21bc-982e-4f23-bf30-009b156de9ce'),
 ('75', '75', 'en_us', 'ben-graham', NULL, '1', '2016-11-01 21:56:07', '2016-11-01 21:56:07', 'b0658992-d071-420c-9d33-0437a1d25339'),
 ('76', '76', 'en_us', 'dani-johnson', NULL, '1', '2016-11-01 21:56:55', '2016-11-01 21:56:55', '5ee40b9b-037e-45f1-966e-60c18d5a0a20'),
 ('77', '77', 'en_us', 'nick-katarow', NULL, '1', '2016-11-01 21:57:12', '2016-11-01 21:57:12', 'a0cff401-af76-49e7-a6ae-d7aa067ef3b3'),
 ('78', '78', 'en_us', 'helen-kong', NULL, '1', '2016-11-01 21:57:25', '2016-11-01 21:57:25', 'f92baf77-5079-4887-a6c7-95c7d410717e'),
 ('79', '79', 'en_us', 'garret-steider', NULL, '1', '2016-11-01 21:57:45', '2016-11-01 21:57:45', '99914e8c-a4c7-4094-800d-c8bdbc3bb3cf'),
 ('80', '80', 'en_us', 'steve-watson', NULL, '1', '2016-11-01 21:58:24', '2016-11-01 21:58:24', '7feab2ab-53aa-4e5d-bc2f-be786fd92d81'),
 ('81', '81', 'en_us', 'handsome', NULL, '1', '2016-11-01 22:54:18', '2016-11-01 22:54:18', 'd3f531b7-9c3d-4d68-82ec-a907712c604a'),
 ('82', '82', 'en_us', 'pretty-good', NULL, '1', '2016-11-01 22:54:26', '2016-11-01 22:54:26', '746974c9-e049-4ab3-9ad4-c7d99f266ab7'),
 ('83', '83', 'en_us', 'clever', NULL, '1', '2016-11-01 22:54:56', '2016-11-01 22:54:56', 'f6adcdd9-463d-4651-b369-020f8aef5111'),
 ('84', '84', 'en_us', 'cheesy', NULL, '1', '2016-11-01 22:55:25', '2016-11-01 22:55:25', '870311d9-ece7-4463-b4dd-d2a1a7beb495'),
 ('85', '85', 'en_us', 'flavorful', NULL, '1', '2016-11-01 22:55:35', '2016-11-01 22:55:35', 'f29efbd6-5982-4112-9521-60e3608cc401'),
 ('87', '87', 'en_us', 'lumpy', NULL, '1', '2016-11-01 22:57:14', '2016-11-01 22:57:14', 'a05e9d05-f889-4cb9-8ee5-4a51a4dcf077'),
 ('88', '88', 'en_us', 'righteous', NULL, '1', '2016-11-01 22:57:31', '2016-11-01 22:57:31', '47b0b710-fbce-4033-9e8e-5ad1a835db0a'),
 ('89', '89', 'en_us', 'fastidious', NULL, '1', '2016-11-01 22:58:23', '2016-11-01 22:58:23', '3ee298fd-d772-441b-b220-bca60e7fb0bb'),
 ('90', '90', 'en_us', 'jocular', NULL, '1', '2016-11-01 22:59:12', '2016-11-01 22:59:12', 'a8544aff-51af-43e7-a790-97d1702fde85'),
 ('91', '91', 'en_us', 'luminous', NULL, '1', '2016-11-01 22:59:27', '2016-11-01 22:59:27', '662eee9f-9186-4444-bd12-b5c08a7ad7b8'),
 ('92', '92', 'en_us', 'neighborly', NULL, '1', '2016-11-01 23:00:22', '2016-11-01 23:00:22', 'f2136d03-b05e-4573-aa6f-b6bbbd5f0ed0'),
 ('93', '93', 'en_us', 'propitious', NULL, '1', '2016-11-01 23:00:44', '2016-11-01 23:00:44', '647db2c0-5b83-4e16-8f51-bb947ab09a35'),
 ('94', '94', 'en_us', 'spasmodic', NULL, '1', '2016-11-01 23:01:15', '2016-11-01 23:01:15', '6925fa77-3e58-4f91-a089-e8cc9f165ba4'),
 ('95', '95', 'en_us', 'zealous', NULL, '1', '2016-11-01 23:01:40', '2016-11-01 23:01:40', 'df739155-6e83-4092-90f3-ac54c84e73fa'),
 ('97', '97', 'en_us', 'cta-contact', NULL, '1', '2016-11-02 18:59:30', '2016-11-22 22:31:42', '44402910-b068-4e38-bca6-eb48ae6f9e37'),
 ('98', '98', 'en_us', '', NULL, '1', '2016-11-02 18:59:49', '2016-11-02 23:39:00', 'f7115965-721f-46c2-9362-cfae01e746c8'),
 ('99', '99', 'en_us', '', NULL, '1', '2016-11-02 20:49:02', '2016-11-02 20:49:02', 'dca1e43e-7ec8-49ec-8b40-3f8dd295b79f'),
 ('100', '100', 'en_us', '', NULL, '1', '2016-11-02 22:32:22', '2016-12-08 23:13:21', '59e58dcd-e059-4a8e-9ab2-047c7eabba49'),
 ('101', '101', 'en_us', 'studio', 'overview', '1', '2016-11-02 23:30:00', '2016-12-20 19:32:08', 'ba53b2af-2fa4-4a6e-9a05-543a64266331'),
 ('102', '102', 'en_us', '', NULL, '1', '2016-11-02 23:34:23', '2016-12-20 19:32:08', '5380a82f-13f0-46ae-9581-e08e04707639'),
 ('103', '103', 'en_us', '', NULL, '1', '2016-11-02 23:38:39', '2016-12-20 19:32:08', '7c890883-e46f-4c74-8f7c-21a2167f8220'),
 ('104', '104', 'en_us', '', NULL, '1', '2016-11-02 23:38:39', '2016-12-20 19:32:08', '1ccb29e7-39d3-4f53-afe0-99f0611dd95c'),
 ('106', '106', 'en_us', '', NULL, '1', '2016-11-02 23:38:39', '2016-12-20 19:32:08', 'bb801e0b-77f0-402e-8e06-2278872e399e'),
 ('107', '107', 'en_us', '', NULL, '1', '2016-11-02 23:38:39', '2016-12-20 19:32:08', 'a6cb161e-3591-4ffc-97b9-d5b2919668f6'),
 ('108', '108', 'en_us', '', NULL, '1', '2016-11-02 23:38:39', '2016-12-20 19:32:08', '20fa2bc8-6508-418f-bd0d-096c0496066f'),
 ('109', '109', 'en_us', 'awards-and-press', 'journal/awards-and-press', '1', '2016-11-03 21:09:22', '2016-11-03 21:09:22', 'd83d2905-304d-4f73-b867-61e6de5f9fb2'),
 ('110', '110', 'en_us', 'our-clients', 'journal/our-clients', '1', '2016-11-03 21:09:33', '2016-11-03 21:09:33', 'e9680e07-53dc-48f0-9a30-9eba698554e7'),
 ('111', '111', 'en_us', 'news', 'journal/news', '1', '2016-11-03 21:09:48', '2016-11-03 21:09:48', '77660e3a-09ea-42dd-86cd-a5fc416fd47e'),
 ('112', '112', 'en_us', 'turnstyle-featured-in-idn-magazine', 'journal/turnstyle-featured-in-idn-magazine', '1', '2016-11-03 21:35:57', '2016-12-20 19:56:03', '1a5a7339-5928-4205-b15b-7d1ceb9bf7b0'),
 ('115', '115', 'en_us', '', NULL, '1', '2016-11-03 21:38:50', '2016-12-20 19:56:03', '3b8ec385-e189-4922-b454-674f6baef5ac'),
 ('118', '118', 'en_us', 'were-building-our-own-building', 'journal/were-building-our-own-building', '1', '2016-11-03 21:43:51', '2016-12-20 19:55:54', '64978a33-3f4c-4910-b5cd-8c2d8d8cb85d'),
 ('119', '119', 'en_us', '', NULL, '1', '2016-11-03 21:43:51', '2016-12-20 19:55:54', '92c39493-ffd3-4e2d-b740-f73178ddeeed'),
 ('122', '122', 'en_us', 'steve-judges-comm-arts-design-annual', 'journal/steve-judges-comm-arts-design-annual', '1', '2016-11-03 21:47:05', '2016-12-20 19:55:41', '1b1bfb0f-6358-4bf9-a1be-714ecccc0933'),
 ('123', '123', 'en_us', '', NULL, '1', '2016-11-03 21:47:05', '2016-12-20 19:55:41', 'ed715497-74e4-44ba-9020-176d183bf04c'),
 ('124', '124', 'en_us', '', NULL, '1', '2016-11-03 21:47:05', '2016-12-20 19:55:41', '3945e3d2-6f9d-41c5-8f20-7ece29a9d7aa'),
 ('125', '125', 'en_us', '', NULL, '1', '2016-11-03 23:15:46', '2016-11-23 00:13:57', 'b7be7b5c-1906-4874-b332-55103f46b4a4'),
 ('126', '126', 'en_us', '', NULL, '1', '2016-11-04 15:59:58', '2016-12-20 19:55:41', '6bf6d71d-cb87-47e6-ad06-688036c49cd2'),
 ('127', '127', 'en_us', 'new-work', 'journal/new-work', '1', '2016-11-11 19:45:22', '2016-11-11 19:45:22', '535e75ac-65f5-471c-a0bc-c7dff67dd440'),
 ('128', '128', 'en_us', 'large-image-fpo-1', NULL, '1', '2016-11-11 20:59:03', '2016-11-11 20:59:03', 'ead3098c-b243-4b1e-aa85-a876312bf2b2'),
 ('130', '130', 'en_us', 'large-image-fpo-1-161017-202946', NULL, '1', '2016-11-11 21:02:07', '2016-11-11 21:02:07', '747d349b-85f8-4f36-9285-9d4540bf96ce'),
 ('133', '133', 'en_us', '', NULL, '1', '2016-11-11 21:04:30', '2016-12-01 19:30:39', '340a14a8-877e-4c39-b410-ccf2ddcdbd37'),
 ('137', '137', 'en_us', '', NULL, '1', '2016-11-15 18:22:12', '2016-12-20 19:55:28', 'de8c6459-84bd-4dad-b670-c688a34ec626'),
 ('146', '146', 'en_us', '', NULL, '1', '2016-11-17 17:46:18', '2016-11-17 17:51:01', 'b0fe0e3f-1894-4fbc-84c2-70ae23e224f6'),
 ('147', '147', 'en_us', '', NULL, '1', '2016-11-17 17:46:53', '2016-11-17 17:53:04', '6bb8b563-3698-4298-aea6-2c5de3fc9488'),
 ('148', '148', 'en_us', '', NULL, '1', '2016-11-17 17:47:35', '2016-11-17 17:51:17', 'e50a3536-08d7-42aa-b0ce-4d41dd11e1b8'),
 ('149', '149', 'en_us', '', NULL, '1', '2016-11-17 17:48:02', '2016-11-17 17:50:08', '51be4fdb-b336-4ed0-a496-fcbc8f281292'),
 ('150', '150', 'en_us', '', NULL, '1', '2016-11-17 17:48:28', '2016-11-17 17:50:25', '5271ac07-52b2-4e78-82ca-d0cdd58c3dd4'),
 ('151', '151', 'en_us', '', NULL, '1', '2016-11-17 17:48:51', '2016-11-17 17:51:36', '10ef0818-2c1f-479b-9889-3cc744b92261'),
 ('152', '152', 'en_us', '', NULL, '1', '2016-11-17 17:49:13', '2016-11-17 17:50:42', '0df42ba9-117c-4e07-b6d3-ed0c26c005f3'),
 ('153', '153', 'en_us', '090716-sea-cottoncandy-med-rinnzimd', NULL, '1', '2016-11-17 19:20:48', '2016-11-17 19:20:48', '31f5dc4a-b8ba-4314-873c-8f262e11cbe8'),
 ('154', '154', 'en_us', 't-01', NULL, '1', '2016-11-18 23:49:37', '2016-11-22 22:31:43', '46723d33-1377-462f-bda9-de167ea8f2f8'),
 ('167', '167', 'en_us', '1200x900', NULL, '1', '2016-11-22 21:43:09', '2016-11-22 21:43:09', 'e1748d5f-8625-4544-bd10-77926ec697c6'),
 ('168', '168', 'en_us', '1200x1200', NULL, '1', '2016-11-22 21:43:10', '2016-11-22 21:43:10', '5d7914a0-dffc-4646-a264-3b427f4d8692'),
 ('169', '169', 'en_us', '1200x1800', NULL, '1', '2016-11-22 21:43:11', '2016-11-22 21:43:11', '946e9ff4-a9d1-482b-a802-2e95f4f41820'),
 ('171', '171', 'en_us', '1200x1800', NULL, '1', '2016-11-22 21:57:53', '2016-11-22 21:57:53', 'bd6af329-c3f5-4d34-915a-33cbf5095fc6'),
 ('177', '177', 'en_us', '2400x1800', NULL, '1', '2016-11-22 22:32:09', '2016-12-14 22:35:14', '81c25abc-71a1-4360-81ef-fec611387086'),
 ('179', '179', 'en_us', '1600w', NULL, '1', '2016-11-22 22:35:23', '2016-11-22 22:36:43', 'ff9907e8-75f8-4613-86fc-6a1290181f3c'),
 ('184', '184', 'en_us', '1200x900', NULL, '1', '2016-11-22 22:47:17', '2016-12-14 22:35:14', '77b052b2-acc3-43c8-91a5-d0075cc4917a'),
 ('185', '185', 'en_us', '2400x1800', NULL, '1', '2016-11-22 22:49:35', '2016-11-22 22:50:49', '315a9a5e-f54e-4ad0-973e-f9ea94a07309'),
 ('186', '186', 'en_us', '1600w', NULL, '1', '2016-11-22 22:51:09', '2016-11-22 22:51:09', '5d38be46-f497-4ba9-8710-0d9f1cce87bc'),
 ('187', '187', 'en_us', '2400x1800', NULL, '1', '2016-11-22 22:52:46', '2016-11-30 00:29:19', '279bbea1-feb0-4dfe-b803-b66506c7fc29'),
 ('188', '188', 'en_us', '1200x900', NULL, '1', '2016-11-22 22:53:45', '2016-11-30 00:29:20', '3f92ac6e-40bf-45d9-9871-e62b6f2ba382'),
 ('189', '189', 'en_us', '1200x1800', NULL, '1', '2016-11-22 23:09:51', '2016-11-22 23:09:51', '75d08b71-1f6c-42a8-95e4-e962d35efbaa');
INSERT INTO `craft_elements_i18n` (`id`, `elementId`, `locale`, `slug`, `uri`, `enabled`, `dateCreated`, `dateUpdated`, `uid`) VALUES
 ('190', '190', 'en_us', '2400x1800', NULL, '1', '2016-11-22 23:35:11', '2016-11-22 23:35:14', '5bc4aa8f-edcb-4d36-95ca-df01056a2e6f'),
 ('191', '191', 'en_us', '1200x1200', NULL, '1', '2016-11-22 23:35:28', '2016-11-22 23:35:28', 'dc0fd362-79f9-4e20-9407-bb5bcd3af254'),
 ('192', '192', 'en_us', '', NULL, '1', '2016-11-22 23:47:09', '2016-12-20 19:10:49', '235e3f11-16ef-4848-8d1b-5a0561b4d215'),
 ('193', '193', 'en_us', '1600w', NULL, '1', '2016-11-22 23:55:09', '2016-11-30 00:29:20', '5d176c00-164b-4369-9d30-13af6c28aa2f'),
 ('194', '194', 'en_us', '1600x800', NULL, '1', '2016-11-23 00:31:30', '2016-11-23 00:31:30', 'bf55e18d-bc89-4c9a-a54b-e9f1a607a4b9'),
 ('195', '195', 'en_us', '1600x1600', NULL, '1', '2016-11-23 00:31:31', '2016-11-23 00:31:31', 'bee79bd5-1f78-4d6f-9199-2fd8ec5dd50e'),
 ('196', '196', 'en_us', '20140325-fuzzco-interior4265-1-final-squire-fox-1600x800', NULL, '1', '2016-11-23 00:59:11', '2016-11-23 00:59:29', '3f82e70d-cde1-4b0b-bc2d-1b13a267a628'),
 ('197', '197', 'en_us', '20140325-fuzzco-interior19490-final-squire-fox-1600x800', NULL, '1', '2016-11-23 00:59:14', '2016-11-23 00:59:29', '04ee8a62-16d6-43b2-98ca-23d9c4b6d8e4'),
 ('198', '198', 'en_us', 'mg-6666-edit-800', NULL, '1', '2016-11-23 00:59:15', '2016-11-23 00:59:29', '01fa5c6e-18fb-4873-8a0a-e60986147d67'),
 ('199', '199', 'en_us', 'mg-6706-edit-1600x800', NULL, '1', '2016-11-23 00:59:17', '2016-11-23 00:59:29', '0eea5105-96dc-4797-be65-dda492d0c505'),
 ('200', '200', 'en_us', 'turnstyle-guide-color-01-01', NULL, '1', '2016-11-23 22:01:08', '2016-11-23 22:06:04', 'ad2e4eac-46af-4f94-a40b-f6586f88b3fc'),
 ('201', '201', 'en_us', 'turnstyle-case-study-guide', 'work/turnstyle-case-study-guide', '1', '2016-11-23 22:01:39', '2016-12-20 19:55:11', '8a7901da-a209-44b0-849a-07200672eca6'),
 ('203', '203', 'en_us', 'turnstyle-guide-thumb-01', NULL, '1', '2016-11-23 22:06:25', '2016-11-23 22:14:56', 'caaa5beb-ea24-4d1a-b836-c6e8041d28f5'),
 ('204', '204', 'en_us', 'turnstyle-guide-hero-01', NULL, '1', '2016-11-23 22:14:53', '2016-11-23 22:14:53', 'f0ea95f1-047e-4a91-a58b-e18e95323a55'),
 ('207', '207', 'en_us', 'turnstyle-guide-color-01', NULL, '1', '2016-11-23 22:30:47', '2016-11-23 23:58:10', 'be5afed8-29ff-4ae3-98a9-f5d6bbdbaf74'),
 ('208', '208', 'en_us', '', NULL, '1', '2016-11-23 22:31:29', '2016-12-20 19:55:11', '83e5a2cb-042f-4350-8ff8-3e11f7ccafce'),
 ('209', '209', 'en_us', 'turnstyle-guide-color-01', NULL, '1', '2016-11-23 22:33:54', '2016-11-23 22:35:30', '4a010de1-66d1-49be-a57f-6f94319e5bc1'),
 ('211', '211', 'en_us', '', NULL, '1', '2016-11-23 22:49:35', '2016-12-20 19:55:11', '10399a6c-7c1d-4f52-a9ab-114d9d9ab5ee'),
 ('212', '212', 'en_us', '', NULL, '1', '2016-11-23 22:52:02', '2016-12-20 19:55:11', '86d89bd8-0a97-47d2-b2fb-3291c0218141'),
 ('213', '213', 'en_us', 'turnstyle-guide-large-01', NULL, '1', '2016-11-23 22:54:55', '2016-11-23 23:04:42', 'c5ebfdd5-1fa8-48cc-bffb-4073e206541d'),
 ('214', '214', 'en_us', 'turnstyle-guide-half-01', NULL, '1', '2016-11-23 22:57:47', '2016-11-23 22:57:47', 'bd5946e5-7989-4591-8322-945c1fbf6a4d'),
 ('215', '215', 'en_us', '', NULL, '1', '2016-11-23 23:00:38', '2016-12-20 19:55:11', '0e8696d8-a91d-47f3-948a-794861707e01'),
 ('216', '216', 'en_us', '', NULL, '1', '2016-11-23 23:00:38', '2016-12-20 19:55:11', '5b4cb4b3-2462-4b16-9f51-3244d203494e'),
 ('217', '217', 'en_us', 'turnstyle-guide-half-02', NULL, '1', '2016-11-23 23:01:45', '2016-11-23 23:01:45', '91e5cd3e-a437-41b1-9686-5c578ca90ba8'),
 ('218', '218', 'en_us', '', NULL, '1', '2016-11-23 23:01:53', '2016-12-20 19:55:11', 'ca72e1fc-e1a1-45c2-8ebc-7f12dbd84883'),
 ('219', '219', 'en_us', '', NULL, '1', '2016-11-23 23:04:00', '2016-12-20 19:55:11', '5e051063-0476-445b-984c-31fd74feef2d'),
 ('221', '221', 'en_us', 'turnstyle-guide-half-03', NULL, '1', '2016-11-23 23:06:31', '2016-11-23 23:06:31', '80f9415c-eaba-42f2-ac5a-d1cda7f6d49a'),
 ('222', '222', 'en_us', '', NULL, '1', '2016-11-23 23:16:03', '2016-12-20 19:55:11', 'adb05a3f-bc7a-4c1f-bdbf-ff983153e7b4'),
 ('223', '223', 'en_us', 'turnstyle-guide-logo-01', NULL, '1', '2016-11-23 23:24:05', '2016-11-23 23:24:05', '28d7382d-07a7-40ed-a115-313cd5ad6231'),
 ('224', '224', 'en_us', '', NULL, '1', '2016-11-23 23:25:13', '2016-12-20 19:55:11', '2498c540-018f-4288-991c-d90a47c2f75c'),
 ('225', '225', 'en_us', 'screenshot-2016-11-23-15-27-11', NULL, '1', '2016-11-23 23:29:06', '2016-11-23 23:29:06', '1defaffb-7b50-42d2-9f3c-dfd7bccd60b5'),
 ('226', '226', 'en_us', '', NULL, '1', '2016-11-23 23:30:19', '2016-12-20 19:55:11', 'f43509d5-71bb-4915-9e8a-b77dccc64bd2'),
 ('227', '227', 'en_us', 'turnstyle-guide-naming-01', NULL, '1', '2016-11-23 23:39:45', '2016-11-23 23:54:26', 'b970125a-4dcf-4f1c-8de6-f18950e843c4'),
 ('229', '229', 'en_us', 'turnstyle-guide-color-01', NULL, '1', '2016-11-23 23:56:50', '2016-11-23 23:56:50', 'efd9a0f1-9324-4621-acd0-46326aaea7a0'),
 ('230', '230', 'en_us', '', NULL, '1', '2016-11-23 23:57:30', '2016-12-20 19:55:11', 'ef833ffc-b6fe-4a7b-8145-fef1784878f7'),
 ('232', '232', 'en_us', '', NULL, '1', '2016-11-29 00:15:51', '2016-11-29 17:31:35', 'e2cd4c54-d45f-49f1-953b-a1238219ec52'),
 ('233', '233', 'en_us', '2400x1800', NULL, '1', '2016-11-30 00:43:02', '2016-11-30 00:43:38', '65b1048a-c7ae-4142-8f33-8cffc334257d'),
 ('234', '234', 'en_us', '1200x1200', NULL, '1', '2016-11-30 00:44:54', '2016-11-30 00:44:54', '4d7239d9-6032-49b4-aeaf-3345ae5d0d2b'),
 ('235', '235', 'en_us', '', NULL, '1', '2016-11-30 20:47:45', '2016-12-20 19:55:11', '7024689b-8910-43c3-bd37-ca153c8eaac3'),
 ('236', '236', 'en_us', '2400x1800', NULL, '1', '2016-11-30 21:35:04', '2016-11-30 21:35:04', '920d6548-8fff-4a06-89a3-b31db183bc89'),
 ('237', '237', 'en_us', '', NULL, '1', '2016-11-30 23:25:46', '2016-12-20 19:55:11', '1b3a7182-be25-445f-9f59-d4cbdf90e34f'),
 ('238', '238', 'en_us', '1200x900', NULL, '1', '2016-12-01 19:30:21', '2016-12-01 19:30:24', '6581aec5-ebc7-43ad-bbb5-eb98adc9dd37'),
 ('239', '239', 'en_us', '1200x1800', NULL, '1', '2016-12-01 19:30:36', '2016-12-01 19:30:39', '370a6ed9-72c0-414f-a2b7-ecaba44c2f20'),
 ('240', '240', 'en_us', '1200x1200', NULL, '1', '2016-12-01 19:30:50', '2016-12-01 19:30:50', '1aefa381-ad44-4f6c-9477-b6881764b141'),
 ('241', '241', 'en_us', '1200x1800', NULL, '1', '2016-12-01 19:33:00', '2016-12-01 19:33:04', '7a0c0129-c596-4221-a0cd-8b2517981d9b'),
 ('242', '242', 'en_us', 'turnstyle-mobile-website-01', NULL, '1', '2016-12-06 22:36:14', '2016-12-06 22:36:14', 'b72eb95f-a3c0-43fe-bdd3-05fda9e2719b'),
 ('243', '243', 'en_us', '', NULL, '1', '2016-12-06 22:36:29', '2016-12-20 19:55:11', '0c9d5a61-d44f-4c80-9b06-a86edbd5ac89'),
 ('244', '244', 'en_us', 'turnstyle-guide-hero-02', NULL, '1', '2016-12-07 00:07:33', '2016-12-07 00:07:33', 'ef88d80f-e9bc-4286-bda9-466ae585ee77'),
 ('245', '245', 'en_us', 'fulcrumfoundation-hero-01', NULL, '1', '2016-12-14 22:43:40', '2016-12-15 00:20:59', '69a52fcc-3da2-4622-88a5-37deb53c211a'),
 ('249', '249', 'en_us', 'fulcrumfoundation-list-01', NULL, '1', '2016-12-14 23:03:50', '2016-12-15 23:21:22', 'c23f3766-799e-47fc-b26f-84fc48c2dbc6'),
 ('253', '253', 'en_us', '', NULL, '1', '2016-12-14 23:24:42', '2016-12-20 19:55:11', 'e77b7123-67e1-4a2f-84c0-2bf05e3ff9b4'),
 ('254', '254', 'en_us', '', NULL, '1', '2016-12-14 23:31:59', '2016-12-20 19:55:20', 'e00f8caf-af21-446e-8d16-1e4a6fbb1655'),
 ('259', '259', 'en_us', 'fulcrumfoundation-logo-01', NULL, '1', '2016-12-15 00:49:14', '2016-12-15 00:49:14', '9e2e5e75-aed3-430b-a34e-e44c01218924'),
 ('260', '260', 'en_us', '', NULL, '1', '2016-12-15 00:50:00', '2016-12-20 19:55:20', 'aba9c8ca-b6cc-490e-b8a1-bd8ad9687b56'),
 ('261', '261', 'en_us', 'oiselle-list-01', NULL, '1', '2016-12-15 01:04:55', '2016-12-15 01:04:55', '6c671ef2-9ff9-44cf-b875-04f176d63f79'),
 ('262', '262', 'en_us', 'turnstyle-kyle-gabouer-01', NULL, '1', '2016-12-15 19:17:48', '2016-12-15 19:17:48', 'a486a9fb-9fbc-489f-9380-cae2af7f2dfa'),
 ('263', '263', 'en_us', 'homegrown-list-01', NULL, '1', '2016-12-15 22:41:50', '2016-12-15 22:52:42', '736342dc-8b38-4bee-ae8a-2601a3470284'),
 ('264', '264', 'en_us', 'homegrown-hero-01', NULL, '1', '2016-12-15 22:43:55', '2016-12-16 00:14:04', '85d8c857-b3a2-4a7a-937d-79a4d04ad277'),
 ('265', '265', 'en_us', 'homegrown', 'work/homegrown', '1', '2016-12-15 22:44:18', '2016-12-20 19:54:58', '5bc6b77f-02f9-4695-a827-c4c195429b05'),
 ('269', '269', 'en_us', '', NULL, '1', '2016-12-15 22:56:32', '2016-12-20 19:54:58', 'c913f2b4-cd0a-4128-805d-87efee56b016'),
 ('270', '270', 'en_us', 'turnstyle-guide-list-01', NULL, '1', '2016-12-15 23:19:54', '2016-12-15 23:19:54', 'fa59908b-dc24-4ab5-ad91-c0176b780f37'),
 ('273', '273', 'en_us', 'oiselle-hero-01', NULL, '1', '2016-12-16 00:19:26', '2016-12-16 00:19:26', 'ae921ff6-e960-427c-acb0-18e8706762ec'),
 ('274', '274', 'en_us', 'fulcrumfoundation-hero-02', NULL, '1', '2016-12-16 00:28:29', '2016-12-20 18:58:47', 'fdf7659b-6854-4b4d-abb3-64dd9eadd57a'),
 ('275', '275', 'en_us', 'flyingaces-hero-01', NULL, '1', '2016-12-16 19:18:23', '2016-12-16 19:20:36', 'ea864768-f2ff-4408-99f4-586aded8c22d'),
 ('276', '276', 'en_us', 'teague-flying-aces', 'work/teague-flying-aces', '1', '2016-12-16 19:20:36', '2016-12-20 19:54:51', '3c17b868-5ed7-4a57-9dcd-45181f959144'),
 ('277', '277', 'en_us', 'flyingaces-list-01', NULL, '1', '2016-12-16 19:28:51', '2016-12-16 19:28:51', 'e3c84a1a-e0d3-4f8d-9ab3-06125aad8387'),
 ('279', '279', 'en_us', 'revel-brochure-01', NULL, '1', '2016-12-16 20:14:47', '2016-12-16 20:14:47', '93635845-d596-4834-86e4-a57fe8395ffa'),
 ('280', '280', 'en_us', 'revel-brochure-02', NULL, '1', '2016-12-16 20:14:49', '2016-12-16 20:14:49', 'e133dad1-8c47-4237-8b77-e09c5a502cc3'),
 ('281', '281', 'en_us', 'revel-desktop-01', NULL, '1', '2016-12-16 20:14:50', '2016-12-16 20:14:50', '0f17e445-02ed-49f3-8955-1f3df54fb3d8'),
 ('282', '282', 'en_us', 'revel-guidelines-01', NULL, '1', '2016-12-16 20:14:53', '2016-12-16 20:14:53', 'b3a3b03e-32ed-4dc7-95cc-28db81ab1527'),
 ('283', '283', 'en_us', 'revel-icons-01', NULL, '1', '2016-12-16 20:14:56', '2016-12-16 20:14:56', 'ba022cf1-e79a-46d3-ada9-a106c50eea77'),
 ('284', '284', 'en_us', 'revel-mobile-01', NULL, '1', '2016-12-16 20:14:59', '2016-12-16 20:14:59', '293459f2-e358-4d38-ac23-3c6883b1e83d'),
 ('285', '285', 'en_us', 'revel-wild-postings-01', NULL, '1', '2016-12-16 20:15:00', '2016-12-16 20:15:00', '13b3e66a-221d-4a02-bd55-25a632078240'),
 ('286', '286', 'en_us', 'revel-mobile-01', NULL, '1', '2016-12-16 20:25:46', '2016-12-16 20:42:31', '33a39532-9aab-4a2c-8226-d250765c6e48'),
 ('288', '288', 'en_us', 'revel-brochure-01', NULL, '1', '2016-12-16 20:33:20', '2016-12-16 20:33:20', 'eba57f9a-f1c7-41dd-8ee9-5d4d56d91b1a'),
 ('289', '289', 'en_us', 'revel-icons-01', NULL, '1', '2016-12-16 20:34:24', '2016-12-16 20:42:31', 'f23e4cf9-0cd2-46d4-9d13-eb5c1a79b9b8'),
 ('290', '290', 'en_us', 'revel-brochure-02', NULL, '1', '2016-12-16 20:36:13', '2016-12-16 20:42:31', 'b1fe47ec-4494-4309-978f-53e2386eb3a8'),
 ('291', '291', 'en_us', 'revel-guidelines-01', NULL, '1', '2016-12-16 20:39:07', '2016-12-16 20:39:07', '96ac792d-723f-48b4-80d0-87d70e9dbf33'),
 ('292', '292', 'en_us', 'revel-guidelines-01', NULL, '1', '2016-12-16 20:39:58', '2016-12-16 20:42:31', 'c60c56a1-a9a9-4ea8-a1a3-f577ddedba4f'),
 ('294', '294', 'en_us', 'revel-consulting', 'work/revel-consulting', '1', '2016-12-16 20:42:30', '2016-12-20 19:54:43', 'bb79feea-aab2-4280-889e-dfa85f9f9282'),
 ('295', '295', 'en_us', '', NULL, '1', '2016-12-16 20:42:30', '2016-12-20 19:54:43', '1c51ecaa-f1d7-471e-be28-28071f8490a2'),
 ('296', '296', 'en_us', '', NULL, '1', '2016-12-16 20:42:31', '2016-12-20 19:54:43', 'e78f73f1-cae0-4498-a6b6-39b96eca9b05'),
 ('297', '297', 'en_us', '', NULL, '1', '2016-12-16 20:42:31', '2016-12-20 19:54:43', 'd3a6c964-d1ca-42db-a146-c25cc7ddb3cf'),
 ('299', '299', 'en_us', '', NULL, '1', '2016-12-16 20:42:31', '2016-12-20 19:54:43', '1a96d3f7-213e-4df5-97d7-2d07a79025c0'),
 ('301', '301', 'en_us', '', NULL, '1', '2016-12-16 20:42:31', '2016-12-20 19:54:43', '9f189069-8cb8-4939-a302-3ed65f2d281c'),
 ('302', '302', 'en_us', '', NULL, '1', '2016-12-16 20:42:31', '2016-12-20 19:54:43', '08817307-e434-40c7-aa61-c51be272c31a'),
 ('303', '303', 'en_us', 'revel-list-01', NULL, '1', '2016-12-16 20:48:03', '2016-12-16 20:48:03', 'dc444b31-f012-43dd-ad16-0e121af3a8d9'),
 ('304', '304', 'en_us', '', NULL, '1', '2016-12-16 20:58:01', '2016-12-20 19:54:43', '5ff6d736-20a4-4921-a135-fafa0752152d'),
 ('305', '305', 'en_us', 'both-capsules-24x18', NULL, '1', '2016-12-16 22:46:17', '2016-12-16 22:51:54', '8d8bf48d-3c51-41a0-986e-4a9b6f5491f5'),
 ('306', '306', 'en_us', 'red-capsule-1200x1200', NULL, '1', '2016-12-16 22:50:52', '2016-12-16 22:51:54', '1ed32526-de5e-43ae-b4fe-93b2f770f957'),
 ('307', '307', 'en_us', 'two-mountain-winery', 'work/two-mountain-winery', '1', '2016-12-16 22:51:54', '2016-12-20 19:54:33', '36484b07-d830-4b58-852c-f7f5249e55bc'),
 ('308', '308', 'en_us', 'both-capsules-24x18b', NULL, '1', '2016-12-16 23:14:36', '2016-12-17 00:31:39', '5e6d9893-5e03-421b-b621-a9d6d74e9a21'),
 ('315', '315', 'en_us', 'revel-desktop-01', NULL, '1', '2016-12-16 23:37:51', '2016-12-16 23:37:51', 'b6f01426-64ae-47ad-a387-58a50fe2dfb8'),
 ('316', '316', 'en_us', 'revel-brochure-01', NULL, '1', '2016-12-16 23:38:50', '2016-12-16 23:38:50', 'bf712d67-8179-4653-9a55-f8b93b43ad60'),
 ('318', '318', 'en_us', 'tmw-cab-franc-side', NULL, '1', '2016-12-17 00:00:51', '2016-12-17 00:04:55', '6e341595-b8aa-4715-951f-6272fed7df7a'),
 ('319', '319', 'en_us', '', NULL, '1', '2016-12-17 00:01:00', '2016-12-20 19:54:33', '9f7b1499-1c1d-49be-9fa7-2472938cc84a'),
 ('320', '320', 'en_us', '', NULL, '1', '2016-12-17 00:03:22', '2016-12-20 19:54:43', '7866fa7b-9974-4061-9c35-f074fcbb8c32'),
 ('322', '322', 'en_us', 'tmw-final-flat-photo', NULL, '1', '2016-12-17 00:16:58', '2016-12-17 00:16:58', 'd6dff480-38e7-4bcd-a1df-425536bed380'),
 ('323', '323', 'en_us', '', NULL, '1', '2016-12-17 00:18:50', '2016-12-20 19:54:33', 'b5f7f417-9172-4e52-875c-9e6f4bf54b91'),
 ('324', '324', 'en_us', 'revel-hero-01', NULL, '1', '2016-12-17 00:20:08', '2016-12-17 00:20:08', '25f6f962-3db7-44f9-ac1e-eaf266b848cb');
INSERT INTO `craft_elements_i18n` (`id`, `elementId`, `locale`, `slug`, `uri`, `enabled`, `dateCreated`, `dateUpdated`, `uid`) VALUES
 ('325', '325', 'en_us', 'revel-wild-postings-01', NULL, '1', '2016-12-17 00:23:51', '2016-12-17 00:23:51', '395c4049-8ae7-42a8-b2e1-b451d9ec0bd7'),
 ('326', '326', 'en_us', 'tmw-final-flat-photo2', NULL, '1', '2016-12-17 00:25:14', '2016-12-17 00:25:14', '8e6ca533-541b-49da-b993-66ce7b7d36a6'),
 ('328', '328', 'en_us', 'both-capsules-24x18c', NULL, '1', '2016-12-17 00:33:00', '2016-12-17 00:33:00', '6c1746d3-3800-4b00-b29b-2dd09a0cdfc7'),
 ('329', '329', 'en_us', 'tmwlogo-primary-tex-rgb', NULL, '1', '2016-12-17 00:54:41', '2016-12-17 00:54:41', '5816d2bc-5339-41cb-beac-4744660c7b76'),
 ('330', '330', 'en_us', 'all-reds-front-2400', NULL, '1', '2016-12-17 01:17:13', '2016-12-17 01:17:13', 'c464095f-b229-471f-b44c-e025ca217a86'),
 ('331', '331', 'en_us', 'all-reds-front', NULL, '1', '2016-12-17 01:25:45', '2016-12-17 01:30:00', 'b7e62ef0-b621-47fd-9686-af6e124e5f02'),
 ('333', '333', 'en_us', '', NULL, '1', '2016-12-17 01:30:14', '2016-12-20 19:54:33', '0e824eda-bec7-4bf2-b05c-bafce175d3ab'),
 ('334', '334', 'en_us', '', NULL, '1', '2016-12-17 01:30:14', '2016-12-20 19:54:33', '75b0fa45-d4d2-4ccd-ae4f-504323523829'),
 ('335', '335', 'en_us', 'revel-brochure-03', NULL, '1', '2016-12-19 23:37:59', '2016-12-19 23:37:59', '3648ea03-faa0-455e-be91-519671fe3dc7'),
 ('336', '336', 'en_us', '', NULL, '1', '2016-12-19 23:39:56', '2016-12-20 19:54:43', 'f98b5b4a-f163-4d21-926e-0cdae776eb98'),
 ('337', '337', 'en_us', 'digital', 'digital', '1', '2016-12-20 17:56:26', '2016-12-20 17:56:26', 'ffa8a6d5-bff2-479f-a1b5-94bc94654519'),
 ('338', '338', 'en_us', 'print', 'print', '1', '2016-12-20 17:56:44', '2016-12-20 17:56:44', 'bc397233-32f0-4443-915b-37dc3c0049c8'),
 ('339', '339', 'en_us', 'packaging', 'packaging', '1', '2016-12-20 17:57:03', '2016-12-20 17:57:03', '6a337b2f-44c9-4004-9816-c25463a1fe8f'),
 ('340', '340', 'en_us', 'environment', 'environment', '1', '2016-12-20 17:57:17', '2016-12-20 17:57:17', 'ae4221c0-bd7e-4e22-802f-42c0958a266d'),
 ('343', '343', 'en_us', '', NULL, '1', '2016-12-20 19:02:54', '2016-12-20 19:54:43', '64839ffa-76f7-4ac7-afcf-2b060f7439ef');



DROP TABLE IF EXISTS `craft_emailmessages`;


--
-- Schema for table `craft_emailmessages`
--
CREATE TABLE `craft_emailmessages` (
  `id` int(11) NOT NULL AUTO_INCREMENT,
  `key` char(150) COLLATE utf8_unicode_ci NOT NULL,
  `locale` char(12) COLLATE utf8_unicode_ci NOT NULL,
  `subject` varchar(1000) COLLATE utf8_unicode_ci NOT NULL,
  `body` text COLLATE utf8_unicode_ci NOT NULL,
  `dateCreated` datetime NOT NULL,
  `dateUpdated` datetime NOT NULL,
  `uid` char(36) COLLATE utf8_unicode_ci NOT NULL DEFAULT '0',
  PRIMARY KEY (`id`),
  UNIQUE KEY `craft_emailmessages_key_locale_unq_idx` (`key`,`locale`),
  KEY `craft_emailmessages_locale_fk` (`locale`)
) ENGINE=InnoDB DEFAULT CHARSET=utf8 COLLATE=utf8_unicode_ci;

DROP TABLE IF EXISTS `craft_entries`;


--
-- Schema for table `craft_entries`
--
CREATE TABLE `craft_entries` (
  `id` int(11) NOT NULL,
  `sectionId` int(11) NOT NULL,
  `typeId` int(11) DEFAULT NULL,
  `authorId` int(11) DEFAULT NULL,
  `postDate` datetime DEFAULT NULL,
  `expiryDate` datetime DEFAULT NULL,
  `dateCreated` datetime NOT NULL,
  `dateUpdated` datetime NOT NULL,
  `uid` char(36) COLLATE utf8_unicode_ci NOT NULL DEFAULT '0',
  PRIMARY KEY (`id`),
  KEY `craft_entries_sectionId_idx` (`sectionId`),
  KEY `craft_entries_typeId_idx` (`typeId`),
  KEY `craft_entries_postDate_idx` (`postDate`),
  KEY `craft_entries_expiryDate_idx` (`expiryDate`),
  KEY `craft_entries_authorId_fk` (`authorId`)
) ENGINE=InnoDB DEFAULT CHARSET=utf8 COLLATE=utf8_unicode_ci;

--
-- Data for table `craft_entries`
--

INSERT INTO `craft_entries` (`id`, `sectionId`, `typeId`, `authorId`, `postDate`, `expiryDate`, `dateCreated`, `dateUpdated`, `uid`) VALUES
 ('2', '1', NULL, NULL, '2016-10-07 18:01:54', NULL, '2016-10-07 18:01:54', '2016-10-20 22:31:56', '1398069b-c003-4be3-8463-d1bec5419b53'),
 ('4', '4', NULL, NULL, '2016-10-13 20:24:42', NULL, '2016-10-13 20:24:42', '2016-10-13 20:24:42', '751cfac7-4e83-4e94-9ebb-9e0c585d6023'),
 ('5', '3', '3', '1', '2016-10-13 20:34:00', NULL, '2016-10-13 20:34:43', '2016-12-01 19:30:39', '86f0c6f5-c532-4c26-8cc1-5faa71ab74d0'),
 ('6', '3', '3', '1', '2016-10-13 20:34:00', NULL, '2016-10-13 20:34:49', '2016-12-01 19:33:04', '301c9e73-84c2-40fd-a424-f58c03445dc4'),
 ('7', '3', '3', '1', '2016-10-13 20:34:00', NULL, '2016-10-13 20:34:58', '2016-12-01 19:31:02', '07c0f4c1-170c-4900-b4b2-334cb4f8cf71'),
 ('8', '3', '3', '1', '2016-10-13 20:35:00', NULL, '2016-10-13 20:35:08', '2016-12-01 19:30:24', '17080032-d6c5-4d04-bd3c-2b1a8d81b80f'),
 ('15', '3', '3', '1', '2016-10-13 20:39:00', NULL, '2016-10-13 20:39:13', '2016-12-20 19:55:20', 'e355720e-bdbf-488f-a07d-2e8b0e476aa3'),
 ('16', '3', '3', '1', '2016-10-13 20:39:00', NULL, '2016-10-13 20:39:34', '2016-12-20 19:55:28', 'cab68630-b054-4122-abd4-b4801ad3f043'),
 ('43', '5', NULL, NULL, '2016-10-18 23:43:07', NULL, '2016-10-18 23:43:07', '2016-11-02 20:49:02', '6223c4b3-0b8c-4684-a39b-687ec48ab5d9'),
 ('44', '6', NULL, NULL, '2016-10-18 23:48:41', NULL, '2016-10-18 23:48:41', '2016-12-20 19:10:49', '0b8ca707-8ab2-41c4-aaeb-771996256085'),
 ('55', '7', '7', '1', '2016-11-01 18:31:00', NULL, '2016-11-01 18:31:38', '2016-12-08 23:13:21', '979b59be-9cab-4b9e-a2f7-e6d7b95a76f7'),
 ('56', '7', '7', '1', '2016-11-01 18:31:00', NULL, '2016-11-01 18:31:47', '2016-11-01 21:21:21', '4924039e-0ba0-456d-a7f4-2f409bc95664'),
 ('67', '8', '9', '1', '2016-11-01 21:53:12', NULL, '2016-11-01 21:53:12', '2016-11-01 21:53:12', '944c203c-a2a2-4cce-aa92-12f8f6f83549'),
 ('68', '8', '9', '1', '2016-11-01 21:53:33', NULL, '2016-11-01 21:53:33', '2016-11-01 21:53:33', '58b5214b-2058-44e3-ac7f-7841ab33ff2e'),
 ('69', '8', '9', '1', '2016-11-01 21:53:49', NULL, '2016-11-01 21:53:49', '2016-11-01 21:53:49', 'e293c175-a26e-4a7f-b9c6-7a8523cc6003'),
 ('70', '8', '9', '1', '2016-11-01 21:54:05', NULL, '2016-11-01 21:54:05', '2016-11-01 21:54:05', '27bd1afc-d0e9-4e76-8324-f07648045199'),
 ('71', '8', '9', '1', '2016-11-01 21:54:25', NULL, '2016-11-01 21:54:25', '2016-11-01 21:54:25', 'db94388c-675f-4b4b-999d-7abb56b374fe'),
 ('72', '8', '9', '1', '2016-11-01 21:54:57', NULL, '2016-11-01 21:54:57', '2016-11-01 21:54:57', '73f13e80-5d69-4a28-8233-635099b9df4e'),
 ('73', '8', '9', '1', '2016-11-01 21:55:00', NULL, '2016-11-01 21:55:28', '2016-12-15 19:17:52', '4b60e534-eb68-4582-9187-c4e16b291911'),
 ('74', '8', '9', '1', '2016-11-01 21:55:48', NULL, '2016-11-01 21:55:49', '2016-11-01 21:55:49', '0a13baa7-15e3-46e1-9b39-cede86b8d44a'),
 ('75', '8', '9', '1', '2016-11-01 21:56:07', NULL, '2016-11-01 21:56:07', '2016-11-01 21:56:07', '665050d1-9bb9-428d-93c7-ddd8b032635e'),
 ('76', '8', '9', '1', '2016-11-01 21:56:55', NULL, '2016-11-01 21:56:55', '2016-11-01 21:56:55', 'e613ba22-baa7-4d0b-9d70-20e167dd9b72'),
 ('77', '8', '9', '1', '2016-11-01 21:57:12', NULL, '2016-11-01 21:57:12', '2016-11-01 21:57:12', '287c02d9-7e00-4b77-9165-07f140e6969e'),
 ('78', '8', '9', '1', '2016-11-01 21:57:25', NULL, '2016-11-01 21:57:25', '2016-11-01 21:57:25', '85d8019a-1f54-4c97-9a2b-4f4ea964bdaa'),
 ('79', '8', '9', '1', '2016-11-01 21:57:45', NULL, '2016-11-01 21:57:45', '2016-11-01 21:57:45', '7f0785bc-3cb3-4159-912e-e5fc1c9cbc33'),
 ('80', '8', '9', '1', '2016-11-01 21:58:24', NULL, '2016-11-01 21:58:24', '2016-11-01 21:58:24', '399f61d9-32dd-4891-99e8-9eaae8ab0a60'),
 ('81', '9', '10', '1', '2016-11-01 22:54:18', NULL, '2016-11-01 22:54:18', '2016-11-01 22:54:18', '386935ec-310c-4c20-8f88-74a138e947b4'),
 ('82', '9', '10', '1', '2016-11-01 22:54:26', NULL, '2016-11-01 22:54:26', '2016-11-01 22:54:26', '1200046f-97ef-4343-b1ac-8094f1aaa4a4'),
 ('83', '9', '10', '1', '2016-11-01 22:54:56', NULL, '2016-11-01 22:54:56', '2016-11-01 22:54:56', '69c1386b-7c2e-4115-b13d-2400ffcbf97b'),
 ('84', '9', '10', '1', '2016-11-01 22:55:25', NULL, '2016-11-01 22:55:25', '2016-11-01 22:55:25', 'ad4cf15e-2d0a-4d0c-b78a-4338ca0d979a'),
 ('85', '9', '10', '1', '2016-11-01 22:55:35', NULL, '2016-11-01 22:55:35', '2016-11-01 22:55:35', '4eb4f7b5-dfa5-4a98-af6b-86bd53c5c29c'),
 ('87', '9', '10', '1', '2016-11-01 22:57:14', NULL, '2016-11-01 22:57:14', '2016-11-01 22:57:14', '5ff4902f-59c8-4609-918d-b718a37b4a69'),
 ('88', '9', '10', '1', '2016-11-01 22:57:31', NULL, '2016-11-01 22:57:31', '2016-11-01 22:57:31', '36c9c2e1-5be6-47e9-b217-abf90f102b30'),
 ('89', '9', '10', '1', '2016-11-01 22:58:23', NULL, '2016-11-01 22:58:23', '2016-11-01 22:58:23', '9d36809b-9afb-400f-b48c-874af945996b'),
 ('90', '9', '10', '1', '2016-11-01 22:59:12', NULL, '2016-11-01 22:59:12', '2016-11-01 22:59:12', '9a3d1444-fa83-49be-807a-2283d7b5c76b'),
 ('91', '9', '10', '1', '2016-11-01 22:59:27', NULL, '2016-11-01 22:59:27', '2016-11-01 22:59:27', '55f8b969-1b01-4070-91a3-c851292f51d8'),
 ('92', '9', '10', '1', '2016-11-01 23:00:22', NULL, '2016-11-01 23:00:22', '2016-11-01 23:00:22', '9720d996-9f9b-4fe3-8564-89cf3e499624'),
 ('93', '9', '10', '1', '2016-11-01 23:00:44', NULL, '2016-11-01 23:00:44', '2016-11-01 23:00:44', '874eafaa-63d2-44af-ac5c-4928777a313b'),
 ('94', '9', '10', '1', '2016-11-01 23:01:15', NULL, '2016-11-01 23:01:15', '2016-11-01 23:01:15', '982f9860-fe2f-4e6d-b650-c72e032429b8'),
 ('95', '9', '10', '1', '2016-11-01 23:01:40', NULL, '2016-11-01 23:01:40', '2016-11-01 23:01:40', '49d20263-bc9d-436e-9808-e5f3f2bf3ae8'),
 ('101', '10', '11', NULL, '2016-11-02 23:39:14', NULL, '2016-11-02 23:30:00', '2016-12-20 19:32:08', '855db4b7-c393-4c20-92aa-f5c53558e71b'),
 ('112', '2', '2', '1', '2016-11-03 21:35:00', NULL, '2016-11-03 21:35:57', '2016-12-20 19:56:03', '374d98af-75e4-403f-a0e4-0fc6c6b2c6f6'),
 ('118', '2', '2', '1', '2016-11-03 21:43:00', NULL, '2016-11-03 21:43:51', '2016-12-20 19:55:54', 'ad848fa9-6677-4fa7-a6e7-b3ef2568ef9b'),
 ('122', '2', '2', '1', '2016-11-03 21:47:00', NULL, '2016-11-03 21:47:05', '2016-12-20 19:55:41', 'dd92d9a8-6158-4009-a442-818316672595'),
 ('201', '3', '3', '46', '2016-11-23 22:01:00', NULL, '2016-11-23 22:01:39', '2016-12-20 19:55:11', '608f14b3-ab5f-41c8-a608-d73bfaa3acf4'),
 ('265', '3', '3', '46', '2016-12-15 22:44:00', NULL, '2016-12-15 22:44:18', '2016-12-20 19:54:58', '452fd2c8-e333-4633-b8e5-4a41e34c100d'),
 ('276', '3', '3', '152', '2016-12-16 19:20:00', NULL, '2016-12-16 19:20:36', '2016-12-20 19:54:51', '4a153b3b-c52f-490a-a476-c865cbbbdfd7'),
 ('294', '3', '3', '151', '2016-12-16 20:42:00', NULL, '2016-12-16 20:42:31', '2016-12-20 19:54:43', 'da65e813-e5ab-4a25-897c-fecffce5d31f'),
 ('307', '3', '3', '47', '2016-12-16 22:51:00', NULL, '2016-12-16 22:51:55', '2016-12-20 19:54:33', '3bdf3bf0-e4fd-423f-ae09-6ccb923b23cb'),
 ('337', '7', '7', '1', '2016-12-20 17:56:26', NULL, '2016-12-20 17:56:26', '2016-12-20 17:56:26', '38cbafb3-796c-4168-8cca-6504c83e9ecc'),
 ('338', '7', '7', '1', '2016-12-20 17:56:43', NULL, '2016-12-20 17:56:44', '2016-12-20 17:56:44', '0b0834b0-5636-446f-8908-6d85ff52004c'),
 ('339', '7', '7', '1', '2016-12-20 17:57:03', NULL, '2016-12-20 17:57:03', '2016-12-20 17:57:03', '6c9737f8-304d-4d9d-8e67-1774895a9440'),
 ('340', '7', '7', '1', '2016-12-20 17:57:17', NULL, '2016-12-20 17:57:17', '2016-12-20 17:57:17', 'eb84832e-66a9-4a6f-8fda-d981628bc207');



DROP TABLE IF EXISTS `craft_entrydrafts`;


--
-- Schema for table `craft_entrydrafts`
--
CREATE TABLE `craft_entrydrafts` (
  `id` int(11) NOT NULL AUTO_INCREMENT,
  `entryId` int(11) NOT NULL,
  `sectionId` int(11) NOT NULL,
  `creatorId` int(11) NOT NULL,
  `locale` char(12) COLLATE utf8_unicode_ci NOT NULL,
  `name` varchar(255) COLLATE utf8_unicode_ci NOT NULL,
  `notes` tinytext COLLATE utf8_unicode_ci,
  `data` mediumtext COLLATE utf8_unicode_ci NOT NULL,
  `dateCreated` datetime NOT NULL,
  `dateUpdated` datetime NOT NULL,
  `uid` char(36) COLLATE utf8_unicode_ci NOT NULL DEFAULT '0',
  PRIMARY KEY (`id`),
  KEY `craft_entrydrafts_entryId_locale_idx` (`entryId`,`locale`),
  KEY `craft_entrydrafts_sectionId_fk` (`sectionId`),
  KEY `craft_entrydrafts_creatorId_fk` (`creatorId`),
  KEY `craft_entrydrafts_locale_fk` (`locale`)
) ENGINE=InnoDB AUTO_INCREMENT=2 DEFAULT CHARSET=utf8 COLLATE=utf8_unicode_ci;

--
-- Data for table `craft_entrydrafts`
--

INSERT INTO `craft_entrydrafts` (`id`, `entryId`, `sectionId`, `creatorId`, `locale`, `name`, `notes`, `data`, `dateCreated`, `dateUpdated`, `uid`) VALUES
 ('1', '16', '3', '1', 'en_us', 'Draft 1', NULL, '{\"typeId\":null,\"authorId\":\"1\",\"title\":\"Oiselle\",\"slug\":\"oiselle-identity\",\"postDate\":1476391140,\"expiryDate\":null,\"enabled\":1,\"parentId\":null,\"fields\":{\"14\":\"\",\"3\":[\"10\",\"11\",\"12\",\"14\"],\"29\":\"#efefef\",\"9\":\"AN\\r\\nINFUSION\\r\\nOF\\r\\nNEW\\r\\nENERGY\",\"7\":[\"40\"],\"4\":\"#ff5822\",\"8\":\"<p class=\\\"large\\\">As they prepared to open their first bricks and mortar store, Oiselle&mdash;a pioneer in women\\u2019s running and athletic fashion&mdash;had a mature brand that needed an infusion of new energy. Turnstyle worked with the Oiselle team to establish an updated identity system and then applied it to a huge range of customer touch points, coordinated to deliver, install and deploy in concert with their store opening in Seattle\\u2019s University Village in the summer of 2015.<\\/p>\",\"10\":{\"137\":{\"type\":\"largeImage\",\"enabled\":\"1\",\"fields\":{\"image\":[\"136\"],\"layoutOptions\":\"framed\",\"verticalSpacingLevel\":\"vertical-spacing-0\"}},\"140\":{\"type\":\"largeImage\",\"enabled\":\"1\",\"fields\":{\"image\":[\"136\"],\"layoutOptions\":\"framed\",\"verticalSpacingLevel\":\"vertical-spacing-1\"}},\"141\":{\"type\":\"insetImage\",\"enabled\":\"1\",\"fields\":{\"image\":[\"136\"],\"imageWidth\":\"50\",\"verticalSpacingLevel\":\"vertical-spacing-2\",\"backgroundColor\":\"#000000\"}},\"142\":{\"type\":\"imageWithDescription\",\"enabled\":\"1\",\"fields\":{\"position\":\"right\",\"image\":[\"136\"],\"imageWidth\":\"100\",\"description\":\"<p class=\\\"large\\\">Donec id elit non mi porta gravida at eget metus. Duis mollis, est non commodo luctus, nisi erat porttitor ligula, eget lacinia odio sem nec elit. Maecenas sed diam eget risus varius blandit sit amet non magna. Morbi leo risus, porta ac consectetur ac, vestibulum at eros.<\\/p>\",\"verticalSpacingLevel\":\"vertical-spacing-2\",\"backgroundColor\":\"#afafaf\"}},\"143\":{\"type\":\"twoUpImages\",\"enabled\":\"1\",\"fields\":{\"leftImage\":[\"136\"],\"rightImage\":[\"136\"],\"verticalSpacingLevel\":\"vertical-spacing-4\"}},\"144\":{\"type\":\"centeredText\",\"enabled\":\"1\",\"fields\":{\"text\":\"<p class=\\\"large\\\">Donec id elit non mi <span class=\\\"blue\\\">porta<\\/span> gravida at eget metus. Duis mollis, est non commodo luctus, nisi erat porttitor ligula, eget lacinia odio sem nec elit. Maecenas sed diam eget risus varius blandit sit amet non magna. Morbi leo risus, porta ac <span class=\\\"white\\\">consectetur<\\/span> ac, vestibulum at eros.<\\/p>\\r\\n\\r\\n<p class=\\\"med\\\">Medium<\\/p>\\r\\n\\r\\n\\r\\n\\r\\n\\r\\n\\r\\n<p class=\\\"caps\\\">Caps<\\/p>\\r\\n\\r\\n\\r\\n\\r\\n\\r\\n\\r\\n<p class=\\\"italic\\\">Italic<\\/p>\\r\\n\\r\\n\\r\\n\\r\\n\\r\\n\\r\\n<p class=\\\"large\\\">Large<\\/p>\\r\\n\\r\\n\\r\\n\\r\\n\\r\\n\\r\\n<p class=\\\"details\\\">Details<\\/p>\\r\\n\\r\\n\\r\\n\\r\\n\\r\\n\\r\\n<p class=\\\"large\\\"><\\/p>\",\"verticalSpacingLevel\":\"vertical-spacing-4\",\"backgroundColor\":\"#efefef\"}},\"145\":{\"type\":\"imageWithDescription\",\"enabled\":\"1\",\"fields\":{\"position\":\"left\",\"image\":[\"136\"],\"imageWidth\":\"50\",\"description\":\"<p class=\\\"large\\\">Donec id elit non mi porta gravida at eget metus. Duis mollis, est non commodo luctus, nisi erat porttitor ligula, eget lacinia odio sem nec elit. Maecenas sed diam eget risus varius blandit sit amet non magna. Morbi leo risus, porta ac consectetur ac, vestibulum at eros.<\\/p>\\r\\n\\r\\n<p class=\\\"large\\\"><\\/p>\",\"verticalSpacingLevel\":\"vertical-spacing-2\",\"backgroundColor\":\"#ff0000\"}}},\"6\":\"Brand Identity System\",\"5\":[\"135\"]}}', '2016-11-16 18:47:10', '2016-11-16 18:47:10', '2802741f-6c22-4dca-93c2-cda1fd911471');



DROP TABLE IF EXISTS `craft_entrytypes`;


--
-- Schema for table `craft_entrytypes`
--
CREATE TABLE `craft_entrytypes` (
  `id` int(11) NOT NULL AUTO_INCREMENT,
  `sectionId` int(11) NOT NULL,
  `fieldLayoutId` int(11) DEFAULT NULL,
  `name` varchar(255) COLLATE utf8_unicode_ci NOT NULL,
  `handle` varchar(255) COLLATE utf8_unicode_ci NOT NULL,
  `hasTitleField` tinyint(1) unsigned NOT NULL DEFAULT '1',
  `titleLabel` varchar(255) COLLATE utf8_unicode_ci DEFAULT 'Title',
  `titleFormat` varchar(255) COLLATE utf8_unicode_ci DEFAULT NULL,
  `sortOrder` smallint(6) unsigned DEFAULT NULL,
  `dateCreated` datetime NOT NULL,
  `dateUpdated` datetime NOT NULL,
  `uid` char(36) COLLATE utf8_unicode_ci NOT NULL DEFAULT '0',
  PRIMARY KEY (`id`),
  UNIQUE KEY `craft_entrytypes_name_sectionId_unq_idx` (`name`,`sectionId`),
  UNIQUE KEY `craft_entrytypes_handle_sectionId_unq_idx` (`handle`,`sectionId`),
  KEY `craft_entrytypes_sectionId_fk` (`sectionId`),
  KEY `craft_entrytypes_fieldLayoutId_fk` (`fieldLayoutId`)
) ENGINE=InnoDB AUTO_INCREMENT=12 DEFAULT CHARSET=utf8 COLLATE=utf8_unicode_ci;

--
-- Data for table `craft_entrytypes`
--

INSERT INTO `craft_entrytypes` (`id`, `sectionId`, `fieldLayoutId`, `name`, `handle`, `hasTitleField`, `titleLabel`, `titleFormat`, `sortOrder`, `dateCreated`, `dateUpdated`, `uid`) VALUES
 ('1', '1', '3', 'Homepage', 'homepage', '1', 'Title', NULL, '1', '2016-10-07 18:01:54', '2016-10-07 18:01:54', '27e11efe-df89-4c90-ac5e-95a2dc185427'),
 ('2', '2', '360', 'Journal', 'journal', '1', 'Title', NULL, '1', '2016-10-07 18:01:54', '2016-12-20 19:58:40', '7d1d2937-cc1e-46c1-b1dd-1c74c394c163'),
 ('3', '3', '359', 'Work Articles', 'workArticles', '1', 'Title', NULL, '1', '2016-10-13 20:24:33', '2016-12-20 19:58:06', '10e5da0a-883f-43eb-99bc-b89555aab784'),
 ('4', '4', '7', 'Work', 'work', '0', NULL, '{section.name|raw}', '1', '2016-10-13 20:24:42', '2016-10-13 20:24:42', '4a54a654-1e01-45fb-ac82-9338ddb52e20'),
 ('5', '5', '122', 'Contact', 'contact', '0', NULL, '{section.name|raw}', '1', '2016-10-18 23:43:07', '2016-11-02 20:47:41', 'bf98a8c7-8605-4bbc-adc6-53aa890be3ef'),
 ('6', '6', '288', 'Journal', 'journal', '0', NULL, '{section.name|raw}', '1', '2016-10-18 23:48:41', '2016-11-22 23:46:07', 'ea078d11-ad86-49d6-909a-70226f68fd67'),
 ('7', '7', '126', 'Studio', 'studio', '1', 'Title', NULL, '1', '2016-11-01 18:30:53', '2016-11-02 23:33:15', '403f82ca-1bfa-4001-8048-25015e04af28'),
 ('9', '8', '111', 'Team', 'team', '1', 'Title', NULL, '1', '2016-11-01 21:39:53', '2016-11-01 21:45:13', '5b9a7eea-5d1e-4973-aada-e6ef6873a371'),
 ('10', '9', '115', 'Adjectives', 'adjectives', '1', 'Title', NULL, '1', '2016-11-01 22:53:15', '2016-11-01 22:53:15', 'e7feb919-ce46-4871-a709-c41ccf747adf'),
 ('11', '10', '258', 'Studio', 'studio', '0', NULL, '{section.name|raw}', '1', '2016-11-02 23:30:00', '2016-11-22 00:53:54', '946ffb3a-d5a8-4089-beca-074a482601fa');



DROP TABLE IF EXISTS `craft_entryversions`;


--
-- Schema for table `craft_entryversions`
--
CREATE TABLE `craft_entryversions` (
  `id` int(11) NOT NULL AUTO_INCREMENT,
  `entryId` int(11) NOT NULL,
  `sectionId` int(11) NOT NULL,
  `creatorId` int(11) DEFAULT NULL,
  `locale` char(12) COLLATE utf8_unicode_ci NOT NULL,
  `num` smallint(6) unsigned NOT NULL,
  `notes` tinytext COLLATE utf8_unicode_ci,
  `data` mediumtext COLLATE utf8_unicode_ci NOT NULL,
  `dateCreated` datetime NOT NULL,
  `dateUpdated` datetime NOT NULL,
  `uid` char(36) COLLATE utf8_unicode_ci NOT NULL DEFAULT '0',
  PRIMARY KEY (`id`),
  KEY `craft_entryversions_entryId_locale_idx` (`entryId`,`locale`),
  KEY `craft_entryversions_sectionId_fk` (`sectionId`),
  KEY `craft_entryversions_creatorId_fk` (`creatorId`),
  KEY `craft_entryversions_locale_fk` (`locale`)
) ENGINE=InnoDB AUTO_INCREMENT=440 DEFAULT CHARSET=utf8 COLLATE=utf8_unicode_ci;

--
-- Data for table `craft_entryversions`
--

INSERT INTO `craft_entryversions` (`id`, `entryId`, `sectionId`, `creatorId`, `locale`, `num`, `notes`, `data`, `dateCreated`, `dateUpdated`, `uid`) VALUES
 ('1', '2', '1', '1', 'en_us', '1', NULL, '{\"typeId\":\"1\",\"authorId\":null,\"title\":\"Homepage\",\"slug\":\"homepage\",\"postDate\":1475863314,\"expiryDate\":null,\"enabled\":1,\"parentId\":null,\"fields\":[]}', '2016-10-07 18:01:54', '2016-10-07 18:01:54', '48efd9b0-1efa-4fd8-a7ce-92a1c1b0ea4c'),
 ('2', '2', '1', '1', 'en_us', '2', NULL, '{\"typeId\":null,\"authorId\":null,\"title\":\"Welcome to Turnstyle.dev!\",\"slug\":\"homepage\",\"postDate\":1475863314,\"expiryDate\":null,\"enabled\":\"1\",\"parentId\":null,\"fields\":{\"1\":\"<p>It\\u2019s true, this site doesn\\u2019t have a whole lot of content yet, but don\\u2019t worry. Our web developers have just installed the CMS, and they\\u2019re setting things up for the content editors this very moment. Soon Turnstyle.dev will be an oasis of fresh perspectives, sharp analyses, and astute opinions that will keep you coming back again and again.<\\/p>\"}}', '2016-10-07 18:01:54', '2016-10-07 18:01:54', 'ca7902ee-af69-45a8-b136-ac55e7d7e34e'),
 ('4', '4', '4', '1', 'en_us', '1', NULL, '{\"typeId\":\"4\",\"authorId\":null,\"title\":\"Work\",\"slug\":\"work\",\"postDate\":1476390282,\"expiryDate\":null,\"enabled\":1,\"parentId\":null,\"fields\":[]}', '2016-10-13 20:24:42', '2016-10-13 20:24:42', 'b5326ce8-297d-4fae-a242-ca9f9cbca90f'),
 ('5', '5', '3', '1', 'en_us', '1', '', '{\"typeId\":null,\"authorId\":\"1\",\"title\":\"Justin Golmer\",\"slug\":\"justin-golmer\",\"postDate\":1476390883,\"expiryDate\":null,\"enabled\":1,\"parentId\":null,\"fields\":[]}', '2016-10-13 20:34:43', '2016-10-13 20:34:43', '483c88f7-39c9-40bd-a312-57a7a9569559'),
 ('6', '6', '3', '1', 'en_us', '1', '', '{\"typeId\":null,\"authorId\":\"1\",\"title\":\"Oiselle\",\"slug\":\"oiselle\",\"postDate\":1476390889,\"expiryDate\":null,\"enabled\":1,\"parentId\":null,\"fields\":[]}', '2016-10-13 20:34:49', '2016-10-13 20:34:49', '5d889d10-a75b-4cda-8e98-3d90d7bd1797'),
 ('7', '7', '3', '1', 'en_us', '1', '', '{\"typeId\":null,\"authorId\":\"1\",\"title\":\"Grayl\",\"slug\":\"grayl\",\"postDate\":1476390898,\"expiryDate\":null,\"enabled\":1,\"parentId\":null,\"fields\":[]}', '2016-10-13 20:34:58', '2016-10-13 20:34:58', '698a7fd9-8e54-4479-9d0f-22324fdf36b6'),
 ('8', '8', '3', '1', 'en_us', '1', '', '{\"typeId\":null,\"authorId\":\"1\",\"title\":\"Teague\",\"slug\":\"teague\",\"postDate\":1476390908,\"expiryDate\":null,\"enabled\":1,\"parentId\":null,\"fields\":[]}', '2016-10-13 20:35:08', '2016-10-13 20:35:08', 'c4a7e17a-e9c1-436a-b623-ce72bddf50c5'),
 ('9', '8', '3', '1', 'en_us', '2', '', '{\"typeId\":\"3\",\"authorId\":\"1\",\"title\":\"Strategy Entry\",\"slug\":\"strategy-entry\",\"postDate\":1476390900,\"expiryDate\":null,\"enabled\":1,\"parentId\":null,\"fields\":{\"3\":[\"9\"]}}', '2016-10-13 20:38:16', '2016-10-13 20:38:16', '956f908a-8f81-4652-923b-80a71feaf75b'),
 ('10', '7', '3', '1', 'en_us', '2', '', '{\"typeId\":\"3\",\"authorId\":\"1\",\"title\":\"Identity Entry\",\"slug\":\"identity-entry\",\"postDate\":1476390840,\"expiryDate\":null,\"enabled\":1,\"parentId\":null,\"fields\":{\"3\":[\"10\"]}}', '2016-10-13 20:38:32', '2016-10-13 20:38:32', '673cf2bf-1ccf-4c60-b055-5ab43e1ee982'),
 ('11', '6', '3', '1', 'en_us', '2', '', '{\"typeId\":\"3\",\"authorId\":\"1\",\"title\":\"Digital Entry\",\"slug\":\"digital-entry\",\"postDate\":1476390840,\"expiryDate\":null,\"enabled\":1,\"parentId\":null,\"fields\":{\"3\":[\"11\"]}}', '2016-10-13 20:38:47', '2016-10-13 20:38:47', 'b97604e0-bcc2-4fe7-9a6a-95cf940a8e63'),
 ('12', '5', '3', '1', 'en_us', '2', '', '{\"typeId\":\"3\",\"authorId\":\"1\",\"title\":\"Print Entry\",\"slug\":\"print-entry\",\"postDate\":1476390840,\"expiryDate\":null,\"enabled\":1,\"parentId\":null,\"fields\":{\"3\":[\"12\"]}}', '2016-10-13 20:39:01', '2016-10-13 20:39:01', '5eb9d68e-6529-4abc-b9cd-a8c9f13789da'),
 ('13', '15', '3', '1', 'en_us', '1', '', '{\"typeId\":null,\"authorId\":\"1\",\"title\":\"Packaging Entry\",\"slug\":\"packaging-entry\",\"postDate\":1476391153,\"expiryDate\":null,\"enabled\":1,\"parentId\":null,\"fields\":{\"3\":[\"13\"]}}', '2016-10-13 20:39:13', '2016-10-13 20:39:13', '2aa98a82-723d-45df-bcdd-ea54349bd161'),
 ('14', '16', '3', '1', 'en_us', '1', '', '{\"typeId\":null,\"authorId\":\"1\",\"title\":\"Environment Entry\",\"slug\":\"environment-entry\",\"postDate\":1476391174,\"expiryDate\":null,\"enabled\":1,\"parentId\":null,\"fields\":{\"3\":[\"14\"]}}', '2016-10-13 20:39:34', '2016-10-13 20:39:34', '7e177375-4f49-4820-856a-4a89746cb50d'),
 ('15', '16', '3', '1', 'en_us', '2', '', '{\"typeId\":\"3\",\"authorId\":\"1\",\"title\":\"Environment Entry\",\"slug\":\"environment-entry\",\"postDate\":1476391140,\"expiryDate\":null,\"enabled\":1,\"parentId\":null,\"fields\":{\"3\":[\"14\"],\"4\":\"#ff24ac\",\"5\":\"\"}}', '2016-10-13 23:03:59', '2016-10-13 23:03:59', '18a09c70-3292-48dd-992b-c28376e3fd1a'),
 ('16', '15', '3', '1', 'en_us', '2', '', '{\"typeId\":\"3\",\"authorId\":\"1\",\"title\":\"Packaging Entry\",\"slug\":\"packaging-entry\",\"postDate\":1476391140,\"expiryDate\":null,\"enabled\":1,\"parentId\":null,\"fields\":{\"3\":[\"13\"],\"4\":\"#000000\",\"6\":\"Project Title Here\",\"5\":[\"21\"]}}', '2016-10-13 23:27:29', '2016-10-13 23:27:29', 'de589435-2502-43b4-8ccd-080d47de7035'),
 ('17', '16', '3', '1', 'en_us', '3', '', '{\"typeId\":\"3\",\"authorId\":\"1\",\"title\":\"Environment Entry\",\"slug\":\"environment-entry\",\"postDate\":1476391140,\"expiryDate\":null,\"enabled\":1,\"parentId\":null,\"fields\":{\"3\":[\"14\"],\"4\":\"#ff24ac\",\"6\":\"Longer Project Title Goes Here\",\"5\":[\"22\"]}}', '2016-10-13 23:27:46', '2016-10-13 23:27:46', 'a79c2794-89ef-4099-93c9-0660766c5d88'),
 ('18', '8', '3', '1', 'en_us', '3', '', '{\"typeId\":\"3\",\"authorId\":\"1\",\"title\":\"Strategy Entry\",\"slug\":\"strategy-entry\",\"postDate\":1476390900,\"expiryDate\":null,\"enabled\":1,\"parentId\":null,\"fields\":{\"3\":[\"9\"],\"4\":\"#000000\",\"6\":\"Project Title\",\"5\":[\"23\"]}}', '2016-10-13 23:27:59', '2016-10-13 23:27:59', '366cd179-b38d-442c-8572-c1618e1849a1'),
 ('19', '5', '3', '1', 'en_us', '3', '', '{\"typeId\":\"3\",\"authorId\":\"1\",\"title\":\"Print Entry\",\"slug\":\"print-entry\",\"postDate\":1476390840,\"expiryDate\":null,\"enabled\":1,\"parentId\":null,\"fields\":{\"3\":[\"12\"],\"4\":\"#000000\",\"6\":\"Cool Print Project Title \",\"5\":[\"24\"]}}', '2016-10-13 23:28:20', '2016-10-13 23:28:20', '4b877068-112d-4148-ad8b-be8cbb016361'),
 ('20', '6', '3', '1', 'en_us', '3', '', '{\"typeId\":\"3\",\"authorId\":\"1\",\"title\":\"Digital Entry\",\"slug\":\"digital-entry\",\"postDate\":1476390840,\"expiryDate\":null,\"enabled\":1,\"parentId\":null,\"fields\":{\"3\":[\"11\"],\"4\":\"#000000\",\"6\":\"Sweet Mother of Digital\",\"5\":[\"22\"]}}', '2016-10-13 23:28:42', '2016-10-13 23:28:42', '02b0d1b4-dd97-4608-a807-d3cc93f67181'),
 ('21', '7', '3', '1', 'en_us', '3', '', '{\"typeId\":\"3\",\"authorId\":\"1\",\"title\":\"Identity Entry\",\"slug\":\"identity-entry\",\"postDate\":1476390840,\"expiryDate\":null,\"enabled\":1,\"parentId\":null,\"fields\":{\"3\":[\"10\"],\"4\":\"#000000\",\"6\":\"Mr Robot\",\"5\":[\"24\"]}}', '2016-10-13 23:28:57', '2016-10-13 23:28:57', 'e78bebea-e843-4e62-8c82-879e20524fa8'),
 ('22', '15', '3', '1', 'en_us', '3', '', '{\"typeId\":\"3\",\"authorId\":\"1\",\"title\":\"Packaging Entry\",\"slug\":\"packaging-entry\",\"postDate\":1476391140,\"expiryDate\":null,\"enabled\":1,\"parentId\":null,\"fields\":{\"14\":[{\"col1\":\"Recogonition\",\"col2\":\"Print Regional Design Annual 2015\"}],\"3\":[\"13\"],\"9\":\"Wake\\r\\nStyle\\r\\nshoot\\r\\ndo it all\\r\\nagain\",\"7\":[\"26\"],\"4\":\"#000000\",\"8\":\"<p>Justin Gollmer, one of our go-to photography partners, asked us design a ten-year retrospective promotional brochure. <em>Wake, Style, Shoot, Do It All Again<\\/em> is a collection of images highlighting his work behind, beside, and around the camera. The brochure is divided into four sections that blur the lines between Gollmer\\u2019s personal and commercial work: people, action, travel, and product. Short sheets bound to the exterior provide thumbnail image guides to each section with captions for each image.<\\/p>\",\"10\":\"\",\"6\":\"Project Title Here\",\"5\":[\"21\"]}}', '2016-10-17 20:29:57', '2016-10-17 20:29:57', '53a7e1f6-8075-4b0f-ba6d-5102c337fb6e'),
 ('23', '15', '3', '1', 'en_us', '4', '', '{\"typeId\":\"3\",\"authorId\":\"1\",\"title\":\"Packaging Entry\",\"slug\":\"packaging-entry\",\"postDate\":1476391140,\"expiryDate\":null,\"enabled\":1,\"parentId\":null,\"fields\":{\"14\":[{\"col1\":\"Recogonition\",\"col2\":\"Print Regional Design Annual 2015\"}],\"3\":[\"13\"],\"9\":\"Wake\\r\\nStyle\\r\\nshoot\\r\\ndo it all\\r\\nagain\",\"7\":[\"26\"],\"4\":\"#000000\",\"8\":\"<p>Justin Gollmer, one of our go-to photography partners, asked us design a ten-year retrospective promotional brochure. <em>Wake, Style, Shoot, Do It All Again<\\/em> is a collection of images highlighting his work behind, beside, and around the camera. The brochure is divided into four sections that blur the lines between Gollmer\\u2019s personal and commercial work: people, action, travel, and product. Short sheets bound to the exterior provide thumbnail image guides to each section with captions for each image.<\\/p>\",\"10\":{\"new1\":{\"type\":\"largeImage\",\"enabled\":\"1\",\"fields\":{\"image\":[\"27\"],\"layoutOptions\":\"full-width\",\"verticalSpacingLevel\":\"vertical-spacing-0\"}}},\"6\":\"Project Title Here\",\"5\":[\"21\"]}}', '2016-10-17 20:30:09', '2016-10-17 20:30:09', '290e4ce4-adae-4d49-8107-33c1c1ec6710'),
 ('24', '15', '3', '1', 'en_us', '5', '', '{\"typeId\":\"3\",\"authorId\":\"1\",\"title\":\"Packaging Entry\",\"slug\":\"packaging-entry\",\"postDate\":1476391140,\"expiryDate\":null,\"enabled\":1,\"parentId\":null,\"fields\":{\"14\":[{\"col1\":\"Recogonition\",\"col2\":\"Print Regional Design Annual 2015\"}],\"9\":\"Wake\\r\\nStyle\\r\\nshoot\\r\\ndo it all\\r\\nagain\",\"7\":[\"26\"],\"4\":\"#000000\",\"8\":\"<p>Justin Gollmer, one of our go-to photography partners, asked us design a ten-year retrospective promotional brochure. <em>Wake, Style, Shoot, Do It All Again<\\/em> is a collection of images highlighting his work behind, beside, and around the camera. The brochure is divided into four sections that blur the lines between Gollmer\\u2019s personal and commercial work: people, action, travel, and product. Short sheets bound to the exterior provide thumbnail image guides to each section with captions for each image.<\\/p>\",\"10\":{\"28\":{\"type\":\"largeImage\",\"enabled\":\"1\",\"fields\":{\"image\":[\"27\"],\"layoutOptions\":\"full-width\",\"verticalSpacingLevel\":\"vertical-spacing-0\"}}},\"6\":\"Project Title Here\",\"5\":[\"21\"]}}', '2016-10-17 20:54:38', '2016-10-17 20:54:38', 'b4dc8f73-6157-4722-bdce-5d6ed59c4177'),
 ('25', '15', '3', '1', 'en_us', '6', '', '{\"typeId\":\"3\",\"authorId\":\"1\",\"title\":\"Packaging Entry\",\"slug\":\"packaging-entry\",\"postDate\":1476391140,\"expiryDate\":null,\"enabled\":1,\"parentId\":null,\"fields\":{\"14\":[{\"col1\":\"Recogonition\",\"col2\":\"Print Regional Design Annual 2015\"}],\"3\":[\"9\",\"13\"],\"9\":\"Wake\\r\\nStyle\\r\\nshoot\\r\\ndo it all\\r\\nagain\",\"7\":[\"26\"],\"4\":\"#000000\",\"8\":\"<p>Justin Gollmer, one of our go-to photography partners, asked us design a ten-year retrospective promotional brochure. <em>Wake, Style, Shoot, Do It All Again<\\/em> is a collection of images highlighting his work behind, beside, and around the camera. The brochure is divided into four sections that blur the lines between Gollmer\\u2019s personal and commercial work: people, action, travel, and product. Short sheets bound to the exterior provide thumbnail image guides to each section with captions for each image.<\\/p>\",\"10\":{\"28\":{\"type\":\"largeImage\",\"enabled\":\"1\",\"fields\":{\"image\":[\"27\"],\"layoutOptions\":\"full-width\",\"verticalSpacingLevel\":\"vertical-spacing-0\"}}},\"6\":\"Project Title Here\",\"5\":[\"21\"]}}', '2016-10-17 20:55:06', '2016-10-17 20:55:06', '53ff17da-0e77-4139-8989-7f5cbdc6483c'),
 ('26', '15', '3', '1', 'en_us', '7', '', '{\"typeId\":\"3\",\"authorId\":\"1\",\"title\":\"Packaging Entry\",\"slug\":\"packaging-entry\",\"postDate\":1476391140,\"expiryDate\":null,\"enabled\":1,\"parentId\":null,\"fields\":{\"14\":[{\"col1\":\"Recogonition\",\"col2\":\"Print Regional Design Annual 2015\"}],\"3\":[\"13\"],\"9\":\"Wake\\r\\nStyle\\r\\nshoot\\r\\ndo it all\\r\\nagain\",\"7\":[\"26\"],\"4\":\"#000000\",\"8\":\"<p>Justin Gollmer, one of our go-to photography partners, asked us design a ten-year retrospective promotional brochure. <em>Wake, Style, Shoot, Do It All Again<\\/em> is a collection of images highlighting his work behind, beside, and around the camera. The brochure is divided into four sections that blur the lines between Gollmer\\u2019s personal and commercial work: people, action, travel, and product. Short sheets bound to the exterior provide thumbnail image guides to each section with captions for each image.<\\/p>\",\"10\":{\"28\":{\"type\":\"largeImage\",\"enabled\":\"1\",\"fields\":{\"image\":[\"27\"],\"layoutOptions\":\"framed\",\"verticalSpacingLevel\":\"vertical-spacing-0\"}}},\"6\":\"Project Title Here\",\"5\":[\"21\"]}}', '2016-10-17 21:01:04', '2016-10-17 21:01:04', 'b7ebaf93-4002-4372-adb4-33ab6b37003d'),
 ('27', '15', '3', '1', 'en_us', '8', '', '{\"typeId\":\"3\",\"authorId\":\"1\",\"title\":\"Packaging Entry\",\"slug\":\"packaging-entry\",\"postDate\":1476391140,\"expiryDate\":null,\"enabled\":1,\"parentId\":null,\"fields\":{\"14\":[{\"col1\":\"Recogonition\",\"col2\":\"Print Regional Design Annual 2015\"}],\"3\":[\"13\"],\"9\":\"Wake\\r\\nStyle\\r\\nshoot\\r\\ndo it all\\r\\nagain\",\"7\":[\"26\"],\"4\":\"#000000\",\"8\":\"<p>Justin Gollmer, one of our go-to photography partners, asked us design a ten-year retrospective promotional brochure. <em>Wake, Style, Shoot, Do It All Again<\\/em> is a collection of images highlighting his work behind, beside, and around the camera. The brochure is divided into four sections that blur the lines between Gollmer\\u2019s personal and commercial work: people, action, travel, and product. Short sheets bound to the exterior provide thumbnail image guides to each section with captions for each image.<\\/p>\",\"10\":{\"28\":{\"type\":\"largeImage\",\"enabled\":\"1\",\"fields\":{\"image\":[\"27\"],\"layoutOptions\":\"framed\",\"verticalSpacingLevel\":\"vertical-spacing-5\"}}},\"6\":\"Project Title Here\",\"5\":[\"21\"]}}', '2016-10-17 21:01:50', '2016-10-17 21:01:50', '0b719630-f043-41d6-a213-eef4b0254534'),
 ('28', '15', '3', '1', 'en_us', '9', '', '{\"typeId\":\"3\",\"authorId\":\"1\",\"title\":\"Packaging Entry\",\"slug\":\"packaging-entry\",\"postDate\":1476391140,\"expiryDate\":null,\"enabled\":1,\"parentId\":null,\"fields\":{\"14\":[{\"col1\":\"Recogonition\",\"col2\":\"Print Regional Design Annual 2015\"}],\"3\":[\"13\"],\"9\":\"Wake\\r\\nStyle\\r\\nshoot\\r\\ndo it all\\r\\nagain\",\"7\":[\"26\"],\"4\":\"#000000\",\"8\":\"<p>Justin Gollmer, one of our go-to photography partners, asked us design a ten-year retrospective promotional brochure. <em>Wake, Style, Shoot, Do It All Again<\\/em> is a collection of images highlighting his work behind, beside, and around the camera. The brochure is divided into four sections that blur the lines between Gollmer\\u2019s personal and commercial work: people, action, travel, and product. Short sheets bound to the exterior provide thumbnail image guides to each section with captions for each image.<\\/p>\",\"10\":{\"28\":{\"type\":\"largeImage\",\"enabled\":\"1\",\"fields\":{\"image\":[\"27\"],\"layoutOptions\":\"framed\",\"verticalSpacingLevel\":\"vertical-spacing-5\"}}},\"6\":\"Project Title Here\",\"5\":[\"21\"]}}', '2016-10-17 21:02:12', '2016-10-17 21:02:12', '07e4a68b-751d-41fc-a783-4175b0d648b4'),
 ('29', '15', '3', '1', 'en_us', '10', '', '{\"typeId\":\"3\",\"authorId\":\"1\",\"title\":\"Packaging Entry\",\"slug\":\"packaging-entry\",\"postDate\":1476391140,\"expiryDate\":null,\"enabled\":1,\"parentId\":null,\"fields\":{\"14\":[{\"col1\":\"Recogonition\",\"col2\":\"Print Regional Design Annual 2015\"}],\"3\":[\"13\"],\"9\":\"Wake\\r\\nStyle\\r\\nshoot\\r\\ndo it all\\r\\nagain\",\"7\":[\"26\"],\"4\":\"#000000\",\"8\":\"<p>Justin Gollmer, one of our go-to photography partners, asked us design a ten-year retrospective promotional brochure. <em>Wake, Style, Shoot, Do It All Again<\\/em> is a collection of images highlighting his work behind, beside, and around the camera. The brochure is divided into four sections that blur the lines between Gollmer\\u2019s personal and commercial work: people, action, travel, and product. Short sheets bound to the exterior provide thumbnail image guides to each section with captions for each image.<\\/p>\",\"10\":{\"28\":{\"type\":\"largeImage\",\"enabled\":\"1\",\"fields\":{\"image\":[\"27\"],\"layoutOptions\":\"framed\",\"verticalSpacingLevel\":\"vertical-spacing-0\"}}},\"6\":\"Project Title Here\",\"5\":[\"21\"]}}', '2016-10-17 21:02:19', '2016-10-17 21:02:19', 'dfe442d5-49fa-4c14-9543-05c321182b07'),
 ('30', '15', '3', '1', 'en_us', '11', '', '{\"typeId\":\"3\",\"authorId\":\"1\",\"title\":\"Packaging Entry\",\"slug\":\"packaging-entry\",\"postDate\":1476391140,\"expiryDate\":null,\"enabled\":1,\"parentId\":null,\"fields\":{\"14\":[{\"col1\":\"Recogonition\",\"col2\":\"Print Regional Design Annual 2015\"}],\"3\":[\"13\"],\"9\":\"Wake\\r\\nStyle\\r\\nshoot\\r\\ndo it all\\r\\nagain\",\"7\":[\"26\"],\"4\":\"#000000\",\"8\":\"<p>Justin Gollmer, one of our go-to photography partners, asked us design a ten-year retrospective promotional brochure. <em>Wake, Style, Shoot, Do It All Again<\\/em> is a collection of images highlighting his work behind, beside, and around the camera. The brochure is divided into four sections that blur the lines between Gollmer\\u2019s personal and commercial work: people, action, travel, and product. Short sheets bound to the exterior provide thumbnail image guides to each section with captions for each image.<\\/p>\",\"10\":{\"28\":{\"type\":\"largeImage\",\"enabled\":\"1\",\"fields\":{\"image\":[\"27\"],\"layoutOptions\":\"full-width\",\"verticalSpacingLevel\":\"vertical-spacing-0\"}}},\"6\":\"Project Title Here\",\"5\":[\"21\"]}}', '2016-10-17 21:02:42', '2016-10-17 21:02:42', '4a45fa40-8057-4eb2-a1c7-33dcf0d1fbac'),
 ('31', '15', '3', '1', 'en_us', '12', '', '{\"typeId\":\"3\",\"authorId\":\"1\",\"title\":\"Packaging Entry\",\"slug\":\"packaging-entry\",\"postDate\":1476391140,\"expiryDate\":null,\"enabled\":1,\"parentId\":null,\"fields\":{\"14\":[{\"col1\":\"Recogonition\",\"col2\":\"Print Regional Design Annual 2015\"}],\"3\":[\"13\"],\"9\":\"Wake\\r\\nStyle\\r\\nshoot\\r\\ndo it all\\r\\nagain\",\"7\":[\"26\"],\"4\":\"#000000\",\"8\":\"<p>Justin Gollmer, one of our go-to photography partners, asked us design a ten-year retrospective promotional brochure. <em>Wake, Style, Shoot, Do It All Again<\\/em> is a collection of images highlighting his work behind, beside, and around the camera. The brochure is divided into four sections that blur the lines between Gollmer\\u2019s personal and commercial work: people, action, travel, and product. Short sheets bound to the exterior provide thumbnail image guides to each section with captions for each image.<\\/p>\",\"10\":{\"28\":{\"type\":\"largeImage\",\"enabled\":\"1\",\"fields\":{\"image\":[\"27\"],\"layoutOptions\":\"full-width\",\"verticalSpacingLevel\":\"vertical-spacing-0\"}},\"new1\":{\"type\":\"insetImage\",\"enabled\":\"1\",\"fields\":{\"image\":[\"30\"],\"verticalSpacingLevel\":\"vertical-spacing-0\",\"backgroundColor\":\"\"}}},\"6\":\"Project Title Here\",\"5\":[\"21\"]}}', '2016-10-17 21:07:10', '2016-10-17 21:07:10', '33800cd2-eae4-4f1c-9fa8-fa8cf3675a67'),
 ('32', '15', '3', '1', 'en_us', '13', '', '{\"typeId\":\"3\",\"authorId\":\"1\",\"title\":\"Packaging Entry\",\"slug\":\"packaging-entry\",\"postDate\":1476391140,\"expiryDate\":null,\"enabled\":1,\"parentId\":null,\"fields\":{\"14\":[{\"col1\":\"Recogonition\",\"col2\":\"Print Regional Design Annual 2015\"}],\"3\":[\"13\"],\"9\":\"Wake\\r\\nStyle\\r\\nshoot\\r\\ndo it all\\r\\nagain\",\"7\":[\"26\"],\"4\":\"#000000\",\"8\":\"<p>Justin Gollmer, one of our go-to photography partners, asked us design a ten-year retrospective promotional brochure. <em>Wake, Style, Shoot, Do It All Again<\\/em> is a collection of images highlighting his work behind, beside, and around the camera. The brochure is divided into four sections that blur the lines between Gollmer\\u2019s personal and commercial work: people, action, travel, and product. Short sheets bound to the exterior provide thumbnail image guides to each section with captions for each image.<\\/p>\",\"10\":{\"28\":{\"type\":\"largeImage\",\"enabled\":\"1\",\"fields\":{\"image\":[\"27\"],\"layoutOptions\":\"full-width\",\"verticalSpacingLevel\":\"vertical-spacing-0\"}},\"31\":{\"type\":\"insetImage\",\"enabled\":\"1\",\"fields\":{\"image\":[\"30\"],\"verticalSpacingLevel\":\"vertical-spacing-0\",\"backgroundColor\":\"#d6ff2e\"}}},\"6\":\"Project Title Here\",\"5\":[\"21\"]}}', '2016-10-17 21:07:52', '2016-10-17 21:07:52', '16aaf61b-7317-4ae8-b50f-9d63e2557465'),
 ('33', '15', '3', '1', 'en_us', '14', '', '{\"typeId\":\"3\",\"authorId\":\"1\",\"title\":\"Packaging Entry\",\"slug\":\"packaging-entry\",\"postDate\":1476391140,\"expiryDate\":null,\"enabled\":1,\"parentId\":null,\"fields\":{\"14\":[{\"col1\":\"Recogonition\",\"col2\":\"Print Regional Design Annual 2015\"}],\"3\":[\"13\"],\"9\":\"Wake\\r\\nStyle\\r\\nshoot\\r\\ndo it all\\r\\nagain\",\"7\":[\"26\"],\"4\":\"#000000\",\"8\":\"<p>Justin Gollmer, one of our go-to photography partners, asked us design a ten-year retrospective promotional brochure. <em>Wake, Style, Shoot, Do It All Again<\\/em> is a collection of images highlighting his work behind, beside, and around the camera. The brochure is divided into four sections that blur the lines between Gollmer\\u2019s personal and commercial work: people, action, travel, and product. Short sheets bound to the exterior provide thumbnail image guides to each section with captions for each image.<\\/p>\",\"10\":{\"28\":{\"type\":\"largeImage\",\"enabled\":\"1\",\"fields\":{\"image\":[\"27\"],\"layoutOptions\":\"full-width\",\"verticalSpacingLevel\":\"vertical-spacing-0\"}},\"31\":{\"type\":\"insetImage\",\"enabled\":\"1\",\"fields\":{\"image\":[\"30\"],\"verticalSpacingLevel\":\"vertical-spacing-2\",\"backgroundColor\":\"#d6ff2e\"}}},\"6\":\"Project Title Here\",\"5\":[\"21\"]}}', '2016-10-17 21:09:01', '2016-10-17 21:09:01', '578deeb6-bc97-47b7-be5c-23153499d060'),
 ('34', '15', '3', '1', 'en_us', '15', '', '{\"typeId\":\"3\",\"authorId\":\"1\",\"title\":\"Packaging Entry\",\"slug\":\"packaging-entry\",\"postDate\":1476391140,\"expiryDate\":null,\"enabled\":1,\"parentId\":null,\"fields\":{\"14\":[{\"col1\":\"Recogonition\",\"col2\":\"Print Regional Design Annual 2015\"}],\"3\":[\"13\"],\"9\":\"Wake\\r\\nStyle\\r\\nshoot\\r\\ndo it all\\r\\nagain\",\"7\":[\"26\"],\"4\":\"#000000\",\"8\":\"<p>Justin Gollmer, one of our go-to photography partners, asked us design a ten-year retrospective promotional brochure. <em>Wake, Style, Shoot, Do It All Again<\\/em> is a collection of images highlighting his work behind, beside, and around the camera. The brochure is divided into four sections that blur the lines between Gollmer\\u2019s personal and commercial work: people, action, travel, and product. Short sheets bound to the exterior provide thumbnail image guides to each section with captions for each image.<\\/p>\",\"10\":{\"28\":{\"type\":\"largeImage\",\"enabled\":\"1\",\"fields\":{\"image\":[\"27\"],\"layoutOptions\":\"full-width\",\"verticalSpacingLevel\":\"vertical-spacing-0\"}},\"31\":{\"type\":\"insetImage\",\"enabled\":\"1\",\"fields\":{\"image\":[\"30\"],\"verticalSpacingLevel\":\"vertical-spacing-2\",\"backgroundColor\":\"#d6ff2e\"}},\"new1\":{\"type\":\"imageWithDescription\",\"enabled\":\"1\",\"fields\":{\"position\":\"left\",\"image\":[\"30\"],\"description\":\"<p>Subtitle<\\/p>\\r\\n\\r\\n<p>Donec id elit non mi porta gravida at eget metus. Fusce dapibus, tellus ac cursus commodo, tortor mauris condimentum nibh, ut fermentum massa justo sit amet risus. Etiam porta sem malesuada magna mollis euismod. Lorem ipsum dolor sit.<\\/p>\"}}},\"6\":\"Project Title Here\",\"5\":[\"21\"]}}', '2016-10-17 21:25:01', '2016-10-17 21:25:01', '64394428-3bbd-4617-8eb5-0f7b5075a60e'),
 ('35', '15', '3', '1', 'en_us', '16', '', '{\"typeId\":\"3\",\"authorId\":\"1\",\"title\":\"Packaging Entry\",\"slug\":\"packaging-entry\",\"postDate\":1476391140,\"expiryDate\":null,\"enabled\":1,\"parentId\":null,\"fields\":{\"14\":[{\"col1\":\"Recogonition\",\"col2\":\"Print Regional Design Annual 2015\"}],\"3\":[\"13\"],\"9\":\"Wake\\r\\nStyle\\r\\nshoot\\r\\ndo it all\\r\\nagain\",\"7\":[\"26\"],\"4\":\"#000000\",\"8\":\"<p>Justin Gollmer, one of our go-to photography partners, asked us design a ten-year retrospective promotional brochure. <em>Wake, Style, Shoot, Do It All Again<\\/em> is a collection of images highlighting his work behind, beside, and around the camera. The brochure is divided into four sections that blur the lines between Gollmer\\u2019s personal and commercial work: people, action, travel, and product. Short sheets bound to the exterior provide thumbnail image guides to each section with captions for each image.<\\/p>\",\"10\":{\"28\":{\"type\":\"largeImage\",\"enabled\":\"1\",\"fields\":{\"image\":[\"27\"],\"layoutOptions\":\"full-width\",\"verticalSpacingLevel\":\"vertical-spacing-0\"}},\"31\":{\"type\":\"insetImage\",\"enabled\":\"1\",\"fields\":{\"image\":[\"30\"],\"verticalSpacingLevel\":\"vertical-spacing-2\",\"backgroundColor\":\"#d6ff2e\"}},\"32\":{\"type\":\"imageWithDescription\",\"enabled\":\"1\",\"fields\":{\"position\":\"left\",\"image\":[\"30\"],\"description\":\"<p>Subtitle<\\/p>\\r\\n\\r\\n<p>Donec id elit non mi porta gravida at eget metus. Fusce dapibus, tellus ac cursus commodo, tortor mauris condimentum nibh, ut fermentum massa justo sit amet risus. Etiam porta sem malesuada magna mollis euismod. Lorem ipsum dolor sit.<\\/p>\",\"verticalSpacingLevel\":\"vertical-spacing-2\"}}},\"6\":\"Project Title Here\",\"5\":[\"21\"]}}', '2016-10-17 21:26:38', '2016-10-17 21:26:38', 'a9ee40b0-0c8e-420f-973a-327b7ccf7602'),
 ('36', '15', '3', '1', 'en_us', '17', '', '{\"typeId\":\"3\",\"authorId\":\"1\",\"title\":\"Packaging Entry\",\"slug\":\"packaging-entry\",\"postDate\":1476391140,\"expiryDate\":null,\"enabled\":1,\"parentId\":null,\"fields\":{\"14\":[{\"col1\":\"Recogonition\",\"col2\":\"Print Regional Design Annual 2015\"}],\"3\":[\"13\"],\"9\":\"Wake\\r\\nStyle\\r\\nshoot\\r\\ndo it all\\r\\nagain\",\"7\":[\"26\"],\"4\":\"#000000\",\"8\":\"<p>Justin Gollmer, one of our go-to photography partners, asked us design a ten-year retrospective promotional brochure. <em>Wake, Style, Shoot, Do It All Again<\\/em> is a collection of images highlighting his work behind, beside, and around the camera. The brochure is divided into four sections that blur the lines between Gollmer\\u2019s personal and commercial work: people, action, travel, and product. Short sheets bound to the exterior provide thumbnail image guides to each section with captions for each image.<\\/p>\",\"10\":{\"28\":{\"type\":\"largeImage\",\"enabled\":\"1\",\"fields\":{\"image\":[\"27\"],\"layoutOptions\":\"full-width\",\"verticalSpacingLevel\":\"vertical-spacing-0\"}},\"31\":{\"type\":\"insetImage\",\"enabled\":\"1\",\"fields\":{\"image\":[\"30\"],\"verticalSpacingLevel\":\"vertical-spacing-2\",\"backgroundColor\":\"#d6ff2e\"}},\"32\":{\"type\":\"imageWithDescription\",\"enabled\":\"1\",\"fields\":{\"position\":\"right\",\"image\":[\"30\"],\"description\":\"<p>Subtitle<\\/p>\\r\\n\\r\\n<p>Donec id elit non mi porta gravida at eget metus. Fusce dapibus, tellus ac cursus commodo, tortor mauris condimentum nibh, ut fermentum massa justo sit amet risus. Etiam porta sem malesuada magna mollis euismod. Lorem ipsum dolor sit.<\\/p>\",\"verticalSpacingLevel\":\"vertical-spacing-2\"}}},\"6\":\"Project Title Here\",\"5\":[\"21\"]}}', '2016-10-17 21:42:40', '2016-10-17 21:42:40', '7d237936-9497-4b3f-931b-95876fa7f7f1'),
 ('37', '15', '3', '1', 'en_us', '18', '', '{\"typeId\":\"3\",\"authorId\":\"1\",\"title\":\"Packaging Entry\",\"slug\":\"packaging-entry\",\"postDate\":1476391140,\"expiryDate\":null,\"enabled\":1,\"parentId\":null,\"fields\":{\"14\":[{\"col1\":\"Recogonition\",\"col2\":\"Print Regional Design Annual 2015\"}],\"3\":[\"13\"],\"9\":\"Wake\\r\\nStyle\\r\\nshoot\\r\\ndo it all\\r\\nagain\",\"7\":[\"26\"],\"4\":\"#000000\",\"8\":\"<p>Justin Gollmer, one of our go-to photography partners, asked us design a ten-year retrospective promotional brochure. <em>Wake, Style, Shoot, Do It All Again<\\/em> is a collection of images highlighting his work behind, beside, and around the camera. The brochure is divided into four sections that blur the lines between Gollmer\\u2019s personal and commercial work: people, action, travel, and product. Short sheets bound to the exterior provide thumbnail image guides to each section with captions for each image.<\\/p>\",\"10\":{\"28\":{\"type\":\"largeImage\",\"enabled\":\"1\",\"fields\":{\"image\":[\"27\"],\"layoutOptions\":\"full-width\",\"verticalSpacingLevel\":\"vertical-spacing-0\"}},\"31\":{\"type\":\"insetImage\",\"enabled\":\"1\",\"fields\":{\"image\":[\"30\"],\"verticalSpacingLevel\":\"vertical-spacing-2\",\"backgroundColor\":\"#d6ff2e\"}},\"32\":{\"type\":\"imageWithDescription\",\"enabled\":\"1\",\"fields\":{\"position\":\"left\",\"image\":[\"30\"],\"description\":\"<p>Subtitle<\\/p>\\r\\n\\r\\n<p>Donec id elit non mi porta gravida at eget metus. Fusce dapibus, tellus ac cursus commodo, tortor mauris condimentum nibh, ut fermentum massa justo sit amet risus. Etiam porta sem malesuada magna mollis euismod. Lorem ipsum dolor sit.<\\/p>\",\"verticalSpacingLevel\":\"vertical-spacing-2\"}}},\"6\":\"Project Title Here\",\"5\":[\"21\"]}}', '2016-10-17 21:43:15', '2016-10-17 21:43:15', 'fe8b51d0-a077-4062-a3c2-13fb8b8d1525'),
 ('38', '15', '3', '1', 'en_us', '19', '', '{\"typeId\":\"3\",\"authorId\":\"1\",\"title\":\"Packaging Entry\",\"slug\":\"packaging-entry\",\"postDate\":1476391140,\"expiryDate\":null,\"enabled\":1,\"parentId\":null,\"fields\":{\"14\":[{\"col1\":\"Recogonition\",\"col2\":\"Print Regional Design Annual 2015\"}],\"3\":[\"13\"],\"9\":\"Wake\\r\\nStyle\\r\\nshoot\\r\\ndo it all\\r\\nagain\",\"7\":[\"26\"],\"4\":\"#000000\",\"8\":\"<p>Justin Gollmer, one of our go-to photography partners, asked us design a ten-year retrospective promotional brochure. <em>Wake, Style, Shoot, Do It All Again<\\/em> is a collection of images highlighting his work behind, beside, and around the camera. The brochure is divided into four sections that blur the lines between Gollmer\\u2019s personal and commercial work: people, action, travel, and product. Short sheets bound to the exterior provide thumbnail image guides to each section with captions for each image.<\\/p>\",\"10\":{\"28\":{\"type\":\"largeImage\",\"enabled\":\"1\",\"fields\":{\"image\":[\"27\"],\"layoutOptions\":\"full-width\",\"verticalSpacingLevel\":\"vertical-spacing-0\"}},\"31\":{\"type\":\"insetImage\",\"enabled\":\"1\",\"fields\":{\"image\":[\"30\"],\"verticalSpacingLevel\":\"vertical-spacing-2\",\"backgroundColor\":\"#d6ff2e\"}},\"32\":{\"type\":\"imageWithDescription\",\"enabled\":\"1\",\"fields\":{\"position\":\"left\",\"image\":[\"30\"],\"description\":\"<p>Subtitle<\\/p>\\r\\n\\r\\n<p>Donec id elit non mi porta gravida at eget metus. Fusce dapibus, tellus ac cursus commodo, tortor mauris condimentum nibh, ut fermentum massa justo sit amet risus. Etiam porta sem malesuada magna mollis euismod. Lorem ipsum dolor sit.<\\/p>\",\"verticalSpacingLevel\":\"vertical-spacing-2\"}},\"new1\":{\"type\":\"twoUpImages\",\"enabled\":\"1\",\"fields\":{\"leftImage\":[\"35\"],\"rightImage\":[\"36\"],\"verticalSpacingLevel\":\"vertical-spacing-0\"}}},\"6\":\"Project Title Here\",\"5\":[\"21\"]}}', '2016-10-17 22:08:15', '2016-10-17 22:08:15', '8a68cb51-7268-466f-a518-dbd3279da530'),
 ('39', '15', '3', '1', 'en_us', '20', '', '{\"typeId\":\"3\",\"authorId\":\"1\",\"title\":\"Packaging Entry\",\"slug\":\"packaging-entry\",\"postDate\":1476391140,\"expiryDate\":null,\"enabled\":1,\"parentId\":null,\"fields\":{\"14\":[{\"col1\":\"Recogonition\",\"col2\":\"Print Regional Design Annual 2015\"}],\"3\":[\"13\"],\"9\":\"Wake\\r\\nStyle\\r\\nshoot\\r\\ndo it all\\r\\nagain\",\"7\":[\"26\"],\"4\":\"#000000\",\"8\":\"<p>Justin Gollmer, one of our go-to photography partners, asked us design a ten-year retrospective promotional brochure. <em>Wake, Style, Shoot, Do It All Again<\\/em> is a collection of images highlighting his work behind, beside, and around the camera. The brochure is divided into four sections that blur the lines between Gollmer\\u2019s personal and commercial work: people, action, travel, and product. Short sheets bound to the exterior provide thumbnail image guides to each section with captions for each image.<\\/p>\",\"10\":{\"28\":{\"type\":\"largeImage\",\"enabled\":\"1\",\"fields\":{\"image\":[\"27\"],\"layoutOptions\":\"full-width\",\"verticalSpacingLevel\":\"vertical-spacing-0\"}},\"31\":{\"type\":\"insetImage\",\"enabled\":\"1\",\"fields\":{\"image\":[\"30\"],\"verticalSpacingLevel\":\"vertical-spacing-2\",\"backgroundColor\":\"#d6ff2e\"}},\"32\":{\"type\":\"imageWithDescription\",\"enabled\":\"1\",\"fields\":{\"position\":\"left\",\"image\":[\"30\"],\"description\":\"<p>Subtitle<\\/p>\\r\\n\\r\\n<p>Donec id elit non mi porta gravida at eget metus. Fusce dapibus, tellus ac cursus commodo, tortor mauris condimentum nibh, ut fermentum massa justo sit amet risus. Etiam porta sem malesuada magna mollis euismod. Lorem ipsum dolor sit.<\\/p>\",\"verticalSpacingLevel\":\"vertical-spacing-2\"}},\"37\":{\"type\":\"twoUpImages\",\"enabled\":\"1\",\"fields\":{\"leftImage\":[\"35\"],\"rightImage\":[\"36\"],\"verticalSpacingLevel\":\"vertical-spacing-0\"}},\"new1\":{\"type\":\"centeredText\",\"enabled\":\"1\",\"fields\":{\"text\":\"<p>Subtitle<\\/p>\\r\\n\\r\\n<p>Donec id elit non mi porta gravida at eget metus. Fusce dapibus, tellus ac cursus commodo, tortor mauris condimentum nibh, ut fermentum massa justo sit amet risus. Etiam porta sem malesuada magna mollis euismod. Lorem ipsum dolor sit.<\\/p>\",\"verticalSpacingLevel\":\"vertical-spacing-0\"}}},\"6\":\"Project Title Here\",\"5\":[\"21\"]}}', '2016-10-17 22:32:57', '2016-10-17 22:32:57', '4d1912e0-a133-40f7-9bde-f79d2cd4110f'),
 ('40', '15', '3', '1', 'en_us', '21', '', '{\"typeId\":\"3\",\"authorId\":\"1\",\"title\":\"Packaging Entry\",\"slug\":\"packaging-entry\",\"postDate\":1476391140,\"expiryDate\":null,\"enabled\":1,\"parentId\":null,\"fields\":{\"14\":[{\"col1\":\"Recogonition\",\"col2\":\"Print Regional Design Annual 2015\"}],\"3\":[\"13\"],\"9\":\"Wake\\r\\nStyle\\r\\nshoot\\r\\ndo it all\\r\\nagain\",\"7\":[\"26\"],\"4\":\"#000000\",\"8\":\"<p>Justin Gollmer, one of our go-to photography partners, asked us design a ten-year retrospective promotional brochure. <em>Wake, Style, Shoot, Do It All Again<\\/em> is a collection of images highlighting his work behind, beside, and around the camera. The brochure is divided into four sections that blur the lines between Gollmer\\u2019s personal and commercial work: people, action, travel, and product. Short sheets bound to the exterior provide thumbnail image guides to each section with captions for each image.<\\/p>\",\"10\":{\"28\":{\"type\":\"largeImage\",\"enabled\":\"1\",\"fields\":{\"image\":[\"27\"],\"layoutOptions\":\"full-width\",\"verticalSpacingLevel\":\"vertical-spacing-0\"}},\"31\":{\"type\":\"insetImage\",\"enabled\":\"1\",\"fields\":{\"image\":[\"30\"],\"verticalSpacingLevel\":\"vertical-spacing-2\",\"backgroundColor\":\"#d6ff2e\"}},\"32\":{\"type\":\"imageWithDescription\",\"enabled\":\"1\",\"fields\":{\"position\":\"left\",\"image\":[\"30\"],\"description\":\"<p>Subtitle<\\/p>\\r\\n\\r\\n<p>Donec id elit non mi porta gravida at eget metus. Fusce dapibus, tellus ac cursus commodo, tortor mauris condimentum nibh, ut fermentum massa justo sit amet risus. Etiam porta sem malesuada magna mollis euismod. Lorem ipsum dolor sit.<\\/p>\",\"verticalSpacingLevel\":\"vertical-spacing-2\"}},\"37\":{\"type\":\"twoUpImages\",\"enabled\":\"1\",\"fields\":{\"leftImage\":[\"35\"],\"rightImage\":[\"36\"],\"verticalSpacingLevel\":\"vertical-spacing-0\"}},\"38\":{\"type\":\"centeredText\",\"enabled\":\"1\",\"fields\":{\"text\":\"<p>Subtitle<\\/p>\\r\\n\\r\\n<p>Donec id elit non mi porta gravida at eget metus. Fusce dapibus, tellus ac cursus commodo, tortor mauris condimentum nibh, ut fermentum massa justo sit amet risus. Etiam porta sem malesuada magna mollis euismod. Lorem ipsum dolor sit.<\\/p>\",\"verticalSpacingLevel\":\"vertical-spacing-4\"}}},\"6\":\"Project Title Here\",\"5\":[\"21\"]}}', '2016-10-17 22:33:10', '2016-10-17 22:33:10', '457dc94b-3a64-4c7c-bfd1-72a2a224df27'),
 ('41', '16', '3', '1', 'en_us', '4', '', '{\"typeId\":\"3\",\"authorId\":\"1\",\"title\":\"Environment Entry\",\"slug\":\"environment-entry\",\"postDate\":1476391140,\"expiryDate\":null,\"enabled\":1,\"parentId\":null,\"fields\":{\"14\":\"\",\"3\":[\"14\"],\"9\":\"AN\\r\\nINFUSION\\r\\nOF\\r\\nNEW\\r\\nENERGY\",\"7\":[\"40\"],\"4\":\"#ff24ac\",\"8\":\"\",\"10\":\"\",\"6\":\"Longer Project Title Goes Here\",\"5\":[\"22\"]}}', '2016-10-17 22:53:01', '2016-10-17 22:53:01', 'c7b4be29-f7a9-4555-9d51-3a7e90fe0be1'),
 ('42', '8', '3', '1', 'en_us', '4', '', '{\"typeId\":\"3\",\"authorId\":\"1\",\"title\":\"Strategy Entry\",\"slug\":\"strategy-entry\",\"postDate\":1476390900,\"expiryDate\":null,\"enabled\":1,\"parentId\":null,\"fields\":{\"14\":\"\",\"3\":[\"9\"],\"9\":\"Hero\\r\\nHeadline\\r\\nHere\",\"7\":[\"26\"],\"4\":\"#000000\",\"8\":\"\",\"10\":\"\",\"6\":\"Project Title\",\"5\":[\"23\"]}}', '2016-10-17 22:53:26', '2016-10-17 22:53:26', 'dac87ddc-637f-4f0c-a1e9-0c71333342bb'),
 ('43', '5', '3', '1', 'en_us', '4', '', '{\"typeId\":\"3\",\"authorId\":\"1\",\"title\":\"Print Entry\",\"slug\":\"print-entry\",\"postDate\":1476390840,\"expiryDate\":null,\"enabled\":1,\"parentId\":null,\"fields\":{\"14\":\"\",\"3\":[\"12\"],\"9\":\"Hero\\r\\nHeadline\\r\\nIs\\r\\nHere\",\"7\":[\"40\"],\"4\":\"#000000\",\"8\":\"\",\"10\":\"\",\"6\":\"Cool Print Project Title \",\"5\":[\"24\"]}}', '2016-10-17 22:53:42', '2016-10-17 22:53:42', 'e3dc2615-b67f-486a-98e8-a4dc98bd3ad8'),
 ('44', '6', '3', '1', 'en_us', '4', '', '{\"typeId\":\"3\",\"authorId\":\"1\",\"title\":\"Digital Entry\",\"slug\":\"digital-entry\",\"postDate\":1476390840,\"expiryDate\":null,\"enabled\":1,\"parentId\":null,\"fields\":{\"14\":\"\",\"3\":[\"11\"],\"9\":\"Here\'s\\r\\nto \\r\\nHeadlines\",\"7\":[\"26\"],\"4\":\"#000000\",\"8\":\"\",\"10\":\"\",\"6\":\"Sweet Mother of Digital\",\"5\":[\"22\"]}}', '2016-10-17 22:53:55', '2016-10-17 22:53:55', '4de18c17-e5c8-4c25-a130-b0a5576f3dba'),
 ('45', '7', '3', '1', 'en_us', '4', '', '{\"typeId\":\"3\",\"authorId\":\"1\",\"title\":\"Identity Entry\",\"slug\":\"identity-entry\",\"postDate\":1476390840,\"expiryDate\":null,\"enabled\":1,\"parentId\":null,\"fields\":{\"14\":\"\",\"3\":[\"10\"],\"9\":\"Example\\r\\nHero\\r\\nHeadline\",\"7\":[\"40\"],\"4\":\"#000000\",\"8\":\"\",\"10\":\"\",\"6\":\"Mr Robot\",\"5\":[\"24\"]}}', '2016-10-17 22:54:06', '2016-10-17 22:54:06', '1932103e-b79a-461d-b98b-f1ecd92f04e8'),
 ('46', '15', '3', '1', 'en_us', '22', '', '{\"typeId\":\"3\",\"authorId\":\"1\",\"title\":\"Packaging Entry\",\"slug\":\"packaging-entry\",\"postDate\":1476391140,\"expiryDate\":null,\"enabled\":1,\"parentId\":null,\"fields\":{\"14\":[{\"col1\":\"Recogonition\",\"col2\":\"Print Regional Design Annual 2015\"}],\"3\":[\"13\"],\"9\":\"Wake\\r\\nStyle\\r\\nshoot\\r\\ndo it all\\r\\nagain\",\"7\":[\"26\"],\"4\":\"#000000\",\"8\":\"<p>Justin Gollmer, one of our go-to photography partners, asked us design a ten-year retrospective promotional brochure. <em>Wake, Style, Shoot, Do It All Again<\\/em> is a collection of images highlighting his work behind, beside, and around the camera. The brochure is divided into four sections that blur the lines between Gollmer\\u2019s personal and commercial work: people, action, travel, and product. Short sheets bound to the exterior provide thumbnail image guides to each section with captions for each image.<\\/p>\",\"10\":{\"28\":{\"type\":\"largeImage\",\"enabled\":\"1\",\"fields\":{\"image\":[\"27\"],\"layoutOptions\":\"full-width\",\"verticalSpacingLevel\":\"vertical-spacing-0\"}},\"31\":{\"type\":\"insetImage\",\"enabled\":\"1\",\"fields\":{\"image\":[\"30\"],\"verticalSpacingLevel\":\"vertical-spacing-2\",\"backgroundColor\":\"#d6ff2e\"}},\"32\":{\"type\":\"imageWithDescription\",\"enabled\":\"1\",\"fields\":{\"position\":\"left\",\"image\":[\"30\"],\"description\":\"<p>Subtitle<\\/p>\\r\\n\\r\\n<p>Donec id elit non mi porta gravida at eget metus. Fusce dapibus, tellus ac cursus commodo, tortor mauris condimentum nibh, ut fermentum massa justo sit amet risus. Etiam porta sem malesuada magna mollis euismod. Lorem ipsum dolor sit.<\\/p>\",\"verticalSpacingLevel\":\"vertical-spacing-2\"}},\"37\":{\"type\":\"twoUpImages\",\"enabled\":\"1\",\"fields\":{\"leftImage\":[\"35\"],\"rightImage\":[\"36\"],\"verticalSpacingLevel\":\"vertical-spacing-0\"}},\"38\":{\"type\":\"centeredText\",\"enabled\":\"1\",\"fields\":{\"text\":\"<p>Subtitle<\\/p>\\r\\n\\r\\n<p>Donec id elit non mi porta gravida at eget metus. Fusce dapibus, tellus ac cursus commodo, tortor mauris condimentum nibh, ut fermentum massa justo sit amet risus. Etiam porta sem malesuada magna mollis euismod. Lorem ipsum dolor sit.<\\/p>\",\"verticalSpacingLevel\":\"vertical-spacing-4\"}},\"new1\":{\"type\":\"video\",\"enabled\":\"1\",\"fields\":{\"vimeoVideoId\":\"172827555\",\"autoplay\":\"\"}}},\"6\":\"Project Title Here\",\"5\":[\"21\"]}}', '2016-10-17 23:44:13', '2016-10-17 23:44:13', '6a1e7a37-a0e3-4ee0-adcb-76c3fe5edaff'),
 ('47', '15', '3', '1', 'en_us', '23', '', '{\"typeId\":\"3\",\"authorId\":\"1\",\"title\":\"Packaging Entry\",\"slug\":\"packaging-entry\",\"postDate\":1476391140,\"expiryDate\":null,\"enabled\":1,\"parentId\":null,\"fields\":{\"14\":[{\"col1\":\"Recogonition\",\"col2\":\"Print Regional Design Annual 2015\"}],\"3\":[\"13\"],\"9\":\"Wake\\r\\nStyle\\r\\nshoot\\r\\ndo it all\\r\\nagain\",\"7\":[\"26\"],\"4\":\"#000000\",\"8\":\"<p>Justin Gollmer, one of our go-to photography partners, asked us design a ten-year retrospective promotional brochure. <em>Wake, Style, Shoot, Do It All Again<\\/em> is a collection of images highlighting his work behind, beside, and around the camera. The brochure is divided into four sections that blur the lines between Gollmer\\u2019s personal and commercial work: people, action, travel, and product. Short sheets bound to the exterior provide thumbnail image guides to each section with captions for each image.<\\/p>\",\"10\":{\"28\":{\"type\":\"largeImage\",\"enabled\":\"1\",\"fields\":{\"image\":[\"27\"],\"layoutOptions\":\"full-width\",\"verticalSpacingLevel\":\"vertical-spacing-0\"}},\"31\":{\"type\":\"insetImage\",\"enabled\":\"1\",\"fields\":{\"image\":[\"30\"],\"verticalSpacingLevel\":\"vertical-spacing-2\",\"backgroundColor\":\"#d6ff2e\"}},\"32\":{\"type\":\"imageWithDescription\",\"enabled\":\"1\",\"fields\":{\"position\":\"left\",\"image\":[\"30\"],\"description\":\"<p>Subtitle<\\/p>\\r\\n\\r\\n<p>Donec id elit non mi porta gravida at eget metus. Fusce dapibus, tellus ac cursus commodo, tortor mauris condimentum nibh, ut fermentum massa justo sit amet risus. Etiam porta sem malesuada magna mollis euismod. Lorem ipsum dolor sit.<\\/p>\",\"verticalSpacingLevel\":\"vertical-spacing-2\"}},\"37\":{\"type\":\"twoUpImages\",\"enabled\":\"1\",\"fields\":{\"leftImage\":[\"35\"],\"rightImage\":[\"36\"],\"verticalSpacingLevel\":\"vertical-spacing-0\"}},\"38\":{\"type\":\"centeredText\",\"enabled\":\"1\",\"fields\":{\"text\":\"<p>Subtitle<\\/p>\\r\\n\\r\\n<p>Donec id elit non mi porta gravida at eget metus. Fusce dapibus, tellus ac cursus commodo, tortor mauris condimentum nibh, ut fermentum massa justo sit amet risus. Etiam porta sem malesuada magna mollis euismod. Lorem ipsum dolor sit.<\\/p>\",\"verticalSpacingLevel\":\"vertical-spacing-4\"}},\"41\":{\"type\":\"video\",\"enabled\":\"1\",\"fields\":{\"vimeoVideoId\":\"172827555\",\"autoplay\":\"1\"}}},\"6\":\"Project Title Here\",\"5\":[\"21\"]}}', '2016-10-18 16:35:57', '2016-10-18 16:35:57', 'a878715e-7fc7-4a86-ae9b-efaac2525d5b'),
 ('48', '15', '3', '1', 'en_us', '24', '', '{\"typeId\":\"3\",\"authorId\":\"1\",\"title\":\"Packaging Entry\",\"slug\":\"packaging-entry\",\"postDate\":1476391140,\"expiryDate\":null,\"enabled\":1,\"parentId\":null,\"fields\":{\"14\":[{\"col1\":\"Recogonition\",\"col2\":\"Print Regional Design Annual 2015\"}],\"3\":[\"13\"],\"9\":\"Wake\\r\\nStyle\\r\\nshoot\\r\\ndo it all\\r\\nagain\",\"7\":[\"26\"],\"4\":\"#000000\",\"8\":\"<p>Justin Gollmer, one of our go-to photography partners, asked us design a ten-year retrospective promotional brochure. <em>Wake, Style, Shoot, Do It All Again<\\/em> is a collection of images highlighting his work behind, beside, and around the camera. The brochure is divided into four sections that blur the lines between Gollmer\\u2019s personal and commercial work: people, action, travel, and product. Short sheets bound to the exterior provide thumbnail image guides to each section with captions for each image.<\\/p>\",\"10\":{\"28\":{\"type\":\"largeImage\",\"enabled\":\"1\",\"fields\":{\"image\":[\"27\"],\"layoutOptions\":\"full-width\",\"verticalSpacingLevel\":\"vertical-spacing-0\"}},\"31\":{\"type\":\"insetImage\",\"enabled\":\"1\",\"fields\":{\"image\":[\"30\"],\"verticalSpacingLevel\":\"vertical-spacing-2\",\"backgroundColor\":\"#d6ff2e\"}},\"32\":{\"type\":\"imageWithDescription\",\"enabled\":\"1\",\"fields\":{\"position\":\"left\",\"image\":[\"30\"],\"description\":\"<p>Subtitle<\\/p>\\r\\n\\r\\n<p>Donec id elit non mi porta gravida at eget metus. Fusce dapibus, tellus ac cursus commodo, tortor mauris condimentum nibh, ut fermentum massa justo sit amet risus. Etiam porta sem malesuada magna mollis euismod. Lorem ipsum dolor sit.<\\/p>\",\"verticalSpacingLevel\":\"vertical-spacing-2\"}},\"37\":{\"type\":\"twoUpImages\",\"enabled\":\"1\",\"fields\":{\"leftImage\":[\"35\"],\"rightImage\":[\"36\"],\"verticalSpacingLevel\":\"vertical-spacing-0\"}},\"38\":{\"type\":\"centeredText\",\"enabled\":\"1\",\"fields\":{\"text\":\"<p>Subtitle<\\/p>\\r\\n\\r\\n<p>Donec id elit non mi porta gravida at eget metus. Fusce dapibus, tellus ac cursus commodo, tortor mauris condimentum nibh, ut fermentum massa justo sit amet risus. Etiam porta sem malesuada magna mollis euismod. Lorem ipsum dolor sit.<\\/p>\",\"verticalSpacingLevel\":\"vertical-spacing-4\"}},\"41\":{\"type\":\"video\",\"enabled\":\"1\",\"fields\":{\"vimeoVideoId\":\"172827555\",\"autoplay\":\"\"}}},\"6\":\"Project Title Here\",\"5\":[\"21\"]}}', '2016-10-18 16:50:17', '2016-10-18 16:50:17', '6008b975-250b-4910-9303-c43c935dc539'),
 ('49', '15', '3', '1', 'en_us', '25', '', '{\"typeId\":\"3\",\"authorId\":\"1\",\"title\":\"Packaging Entry\",\"slug\":\"packaging-entry\",\"postDate\":1476391140,\"expiryDate\":null,\"enabled\":1,\"parentId\":null,\"fields\":{\"14\":[{\"col1\":\"Recogonition\",\"col2\":\"Print Regional Design Annual 2015\"}],\"3\":[\"13\"],\"9\":\"Wake\\r\\nStyle\\r\\nshoot\\r\\ndo it all\\r\\nagain\",\"7\":[\"26\"],\"4\":\"#000000\",\"8\":\"<p>Justin Gollmer, one of our go-to photography partners, asked us design a ten-year retrospective promotional brochure. <em>Wake, Style, Shoot, Do It All Again<\\/em> is a collection of images highlighting his work behind, beside, and around the camera. The brochure is divided into four sections that blur the lines between Gollmer\\u2019s personal and commercial work: people, action, travel, and product. Short sheets bound to the exterior provide thumbnail image guides to each section with captions for each image.<\\/p>\",\"10\":{\"28\":{\"type\":\"largeImage\",\"enabled\":\"1\",\"fields\":{\"image\":[\"27\"],\"layoutOptions\":\"full-width\",\"verticalSpacingLevel\":\"vertical-spacing-0\"}},\"31\":{\"type\":\"insetImage\",\"enabled\":\"1\",\"fields\":{\"image\":[\"30\"],\"verticalSpacingLevel\":\"vertical-spacing-2\",\"backgroundColor\":\"#d6ff2e\"}},\"32\":{\"type\":\"imageWithDescription\",\"enabled\":\"1\",\"fields\":{\"position\":\"left\",\"image\":[\"30\"],\"description\":\"<p>Subtitle<\\/p>\\r\\n\\r\\n<p>Donec id elit non mi porta gravida at eget metus. Fusce dapibus, tellus ac cursus commodo, tortor mauris condimentum nibh, ut fermentum massa justo sit amet risus. Etiam porta sem malesuada magna mollis euismod. Lorem ipsum dolor sit.<\\/p>\",\"verticalSpacingLevel\":\"vertical-spacing-2\"}},\"37\":{\"type\":\"twoUpImages\",\"enabled\":\"1\",\"fields\":{\"leftImage\":[\"35\"],\"rightImage\":[\"36\"],\"verticalSpacingLevel\":\"vertical-spacing-0\"}},\"38\":{\"type\":\"centeredText\",\"enabled\":\"1\",\"fields\":{\"text\":\"<p>Subtitle<\\/p>\\r\\n\\r\\n<p>Donec id elit non mi porta gravida at eget metus. Fusce dapibus, tellus ac cursus commodo, tortor mauris condimentum nibh, ut fermentum massa justo sit amet risus. Etiam porta sem malesuada magna mollis euismod. Lorem ipsum dolor sit.<\\/p>\",\"verticalSpacingLevel\":\"vertical-spacing-4\"}},\"41\":{\"type\":\"video\",\"enabled\":\"1\",\"fields\":{\"vimeoVideoId\":\"172827555\",\"autoplay\":\"1\"}}},\"6\":\"Project Title Here\",\"5\":[\"21\"]}}', '2016-10-18 16:52:47', '2016-10-18 16:52:47', '49564407-f2e5-431f-932f-4e868b6bbecc'),
 ('50', '15', '3', '1', 'en_us', '26', '', '{\"typeId\":\"3\",\"authorId\":\"1\",\"title\":\"Packaging Entry\",\"slug\":\"packaging-entry\",\"postDate\":1476391140,\"expiryDate\":null,\"enabled\":1,\"parentId\":null,\"fields\":{\"14\":[{\"col1\":\"Recogonition\",\"col2\":\"Print Regional Design Annual 2015\"}],\"3\":[\"13\"],\"9\":\"Wake\\r\\nStyle\\r\\nshoot\\r\\ndo it all\\r\\nagain\",\"7\":[\"26\"],\"4\":\"#000000\",\"8\":\"<p>Justin Gollmer, one of our go-to photography partners, asked us design a ten-year retrospective promotional brochure. <em>Wake, Style, Shoot, Do It All Again<\\/em> is a collection of images highlighting his work behind, beside, and around the camera. The brochure is divided into four sections that blur the lines between Gollmer\\u2019s personal and commercial work: people, action, travel, and product. Short sheets bound to the exterior provide thumbnail image guides to each section with captions for each image.<\\/p>\",\"10\":{\"28\":{\"type\":\"largeImage\",\"enabled\":\"1\",\"fields\":{\"image\":[\"27\"],\"layoutOptions\":\"full-width\",\"verticalSpacingLevel\":\"vertical-spacing-0\"}},\"41\":{\"type\":\"video\",\"enabled\":\"1\",\"fields\":{\"vimeoVideoId\":\"172827555\",\"autoplay\":\"1\"}},\"31\":{\"type\":\"insetImage\",\"enabled\":\"1\",\"fields\":{\"image\":[\"30\"],\"verticalSpacingLevel\":\"vertical-spacing-2\",\"backgroundColor\":\"#d6ff2e\"}},\"32\":{\"type\":\"imageWithDescription\",\"enabled\":\"1\",\"fields\":{\"position\":\"left\",\"image\":[\"30\"],\"description\":\"<p>Subtitle<\\/p>\\r\\n\\r\\n<p>Donec id elit non mi porta gravida at eget metus. Fusce dapibus, tellus ac cursus commodo, tortor mauris condimentum nibh, ut fermentum massa justo sit amet risus. Etiam porta sem malesuada magna mollis euismod. Lorem ipsum dolor sit.<\\/p>\",\"verticalSpacingLevel\":\"vertical-spacing-2\"}},\"37\":{\"type\":\"twoUpImages\",\"enabled\":\"1\",\"fields\":{\"leftImage\":[\"35\"],\"rightImage\":[\"36\"],\"verticalSpacingLevel\":\"vertical-spacing-0\"}},\"38\":{\"type\":\"centeredText\",\"enabled\":\"1\",\"fields\":{\"text\":\"<p>Subtitle<\\/p>\\r\\n\\r\\n<p>Donec id elit non mi porta gravida at eget metus. Fusce dapibus, tellus ac cursus commodo, tortor mauris condimentum nibh, ut fermentum massa justo sit amet risus. Etiam porta sem malesuada magna mollis euismod. Lorem ipsum dolor sit.<\\/p>\",\"verticalSpacingLevel\":\"vertical-spacing-4\"}},\"new1\":{\"type\":\"video\",\"enabled\":\"1\",\"fields\":{\"vimeoVideoId\":\"172827555\",\"autoplay\":\"\"}}},\"6\":\"Project Title Here\",\"5\":[\"21\"]}}', '2016-10-18 16:53:31', '2016-10-18 16:53:31', '39ce8ced-25d9-435d-8539-0c01fca7060a'),
 ('51', '16', '3', '1', 'en_us', '5', '', '{\"typeId\":\"3\",\"authorId\":\"1\",\"title\":\"Environment Entry\",\"slug\":\"environment-entry\",\"postDate\":1476391140,\"expiryDate\":null,\"enabled\":1,\"parentId\":null,\"fields\":{\"14\":\"\",\"3\":[\"14\"],\"29\":\"off-black\",\"9\":\"AN\\r\\nINFUSION\\r\\nOF\\r\\nNEW\\r\\nENERGY\",\"7\":[\"40\"],\"4\":\"#ff24ac\",\"8\":\"\",\"10\":\"\",\"6\":\"Longer Project Title Goes Here\",\"5\":[\"22\"]}}', '2016-10-18 17:36:03', '2016-10-18 17:36:03', '90c82e1b-0bf1-46f1-8a00-1205d6bae9dc'),
 ('52', '16', '3', '1', 'en_us', '6', '', '{\"typeId\":\"3\",\"authorId\":\"1\",\"title\":\"Environment Entry\",\"slug\":\"environment-entry\",\"postDate\":1476391140,\"expiryDate\":null,\"enabled\":1,\"parentId\":null,\"fields\":{\"14\":\"\",\"3\":[\"14\"],\"29\":\"off-white\",\"9\":\"AN\\r\\nINFUSION\\r\\nOF\\r\\nNEW\\r\\nENERGY\",\"7\":[\"40\"],\"4\":\"#ff24ac\",\"8\":\"\",\"10\":\"\",\"6\":\"Longer Project Title Goes Here\",\"5\":[\"22\"]}}', '2016-10-18 17:37:35', '2016-10-18 17:37:35', 'af575141-d324-4e7f-8baa-5f1a85c46c63'),
 ('53', '15', '3', '1', 'en_us', '27', '', '{\"typeId\":\"3\",\"authorId\":\"1\",\"title\":\"Packaging Entry\",\"slug\":\"packaging-entry\",\"postDate\":1476391140,\"expiryDate\":null,\"enabled\":1,\"parentId\":null,\"fields\":{\"14\":[{\"col1\":\"Recogonition\",\"col2\":\"Print Regional Design Annual 2015\"}],\"3\":[\"13\"],\"29\":\"off-white\",\"9\":\"Wake\\r\\nStyle\\r\\nshoot\\r\\ndo it all\\r\\nagain\",\"7\":[\"26\"],\"4\":\"#000000\",\"8\":\"<p>Justin Gollmer, one of our go-to photography partners, asked us design a ten-year retrospective promotional brochure. <em>Wake, Style, Shoot, Do It All Again<\\/em> is a collection of images highlighting his work behind, beside, and around the camera. The brochure is divided into four sections that blur the lines between Gollmer\\u2019s personal and commercial work: people, action, travel, and product. Short sheets bound to the exterior provide thumbnail image guides to each section with captions for each image.<\\/p>\",\"10\":{\"28\":{\"type\":\"largeImage\",\"enabled\":\"1\",\"fields\":{\"image\":[\"27\"],\"layoutOptions\":\"full-width\",\"verticalSpacingLevel\":\"vertical-spacing-0\"}},\"41\":{\"type\":\"video\",\"enabled\":\"1\",\"fields\":{\"vimeoVideoId\":\"172827555\",\"autoplay\":\"1\"}},\"31\":{\"type\":\"insetImage\",\"enabled\":\"1\",\"fields\":{\"image\":[\"30\"],\"verticalSpacingLevel\":\"vertical-spacing-2\",\"backgroundColor\":\"#d6ff2e\"}},\"32\":{\"type\":\"imageWithDescription\",\"enabled\":\"1\",\"fields\":{\"position\":\"left\",\"image\":[\"30\"],\"description\":\"<p>Subtitle<\\/p>\\r\\n\\r\\n<p>Donec id elit non mi porta gravida at eget metus. Fusce dapibus, tellus ac cursus commodo, tortor mauris condimentum nibh, ut fermentum massa justo sit amet risus. Etiam porta sem malesuada magna mollis euismod. Lorem ipsum dolor sit.<\\/p>\",\"verticalSpacingLevel\":\"vertical-spacing-2\"}},\"37\":{\"type\":\"twoUpImages\",\"enabled\":\"1\",\"fields\":{\"leftImage\":[\"35\"],\"rightImage\":[\"36\"],\"verticalSpacingLevel\":\"vertical-spacing-0\"}},\"38\":{\"type\":\"centeredText\",\"enabled\":\"1\",\"fields\":{\"text\":\"<p>Subtitle<\\/p>\\r\\n\\r\\n<p>Donec id elit non mi porta gravida at eget metus. Fusce dapibus, tellus ac cursus commodo, tortor mauris condimentum nibh, ut fermentum massa justo sit amet risus. Etiam porta sem malesuada magna mollis euismod. Lorem ipsum dolor sit.<\\/p>\",\"verticalSpacingLevel\":\"vertical-spacing-4\"}},\"42\":{\"type\":\"video\",\"enabled\":\"1\",\"fields\":{\"vimeoVideoId\":\"172827555\",\"autoplay\":\"\"}}},\"6\":\"Project Title Here\",\"5\":[\"21\"]}}', '2016-10-18 18:32:57', '2016-10-18 18:32:57', '06ac26ea-e15d-4add-bf79-719f9500792d'),
 ('54', '16', '3', '1', 'en_us', '7', '', '{\"typeId\":\"3\",\"authorId\":\"1\",\"title\":\"Environment Entry\",\"slug\":\"environment-entry\",\"postDate\":1476391140,\"expiryDate\":null,\"enabled\":1,\"parentId\":null,\"fields\":{\"14\":\"\",\"3\":[\"14\"],\"29\":\"off-black\",\"9\":\"AN\\r\\nINFUSION\\r\\nOF\\r\\nNEW\\r\\nENERGY\",\"7\":[\"40\"],\"4\":\"#ff24ac\",\"8\":\"\",\"10\":\"\",\"6\":\"Longer Project Title Goes Here\",\"5\":[\"22\"]}}', '2016-10-18 18:33:32', '2016-10-18 18:33:32', 'bb139921-266c-4c4b-8eec-baff4b48accb'),
 ('55', '16', '3', '1', 'en_us', '8', '', '{\"typeId\":\"3\",\"authorId\":\"1\",\"title\":\"Environment Entry\",\"slug\":\"environment-entry\",\"postDate\":1476391140,\"expiryDate\":null,\"enabled\":1,\"parentId\":null,\"fields\":{\"14\":\"\",\"3\":[\"14\"],\"29\":\"off-white\",\"9\":\"AN\\r\\nINFUSION\\r\\nOF\\r\\nNEW\\r\\nENERGY\",\"7\":[\"40\"],\"4\":\"#ff24ac\",\"8\":\"\",\"10\":\"\",\"6\":\"Longer Project Title Goes Here\",\"5\":[\"22\"]}}', '2016-10-18 18:34:48', '2016-10-18 18:34:48', 'eb302290-fc71-4826-a3e8-76c40d09831d'),
 ('56', '8', '3', '1', 'en_us', '5', '', '{\"typeId\":\"3\",\"authorId\":\"1\",\"title\":\"Strategy Entry\",\"slug\":\"strategy-entry\",\"postDate\":1476390900,\"expiryDate\":null,\"enabled\":1,\"parentId\":null,\"fields\":{\"14\":\"\",\"3\":[\"9\"],\"29\":\"off-white\",\"9\":\"Hero\\r\\nHeadline\\r\\nHere\",\"7\":[\"26\"],\"4\":\"#000000\",\"8\":\"\",\"10\":\"\",\"6\":\"Project Title\",\"5\":[\"23\"]}}', '2016-10-18 18:34:54', '2016-10-18 18:34:54', '8277e7f6-16dd-457c-9a6a-8b335b510ede'),
 ('57', '5', '3', '1', 'en_us', '5', '', '{\"typeId\":\"3\",\"authorId\":\"1\",\"title\":\"Print Entry\",\"slug\":\"print-entry\",\"postDate\":1476390840,\"expiryDate\":null,\"enabled\":1,\"parentId\":null,\"fields\":{\"14\":\"\",\"3\":[\"12\"],\"29\":\"off-white\",\"9\":\"Hero\\r\\nHeadline\\r\\nIs\\r\\nHere\",\"7\":[\"40\"],\"4\":\"#000000\",\"8\":\"\",\"10\":\"\",\"6\":\"Cool Print Project Title \",\"5\":[\"24\"]}}', '2016-10-18 18:34:58', '2016-10-18 18:34:58', '8531b3b8-d459-4160-aba8-137a825ebebe'),
 ('58', '6', '3', '1', 'en_us', '5', '', '{\"typeId\":\"3\",\"authorId\":\"1\",\"title\":\"Digital Entry\",\"slug\":\"digital-entry\",\"postDate\":1476390840,\"expiryDate\":null,\"enabled\":1,\"parentId\":null,\"fields\":{\"14\":\"\",\"3\":[\"11\"],\"29\":\"off-white\",\"9\":\"Here\'s\\r\\nto \\r\\nHeadlines\",\"7\":[\"26\"],\"4\":\"#000000\",\"8\":\"\",\"10\":\"\",\"6\":\"Sweet Mother of Digital\",\"5\":[\"22\"]}}', '2016-10-18 18:35:05', '2016-10-18 18:35:05', '2819dc12-f98f-4aef-b6a9-bb0259979463'),
 ('59', '7', '3', '1', 'en_us', '5', '', '{\"typeId\":\"3\",\"authorId\":\"1\",\"title\":\"Identity Entry\",\"slug\":\"identity-entry\",\"postDate\":1476390840,\"expiryDate\":null,\"enabled\":1,\"parentId\":null,\"fields\":{\"14\":\"\",\"3\":[\"10\"],\"29\":\"off-white\",\"9\":\"Example\\r\\nHero\\r\\nHeadline\",\"7\":[\"40\"],\"4\":\"#000000\",\"8\":\"\",\"10\":\"\",\"6\":\"Mr Robot\",\"5\":[\"24\"]}}', '2016-10-18 18:35:12', '2016-10-18 18:35:12', '70aa16a2-e69f-460a-bdac-bcf3e67a682e'),
 ('60', '43', '5', '1', 'en_us', '1', NULL, '{\"typeId\":\"5\",\"authorId\":null,\"title\":\"Contact\",\"slug\":\"contact\",\"postDate\":1476834187,\"expiryDate\":null,\"enabled\":1,\"parentId\":null,\"fields\":[]}', '2016-10-18 23:43:07', '2016-10-18 23:43:07', 'a24168f3-7c44-4013-a5e0-46aea6fa51c5'),
 ('61', '44', '6', '1', 'en_us', '1', NULL, '{\"typeId\":\"6\",\"authorId\":null,\"title\":\"Journal\",\"slug\":\"journal\",\"postDate\":1476834521,\"expiryDate\":null,\"enabled\":1,\"parentId\":null,\"fields\":[]}', '2016-10-18 23:48:41', '2016-10-18 23:48:41', '8707013a-23dc-491f-b9a7-a7ef6f5b7d6a'),
 ('62', '15', '3', '1', 'en_us', '28', '', '{\"typeId\":\"3\",\"authorId\":\"1\",\"title\":\"Packaging Entry\",\"slug\":\"packaging-entry\",\"postDate\":1476391140,\"expiryDate\":null,\"enabled\":1,\"parentId\":null,\"fields\":{\"14\":[{\"col1\":\"Recogonition\",\"col2\":\"Print Regional Design Annual 2015\"}],\"3\":[\"13\"],\"29\":\"off-white\",\"9\":\"Wake\\r\\nStyle\\r\\nshoot\\r\\ndo it all\\r\\nagain\",\"7\":[\"26\"],\"4\":\"#ffae96\",\"8\":\"<p>Justin Gollmer, one of our go-to photography partners, asked us design a ten-year retrospective promotional brochure. <em>Wake, Style, Shoot, Do It All Again<\\/em> is a collection of images highlighting his work behind, beside, and around the camera. The brochure is divided into four sections that blur the lines between Gollmer\\u2019s personal and commercial work: people, action, travel, and product. Short sheets bound to the exterior provide thumbnail image guides to each section with captions for each image.<\\/p>\",\"10\":{\"28\":{\"type\":\"largeImage\",\"enabled\":\"1\",\"fields\":{\"image\":[\"27\"],\"layoutOptions\":\"full-width\",\"verticalSpacingLevel\":\"vertical-spacing-0\"}},\"41\":{\"type\":\"video\",\"enabled\":\"1\",\"fields\":{\"vimeoVideoId\":\"172827555\",\"autoplay\":\"1\"}},\"31\":{\"type\":\"insetImage\",\"enabled\":\"1\",\"fields\":{\"image\":[\"30\"],\"verticalSpacingLevel\":\"vertical-spacing-2\",\"backgroundColor\":\"#d6ff2e\"}},\"32\":{\"type\":\"imageWithDescription\",\"enabled\":\"1\",\"fields\":{\"position\":\"left\",\"image\":[\"30\"],\"description\":\"<p>Subtitle<\\/p>\\r\\n\\r\\n<p>Donec id elit non mi porta gravida at eget metus. Fusce dapibus, tellus ac cursus commodo, tortor mauris condimentum nibh, ut fermentum massa justo sit amet risus. Etiam porta sem malesuada magna mollis euismod. Lorem ipsum dolor sit.<\\/p>\",\"verticalSpacingLevel\":\"vertical-spacing-2\"}},\"37\":{\"type\":\"twoUpImages\",\"enabled\":\"1\",\"fields\":{\"leftImage\":[\"35\"],\"rightImage\":[\"36\"],\"verticalSpacingLevel\":\"vertical-spacing-0\"}},\"38\":{\"type\":\"centeredText\",\"enabled\":\"1\",\"fields\":{\"text\":\"<p>Subtitle<\\/p>\\r\\n\\r\\n<p>Donec id elit non mi porta gravida at eget metus. Fusce dapibus, tellus ac cursus commodo, tortor mauris condimentum nibh, ut fermentum massa justo sit amet risus. Etiam porta sem malesuada magna mollis euismod. Lorem ipsum dolor sit.<\\/p>\",\"verticalSpacingLevel\":\"vertical-spacing-4\"}},\"42\":{\"type\":\"video\",\"enabled\":\"1\",\"fields\":{\"vimeoVideoId\":\"172827555\",\"autoplay\":\"\"}}},\"6\":\"Project Title Here\",\"5\":[\"21\"]}}', '2016-10-19 17:16:50', '2016-10-19 17:16:50', 'bf8badc7-6152-42d5-92ca-f13fd4b1428c'),
 ('63', '15', '3', '1', 'en_us', '29', '', '{\"typeId\":\"3\",\"authorId\":\"1\",\"title\":\"Packaging Entry\",\"slug\":\"packaging-entry\",\"postDate\":1476391140,\"expiryDate\":null,\"enabled\":1,\"parentId\":null,\"fields\":{\"14\":[{\"col1\":\"Recogonition\",\"col2\":\"Print Regional Design Annual 2015\"}],\"3\":[\"9\",\"13\"],\"29\":\"off-white\",\"9\":\"Wake\\r\\nStyle\\r\\nshoot\\r\\ndo it all\\r\\nagain\",\"7\":[\"26\"],\"4\":\"#ffae96\",\"8\":\"<p>Justin Gollmer, one of our go-to photography partners, asked us design a ten-year retrospective promotional brochure. <em>Wake, Style, Shoot, Do It All Again<\\/em> is a collection of images highlighting his work behind, beside, and around the camera. The brochure is divided into four sections that blur the lines between Gollmer\\u2019s personal and commercial work: people, action, travel, and product. Short sheets bound to the exterior provide thumbnail image guides to each section with captions for each image.<\\/p>\",\"10\":{\"28\":{\"type\":\"largeImage\",\"enabled\":\"1\",\"fields\":{\"image\":[\"27\"],\"layoutOptions\":\"full-width\",\"verticalSpacingLevel\":\"vertical-spacing-0\"}},\"41\":{\"type\":\"video\",\"enabled\":\"1\",\"fields\":{\"vimeoVideoId\":\"172827555\",\"autoplay\":\"1\"}},\"31\":{\"type\":\"insetImage\",\"enabled\":\"1\",\"fields\":{\"image\":[\"30\"],\"verticalSpacingLevel\":\"vertical-spacing-2\",\"backgroundColor\":\"#d6ff2e\"}},\"32\":{\"type\":\"imageWithDescription\",\"enabled\":\"1\",\"fields\":{\"position\":\"left\",\"image\":[\"30\"],\"description\":\"<p>Subtitle<\\/p>\\r\\n\\r\\n<p>Donec id elit non mi porta gravida at eget metus. Fusce dapibus, tellus ac cursus commodo, tortor mauris condimentum nibh, ut fermentum massa justo sit amet risus. Etiam porta sem malesuada magna mollis euismod. Lorem ipsum dolor sit.<\\/p>\",\"verticalSpacingLevel\":\"vertical-spacing-2\"}},\"37\":{\"type\":\"twoUpImages\",\"enabled\":\"1\",\"fields\":{\"leftImage\":[\"35\"],\"rightImage\":[\"36\"],\"verticalSpacingLevel\":\"vertical-spacing-0\"}},\"38\":{\"type\":\"centeredText\",\"enabled\":\"1\",\"fields\":{\"text\":\"<p>Subtitle<\\/p>\\r\\n\\r\\n<p>Donec id elit non mi porta gravida at eget metus. Fusce dapibus, tellus ac cursus commodo, tortor mauris condimentum nibh, ut fermentum massa justo sit amet risus. Etiam porta sem malesuada magna mollis euismod. Lorem ipsum dolor sit.<\\/p>\",\"verticalSpacingLevel\":\"vertical-spacing-4\"}},\"42\":{\"type\":\"video\",\"enabled\":\"1\",\"fields\":{\"vimeoVideoId\":\"172827555\",\"autoplay\":\"\"}}},\"6\":\"Project Title Here\",\"5\":[\"21\"]}}', '2016-10-19 23:16:49', '2016-10-19 23:16:49', 'c46d7b61-2d62-4fe5-8879-0f4bbbd66b52'),
 ('64', '15', '3', '1', 'en_us', '30', '', '{\"typeId\":\"3\",\"authorId\":\"1\",\"title\":\"Packaging Entry\",\"slug\":\"packaging-entry\",\"postDate\":1476391140,\"expiryDate\":null,\"enabled\":1,\"parentId\":null,\"fields\":{\"14\":[{\"col1\":\"Recogonition\",\"col2\":\"Print Regional Design Annual 2015\"}],\"3\":[\"9\",\"10\",\"13\"],\"29\":\"off-white\",\"9\":\"Wake\\r\\nStyle\\r\\nshoot\\r\\ndo it all\\r\\nagain\",\"7\":[\"26\"],\"4\":\"#ffae96\",\"8\":\"<p>Justin Gollmer, one of our go-to photography partners, asked us design a ten-year retrospective promotional brochure. <em>Wake, Style, Shoot, Do It All Again<\\/em> is a collection of images highlighting his work behind, beside, and around the camera. The brochure is divided into four sections that blur the lines between Gollmer\\u2019s personal and commercial work: people, action, travel, and product. Short sheets bound to the exterior provide thumbnail image guides to each section with captions for each image.<\\/p>\",\"10\":{\"28\":{\"type\":\"largeImage\",\"enabled\":\"1\",\"fields\":{\"image\":[\"27\"],\"layoutOptions\":\"full-width\",\"verticalSpacingLevel\":\"vertical-spacing-0\"}},\"41\":{\"type\":\"video\",\"enabled\":\"1\",\"fields\":{\"vimeoVideoId\":\"172827555\",\"autoplay\":\"1\"}},\"31\":{\"type\":\"insetImage\",\"enabled\":\"1\",\"fields\":{\"image\":[\"30\"],\"verticalSpacingLevel\":\"vertical-spacing-2\",\"backgroundColor\":\"#d6ff2e\"}},\"32\":{\"type\":\"imageWithDescription\",\"enabled\":\"1\",\"fields\":{\"position\":\"left\",\"image\":[\"30\"],\"description\":\"<p>Subtitle<\\/p>\\r\\n\\r\\n<p>Donec id elit non mi porta gravida at eget metus. Fusce dapibus, tellus ac cursus commodo, tortor mauris condimentum nibh, ut fermentum massa justo sit amet risus. Etiam porta sem malesuada magna mollis euismod. Lorem ipsum dolor sit.<\\/p>\",\"verticalSpacingLevel\":\"vertical-spacing-2\"}},\"37\":{\"type\":\"twoUpImages\",\"enabled\":\"1\",\"fields\":{\"leftImage\":[\"35\"],\"rightImage\":[\"36\"],\"verticalSpacingLevel\":\"vertical-spacing-0\"}},\"38\":{\"type\":\"centeredText\",\"enabled\":\"1\",\"fields\":{\"text\":\"<p>Subtitle<\\/p>\\r\\n\\r\\n<p>Donec id elit non mi porta gravida at eget metus. Fusce dapibus, tellus ac cursus commodo, tortor mauris condimentum nibh, ut fermentum massa justo sit amet risus. Etiam porta sem malesuada magna mollis euismod. Lorem ipsum dolor sit.<\\/p>\",\"verticalSpacingLevel\":\"vertical-spacing-4\"}},\"42\":{\"type\":\"video\",\"enabled\":\"1\",\"fields\":{\"vimeoVideoId\":\"172827555\",\"autoplay\":\"\"}}},\"6\":\"Project Title Here\",\"5\":[\"21\"]}}', '2016-10-19 23:17:01', '2016-10-19 23:17:01', '2de58daf-a8c1-4568-ad4b-5be59f72366c'),
 ('65', '15', '3', '1', 'en_us', '31', '', '{\"typeId\":\"3\",\"authorId\":\"1\",\"title\":\"Packaging Entry\",\"slug\":\"packaging-entry\",\"postDate\":1476391140,\"expiryDate\":null,\"enabled\":1,\"parentId\":null,\"fields\":{\"14\":[{\"col1\":\"Recogonition\",\"col2\":\"Print Regional Design Annual 2015\"}],\"3\":[\"9\",\"10\",\"13\"],\"29\":\"off-white\",\"9\":\"Wake up\\r\\nStyle\\r\\nshoot\\r\\ndo it all\\r\\nagain\",\"7\":[\"26\"],\"4\":\"#ffae96\",\"8\":\"<p>Justin Gollmer, one of our go-to photography partners, asked us design a ten-year retrospective promotional brochure. <em>Wake, Style, Shoot, Do It All Again<\\/em> is a collection of images highlighting his work behind, beside, and around the camera. The brochure is divided into four sections that blur the lines between Gollmer\\u2019s personal and commercial work: people, action, travel, and product. Short sheets bound to the exterior provide thumbnail image guides to each section with captions for each image.<\\/p>\",\"10\":{\"28\":{\"type\":\"largeImage\",\"enabled\":\"1\",\"fields\":{\"image\":[\"27\"],\"layoutOptions\":\"full-width\",\"verticalSpacingLevel\":\"vertical-spacing-0\"}},\"41\":{\"type\":\"video\",\"enabled\":\"1\",\"fields\":{\"vimeoVideoId\":\"172827555\",\"autoplay\":\"1\"}},\"31\":{\"type\":\"insetImage\",\"enabled\":\"1\",\"fields\":{\"image\":[\"30\"],\"verticalSpacingLevel\":\"vertical-spacing-2\",\"backgroundColor\":\"#d6ff2e\"}},\"32\":{\"type\":\"imageWithDescription\",\"enabled\":\"1\",\"fields\":{\"position\":\"left\",\"image\":[\"30\"],\"description\":\"<p>Subtitle<\\/p>\\r\\n\\r\\n<p>Donec id elit non mi porta gravida at eget metus. Fusce dapibus, tellus ac cursus commodo, tortor mauris condimentum nibh, ut fermentum massa justo sit amet risus. Etiam porta sem malesuada magna mollis euismod. Lorem ipsum dolor sit.<\\/p>\",\"verticalSpacingLevel\":\"vertical-spacing-2\"}},\"37\":{\"type\":\"twoUpImages\",\"enabled\":\"1\",\"fields\":{\"leftImage\":[\"35\"],\"rightImage\":[\"36\"],\"verticalSpacingLevel\":\"vertical-spacing-0\"}},\"38\":{\"type\":\"centeredText\",\"enabled\":\"1\",\"fields\":{\"text\":\"<p>Subtitle<\\/p>\\r\\n\\r\\n<p>Donec id elit non mi porta gravida at eget metus. Fusce dapibus, tellus ac cursus commodo, tortor mauris condimentum nibh, ut fermentum massa justo sit amet risus. Etiam porta sem malesuada magna mollis euismod. Lorem ipsum dolor sit.<\\/p>\",\"verticalSpacingLevel\":\"vertical-spacing-4\"}},\"42\":{\"type\":\"video\",\"enabled\":\"1\",\"fields\":{\"vimeoVideoId\":\"172827555\",\"autoplay\":\"\"}}},\"6\":\"Project Title Here\",\"5\":[\"21\"]}}', '2016-10-20 20:19:12', '2016-10-20 20:19:12', '9ae26577-8243-423c-9fd4-bfcb8c46f945'),
 ('66', '2', '1', '1', 'en_us', '3', '', '{\"typeId\":null,\"authorId\":null,\"title\":\"Turnstyle\",\"slug\":\"homepage\",\"postDate\":1475863314,\"expiryDate\":null,\"enabled\":1,\"parentId\":null,\"fields\":{\"1\":\"<p>It\\u2019s true, this site doesn\\u2019t have a whole lot of content yet, but don\\u2019t worry. Our web developers have just installed the CMS, and they\\u2019re setting things up for the content editors this very moment. Soon Turnstyle.dev will be an oasis of fresh perspectives, sharp analyses, and astute opinions that will keep you coming back again and again.<\\/p>\"}}', '2016-10-20 22:31:56', '2016-10-20 22:31:56', 'b91ced01-c670-45a8-aee5-445b16abe04e'),
 ('67', '16', '3', '1', 'en_us', '9', '', '{\"typeId\":\"3\",\"authorId\":\"1\",\"title\":\"Environment Entry\",\"slug\":\"environment-entry\",\"postDate\":1476391140,\"expiryDate\":null,\"enabled\":1,\"parentId\":null,\"fields\":{\"14\":\"\",\"3\":[\"14\"],\"29\":\"off-black\",\"9\":\"AN\\r\\nINFUSION\\r\\nOF\\r\\nNEW\\r\\nENERGY\",\"7\":[\"40\"],\"4\":\"#ff24ac\",\"8\":\"\",\"10\":\"\",\"6\":\"Longer Project Title Goes Here\",\"5\":[\"22\"]}}', '2016-10-25 00:06:03', '2016-10-25 00:06:03', 'e4552072-9418-4952-9e85-06e6346ee166'),
 ('68', '15', '3', '1', 'en_us', '32', '', '{\"typeId\":\"3\",\"authorId\":\"1\",\"title\":\"Packaging Entry\",\"slug\":\"packaging-entry\",\"postDate\":1476391140,\"expiryDate\":null,\"enabled\":1,\"parentId\":null,\"fields\":{\"14\":[{\"col1\":\"Recogonition\",\"col2\":\"Print Regional Design Annual 2015\"}],\"3\":[\"9\",\"10\",\"13\"],\"29\":\"off-white\",\"9\":\"Wake up\\r\\nStyle\\r\\nshoot\\r\\ndo it all\\r\\nagain\",\"7\":[\"26\"],\"4\":\"#ffae96\",\"8\":\"<p>Justin Gollmer, one of our go-to photography partners, asked us design a ten-year retrospective promotional brochure. <em>Wake, Style, Shoot, Do It All Again<\\/em> is a collection of images highlighting his work behind, beside, and around the camera. The brochure is divided into four sections that blur the lines between Gollmer\\u2019s personal and commercial work: people, action, travel, and product. Short sheets bound to the exterior provide thumbnail image guides to each section with captions for each image.<\\/p>\",\"10\":{\"28\":{\"type\":\"largeImage\",\"enabled\":\"1\",\"fields\":{\"image\":[\"27\"],\"layoutOptions\":\"full-width\",\"verticalSpacingLevel\":\"vertical-spacing-0\"}},\"41\":{\"type\":\"video\",\"enabled\":\"1\",\"fields\":{\"vimeoVideoId\":\"172827555\",\"autoplay\":\"1\"}},\"31\":{\"type\":\"insetImage\",\"enabled\":\"1\",\"fields\":{\"image\":[\"30\"],\"verticalSpacingLevel\":\"vertical-spacing-2\",\"backgroundColor\":\"#d6ff2e\"}},\"32\":{\"type\":\"imageWithDescription\",\"enabled\":\"1\",\"fields\":{\"position\":\"left\",\"image\":[\"30\"],\"description\":\"<p>Subtitle<\\/p>\\r\\n\\r\\n<p>Donec id elit non mi porta gravida at eget metus. Fusce dapibus, tellus ac cursus commodo, tortor mauris condimentum nibh, ut fermentum massa justo sit amet risus. Etiam porta sem malesuada magna mollis euismod. Lorem ipsum dolor sit.<\\/p>\",\"verticalSpacingLevel\":\"vertical-spacing-2\"}},\"37\":{\"type\":\"twoUpImages\",\"enabled\":\"1\",\"fields\":{\"leftImage\":[\"35\"],\"rightImage\":[\"36\"],\"verticalSpacingLevel\":\"vertical-spacing-0\"}},\"38\":{\"type\":\"centeredText\",\"enabled\":\"1\",\"fields\":{\"text\":\"<p>Subtitle<\\/p>\\r\\n\\r\\n<p>Donec id elit non mi porta gravida at eget metus. Fusce dapibus, tellus ac cursus commodo, tortor mauris condimentum nibh, ut fermentum massa justo sit amet risus. Etiam porta sem malesuada magna mollis euismod. Lorem ipsum dolor sit.<\\/p>\",\"verticalSpacingLevel\":\"vertical-spacing-4\"}},\"42\":{\"type\":\"video\",\"enabled\":\"1\",\"fields\":{\"vimeoVideoId\":\"172827555\",\"autoplay\":\"\"}},\"new1\":{\"type\":\"carousel\",\"enabled\":\"1\",\"fields\":{\"images\":[\"48\",\"49\",\"50\"]}}},\"6\":\"Project Title Here\",\"5\":[\"21\"]}}', '2016-10-31 21:00:52', '2016-10-31 21:00:52', 'c8ff28ba-faa4-42fa-83ad-7eb0e67a24e8'),
 ('69', '15', '3', '1', 'en_us', '33', '', '{\"typeId\":\"3\",\"authorId\":\"1\",\"title\":\"Packaging Entry\",\"slug\":\"packaging-entry\",\"postDate\":1476391140,\"expiryDate\":null,\"enabled\":1,\"parentId\":null,\"fields\":{\"14\":[{\"col1\":\"Recogonition\",\"col2\":\"Print Regional Design Annual 2015\"}],\"3\":[\"9\",\"10\",\"13\"],\"29\":\"off-white\",\"9\":\"Wake up\\r\\nStyle\\r\\nshoot\\r\\ndo it all\\r\\nagain\",\"7\":[\"26\"],\"4\":\"#ffae96\",\"8\":\"<p>Justin Gollmer, one of our go-to photography partners, asked us design a ten-year retrospective promotional brochure. <em>Wake, Style, Shoot, Do It All Again<\\/em> is a collection of images highlighting his work behind, beside, and around the camera. The brochure is divided into four sections that blur the lines between Gollmer\\u2019s personal and commercial work: people, action, travel, and product. Short sheets bound to the exterior provide thumbnail image guides to each section with captions for each image.<\\/p>\",\"10\":{\"28\":{\"type\":\"largeImage\",\"enabled\":\"1\",\"fields\":{\"image\":[\"27\"],\"layoutOptions\":\"full-width\",\"verticalSpacingLevel\":\"vertical-spacing-0\"}},\"41\":{\"type\":\"video\",\"enabled\":\"1\",\"fields\":{\"vimeoVideoId\":\"172827555\",\"autoplay\":\"1\"}},\"31\":{\"type\":\"insetImage\",\"enabled\":\"1\",\"fields\":{\"image\":[\"30\"],\"verticalSpacingLevel\":\"vertical-spacing-2\",\"backgroundColor\":\"#d6ff2e\"}},\"32\":{\"type\":\"imageWithDescription\",\"enabled\":\"1\",\"fields\":{\"position\":\"left\",\"image\":[\"30\"],\"description\":\"<p>Subtitle<\\/p>\\r\\n\\r\\n<p>Donec id elit non mi porta gravida at eget metus. Fusce dapibus, tellus ac cursus commodo, tortor mauris condimentum nibh, ut fermentum massa justo sit amet risus. Etiam porta sem malesuada magna mollis euismod. Lorem ipsum dolor sit.<\\/p>\",\"verticalSpacingLevel\":\"vertical-spacing-2\"}},\"37\":{\"type\":\"twoUpImages\",\"enabled\":\"1\",\"fields\":{\"leftImage\":[\"35\"],\"rightImage\":[\"36\"],\"verticalSpacingLevel\":\"vertical-spacing-0\"}},\"38\":{\"type\":\"centeredText\",\"enabled\":\"1\",\"fields\":{\"text\":\"<p>Subtitle<\\/p>\\r\\n\\r\\n<p>Donec id elit non mi porta gravida at eget metus. Fusce dapibus, tellus ac cursus commodo, tortor mauris condimentum nibh, ut fermentum massa justo sit amet risus. Etiam porta sem malesuada magna mollis euismod. Lorem ipsum dolor sit.<\\/p>\",\"verticalSpacingLevel\":\"vertical-spacing-4\"}},\"42\":{\"type\":\"video\",\"enabled\":\"1\",\"fields\":{\"vimeoVideoId\":\"172827555\",\"autoplay\":\"\"}},\"51\":{\"type\":\"carousel\",\"enabled\":\"1\",\"fields\":{\"images\":[\"48\",\"49\",\"50\"],\"verticalSpacingLevel\":\"vertical-spacing-0\"}}},\"6\":\"Project Title Here\",\"5\":[\"21\"]}}', '2016-10-31 21:22:17', '2016-10-31 21:22:17', 'f76a9db0-eb55-4a3c-ac3c-115284b4c04c'),
 ('70', '15', '3', '1', 'en_us', '34', '', '{\"typeId\":\"3\",\"authorId\":\"1\",\"title\":\"Packaging Entry\",\"slug\":\"packaging-entry\",\"postDate\":1476391140,\"expiryDate\":null,\"enabled\":1,\"parentId\":null,\"fields\":{\"14\":[{\"col1\":\"Recogonition\",\"col2\":\"Print Regional Design Annual 2015\"}],\"3\":[\"9\",\"10\",\"13\"],\"29\":\"off-white\",\"9\":\"Wake up\\r\\nStyle\\r\\nshoot\\r\\ndo it all\\r\\nagain\",\"7\":[\"26\"],\"4\":\"#ffae96\",\"8\":\"<p>Justin Gollmer, one of our go-to photography partners, asked us design a ten-year retrospective promotional brochure. <em>Wake, Style, Shoot, Do It All Again<\\/em> is a collection of images highlighting his work behind, beside, and around the camera. The brochure is divided into four sections that blur the lines between Gollmer\\u2019s personal and commercial work: people, action, travel, and product. Short sheets bound to the exterior provide thumbnail image guides to each section with captions for each image.<\\/p>\",\"10\":{\"28\":{\"type\":\"largeImage\",\"enabled\":\"1\",\"fields\":{\"image\":[\"27\"],\"layoutOptions\":\"full-width\",\"verticalSpacingLevel\":\"vertical-spacing-0\"}},\"41\":{\"type\":\"video\",\"enabled\":\"1\",\"fields\":{\"vimeoVideoId\":\"172827555\",\"autoplay\":\"1\"}},\"31\":{\"type\":\"insetImage\",\"enabled\":\"1\",\"fields\":{\"image\":[\"30\"],\"verticalSpacingLevel\":\"vertical-spacing-2\",\"backgroundColor\":\"#d6ff2e\"}},\"32\":{\"type\":\"imageWithDescription\",\"enabled\":\"1\",\"fields\":{\"position\":\"left\",\"image\":[\"30\"],\"description\":\"<p>Subtitle<\\/p>\\r\\n\\r\\n<p>Donec id elit non mi porta gravida at eget metus. Fusce dapibus, tellus ac cursus commodo, tortor mauris condimentum nibh, ut fermentum massa justo sit amet risus. Etiam porta sem malesuada magna mollis euismod. Lorem ipsum dolor sit.<\\/p>\",\"verticalSpacingLevel\":\"vertical-spacing-2\"}},\"37\":{\"type\":\"twoUpImages\",\"enabled\":\"1\",\"fields\":{\"leftImage\":[\"35\"],\"rightImage\":[\"36\"],\"verticalSpacingLevel\":\"vertical-spacing-0\"}},\"38\":{\"type\":\"centeredText\",\"enabled\":\"1\",\"fields\":{\"text\":\"<p>Subtitle<\\/p>\\r\\n\\r\\n<p>Donec id elit non mi porta gravida at eget metus. Fusce dapibus, tellus ac cursus commodo, tortor mauris condimentum nibh, ut fermentum massa justo sit amet risus. Etiam porta sem malesuada magna mollis euismod. Lorem ipsum dolor sit.<\\/p>\",\"verticalSpacingLevel\":\"vertical-spacing-4\"}},\"42\":{\"type\":\"video\",\"enabled\":\"1\",\"fields\":{\"vimeoVideoId\":\"172827555\",\"autoplay\":\"\"}},\"51\":{\"type\":\"carousel\",\"enabled\":\"1\",\"fields\":{\"images\":[\"48\",\"49\",\"50\"],\"verticalSpacingLevel\":\"vertical-spacing-0\"}}},\"6\":\"Project Title Here\",\"5\":[\"21\"]}}', '2016-10-31 21:22:46', '2016-10-31 21:22:46', '8617f5f0-0ae2-42c8-96e4-c97a49c6a653'),
 ('71', '15', '3', '1', 'en_us', '35', '', '{\"typeId\":\"3\",\"authorId\":\"1\",\"title\":\"Packaging Entry\",\"slug\":\"packaging-entry\",\"postDate\":1476391140,\"expiryDate\":null,\"enabled\":1,\"parentId\":null,\"fields\":{\"14\":[{\"col1\":\"Recogonition\",\"col2\":\"Print Regional Design Annual 2015\"}],\"3\":[\"9\",\"10\",\"13\"],\"29\":\"off-white\",\"9\":\"Wake up\\r\\nStyle\\r\\nshoot\\r\\ndo it all\\r\\nagain\",\"7\":[\"26\"],\"4\":\"#ffae96\",\"8\":\"<p>Justin Gollmer, one of our go-to photography partners, asked us design a ten-year retrospective promotional brochure. <em>Wake, Style, Shoot, Do It All Again<\\/em> is a collection of images highlighting his work behind, beside, and around the camera. The brochure is divided into four sections that blur the lines between Gollmer\\u2019s personal and commercial work: people, action, travel, and product. Short sheets bound to the exterior provide thumbnail image guides to each section with captions for each image.<\\/p>\",\"10\":{\"28\":{\"type\":\"largeImage\",\"enabled\":\"1\",\"fields\":{\"image\":[\"27\"],\"layoutOptions\":\"full-width\",\"verticalSpacingLevel\":\"vertical-spacing-0\"}},\"41\":{\"type\":\"video\",\"enabled\":\"1\",\"fields\":{\"vimeoVideoId\":\"172827555\",\"autoplay\":\"1\"}},\"31\":{\"type\":\"insetImage\",\"enabled\":\"1\",\"fields\":{\"image\":[\"30\"],\"verticalSpacingLevel\":\"vertical-spacing-2\",\"backgroundColor\":\"#d6ff2e\"}},\"32\":{\"type\":\"imageWithDescription\",\"enabled\":\"1\",\"fields\":{\"position\":\"left\",\"image\":[\"30\"],\"description\":\"<p>Subtitle<\\/p>\\r\\n\\r\\n<p>Donec id elit non mi porta gravida at eget metus. Fusce dapibus, tellus ac cursus commodo, tortor mauris condimentum nibh, ut fermentum massa justo sit amet risus. Etiam porta sem malesuada magna mollis euismod. Lorem ipsum dolor sit.<\\/p>\",\"verticalSpacingLevel\":\"vertical-spacing-2\"}},\"37\":{\"type\":\"twoUpImages\",\"enabled\":\"1\",\"fields\":{\"leftImage\":[\"35\"],\"rightImage\":[\"36\"],\"verticalSpacingLevel\":\"vertical-spacing-0\"}},\"38\":{\"type\":\"centeredText\",\"enabled\":\"1\",\"fields\":{\"text\":\"<p>Subtitle<\\/p>\\r\\n\\r\\n<p>Donec id elit non mi porta gravida at eget metus. Fusce dapibus, tellus ac cursus commodo, tortor mauris condimentum nibh, ut fermentum massa justo sit amet risus. Etiam porta sem malesuada magna mollis euismod. Lorem ipsum dolor sit.<\\/p>\",\"verticalSpacingLevel\":\"vertical-spacing-4\"}},\"42\":{\"type\":\"video\",\"enabled\":\"1\",\"fields\":{\"vimeoVideoId\":\"172827555\",\"autoplay\":\"\"}},\"51\":{\"type\":\"carousel\",\"enabled\":\"1\",\"fields\":{\"images\":[\"48\",\"49\",\"50\"],\"verticalSpacingLevel\":\"vertical-spacing-0\"}}},\"6\":\"Project Title Here\",\"5\":[\"21\"]}}', '2016-10-31 21:23:12', '2016-10-31 21:23:12', '992607b5-c35c-44f4-8a44-cf2fb1c438c6'),
 ('72', '15', '3', '1', 'en_us', '36', '', '{\"typeId\":\"3\",\"authorId\":\"1\",\"title\":\"Packaging Entry\",\"slug\":\"packaging-entry\",\"postDate\":1476391140,\"expiryDate\":null,\"enabled\":1,\"parentId\":null,\"fields\":{\"14\":[{\"col1\":\"Recogonition\",\"col2\":\"Print Regional Design Annual 2015\"}],\"3\":[\"9\",\"10\",\"13\"],\"29\":\"off-white\",\"9\":\"Wake up\\r\\nStyle\\r\\nshoot\\r\\ndo it all\\r\\nagain\",\"7\":[\"26\"],\"4\":\"#ffae96\",\"8\":\"<p>Justin Gollmer, one of our go-to photography partners, asked us design a ten-year retrospective promotional brochure. <em>Wake, Style, Shoot, Do It All Again<\\/em> is a collection of images highlighting his work behind, beside, and around the camera. The brochure is divided into four sections that blur the lines between Gollmer\\u2019s personal and commercial work: people, action, travel, and product. Short sheets bound to the exterior provide thumbnail image guides to each section with captions for each image.<\\/p>\",\"10\":{\"28\":{\"type\":\"largeImage\",\"enabled\":\"1\",\"fields\":{\"image\":[\"27\"],\"layoutOptions\":\"full-width\",\"verticalSpacingLevel\":\"vertical-spacing-0\"}},\"41\":{\"type\":\"video\",\"enabled\":\"1\",\"fields\":{\"vimeoVideoId\":\"172827555\",\"autoplay\":\"1\"}},\"31\":{\"type\":\"insetImage\",\"enabled\":\"1\",\"fields\":{\"image\":[\"30\"],\"verticalSpacingLevel\":\"vertical-spacing-2\",\"backgroundColor\":\"#d6ff2e\"}},\"32\":{\"type\":\"imageWithDescription\",\"enabled\":\"1\",\"fields\":{\"position\":\"left\",\"image\":[\"30\"],\"description\":\"<p>Subtitle<\\/p>\\r\\n\\r\\n<p>Donec id elit non mi porta gravida at eget metus. Fusce dapibus, tellus ac cursus commodo, tortor mauris condimentum nibh, ut fermentum massa justo sit amet risus. Etiam porta sem malesuada magna mollis euismod. Lorem ipsum dolor sit.<\\/p>\",\"verticalSpacingLevel\":\"vertical-spacing-2\"}},\"37\":{\"type\":\"twoUpImages\",\"enabled\":\"1\",\"fields\":{\"leftImage\":[\"35\"],\"rightImage\":[\"36\"],\"verticalSpacingLevel\":\"vertical-spacing-0\"}},\"38\":{\"type\":\"centeredText\",\"enabled\":\"1\",\"fields\":{\"text\":\"<p>Subtitle<\\/p>\\r\\n\\r\\n<p>Donec id elit non mi porta gravida at eget metus. Fusce dapibus, tellus ac cursus commodo, tortor mauris condimentum nibh, ut fermentum massa justo sit amet risus. Etiam porta sem malesuada magna mollis euismod. Lorem ipsum dolor sit.<\\/p>\",\"verticalSpacingLevel\":\"vertical-spacing-4\"}},\"42\":{\"type\":\"video\",\"enabled\":\"1\",\"fields\":{\"vimeoVideoId\":\"172827555\",\"autoplay\":\"\"}}},\"6\":\"Project Title Here\",\"5\":[\"21\"]}}', '2016-10-31 21:23:49', '2016-10-31 21:23:49', 'ed83473c-bb4e-48ab-92e0-e8f3ce972975'),
 ('73', '15', '3', '1', 'en_us', '37', '', '{\"typeId\":\"3\",\"authorId\":\"1\",\"title\":\"Packaging Entry\",\"slug\":\"packaging-entry\",\"postDate\":1476391140,\"expiryDate\":null,\"enabled\":1,\"parentId\":null,\"fields\":{\"14\":[{\"col1\":\"Recogonition\",\"col2\":\"Print Regional Design Annual 2015\"}],\"3\":[\"9\",\"10\",\"13\"],\"29\":\"off-white\",\"9\":\"Wake up\\r\\nStyle\\r\\nshoot\\r\\ndo it all\\r\\nagain\",\"7\":[\"26\"],\"4\":\"#ffae96\",\"8\":\"<p>Justin Gollmer, one of our go-to photography partners, asked us design a ten-year retrospective promotional brochure. <em>Wake, Style, Shoot, Do It All Again<\\/em> is a collection of images highlighting his work behind, beside, and around the camera. The brochure is divided into four sections that blur the lines between Gollmer\\u2019s personal and commercial work: people, action, travel, and product. Short sheets bound to the exterior provide thumbnail image guides to each section with captions for each image.<\\/p>\",\"10\":{\"28\":{\"type\":\"largeImage\",\"enabled\":\"1\",\"fields\":{\"image\":[\"27\"],\"layoutOptions\":\"full-width\",\"verticalSpacingLevel\":\"vertical-spacing-0\"}},\"41\":{\"type\":\"video\",\"enabled\":\"1\",\"fields\":{\"vimeoVideoId\":\"172827555\",\"autoplay\":\"1\"}},\"31\":{\"type\":\"insetImage\",\"enabled\":\"1\",\"fields\":{\"image\":[\"30\"],\"verticalSpacingLevel\":\"vertical-spacing-2\",\"backgroundColor\":\"#d6ff2e\"}},\"32\":{\"type\":\"imageWithDescription\",\"enabled\":\"1\",\"fields\":{\"position\":\"left\",\"image\":[\"30\"],\"description\":\"<p>Subtitle<\\/p>\\r\\n\\r\\n<p>Donec id elit non mi porta gravida at eget metus. Fusce dapibus, tellus ac cursus commodo, tortor mauris condimentum nibh, ut fermentum massa justo sit amet risus. Etiam porta sem malesuada magna mollis euismod. Lorem ipsum dolor sit.<\\/p>\",\"verticalSpacingLevel\":\"vertical-spacing-2\"}},\"37\":{\"type\":\"twoUpImages\",\"enabled\":\"1\",\"fields\":{\"leftImage\":[\"35\"],\"rightImage\":[\"36\"],\"verticalSpacingLevel\":\"vertical-spacing-0\"}},\"38\":{\"type\":\"centeredText\",\"enabled\":\"1\",\"fields\":{\"text\":\"<p>Subtitle<\\/p>\\r\\n\\r\\n<p>Donec id elit non mi porta gravida at eget metus. Fusce dapibus, tellus ac cursus commodo, tortor mauris condimentum nibh, ut fermentum massa justo sit amet risus. Etiam porta sem malesuada magna mollis euismod. Lorem ipsum dolor sit.<\\/p>\",\"verticalSpacingLevel\":\"vertical-spacing-4\"}},\"42\":{\"type\":\"video\",\"enabled\":\"1\",\"fields\":{\"vimeoVideoId\":\"172827555\",\"autoplay\":\"\"}},\"new1\":{\"type\":\"carousel\",\"enabled\":\"1\",\"fields\":{\"images\":[\"48\",\"49\",\"50\"],\"verticalSpacingLevel\":\"vertical-spacing-0\"}}},\"6\":\"Project Title Here\",\"5\":[\"21\"]}}', '2016-10-31 21:24:09', '2016-10-31 21:24:09', '9a41bd81-ecc8-4dc2-b6d2-e13dc3a5d00c'),
 ('74', '15', '3', '1', 'en_us', '38', '', '{\"typeId\":\"3\",\"authorId\":\"1\",\"title\":\"Packaging Entry\",\"slug\":\"packaging-entry\",\"postDate\":1476391140,\"expiryDate\":null,\"enabled\":1,\"parentId\":null,\"fields\":{\"14\":[{\"col1\":\"Recogonition\",\"col2\":\"Print Regional Design Annual 2015\"}],\"3\":[\"9\",\"10\",\"13\"],\"29\":\"off-white\",\"9\":\"Wake up\\r\\nStyle\\r\\nshoot\\r\\ndo it all\\r\\nagain\",\"7\":[\"26\"],\"4\":\"#ffae96\",\"8\":\"<p>Justin Gollmer, one of our go-to photography partners, asked us design a ten-year retrospective promotional brochure. <em>Wake, Style, Shoot, Do It All Again<\\/em> is a collection of images highlighting his work behind, beside, and around the camera. The brochure is divided into four sections that blur the lines between Gollmer\\u2019s personal and commercial work: people, action, travel, and product. Short sheets bound to the exterior provide thumbnail image guides to each section with captions for each image.<\\/p>\",\"10\":{\"28\":{\"type\":\"largeImage\",\"enabled\":\"1\",\"fields\":{\"image\":[\"27\"],\"layoutOptions\":\"full-width\",\"verticalSpacingLevel\":\"vertical-spacing-0\"}},\"41\":{\"type\":\"video\",\"enabled\":\"1\",\"fields\":{\"vimeoVideoId\":\"172827555\",\"autoplay\":\"1\"}},\"31\":{\"type\":\"insetImage\",\"enabled\":\"1\",\"fields\":{\"image\":[\"30\"],\"verticalSpacingLevel\":\"vertical-spacing-2\",\"backgroundColor\":\"#d6ff2e\"}},\"32\":{\"type\":\"imageWithDescription\",\"enabled\":\"1\",\"fields\":{\"position\":\"left\",\"image\":[\"30\"],\"description\":\"<p>Subtitle<\\/p>\\r\\n\\r\\n<p>Donec id elit non mi porta gravida at eget metus. Fusce dapibus, tellus ac cursus commodo, tortor mauris condimentum nibh, ut fermentum massa justo sit amet risus. Etiam porta sem malesuada magna mollis euismod. Lorem ipsum dolor sit.<\\/p>\",\"verticalSpacingLevel\":\"vertical-spacing-2\"}},\"37\":{\"type\":\"twoUpImages\",\"enabled\":\"1\",\"fields\":{\"leftImage\":[\"35\"],\"rightImage\":[\"36\"],\"verticalSpacingLevel\":\"vertical-spacing-0\"}},\"38\":{\"type\":\"centeredText\",\"enabled\":\"1\",\"fields\":{\"text\":\"<p>Subtitle<\\/p>\\r\\n\\r\\n<p>Donec id elit non mi porta gravida at eget metus. Fusce dapibus, tellus ac cursus commodo, tortor mauris condimentum nibh, ut fermentum massa justo sit amet risus. Etiam porta sem malesuada magna mollis euismod. Lorem ipsum dolor sit.<\\/p>\",\"verticalSpacingLevel\":\"vertical-spacing-4\"}},\"42\":{\"type\":\"video\",\"enabled\":\"1\",\"fields\":{\"vimeoVideoId\":\"172827555\",\"autoplay\":\"\"}},\"52\":{\"type\":\"carousel\",\"enabled\":\"1\",\"fields\":{\"images\":[\"48\",\"49\",\"50\"],\"verticalSpacingLevel\":\"vertical-spacing-0\"}}},\"6\":\"Project Title Here\",\"5\":[\"21\"]}}', '2016-10-31 21:26:12', '2016-10-31 21:26:12', '7586f6dd-505e-40d5-bb98-2ce259353a37'),
 ('75', '15', '3', '1', 'en_us', '39', '', '{\"typeId\":\"3\",\"authorId\":\"1\",\"title\":\"Packaging Entry\",\"slug\":\"packaging-entry\",\"postDate\":1476391140,\"expiryDate\":null,\"enabled\":1,\"parentId\":null,\"fields\":{\"14\":[{\"col1\":\"Recogonition\",\"col2\":\"Print Regional Design Annual 2015\"}],\"3\":[\"9\",\"10\",\"13\"],\"29\":\"off-white\",\"9\":\"Wake up\\r\\nStyle\\r\\nshoot\\r\\ndo it all\\r\\nagain\",\"7\":[\"26\"],\"4\":\"#ffae96\",\"8\":\"<p>Justin Gollmer, one of our go-to photography partners, asked us design a ten-year retrospective promotional brochure. <em>Wake, Style, Shoot, Do It All Again<\\/em> is a collection of images highlighting his work behind, beside, and around the camera. The brochure is divided into four sections that blur the lines between Gollmer\\u2019s personal and commercial work: people, action, travel, and product. Short sheets bound to the exterior provide thumbnail image guides to each section with captions for each image.<\\/p>\",\"10\":{\"28\":{\"type\":\"largeImage\",\"enabled\":\"1\",\"fields\":{\"image\":[\"27\"],\"layoutOptions\":\"full-width\",\"verticalSpacingLevel\":\"vertical-spacing-0\"}},\"41\":{\"type\":\"video\",\"enabled\":\"1\",\"fields\":{\"vimeoVideoId\":\"172827555\",\"autoplay\":\"1\"}},\"31\":{\"type\":\"insetImage\",\"enabled\":\"1\",\"fields\":{\"image\":[\"30\"],\"verticalSpacingLevel\":\"vertical-spacing-2\",\"backgroundColor\":\"#d6ff2e\"}},\"32\":{\"type\":\"imageWithDescription\",\"enabled\":\"1\",\"fields\":{\"position\":\"left\",\"image\":[\"30\"],\"description\":\"<p>Subtitle<\\/p>\\r\\n\\r\\n<p>Donec id elit non mi porta gravida at eget metus. Fusce dapibus, tellus ac cursus commodo, tortor mauris condimentum nibh, ut fermentum massa justo sit amet risus. Etiam porta sem malesuada magna mollis euismod. Lorem ipsum dolor sit.<\\/p>\",\"verticalSpacingLevel\":\"vertical-spacing-2\"}},\"37\":{\"type\":\"twoUpImages\",\"enabled\":\"1\",\"fields\":{\"leftImage\":[\"35\"],\"rightImage\":[\"36\"],\"verticalSpacingLevel\":\"vertical-spacing-0\"}},\"38\":{\"type\":\"centeredText\",\"enabled\":\"1\",\"fields\":{\"text\":\"<p>Subtitle<\\/p>\\r\\n\\r\\n<p>Donec id elit non mi porta gravida at eget metus. Fusce dapibus, tellus ac cursus commodo, tortor mauris condimentum nibh, ut fermentum massa justo sit amet risus. Etiam porta sem malesuada magna mollis euismod. Lorem ipsum dolor sit.<\\/p>\",\"verticalSpacingLevel\":\"vertical-spacing-4\"}},\"42\":{\"type\":\"video\",\"enabled\":\"1\",\"fields\":{\"vimeoVideoId\":\"172827555\",\"autoplay\":\"\"}},\"52\":{\"type\":\"carousel\",\"enabled\":\"1\",\"fields\":{\"images\":[\"48\",\"49\",\"50\"],\"verticalSpacingLevel\":\"vertical-spacing-2\"}}},\"6\":\"Project Title Here\",\"5\":[\"21\"]}}', '2016-10-31 21:26:29', '2016-10-31 21:26:29', 'a860d225-4435-42a9-af5b-1c47a23ccb25'),
 ('76', '15', '3', '1', 'en_us', '40', '', '{\"typeId\":\"3\",\"authorId\":\"1\",\"title\":\"Packaging Entry\",\"slug\":\"packaging-entry\",\"postDate\":1476391140,\"expiryDate\":null,\"enabled\":1,\"parentId\":null,\"fields\":{\"14\":[{\"col1\":\"Recogonition\",\"col2\":\"Print Regional Design Annual 2015\"}],\"3\":[\"9\",\"10\",\"13\"],\"29\":\"off-white\",\"9\":\"Wake up\\r\\nStyle\\r\\nshoot\\r\\ndo it all\\r\\nagain\",\"7\":[\"26\"],\"4\":\"#ffae96\",\"8\":\"<p>Justin Gollmer, one of our go-to photography partners, asked us design a ten-year retrospective promotional brochure. <em>Wake, Style, Shoot, Do It All Again<\\/em> is a collection of images highlighting his work behind, beside, and around the camera. The brochure is divided into four sections that blur the lines between Gollmer\\u2019s personal and commercial work: people, action, travel, and product. Short sheets bound to the exterior provide thumbnail image guides to each section with captions for each image.<\\/p>\",\"10\":{\"28\":{\"type\":\"largeImage\",\"enabled\":\"1\",\"fields\":{\"image\":[\"27\"],\"layoutOptions\":\"full-width\",\"verticalSpacingLevel\":\"vertical-spacing-0\"}},\"41\":{\"type\":\"video\",\"enabled\":\"1\",\"fields\":{\"vimeoVideoId\":\"172827555\",\"autoplay\":\"1\"}},\"31\":{\"type\":\"insetImage\",\"enabled\":\"1\",\"fields\":{\"image\":[\"30\"],\"verticalSpacingLevel\":\"vertical-spacing-2\",\"backgroundColor\":\"#d6ff2e\"}},\"32\":{\"type\":\"imageWithDescription\",\"enabled\":\"1\",\"fields\":{\"position\":\"left\",\"image\":[\"30\"],\"description\":\"<p>Subtitle<\\/p>\\r\\n\\r\\n<p>Donec id elit non mi porta gravida at eget metus. Fusce dapibus, tellus ac cursus commodo, tortor mauris condimentum nibh, ut fermentum massa justo sit amet risus. Etiam porta sem malesuada magna mollis euismod. Lorem ipsum dolor sit.<\\/p>\",\"verticalSpacingLevel\":\"vertical-spacing-2\"}},\"37\":{\"type\":\"twoUpImages\",\"enabled\":\"1\",\"fields\":{\"leftImage\":[\"35\"],\"rightImage\":[\"36\"],\"verticalSpacingLevel\":\"vertical-spacing-0\"}},\"38\":{\"type\":\"centeredText\",\"enabled\":\"1\",\"fields\":{\"text\":\"<p>Subtitle<\\/p>\\r\\n\\r\\n<p>Donec id elit non mi porta gravida at eget metus. Fusce dapibus, tellus ac cursus commodo, tortor mauris condimentum nibh, ut fermentum massa justo sit amet risus. Etiam porta sem malesuada magna mollis euismod. Lorem ipsum dolor sit.<\\/p>\",\"verticalSpacingLevel\":\"vertical-spacing-4\"}},\"42\":{\"type\":\"video\",\"enabled\":\"1\",\"fields\":{\"vimeoVideoId\":\"172827555\",\"autoplay\":\"\"}},\"52\":{\"type\":\"carousel\",\"enabled\":\"1\",\"fields\":{\"images\":[\"48\",\"49\",\"50\"],\"verticalSpacingLevel\":\"vertical-spacing-0\"}}},\"6\":\"Project Title Here\",\"5\":[\"21\"]}}', '2016-10-31 21:28:11', '2016-10-31 21:28:11', 'a2350bb8-9126-46ff-b89d-bb475dd92cd8'),
 ('77', '15', '3', '1', 'en_us', '41', '', '{\"typeId\":\"3\",\"authorId\":\"1\",\"title\":\"Packaging Entry\",\"slug\":\"packaging-entry\",\"postDate\":1476391140,\"expiryDate\":null,\"enabled\":1,\"parentId\":null,\"fields\":{\"14\":[{\"col1\":\"Recogonition\",\"col2\":\"Print Regional Design Annual 2015\"}],\"3\":[\"9\",\"10\",\"13\"],\"29\":\"off-white\",\"9\":\"Wake up\\r\\nStyle\\r\\nshoot\\r\\ndo it all\\r\\nagain\",\"7\":[\"26\"],\"4\":\"#ffae96\",\"8\":\"<p>Justin Gollmer, one of our go-to photography partners, asked us design a ten-year retrospective promotional brochure. <em>Wake, Style, Shoot, Do It All Again<\\/em> is a collection of images highlighting his work behind, beside, and around the camera. The brochure is divided into four sections that blur the lines between Gollmer\\u2019s personal and commercial work: people, action, travel, and product. Short sheets bound to the exterior provide thumbnail image guides to each section with captions for each image.<\\/p>\",\"10\":{\"28\":{\"type\":\"largeImage\",\"enabled\":\"1\",\"fields\":{\"image\":[\"27\"],\"layoutOptions\":\"full-width\",\"verticalSpacingLevel\":\"vertical-spacing-0\"}},\"41\":{\"type\":\"video\",\"enabled\":\"1\",\"fields\":{\"vimeoVideoId\":\"172827555\",\"autoplay\":\"1\"}},\"31\":{\"type\":\"insetImage\",\"enabled\":\"1\",\"fields\":{\"image\":[\"30\"],\"verticalSpacingLevel\":\"vertical-spacing-2\",\"backgroundColor\":\"#d6ff2e\"}},\"32\":{\"type\":\"imageWithDescription\",\"enabled\":\"1\",\"fields\":{\"position\":\"left\",\"image\":[\"30\"],\"description\":\"<p>Subtitle<\\/p>\\r\\n\\r\\n<p>Donec id elit non mi porta gravida at eget metus. Fusce dapibus, tellus ac cursus commodo, tortor mauris condimentum nibh, ut fermentum massa justo sit amet risus. Etiam porta sem malesuada magna mollis euismod. Lorem ipsum dolor sit.<\\/p>\",\"verticalSpacingLevel\":\"vertical-spacing-2\"}},\"37\":{\"type\":\"twoUpImages\",\"enabled\":\"1\",\"fields\":{\"leftImage\":[\"35\"],\"rightImage\":[\"36\"],\"verticalSpacingLevel\":\"vertical-spacing-0\"}},\"38\":{\"type\":\"centeredText\",\"enabled\":\"1\",\"fields\":{\"text\":\"<p>Subtitle<\\/p>\\r\\n\\r\\n<p>Donec id elit non mi porta gravida at eget metus. Fusce dapibus, tellus ac cursus commodo, tortor mauris condimentum nibh, ut fermentum massa justo sit amet risus. Etiam porta sem malesuada magna mollis euismod. Lorem ipsum dolor sit.<\\/p>\",\"verticalSpacingLevel\":\"vertical-spacing-4\"}},\"42\":{\"type\":\"video\",\"enabled\":\"1\",\"fields\":{\"vimeoVideoId\":\"172827555\",\"autoplay\":\"\"}},\"52\":{\"type\":\"carousel\",\"enabled\":\"1\",\"fields\":{\"images\":[\"48\",\"49\",\"50\"],\"verticalSpacingLevel\":\"vertical-spacing-2\"}}},\"6\":\"Project Title Here\",\"5\":[\"21\"]}}', '2016-10-31 21:45:08', '2016-10-31 21:45:08', 'bb2798d7-5862-4e76-a376-e104493b173a'),
 ('78', '15', '3', '1', 'en_us', '42', '', '{\"typeId\":\"3\",\"authorId\":\"1\",\"title\":\"Packaging Entry\",\"slug\":\"packaging-entry\",\"postDate\":1476391140,\"expiryDate\":null,\"enabled\":1,\"parentId\":null,\"fields\":{\"14\":[{\"col1\":\"Recogonition\",\"col2\":\"Print Regional Design Annual 2015\"}],\"3\":[\"9\",\"10\",\"13\"],\"29\":\"off-white\",\"9\":\"Wake up\\r\\nStyle\\r\\nshoot\\r\\ndo it all\\r\\nagain\",\"7\":[\"26\"],\"4\":\"#ffae96\",\"8\":\"<p>Justin Gollmer, one of our go-to photography partners, asked us design a ten-year retrospective promotional brochure. <em>Wake, Style, Shoot, Do It All Again<\\/em> is a collection of images highlighting his work behind, beside, and around the camera. The brochure is divided into four sections that blur the lines between Gollmer\\u2019s personal and commercial work: people, action, travel, and product. Short sheets bound to the exterior provide thumbnail image guides to each section with captions for each image.<\\/p>\",\"10\":{\"28\":{\"type\":\"largeImage\",\"enabled\":\"1\",\"fields\":{\"image\":[\"27\"],\"layoutOptions\":\"full-width\",\"verticalSpacingLevel\":\"vertical-spacing-0\"}},\"41\":{\"type\":\"video\",\"enabled\":\"1\",\"fields\":{\"vimeoVideoId\":\"172827555\",\"autoplay\":\"1\",\"framed\":\"\"}},\"31\":{\"type\":\"insetImage\",\"enabled\":\"1\",\"fields\":{\"image\":[\"30\"],\"verticalSpacingLevel\":\"vertical-spacing-2\",\"backgroundColor\":\"#d6ff2e\"}},\"new1\":{\"type\":\"video\",\"enabled\":\"1\",\"fields\":{\"vimeoVideoId\":\"172827555\",\"autoplay\":\"1\",\"framed\":\"1\"}},\"32\":{\"type\":\"imageWithDescription\",\"enabled\":\"1\",\"fields\":{\"position\":\"left\",\"image\":[\"30\"],\"description\":\"<p>Subtitle<\\/p>\\r\\n\\r\\n<p>Donec id elit non mi porta gravida at eget metus. Fusce dapibus, tellus ac cursus commodo, tortor mauris condimentum nibh, ut fermentum massa justo sit amet risus. Etiam porta sem malesuada magna mollis euismod. Lorem ipsum dolor sit.<\\/p>\",\"verticalSpacingLevel\":\"vertical-spacing-2\"}},\"37\":{\"type\":\"twoUpImages\",\"enabled\":\"1\",\"fields\":{\"leftImage\":[\"35\"],\"rightImage\":[\"36\"],\"verticalSpacingLevel\":\"vertical-spacing-0\"}},\"38\":{\"type\":\"centeredText\",\"enabled\":\"1\",\"fields\":{\"text\":\"<p>Subtitle<\\/p>\\r\\n\\r\\n<p>Donec id elit non mi porta gravida at eget metus. Fusce dapibus, tellus ac cursus commodo, tortor mauris condimentum nibh, ut fermentum massa justo sit amet risus. Etiam porta sem malesuada magna mollis euismod. Lorem ipsum dolor sit.<\\/p>\",\"verticalSpacingLevel\":\"vertical-spacing-4\"}},\"42\":{\"type\":\"video\",\"enabled\":\"1\",\"fields\":{\"vimeoVideoId\":\"172827555\",\"autoplay\":\"\",\"framed\":\"\"}},\"52\":{\"type\":\"carousel\",\"enabled\":\"1\",\"fields\":{\"images\":[\"48\",\"49\",\"50\"],\"verticalSpacingLevel\":\"vertical-spacing-2\"}}},\"6\":\"Project Title Here\",\"5\":[\"21\"]}}', '2016-10-31 21:48:53', '2016-10-31 21:48:53', 'ab5fd1c4-0bb7-495f-8878-07163fd9be5f'),
 ('79', '15', '3', '1', 'en_us', '43', '', '{\"typeId\":\"3\",\"authorId\":\"1\",\"title\":\"Packaging Entry\",\"slug\":\"packaging-entry\",\"postDate\":1476391140,\"expiryDate\":null,\"enabled\":1,\"parentId\":null,\"fields\":{\"14\":[{\"col1\":\"Recogonition\",\"col2\":\"Print Regional Design Annual 2015\"}],\"3\":[\"9\",\"10\",\"13\"],\"29\":\"off-white\",\"9\":\"Wake up\\r\\nStyle\\r\\nshoot\\r\\ndo it all\\r\\nagain\",\"7\":[\"26\"],\"4\":\"#ffae96\",\"8\":\"<p>Justin Gollmer, one of our go-to photography partners, asked us design a ten-year retrospective promotional brochure. <em>Wake, Style, Shoot, Do It All Again<\\/em> is a collection of images highlighting his work behind, beside, and around the camera. The brochure is divided into four sections that blur the lines between Gollmer\\u2019s personal and commercial work: people, action, travel, and product. Short sheets bound to the exterior provide thumbnail image guides to each section with captions for each image.<\\/p>\",\"10\":{\"28\":{\"type\":\"largeImage\",\"enabled\":\"1\",\"fields\":{\"image\":[\"27\"],\"layoutOptions\":\"full-width\",\"verticalSpacingLevel\":\"vertical-spacing-0\"}},\"41\":{\"type\":\"video\",\"enabled\":\"1\",\"fields\":{\"vimeoVideoId\":\"172827555\",\"autoplay\":\"1\",\"framed\":\"\"}},\"31\":{\"type\":\"insetImage\",\"enabled\":\"1\",\"fields\":{\"image\":[\"30\"],\"verticalSpacingLevel\":\"vertical-spacing-2\",\"backgroundColor\":\"#d6ff2e\"}},\"53\":{\"type\":\"video\",\"enabled\":\"1\",\"fields\":{\"vimeoVideoId\":\"172827555\",\"autoplay\":\"1\",\"framed\":\"1\"}},\"32\":{\"type\":\"imageWithDescription\",\"enabled\":\"1\",\"fields\":{\"position\":\"left\",\"image\":[\"30\"],\"description\":\"<p>Subtitle<\\/p>\\r\\n\\r\\n<p>Donec id elit non mi porta gravida at eget metus. Fusce dapibus, tellus ac cursus commodo, tortor mauris condimentum nibh, ut fermentum massa justo sit amet risus. Etiam porta sem malesuada magna mollis euismod. Lorem ipsum dolor sit.<\\/p>\",\"verticalSpacingLevel\":\"vertical-spacing-2\"}},\"37\":{\"type\":\"twoUpImages\",\"enabled\":\"1\",\"fields\":{\"leftImage\":[\"35\"],\"rightImage\":[\"36\"],\"verticalSpacingLevel\":\"vertical-spacing-0\"}},\"38\":{\"type\":\"centeredText\",\"enabled\":\"1\",\"fields\":{\"text\":\"<p>Subtitle<\\/p>\\r\\n\\r\\n<p>Donec id elit non mi porta gravida at eget metus. Fusce dapibus, tellus ac cursus commodo, tortor mauris condimentum nibh, ut fermentum massa justo sit amet risus. Etiam porta sem malesuada magna mollis euismod. Lorem ipsum dolor sit.<\\/p>\",\"verticalSpacingLevel\":\"vertical-spacing-4\"}},\"42\":{\"type\":\"video\",\"enabled\":\"1\",\"fields\":{\"vimeoVideoId\":\"172827555\",\"autoplay\":\"\",\"framed\":\"1\"}},\"52\":{\"type\":\"carousel\",\"enabled\":\"1\",\"fields\":{\"images\":[\"48\",\"49\",\"50\"],\"verticalSpacingLevel\":\"vertical-spacing-2\"}}},\"6\":\"Project Title Here\",\"5\":[\"21\"]}}', '2016-10-31 21:49:07', '2016-10-31 21:49:07', '29974c76-7d3b-4b8c-9915-ec8404cc00f5'),
 ('80', '15', '3', '1', 'en_us', '44', '', '{\"typeId\":\"3\",\"authorId\":\"1\",\"title\":\"Packaging Entry\",\"slug\":\"packaging-entry\",\"postDate\":1476391140,\"expiryDate\":null,\"enabled\":1,\"parentId\":null,\"fields\":{\"14\":[{\"col1\":\"Recogonition\",\"col2\":\"Print Regional Design Annual 2015\"}],\"3\":[\"9\",\"10\",\"13\"],\"29\":\"off-white\",\"9\":\"Wake up\\r\\nStyle\\r\\nshoot\\r\\ndo it all\\r\\nagain\",\"7\":[\"26\"],\"4\":\"#ffae96\",\"8\":\"<p>Justin Gollmer, one of our go-to photography partners, asked us design a ten-year retrospective promotional brochure. <em>Wake, Style, Shoot, Do It All Again<\\/em> is a collection of images highlighting his work behind, beside, and around the camera. The brochure is divided into four sections that blur the lines between Gollmer\\u2019s personal and commercial work: people, action, travel, and product. Short sheets bound to the exterior provide thumbnail image guides to each section with captions for each image.<\\/p>\",\"10\":{\"28\":{\"type\":\"largeImage\",\"enabled\":\"1\",\"fields\":{\"image\":[\"27\"],\"layoutOptions\":\"full-width\",\"verticalSpacingLevel\":\"vertical-spacing-0\"}},\"41\":{\"type\":\"video\",\"enabled\":\"1\",\"fields\":{\"vimeoVideoId\":\"172827555\",\"autoplay\":\"1\",\"framed\":\"1\"}},\"31\":{\"type\":\"insetImage\",\"enabled\":\"1\",\"fields\":{\"image\":[\"30\"],\"verticalSpacingLevel\":\"vertical-spacing-2\",\"backgroundColor\":\"#d6ff2e\"}},\"53\":{\"type\":\"video\",\"enabled\":\"1\",\"fields\":{\"vimeoVideoId\":\"172827555\",\"autoplay\":\"1\",\"framed\":\"\"}},\"32\":{\"type\":\"imageWithDescription\",\"enabled\":\"1\",\"fields\":{\"position\":\"left\",\"image\":[\"30\"],\"description\":\"<p>Subtitle<\\/p>\\r\\n\\r\\n<p>Donec id elit non mi porta gravida at eget metus. Fusce dapibus, tellus ac cursus commodo, tortor mauris condimentum nibh, ut fermentum massa justo sit amet risus. Etiam porta sem malesuada magna mollis euismod. Lorem ipsum dolor sit.<\\/p>\",\"verticalSpacingLevel\":\"vertical-spacing-2\"}},\"37\":{\"type\":\"twoUpImages\",\"enabled\":\"1\",\"fields\":{\"leftImage\":[\"35\"],\"rightImage\":[\"36\"],\"verticalSpacingLevel\":\"vertical-spacing-0\"}},\"38\":{\"type\":\"centeredText\",\"enabled\":\"1\",\"fields\":{\"text\":\"<p>Subtitle<\\/p>\\r\\n\\r\\n<p>Donec id elit non mi porta gravida at eget metus. Fusce dapibus, tellus ac cursus commodo, tortor mauris condimentum nibh, ut fermentum massa justo sit amet risus. Etiam porta sem malesuada magna mollis euismod. Lorem ipsum dolor sit.<\\/p>\",\"verticalSpacingLevel\":\"vertical-spacing-4\"}},\"42\":{\"type\":\"video\",\"enabled\":\"1\",\"fields\":{\"vimeoVideoId\":\"172827555\",\"autoplay\":\"\",\"framed\":\"1\"}},\"52\":{\"type\":\"carousel\",\"enabled\":\"1\",\"fields\":{\"images\":[\"48\",\"49\",\"50\"],\"verticalSpacingLevel\":\"vertical-spacing-2\"}}},\"6\":\"Project Title Here\",\"5\":[\"21\"]}}', '2016-10-31 21:49:29', '2016-10-31 21:49:29', '5f5bbe79-308d-42ad-9640-b75a8398bc7f'),
 ('81', '15', '3', '1', 'en_us', '45', '', '{\"typeId\":\"3\",\"authorId\":\"1\",\"title\":\"Packaging Entry\",\"slug\":\"packaging-entry\",\"postDate\":1476391140,\"expiryDate\":null,\"enabled\":1,\"parentId\":null,\"fields\":{\"14\":[{\"col1\":\"Recogonition\",\"col2\":\"Print Regional Design Annual 2015\"}],\"3\":[\"9\",\"10\",\"13\"],\"29\":\"off-white\",\"9\":\"Wake up\\r\\nStyle\\r\\nshoot\\r\\ndo it all\\r\\nagain\",\"7\":[\"26\"],\"4\":\"#ffae96\",\"8\":\"<p>Justin Gollmer, one of our go-to photography partners, asked us design a ten-year retrospective promotional brochure. <em>Wake, Style, Shoot, Do It All Again<\\/em> is a collection of images highlighting his work behind, beside, and around the camera. The brochure is divided into four sections that blur the lines between Gollmer\\u2019s personal and commercial work: people, action, travel, and product. Short sheets bound to the exterior provide thumbnail image guides to each section with captions for each image.<\\/p>\",\"10\":{\"28\":{\"type\":\"largeImage\",\"enabled\":\"1\",\"fields\":{\"image\":[\"27\"],\"layoutOptions\":\"full-width\",\"verticalSpacingLevel\":\"vertical-spacing-0\"}},\"41\":{\"type\":\"video\",\"enabled\":\"1\",\"fields\":{\"vimeoVideoId\":\"172827555\",\"autoplay\":\"1\",\"framed\":\"1\"}},\"31\":{\"type\":\"insetImage\",\"enabled\":\"1\",\"fields\":{\"image\":[\"30\"],\"verticalSpacingLevel\":\"vertical-spacing-2\",\"backgroundColor\":\"#d6ff2e\"}},\"53\":{\"type\":\"video\",\"enabled\":\"1\",\"fields\":{\"vimeoVideoId\":\"172827555\",\"autoplay\":\"1\",\"framed\":\"1\"}},\"32\":{\"type\":\"imageWithDescription\",\"enabled\":\"1\",\"fields\":{\"position\":\"left\",\"image\":[\"30\"],\"description\":\"<p>Subtitle<\\/p>\\r\\n\\r\\n<p>Donec id elit non mi porta gravida at eget metus. Fusce dapibus, tellus ac cursus commodo, tortor mauris condimentum nibh, ut fermentum massa justo sit amet risus. Etiam porta sem malesuada magna mollis euismod. Lorem ipsum dolor sit.<\\/p>\",\"verticalSpacingLevel\":\"vertical-spacing-2\"}},\"37\":{\"type\":\"twoUpImages\",\"enabled\":\"1\",\"fields\":{\"leftImage\":[\"35\"],\"rightImage\":[\"36\"],\"verticalSpacingLevel\":\"vertical-spacing-0\"}},\"38\":{\"type\":\"centeredText\",\"enabled\":\"1\",\"fields\":{\"text\":\"<p>Subtitle<\\/p>\\r\\n\\r\\n<p>Donec id elit non mi porta gravida at eget metus. Fusce dapibus, tellus ac cursus commodo, tortor mauris condimentum nibh, ut fermentum massa justo sit amet risus. Etiam porta sem malesuada magna mollis euismod. Lorem ipsum dolor sit.<\\/p>\",\"verticalSpacingLevel\":\"vertical-spacing-4\"}},\"42\":{\"type\":\"video\",\"enabled\":\"1\",\"fields\":{\"vimeoVideoId\":\"172827555\",\"autoplay\":\"\",\"framed\":\"1\"}},\"52\":{\"type\":\"carousel\",\"enabled\":\"1\",\"fields\":{\"images\":[\"48\",\"49\",\"50\"],\"verticalSpacingLevel\":\"vertical-spacing-2\"}}},\"6\":\"Project Title Here\",\"5\":[\"21\"]}}', '2016-10-31 21:50:16', '2016-10-31 21:50:16', '165a5b0f-4719-4e56-8c5f-d3a2668a7951'),
 ('82', '15', '3', '1', 'en_us', '46', '', '{\"typeId\":\"3\",\"authorId\":\"1\",\"title\":\"Packaging Entry\",\"slug\":\"packaging-entry\",\"postDate\":1476391140,\"expiryDate\":null,\"enabled\":1,\"parentId\":null,\"fields\":{\"14\":[{\"col1\":\"Recogonition\",\"col2\":\"Print Regional Design Annual 2015\"}],\"3\":[\"9\",\"10\",\"13\"],\"29\":\"off-white\",\"9\":\"Wake up\\r\\nStyle\\r\\nshoot\\r\\ndo it all\\r\\nagain\",\"7\":[\"26\"],\"4\":\"#ffae96\",\"8\":\"<p>Justin Gollmer, one of our go-to photography partners, asked us design a ten-year retrospective promotional brochure. <em>Wake, Style, Shoot, Do It All Again<\\/em> is a collection of images highlighting his work behind, beside, and around the camera. The brochure is divided into four sections that blur the lines between Gollmer\\u2019s personal and commercial work: people, action, travel, and product. Short sheets bound to the exterior provide thumbnail image guides to each section with captions for each image.<\\/p>\",\"10\":{\"28\":{\"type\":\"largeImage\",\"enabled\":\"1\",\"fields\":{\"image\":[\"27\"],\"layoutOptions\":\"full-width\",\"verticalSpacingLevel\":\"vertical-spacing-0\"}},\"41\":{\"type\":\"video\",\"enabled\":\"1\",\"fields\":{\"vimeoVideoId\":\"172827555\",\"autoplay\":\"1\",\"framed\":\"1\"}},\"31\":{\"type\":\"insetImage\",\"enabled\":\"1\",\"fields\":{\"image\":[\"30\"],\"verticalSpacingLevel\":\"vertical-spacing-2\",\"backgroundColor\":\"#d6ff2e\"}},\"53\":{\"type\":\"video\",\"enabled\":\"1\",\"fields\":{\"vimeoVideoId\":\"172827555\",\"autoplay\":\"1\",\"framed\":\"\"}},\"32\":{\"type\":\"imageWithDescription\",\"enabled\":\"1\",\"fields\":{\"position\":\"left\",\"image\":[\"30\"],\"description\":\"<p>Subtitle<\\/p>\\r\\n\\r\\n<p>Donec id elit non mi porta gravida at eget metus. Fusce dapibus, tellus ac cursus commodo, tortor mauris condimentum nibh, ut fermentum massa justo sit amet risus. Etiam porta sem malesuada magna mollis euismod. Lorem ipsum dolor sit.<\\/p>\",\"verticalSpacingLevel\":\"vertical-spacing-2\"}},\"37\":{\"type\":\"twoUpImages\",\"enabled\":\"1\",\"fields\":{\"leftImage\":[\"35\"],\"rightImage\":[\"36\"],\"verticalSpacingLevel\":\"vertical-spacing-0\"}},\"38\":{\"type\":\"centeredText\",\"enabled\":\"1\",\"fields\":{\"text\":\"<p>Subtitle<\\/p>\\r\\n\\r\\n<p>Donec id elit non mi porta gravida at eget metus. Fusce dapibus, tellus ac cursus commodo, tortor mauris condimentum nibh, ut fermentum massa justo sit amet risus. Etiam porta sem malesuada magna mollis euismod. Lorem ipsum dolor sit.<\\/p>\",\"verticalSpacingLevel\":\"vertical-spacing-4\"}},\"42\":{\"type\":\"video\",\"enabled\":\"1\",\"fields\":{\"vimeoVideoId\":\"172827555\",\"autoplay\":\"\",\"framed\":\"1\"}},\"52\":{\"type\":\"carousel\",\"enabled\":\"1\",\"fields\":{\"images\":[\"48\",\"49\",\"50\"],\"verticalSpacingLevel\":\"vertical-spacing-2\"}}},\"6\":\"Project Title Here\",\"5\":[\"21\"]}}', '2016-10-31 21:50:21', '2016-10-31 21:50:21', '2e3db4d8-4924-40b9-9d5f-abd3c4dd9b08'),
 ('83', '43', '5', '1', 'en_us', '2', '', '{\"typeId\":null,\"authorId\":null,\"title\":\"Contact\",\"slug\":\"contact\",\"postDate\":1476834187,\"expiryDate\":null,\"enabled\":1,\"parentId\":null,\"fields\":{\"34\":\"3621 \\r\\nStone Way N\\r\\nSuite B\\r\\nseattle\\r\\nwa\\r\\n98103\",\"33\":\"info@turnstylestudio.com\",\"36\":\"206 \\r\\n297\\u20147390\",\"35\":\"206 \\r\\n297\\u20147350\\r\\n\"}}', '2016-10-31 22:41:35', '2016-10-31 22:41:35', '62f2cfc9-ec4f-41d1-af77-782a67d4ba7d'),
 ('84', '43', '5', '1', 'en_us', '3', '', '{\"typeId\":null,\"authorId\":null,\"title\":\"Contact\",\"slug\":\"contact\",\"postDate\":1476834187,\"expiryDate\":null,\"enabled\":1,\"parentId\":null,\"fields\":{\"34\":\"3621 \\r\\nStone Way N\\r\\nSuite B\\r\\nseattle\\r\\nwa\\r\\n98103\",\"33\":\"info@]\\r\\nturnstyle.\\r\\nstudio\",\"36\":\"206 \\r\\n297\\u20147390\",\"35\":\"206 \\r\\n297\\u20147350\\r\\n\"}}', '2016-10-31 22:47:11', '2016-10-31 22:47:11', '3b129e6a-2858-4c62-877a-58374a695986'),
 ('85', '43', '5', '1', 'en_us', '4', '', '{\"typeId\":null,\"authorId\":null,\"title\":\"Contact\",\"slug\":\"contact\",\"postDate\":1476834187,\"expiryDate\":null,\"enabled\":1,\"parentId\":null,\"fields\":{\"34\":\"3621 \\r\\nStone Way N\\r\\nSuite B\\r\\nseattle\\r\\nwa\\r\\n98103\",\"33\":\"info@\\r\\nturnstyle.\\r\\nstudio\",\"36\":\"206 \\r\\n297\\u20147390\",\"35\":\"206 \\r\\n297\\u20147350\\r\\n\"}}', '2016-10-31 22:52:14', '2016-10-31 22:52:14', 'c0f1b1d6-8d65-40cb-ba86-04630baa2c75'),
 ('87', '55', '7', '1', 'en_us', '1', '', '{\"typeId\":null,\"authorId\":\"1\",\"title\":\"Strategy\",\"slug\":\"strategy\",\"postDate\":1478025098,\"expiryDate\":null,\"enabled\":1,\"parentId\":\"54\",\"fields\":[]}', '2016-11-01 18:31:38', '2016-11-01 18:31:38', 'd3ab7239-9485-4604-ae00-82821640d264'),
 ('88', '56', '7', '1', 'en_us', '1', '', '{\"typeId\":null,\"authorId\":\"1\",\"title\":\"Identity\",\"slug\":\"identity\",\"postDate\":1478025107,\"expiryDate\":null,\"enabled\":1,\"parentId\":\"\",\"fields\":[]}', '2016-11-01 18:31:47', '2016-11-01 18:31:47', '6a36291b-1e54-402c-bd53-6336fa3edf69'),
 ('105', '55', '7', '1', 'en_us', '2', '', '{\"typeId\":\"7\",\"authorId\":\"1\",\"title\":\"Strategy\",\"slug\":\"strategy\",\"postDate\":1478025060,\"expiryDate\":null,\"enabled\":1,\"parentId\":\"\",\"fields\":[]}', '2016-11-01 21:21:13', '2016-11-01 21:21:13', '2b8707ba-b9e0-443a-b554-34baab2427c1'),
 ('106', '56', '7', '1', 'en_us', '2', '', '{\"typeId\":\"7\",\"authorId\":\"1\",\"title\":\"Identity\",\"slug\":\"identity\",\"postDate\":1478025060,\"expiryDate\":null,\"enabled\":1,\"parentId\":\"\",\"fields\":[]}', '2016-11-01 21:21:21', '2016-11-01 21:21:21', '525969cf-3746-4791-9f5c-a3917410b5ab'),
 ('107', '67', '8', '1', 'en_us', '1', '', '{\"typeId\":null,\"authorId\":\"1\",\"title\":\"Regina Baerwalde\",\"slug\":\"regina-baerwalde\",\"postDate\":1478037192,\"expiryDate\":null,\"enabled\":1,\"parentId\":null,\"fields\":{\"41\":\"Senior Designer\",\"43\":[\"66\"]}}', '2016-11-01 21:53:12', '2016-11-01 21:53:12', 'aa106a72-1a82-4a39-8789-7a3400809166'),
 ('108', '68', '8', '1', 'en_us', '1', '', '{\"typeId\":null,\"authorId\":\"1\",\"title\":\"Abbey Baker\",\"slug\":\"abbey-baker\",\"postDate\":1478037213,\"expiryDate\":null,\"enabled\":1,\"parentId\":null,\"fields\":{\"41\":\"Account Manager\",\"43\":[\"66\"]}}', '2016-11-01 21:53:33', '2016-11-01 21:53:33', 'a8271676-e6e9-4129-902e-04f2dbef0ac1'),
 ('109', '69', '8', '1', 'en_us', '1', '', '{\"typeId\":null,\"authorId\":\"1\",\"title\":\"Robert Bennett\",\"slug\":\"robert-bennett\",\"postDate\":1478037229,\"expiryDate\":null,\"enabled\":1,\"parentId\":null,\"fields\":{\"41\":\"Senior Designer\",\"43\":[\"66\"]}}', '2016-11-01 21:53:49', '2016-11-01 21:53:49', '81fe9b25-5e32-49d4-8b6a-b8b57425cd28'),
 ('110', '70', '8', '1', 'en_us', '1', '', '{\"typeId\":null,\"authorId\":\"1\",\"title\":\"Mallory Close\",\"slug\":\"mallory-close\",\"postDate\":1478037245,\"expiryDate\":null,\"enabled\":1,\"parentId\":null,\"fields\":{\"41\":\"Designer\",\"43\":[\"66\"]}}', '2016-11-01 21:54:05', '2016-11-01 21:54:05', '99219f8d-bcc4-4777-b9e1-b78452fc7cdc'),
 ('111', '71', '8', '1', 'en_us', '1', '', '{\"typeId\":null,\"authorId\":\"1\",\"title\":\"Stephanie Cooke\",\"slug\":\"stephanie-cooke\",\"postDate\":1478037265,\"expiryDate\":null,\"enabled\":1,\"parentId\":null,\"fields\":{\"41\":\"Client Relations Director\",\"43\":[\"66\"]}}', '2016-11-01 21:54:25', '2016-11-01 21:54:25', '9224966e-5a54-49fc-97e3-4640e0d65d0b'),
 ('112', '72', '8', '1', 'en_us', '1', '', '{\"typeId\":null,\"authorId\":\"1\",\"title\":\"Matt Diefenbach\",\"slug\":\"matt-diefenbach\",\"postDate\":1478037297,\"expiryDate\":null,\"enabled\":1,\"parentId\":null,\"fields\":{\"41\":\"Principal \\/ Business Director\",\"43\":[\"66\"]}}', '2016-11-01 21:54:57', '2016-11-01 21:54:57', '34565789-cd6c-4ec5-83c7-e6cd9bf0637c'),
 ('113', '73', '8', '1', 'en_us', '1', '', '{\"typeId\":null,\"authorId\":\"1\",\"title\":\"Kyle Gabouer\",\"slug\":\"kyle-gabouer\",\"postDate\":1478037327,\"expiryDate\":null,\"enabled\":1,\"parentId\":null,\"fields\":{\"41\":\"Digital Design Director\",\"43\":[\"66\"]}}', '2016-11-01 21:55:28', '2016-11-01 21:55:28', 'd45ff698-2b80-43a0-92ab-f66bb662201f'),
 ('114', '74', '8', '1', 'en_us', '1', '', '{\"typeId\":null,\"authorId\":\"1\",\"title\":\"Jason Gomez\",\"slug\":\"jason-gomez\",\"postDate\":1478037348,\"expiryDate\":null,\"enabled\":1,\"parentId\":null,\"fields\":{\"41\":\"Associate Creative Director\",\"43\":[\"66\"]}}', '2016-11-01 21:55:49', '2016-11-01 21:55:49', 'a888eddb-4a5b-4af5-83db-165e06b39bd4'),
 ('115', '75', '8', '1', 'en_us', '1', '', '{\"typeId\":null,\"authorId\":\"1\",\"title\":\"Ben Graham\",\"slug\":\"ben-graham\",\"postDate\":1478037367,\"expiryDate\":null,\"enabled\":1,\"parentId\":null,\"fields\":{\"41\":\"Principal \\/ Creative Director\",\"43\":[\"66\"]}}', '2016-11-01 21:56:07', '2016-11-01 21:56:07', '4fa7db66-c860-4e2e-98fe-b6fdf1c39819'),
 ('116', '76', '8', '1', 'en_us', '1', '', '{\"typeId\":null,\"authorId\":\"1\",\"title\":\"Dani Johnson\",\"slug\":\"dani-johnson\",\"postDate\":1478037415,\"expiryDate\":null,\"enabled\":1,\"parentId\":null,\"fields\":{\"41\":\"Operations & Finance Manager\",\"43\":[\"66\"]}}', '2016-11-01 21:56:55', '2016-11-01 21:56:55', '5ade3ed8-c4a0-4c5c-b3c0-41fe4e5390ec'),
 ('117', '77', '8', '1', 'en_us', '1', '', '{\"typeId\":null,\"authorId\":\"1\",\"title\":\"Nick Katarow\",\"slug\":\"nick-katarow\",\"postDate\":1478037432,\"expiryDate\":null,\"enabled\":1,\"parentId\":null,\"fields\":{\"41\":\"Senior Web Developer\",\"43\":[\"66\"]}}', '2016-11-01 21:57:12', '2016-11-01 21:57:12', 'b56673f1-3507-42ad-a211-f053f089b12f'),
 ('118', '78', '8', '1', 'en_us', '1', '', '{\"typeId\":null,\"authorId\":\"1\",\"title\":\"Helen Kong\",\"slug\":\"helen-kong\",\"postDate\":1478037445,\"expiryDate\":null,\"enabled\":1,\"parentId\":null,\"fields\":{\"41\":\"Account Manager\",\"43\":[\"66\"]}}', '2016-11-01 21:57:25', '2016-11-01 21:57:25', '2f0e902c-3265-48dc-83cb-f7136777c724');
INSERT INTO `craft_entryversions` (`id`, `entryId`, `sectionId`, `creatorId`, `locale`, `num`, `notes`, `data`, `dateCreated`, `dateUpdated`, `uid`) VALUES
 ('119', '79', '8', '1', 'en_us', '1', '', '{\"typeId\":null,\"authorId\":\"1\",\"title\":\"Garret Steider\",\"slug\":\"garret-steider\",\"postDate\":1478037465,\"expiryDate\":null,\"enabled\":1,\"parentId\":null,\"fields\":{\"41\":\"Designer\",\"43\":[\"66\"]}}', '2016-11-01 21:57:45', '2016-11-01 21:57:45', 'bf101074-da72-40d5-8fe4-2779acfbfb1b'),
 ('120', '80', '8', '1', 'en_us', '1', '', '{\"typeId\":null,\"authorId\":\"1\",\"title\":\"Steve Watson\",\"slug\":\"steve-watson\",\"postDate\":1478037504,\"expiryDate\":null,\"enabled\":1,\"parentId\":null,\"fields\":{\"41\":\"Principal \\/ Creative Director\",\"43\":[\"66\"]}}', '2016-11-01 21:58:24', '2016-11-01 21:58:24', 'e201622c-90f8-4fb5-b688-18b5b822a471'),
 ('123', '81', '9', '1', 'en_us', '1', '', '{\"typeId\":null,\"authorId\":\"1\",\"title\":\"Handsome\",\"slug\":\"handsome\",\"postDate\":1478040858,\"expiryDate\":null,\"enabled\":1,\"parentId\":null,\"fields\":[]}', '2016-11-01 22:54:18', '2016-11-01 22:54:18', '1a10083a-3fbf-419e-87f6-4ef0771106ee'),
 ('124', '82', '9', '1', 'en_us', '1', '', '{\"typeId\":null,\"authorId\":\"1\",\"title\":\"Pretty Good\",\"slug\":\"pretty-good\",\"postDate\":1478040866,\"expiryDate\":null,\"enabled\":1,\"parentId\":null,\"fields\":[]}', '2016-11-01 22:54:26', '2016-11-01 22:54:26', '396e28c1-c73d-4d65-8b06-13e6a56e30d0'),
 ('125', '83', '9', '1', 'en_us', '1', '', '{\"typeId\":null,\"authorId\":\"1\",\"title\":\"Clever\",\"slug\":\"clever\",\"postDate\":1478040896,\"expiryDate\":null,\"enabled\":1,\"parentId\":null,\"fields\":[]}', '2016-11-01 22:54:56', '2016-11-01 22:54:56', '8a13f2ca-df29-4f04-83d9-99e193520f30'),
 ('126', '84', '9', '1', 'en_us', '1', '', '{\"typeId\":null,\"authorId\":\"1\",\"title\":\"Cheesy\",\"slug\":\"cheesy\",\"postDate\":1478040925,\"expiryDate\":null,\"enabled\":1,\"parentId\":null,\"fields\":[]}', '2016-11-01 22:55:25', '2016-11-01 22:55:25', '32c3bf3b-2f34-43ee-943a-a301369f5d71'),
 ('127', '85', '9', '1', 'en_us', '1', '', '{\"typeId\":null,\"authorId\":\"1\",\"title\":\"Flavorful\",\"slug\":\"flavorful\",\"postDate\":1478040935,\"expiryDate\":null,\"enabled\":1,\"parentId\":null,\"fields\":[]}', '2016-11-01 22:55:35', '2016-11-01 22:55:35', 'ef19456c-0de0-4c5b-a186-d702b4ccbf71'),
 ('129', '87', '9', '1', 'en_us', '1', '', '{\"typeId\":null,\"authorId\":\"1\",\"title\":\"Lumpy\",\"slug\":\"lumpy\",\"postDate\":1478041034,\"expiryDate\":null,\"enabled\":1,\"parentId\":null,\"fields\":[]}', '2016-11-01 22:57:14', '2016-11-01 22:57:14', '566f1852-ab7a-4e48-9fee-796431bb1f2f'),
 ('130', '88', '9', '1', 'en_us', '1', '', '{\"typeId\":null,\"authorId\":\"1\",\"title\":\"Righteous\",\"slug\":\"righteous\",\"postDate\":1478041051,\"expiryDate\":null,\"enabled\":1,\"parentId\":null,\"fields\":[]}', '2016-11-01 22:57:31', '2016-11-01 22:57:31', '182171ab-84b5-42e0-bc40-fdef632cbc33'),
 ('131', '89', '9', '1', 'en_us', '1', '', '{\"typeId\":null,\"authorId\":\"1\",\"title\":\"Fastidious\",\"slug\":\"fastidious\",\"postDate\":1478041103,\"expiryDate\":null,\"enabled\":1,\"parentId\":null,\"fields\":[]}', '2016-11-01 22:58:23', '2016-11-01 22:58:23', '7873131f-f0cf-4d69-b27e-fccf4e9118e8'),
 ('132', '90', '9', '1', 'en_us', '1', '', '{\"typeId\":null,\"authorId\":\"1\",\"title\":\"Jocular\",\"slug\":\"jocular\",\"postDate\":1478041152,\"expiryDate\":null,\"enabled\":1,\"parentId\":null,\"fields\":[]}', '2016-11-01 22:59:12', '2016-11-01 22:59:12', '556c7988-3e06-4502-ad46-573cd69f4cb8'),
 ('133', '91', '9', '1', 'en_us', '1', '', '{\"typeId\":null,\"authorId\":\"1\",\"title\":\"Luminous\",\"slug\":\"luminous\",\"postDate\":1478041167,\"expiryDate\":null,\"enabled\":1,\"parentId\":null,\"fields\":[]}', '2016-11-01 22:59:27', '2016-11-01 22:59:27', 'dcf75fed-8eba-4531-9e01-af954055ef9d'),
 ('134', '92', '9', '1', 'en_us', '1', '', '{\"typeId\":null,\"authorId\":\"1\",\"title\":\"Neighborly\",\"slug\":\"neighborly\",\"postDate\":1478041222,\"expiryDate\":null,\"enabled\":1,\"parentId\":null,\"fields\":[]}', '2016-11-01 23:00:22', '2016-11-01 23:00:22', 'dffa7b04-6528-4222-b72e-347e0225e8a3'),
 ('135', '93', '9', '1', 'en_us', '1', '', '{\"typeId\":null,\"authorId\":\"1\",\"title\":\"Propitious\",\"slug\":\"propitious\",\"postDate\":1478041244,\"expiryDate\":null,\"enabled\":1,\"parentId\":null,\"fields\":[]}', '2016-11-01 23:00:44', '2016-11-01 23:00:44', '5a856806-05fa-4116-9914-e52c8f5d7aae'),
 ('136', '94', '9', '1', 'en_us', '1', '', '{\"typeId\":null,\"authorId\":\"1\",\"title\":\"Spasmodic\",\"slug\":\"spasmodic\",\"postDate\":1478041275,\"expiryDate\":null,\"enabled\":1,\"parentId\":null,\"fields\":[]}', '2016-11-01 23:01:15', '2016-11-01 23:01:15', '580091aa-4509-4e44-8997-1544336d0e06'),
 ('137', '95', '9', '1', 'en_us', '1', '', '{\"typeId\":null,\"authorId\":\"1\",\"title\":\"Zealous\",\"slug\":\"zealous\",\"postDate\":1478041300,\"expiryDate\":null,\"enabled\":1,\"parentId\":null,\"fields\":[]}', '2016-11-01 23:01:40', '2016-11-01 23:01:40', '0d344964-7aca-4fb9-b6ef-ee93e5e5e543'),
 ('141', '16', '3', '1', 'en_us', '10', '', '{\"typeId\":\"3\",\"authorId\":\"1\",\"title\":\"Environment Entry\",\"slug\":\"environment-entry\",\"postDate\":1476391140,\"expiryDate\":null,\"enabled\":1,\"parentId\":null,\"fields\":{\"14\":\"\",\"3\":[\"14\"],\"29\":\"off-white\",\"9\":\"AN\\r\\nINFUSION\\r\\nOF\\r\\nNEW\\r\\nENERGY\",\"7\":[\"40\"],\"4\":\"#ff24ac\",\"8\":\"\",\"10\":\"\",\"6\":\"Longer Project Title Goes Here\",\"5\":[\"22\"]}}', '2016-11-02 20:26:58', '2016-11-02 20:26:58', '7dad416d-927a-4449-8fda-232ee6d6b11b'),
 ('142', '43', '5', '1', 'en_us', '5', '', '{\"typeId\":null,\"authorId\":null,\"title\":\"Contact\",\"slug\":\"contact\",\"postDate\":1476834187,\"expiryDate\":null,\"enabled\":1,\"parentId\":null,\"fields\":{\"34\":\"3621 \\r\\nStone Way N\\r\\nSuite B\\r\\nseattle\\r\\nwa\\r\\n98103\",\"48\":{\"new1\":{\"type\":\"1\",\"fields\":{\"backgroundImage\":\"\",\"backgroundColor\":\"#ffae96\",\"linkUrl\":\"\\/journal\",\"header\":\"Check\\r\\nout\\r\\nwhat\'s\\r\\nhappening\",\"subtext\":\"Our Journal\"}}},\"33\":\"info@\\r\\nturnstyle.\\r\\nstudio\",\"36\":\"206 \\r\\n297\\u20147390\",\"35\":\"206 \\r\\n297\\u20147350\\r\\n\"}}', '2016-11-02 20:49:02', '2016-11-02 20:49:02', '005f6f90-0f99-42f2-a88f-32468783bad1'),
 ('143', '55', '7', '1', 'en_us', '3', '', '{\"typeId\":\"7\",\"authorId\":\"1\",\"title\":\"Strategy\",\"slug\":\"strategy\",\"postDate\":1478025060,\"expiryDate\":null,\"enabled\":1,\"parentId\":\"\",\"fields\":{\"48\":\"\",\"45\":\"<p class=\\\"h3 caps\\\">&mdash; Logo<br>&mdash; Voice & Personality<br>&mdash; Visual System<br>&mdash; Guidelines<\\/p><p class=\\\"h3 caps\\\"><\\/p>\",\"46\":\"<p>In our heart of hearts, we are identity designers. Although our capabilities and experience extend to a wide range of design and strategy offerings, identity is at the core of everything we do. We love the challenge of crafting visual systems that capture our clients\' unique brand personas. Systems that clarify purpose, encourage action, and inspire brand loyalty. Whether we\\u2019re designing from the ground up, managing a transition, or building upon an established identity, the whole brand experience is always on our radar. We design identities that balance the use of iconic, enduring brand elements with the flexibility to evolve, surprise and delight.<\\/p>\"}}', '2016-11-02 21:31:31', '2016-11-02 21:31:31', '60a73cb8-4a3a-4187-aac4-7b40aa75ee47'),
 ('144', '55', '7', '1', 'en_us', '4', '', '{\"typeId\":\"7\",\"authorId\":\"1\",\"title\":\"Strategy\",\"slug\":\"strategy\",\"postDate\":1478025060,\"expiryDate\":null,\"enabled\":1,\"parentId\":\"\",\"fields\":{\"48\":{\"new1\":{\"type\":\"1\",\"fields\":{\"backgroundImage\":[\"97\"],\"backgroundColor\":\"#000000\",\"linkUrl\":\"\\/overview\",\"header\":\"See\\r\\nWhat \\r\\nMakes\\r\\nUs\\r\\nTick\",\"subtext\":\"Our Studio\"}}},\"45\":\"<p class=\\\"h3 caps\\\">&mdash; Logo<br>&mdash; Voice & Personality<br>&mdash; Visual System<br>&mdash; Guidelines<\\/p>\\r\\n\\r\\n<p class=\\\"h3 caps\\\"><\\/p>\",\"46\":\"<p>In our heart of hearts, we are identity designers. Although our capabilities and experience extend to a wide range of design and strategy offerings, identity is at the core of everything we do. We love the challenge of crafting visual systems that capture our clients\' unique brand personas. Systems that clarify purpose, encourage action, and inspire brand loyalty. Whether we\\u2019re designing from the ground up, managing a transition, or building upon an established identity, the whole brand experience is always on our radar. We design identities that balance the use of iconic, enduring brand elements with the flexibility to evolve, surprise and delight.<\\/p>\"}}', '2016-11-02 22:32:22', '2016-11-02 22:32:22', 'b8129e26-7d42-49e4-aef8-38a82daf7e77'),
 ('145', '101', '10', '1', 'en_us', '1', NULL, '{\"typeId\":\"11\",\"authorId\":null,\"title\":\"Studio\",\"slug\":\"studio\",\"postDate\":1478129400,\"expiryDate\":null,\"enabled\":1,\"parentId\":null,\"fields\":[]}', '2016-11-02 23:30:00', '2016-11-02 23:30:00', '654a7fa1-4e06-4760-b44a-1dc91898aaaf'),
 ('146', '101', '10', '1', 'en_us', '2', '', '{\"typeId\":null,\"authorId\":null,\"title\":\"Studio\",\"slug\":\"studio\",\"postDate\":1478129400,\"expiryDate\":null,\"enabled\":1,\"parentId\":null,\"fields\":{\"48\":{\"new1\":{\"type\":\"1\",\"fields\":{\"backgroundImage\":[\"97\"],\"backgroundColor\":\"#000000\",\"linkUrl\":\"\\/contact\",\"header\":\"Drop \\r\\nus \\r\\na \\r\\nline\",\"subtext\":\"Contact Us\"}}},\"45\":\"<p>Born in 2004<\\/p>\",\"46\":\"<p>We are a full-service creative agency with offices in Seattle and Portland. A dedicated team of designers, strategists, developers and account specialists, we create highly-crafted brand experiences that clarify purpose, encourage action, and inspire brand loyalty. We\\u2019d love to get to know you and help tell your story.&nbsp;<\\/p>\"}}', '2016-11-02 23:34:23', '2016-11-02 23:34:23', '787aba9d-3632-4186-93ec-1fb3dc9d7bd8'),
 ('147', '101', '10', '1', 'en_us', '3', '', '{\"typeId\":null,\"authorId\":null,\"title\":\"Studio\",\"slug\":\"studio\",\"postDate\":1478129400,\"expiryDate\":null,\"enabled\":1,\"parentId\":null,\"fields\":{\"48\":{\"102\":{\"type\":\"1\",\"fields\":{\"backgroundImage\":[\"97\"],\"backgroundColor\":\"#000000\",\"linkUrl\":\"\\/contact\",\"header\":\"Drop \\r\\nus \\r\\na \\r\\nline\",\"subtext\":\"Contact Us\"}}},\"45\":\"<p>Born in 2004<\\/p>\",\"46\":\"<p>We are a full-service creative agency with offices in Seattle and Portland. A dedicated team of designers, strategists, developers and account specialists, we create highly-crafted brand experiences that clarify purpose, encourage action, and inspire brand loyalty. We\\u2019d love to get to know you and help tell your story.&nbsp;<\\/p>\",\"10\":{\"new1\":{\"type\":\"carousel\",\"enabled\":\"1\",\"fields\":{\"images\":[\"48\",\"49\",\"50\"],\"verticalSpacingLevel\":\"vertical-spacing-2\"}},\"new2\":{\"type\":\"twoColumnContent\",\"enabled\":\"1\",\"fields\":{\"backgroundColor\":\"dark\",\"leftColumn\":\"<p class=\\\"h3 med\\\">STYLE<br>IS A<br>SIMPLE<br>WAY<br>OF<br>SAYING<br>COMPLEX<br>THINGS<br><span class=\\\"blue\\\">&mdash;JEAN<br>COCTEAU<\\/span><\\/p>\",\"rightColumn\":\"<p><img src=\\\"http:\\/\\/turnstyle.studio\\/_ui\\/img\\/work\\/t-1.svg#asset:60:url\\\"><\\/p>\",\"verticalSpacingLevel\":\"vertical-spacing-1\"}},\"new3\":{\"type\":\"twoColumnContent\",\"enabled\":\"1\",\"fields\":{\"backgroundColor\":\"dark\",\"leftColumn\":\"\\u200b<p>Style is Not a&nbsp;<br>4-letter Word<\\/p>\\u200b\\u200b\",\"rightColumn\":\"<p>In our experience, the brands that are the most magnetic are those which project distinct, memorable and charismatic personalities. These brands place equal emphasis on what they say and how they say it. Some design purists might say that style is merely artificial decoration that should be avoided in favor of logic&mdash;\\u201cform follows function\\u201d and all that. Don\\u2019t get us wrong, we\\u2019re not proponents of style for its own sake, or as ornament applied after an idea has already been defined. Rather, we employ style as an integral and strategic component of our brand-development process. At its best, style can be that magical something about a company or product that pulls people in and transcends the logical. So, to us, style is not a 4-letter word. On the contrary, we embrace it, harnessing its power to cut through the clutter.&nbsp;<\\/p>\\r\\n<p>And besides, \\u201cstyle\\u201d has five letters.<\\/p>\",\"verticalSpacingLevel\":\"vertical-spacing-1\"}},\"new4\":{\"type\":\"twoColumnContent\",\"enabled\":\"1\",\"fields\":{\"backgroundColor\":\"light\",\"leftColumn\":\"<p>We Do<\\/p>\",\"rightColumn\":\"<p class=\\\"h2 caps\\\"><a href=\\\"http:\\/\\/turnstyle.studio\\/strategy#entry:55:url\\\">Strategy<\\/a><br><a href=\\\"http:\\/\\/turnstyle.studio\\/identity#entry:56:url\\\">Identity<\\/a><br>Digital<br>Print<br>Packaging<br>Environment<\\/p>\",\"verticalSpacingLevel\":\"vertical-spacing-1\"}},\"new5\":{\"type\":\"twoColumnContent\",\"enabled\":\"1\",\"fields\":{\"backgroundColor\":\"light\",\"leftColumn\":\"<p>our<br>clients<br>&<br>industries<\\/p>\",\"rightColumn\":\"\",\"verticalSpacingLevel\":\"vertical-spacing-0\"}},\"new7\":{\"type\":\"twoColumnContent\",\"enabled\":\"1\",\"fields\":{\"backgroundColor\":\"light\",\"leftColumn\":\"<p><span class=\\\"gray\\\">Industry<\\/span><\\/p>\\r\\n<p class=\\\"h3 caps\\\">teague<br>nike<br>starbucks<br>microsoft<br>amazon<br>aiga<br>nordstrom<br>teague<br>nike<\\/p>\\r\\n\\r\\n\\r\\n<p><span class=\\\"gray\\\">Industry<\\/span><\\/p>\\r\\n\\r\\n\\r\\n<p class=\\\"h3 caps\\\">starbucks<br>microsoft<br>amazon<\\/p>\\r\\n\\r\\n\\r\\n<p><span class=\\\"gray\\\">Industry<\\/span><\\/p>\\r\\n\\r\\n\\r\\n<p class=\\\"h3 caps\\\">starbucks<br>microsoft<\\/p>\",\"rightColumn\":\"<p>Industry<br><\\/p>\\r\\n<p class=\\\"h3 caps\\\">starbucks<br>microsoft<br>amazon<\\/p>\\r\\n\\r\\n\\r\\n<p><span class=\\\"gray\\\">Industry<\\/span><\\/p>\\r\\n\\r\\n\\r\\n<p class=\\\"h3 caps\\\">teague<br>nike<br>starbucks<br>microsoft<br>amazon<br>aiga<br>nordstrom<br>teague<br>nike<\\/p>\\r\\n\\r\\n\\r\\n<p><span class=\\\"gray\\\"><br><\\/span><\\/p>\\r\\n\\r\\n<p><span class=\\\"gray\\\">Industry<\\/span><\\/p>\\r\\n\\r\\n\\r\\n<p class=\\\"h3 caps\\\">starbucks<br>microsoft<\\/p>\",\"verticalSpacingLevel\":\"vertical-spacing-0\"}}}}}', '2016-11-02 23:38:39', '2016-11-02 23:38:39', 'd56aa4f4-34da-49af-82c0-f359ccf326f6'),
 ('149', '101', '10', '1', 'en_us', '4', '', '{\"typeId\":\"11\",\"authorId\":null,\"title\":\"Studio\",\"slug\":\"studio\",\"postDate\":1478129954,\"expiryDate\":null,\"enabled\":1,\"parentId\":null,\"fields\":{\"48\":{\"102\":{\"type\":\"1\",\"fields\":{\"backgroundImage\":[\"97\"],\"backgroundColor\":\"#000000\",\"linkUrl\":\"\\/contact\",\"header\":\"Drop \\r\\nus \\r\\na \\r\\nline\",\"subtext\":\"Contact Us\"}}},\"45\":\"<p>Born in 2004<\\/p>\",\"46\":\"<p>We are a full-service creative agency with offices in Seattle and Portland. A dedicated team of designers, strategists, developers and account specialists, we create highly-crafted brand experiences that clarify purpose, encourage action, and inspire brand loyalty. We\\u2019d love to get to know you and help tell your story.&nbsp;<\\/p>\",\"10\":{\"103\":{\"type\":\"carousel\",\"enabled\":\"1\",\"fields\":{\"images\":[\"48\",\"49\",\"50\"],\"verticalSpacingLevel\":\"vertical-spacing-2\"}},\"104\":{\"type\":\"twoColumnContent\",\"enabled\":\"1\",\"fields\":{\"backgroundColor\":\"dark\",\"leftColumn\":\"<p class=\\\"h3 med\\\">STYLE<br>IS A<br>SIMPLE<br>WAY<br>OF<br>SAYING<br>COMPLEX<br>THINGS<br><span class=\\\"blue\\\">&mdash;JEAN<br>COCTEAU<\\/span><\\/p>\",\"rightColumn\":\"<p><img src=\\\"http:\\/\\/turnstyle.studio\\/_ui\\/img\\/work\\/t-1.svg#asset:60:url\\\"><\\/p>\",\"verticalSpacingLevel\":\"vertical-spacing-1\"}},\"105\":{\"type\":\"twoColumnContent\",\"enabled\":\"1\",\"fields\":{\"backgroundColor\":\"dark\",\"leftColumn\":\"<p><br><\\/p><p>Style is Not a&nbsp;<br>4-letter Word<\\/p>\\r\\n\\r\\n\",\"rightColumn\":\"<p>In our experience, the brands that are the most magnetic are those which project distinct, memorable and charismatic personalities. These brands place equal emphasis on what they say and how they say it. Some design purists might say that style is merely artificial decoration that should be avoided in favor of logic&mdash;\\u201cform follows function\\u201d and all that. Don\\u2019t get us wrong, we\\u2019re not proponents of style for its own sake, or as ornament applied after an idea has already been defined. Rather, we employ style as an integral and strategic component of our brand-development process. At its best, style can be that magical something about a company or product that pulls people in and transcends the logical. So, to us, style is not a 4-letter word. On the contrary, we embrace it, harnessing its power to cut through the clutter.&nbsp;<\\/p>\\r\\n\\r\\n<p>And besides, \\u201cstyle\\u201d has five letters.<\\/p>\",\"verticalSpacingLevel\":\"vertical-spacing-1\"}},\"106\":{\"type\":\"twoColumnContent\",\"enabled\":\"1\",\"fields\":{\"backgroundColor\":\"light\",\"leftColumn\":\"<p>We Do<\\/p>\",\"rightColumn\":\"<p class=\\\"h2 caps\\\"><a href=\\\"http:\\/\\/turnstyle.studio\\/strategy#entry:55:url\\\">Strategy<\\/a><br><a href=\\\"http:\\/\\/turnstyle.studio\\/identity#entry:56:url\\\">Identity<\\/a><br>Digital<br>Print<br>Packaging<br>Environment<\\/p>\",\"verticalSpacingLevel\":\"vertical-spacing-1\"}},\"107\":{\"type\":\"twoColumnContent\",\"enabled\":\"1\",\"fields\":{\"backgroundColor\":\"light\",\"leftColumn\":\"<p class=\\\"h3 caps\\\">our<br>clients<br>&<br>industries<\\/p>\\r\\n<p class=\\\"h3 caps\\\"><\\/p>\",\"rightColumn\":\"\",\"verticalSpacingLevel\":\"vertical-spacing-0\"}},\"108\":{\"type\":\"twoColumnContent\",\"enabled\":\"1\",\"fields\":{\"backgroundColor\":\"light\",\"leftColumn\":\"<p><span class=\\\"gray\\\">Industry<\\/span><\\/p>\\r\\n\\r\\n<p class=\\\"h3 caps\\\">teague<br>nike<br>starbucks<br>microsoft<br>amazon<br>aiga<br>nordstrom<br>teague<br>nike<\\/p>\\r\\n\\r\\n\\r\\n\\r\\n\\r\\n\\r\\n<p><span class=\\\"gray\\\">Industry<\\/span><\\/p>\\r\\n\\r\\n\\r\\n\\r\\n\\r\\n\\r\\n<p class=\\\"h3 caps\\\">starbucks<br>microsoft<br>amazon<\\/p>\\r\\n\\r\\n\\r\\n\\r\\n\\r\\n\\r\\n<p><span class=\\\"gray\\\">Industry<\\/span><\\/p>\\r\\n\\r\\n\\r\\n\\r\\n\\r\\n\\r\\n<p class=\\\"h3 caps\\\">starbucks<br>microsoft<\\/p>\",\"rightColumn\":\"<p>Industry<br><\\/p>\\r\\n\\r\\n<p class=\\\"h3 caps\\\">starbucks<br>microsoft<br>amazon<\\/p>\\r\\n\\r\\n\\r\\n\\r\\n\\r\\n\\r\\n<p><span class=\\\"gray\\\">Industry<\\/span><\\/p>\\r\\n\\r\\n\\r\\n\\r\\n\\r\\n\\r\\n<p class=\\\"h3 caps\\\">teague<br>nike<br>starbucks<br>microsoft<br>amazon<br>aiga<br>nordstrom<br>teague<br>nike<\\/p>\\r\\n\\r\\n\\r\\n\\r\\n\\r\\n\\r\\n<p><span class=\\\"gray\\\"><br><\\/span><\\/p>\\r\\n\\r\\n\\r\\n\\r\\n<p><span class=\\\"gray\\\">Industry<\\/span><\\/p>\\r\\n\\r\\n\\r\\n\\r\\n\\r\\n\\r\\n<p class=\\\"h3 caps\\\">starbucks<br>microsoft<\\/p>\",\"verticalSpacingLevel\":\"vertical-spacing-0\"}}}}}', '2016-11-02 23:42:14', '2016-11-02 23:42:14', 'b5447cd3-0e01-4065-a937-032928763b25'),
 ('150', '101', '10', '1', 'en_us', '5', '', '{\"typeId\":\"11\",\"authorId\":null,\"title\":\"Studio\",\"slug\":\"studio\",\"postDate\":1478129954,\"expiryDate\":null,\"enabled\":1,\"parentId\":null,\"fields\":{\"48\":{\"102\":{\"type\":\"1\",\"fields\":{\"backgroundImage\":[\"97\"],\"backgroundColor\":\"#000000\",\"linkUrl\":\"\\/contact\",\"header\":\"Drop \\r\\nus \\r\\na \\r\\nline\",\"subtext\":\"Contact Us\"}}},\"45\":\"<p>Born in 2004<\\/p>\",\"46\":\"<p>We are a full-service creative agency with offices in Seattle and Portland. A dedicated team of designers, strategists, developers and account specialists, we create highly-crafted brand experiences that clarify purpose, encourage action, and inspire brand loyalty. We\\u2019d love to get to know you and help tell your story.&nbsp;<\\/p>\",\"10\":{\"103\":{\"type\":\"carousel\",\"enabled\":\"1\",\"fields\":{\"images\":[\"48\",\"49\",\"50\"],\"verticalSpacingLevel\":\"vertical-spacing-2\"}},\"104\":{\"type\":\"twoColumnContent\",\"enabled\":\"1\",\"fields\":{\"backgroundColor\":\"dark\",\"leftColumn\":\"<p class=\\\"h3 med\\\">STYLE<br>IS A<br>SIMPLE<br>WAY<br>OF<br>SAYING<br>COMPLEX<br>THINGS<br><span class=\\\"blue\\\">&mdash;JEAN<br>COCTEAU<\\/span><\\/p>\",\"rightColumn\":\"<p><img src=\\\"http:\\/\\/turnstyle.studio\\/_ui\\/img\\/work\\/t-1.svg#asset:60:url\\\"><\\/p>\",\"verticalSpacingLevel\":\"vertical-spacing-1\"}},\"105\":{\"type\":\"twoColumnContent\",\"enabled\":\"1\",\"fields\":{\"backgroundColor\":\"dark\",\"leftColumn\":\"<p><br><\\/p>\\r\\n\\r\\n<p>Style is Not a&nbsp;<br>4-letter Word<\\/p>\",\"rightColumn\":\"<p>In our experience, the brands that are the most magnetic are those which project distinct, memorable and charismatic personalities. These brands place equal emphasis on what they say and how they say it. Some design purists might say that style is merely artificial decoration that should be avoided in favor of logic&mdash;\\u201cform follows function\\u201d and all that. Don\\u2019t get us wrong, we\\u2019re not proponents of style for its own sake, or as ornament applied after an idea has already been defined. Rather, we employ style as an integral and strategic component of our brand-development process. At its best, style can be that magical something about a company or product that pulls people in and transcends the logical. So, to us, style is not a 4-letter word. On the contrary, we embrace it, harnessing its power to cut through the clutter.&nbsp;<\\/p>\\r\\n\\r\\n<p>And besides, \\u201cstyle\\u201d has five letters.<\\/p>\",\"verticalSpacingLevel\":\"vertical-spacing-1\"}},\"106\":{\"type\":\"twoColumnContent\",\"enabled\":\"1\",\"fields\":{\"backgroundColor\":\"light\",\"leftColumn\":\"<p>We Do<\\/p>\",\"rightColumn\":\"<p class=\\\"h2 caps\\\"><a href=\\\"http:\\/\\/turnstyle.studio\\/strategy#entry:55:url\\\">Strategy<\\/a><br><a href=\\\"http:\\/\\/turnstyle.studio\\/identity#entry:56:url\\\">Identity<\\/a><br>Digital<br>Print<br>Packaging<br>Environment<\\/p>\",\"verticalSpacingLevel\":\"vertical-spacing-1\"}},\"107\":{\"type\":\"twoColumnContent\",\"enabled\":\"1\",\"fields\":{\"backgroundColor\":\"light\",\"leftColumn\":\"<p class=\\\"h3 caps\\\">our<br>clients<br>&<br>industries<\\/p>\\r\\n\\r\\n<p class=\\\"h3 caps\\\"><\\/p>\",\"rightColumn\":\"\",\"verticalSpacingLevel\":\"vertical-spacing-0\"}},\"108\":{\"type\":\"twoColumnContent\",\"enabled\":\"1\",\"fields\":{\"backgroundColor\":\"light\",\"leftColumn\":\"<p><span class=\\\"gray\\\">Industry<\\/span><\\/p>\\r\\n\\r\\n<p class=\\\"h3 caps\\\">teague<br>nike<br>starbucks<br>microsoft<br>amazon<br>aiga<br>nordstrom<br>teague<br>nike<\\/p>\\r\\n\\r\\n\\r\\n\\r\\n\\r\\n\\r\\n\\r\\n\\r\\n<p><span class=\\\"gray\\\">Industry<\\/span><\\/p>\\r\\n\\r\\n\\r\\n\\r\\n\\r\\n\\r\\n\\r\\n\\r\\n<p class=\\\"h3 caps\\\">starbucks<br>microsoft<br>amazon<\\/p>\\r\\n\\r\\n\\r\\n\\r\\n\\r\\n\\r\\n\\r\\n\\r\\n<p><span class=\\\"gray\\\">Industry<\\/span><\\/p>\\r\\n\\r\\n\\r\\n\\r\\n\\r\\n\\r\\n\\r\\n\\r\\n<p class=\\\"h3 caps\\\">starbucks<br>microsoft<\\/p>\",\"rightColumn\":\"<p>Industry<br><\\/p>\\r\\n\\r\\n<p class=\\\"h3 caps\\\">starbucks<br>microsoft<br>amazon<\\/p>\\r\\n\\r\\n\\r\\n\\r\\n\\r\\n\\r\\n\\r\\n\\r\\n<p><span class=\\\"gray\\\">Industry<\\/span><\\/p>\\r\\n\\r\\n\\r\\n\\r\\n\\r\\n\\r\\n\\r\\n\\r\\n<p class=\\\"h3 caps\\\">teague<br>nike<br>starbucks<br>microsoft<br>amazon<br>aiga<br>nordstrom<br>teague<br>nike<\\/p>\\r\\n\\r\\n\\r\\n\\r\\n\\r\\n\\r\\n\\r\\n\\r\\n<p><span class=\\\"gray\\\"><br><\\/span><\\/p>\\r\\n\\r\\n\\r\\n\\r\\n\\r\\n\\r\\n<p><span class=\\\"gray\\\">Industry<\\/span><\\/p>\\r\\n\\r\\n\\r\\n\\r\\n\\r\\n\\r\\n\\r\\n\\r\\n<p class=\\\"h3 caps\\\">starbucks<br>microsoft<\\/p>\",\"verticalSpacingLevel\":\"vertical-spacing-0\"}}},\"47\":\"<p>08\\/2016 &mdash; IdN Magazine v23n2<\\/p>\\r\\n\\r\\n<p>06\\/2016 &mdash; Communication Arts Design Annual 2016<\\/p>\\r\\n\\r\\n<p>05\\/2016 &mdash; PRINT Magazine Regional Design Annual 2016<\\/p>\\r\\n\\r\\n<p>03\\/2016 &mdash; Communication Arts Design Annual 2015<\\/p>\\r\\n\\r\\n<p>02\\/2016 &mdash; IdN Magazine v23n2<\\/p>\\r\\n\\r\\n<p>12\\/2015 &mdash; Communication Arts Design Annual 2016<\\/p>\\r\\n\\r\\n<p>10\\/2015 &mdash; PRINT Magazine Regional Design Annual 2016<\\/p>\\r\\n\\r\\n<p>10\\/2015 &mdash; Communication Arts Design Annual 2015<\\/p>\\r\\n\\r\\n<p>06\\/2015 &mdash; PRINT Magazine Regional Design Annual 2016<\\/p>\\r\\n\\r\\n<p>02\\/2015 &mdash; Communication Arts Design Annual 2015<\\/p>\",\"44\":\"Meet\\r\\nOur\\r\\nTalented\\r\\nTeam\"}}', '2016-11-02 23:43:28', '2016-11-02 23:43:28', 'ef03962b-35d5-4602-ac34-071f9dc764c0'),
 ('151', '101', '10', '1', 'en_us', '6', '', '{\"typeId\":\"11\",\"authorId\":null,\"title\":\"Studio\",\"slug\":\"studio\",\"postDate\":1478129954,\"expiryDate\":null,\"enabled\":1,\"parentId\":null,\"fields\":{\"48\":{\"102\":{\"type\":\"1\",\"fields\":{\"backgroundImage\":[\"97\"],\"backgroundColor\":\"#000000\",\"linkUrl\":\"\\/contact\",\"header\":\"Drop \\r\\nus \\r\\na \\r\\nline\",\"subtext\":\"Contact Us\"}}},\"45\":\"<p>Born in 2004<\\/p>\",\"46\":\"<p>We are a full-service creative agency with offices in Seattle and Portland. A dedicated team of designers, strategists, developers and account specialists, we create highly-crafted brand experiences that clarify purpose, encourage action, and inspire brand loyalty. We\\u2019d love to get to know you and help tell your story.&nbsp;<\\/p>\",\"10\":{\"103\":{\"type\":\"carousel\",\"enabled\":\"1\",\"fields\":{\"images\":[\"48\",\"49\",\"50\"],\"verticalSpacingLevel\":\"vertical-spacing-2\"}},\"104\":{\"type\":\"twoColumnContent\",\"enabled\":\"1\",\"fields\":{\"backgroundColor\":\"dark\",\"leftColumn\":\"<p class=\\\"h3 med\\\">STYLE<br>IS A<br>SIMPLE<br>WAY<br>OF<br>SAYING<br>COMPLEX<br>THINGS<br><span class=\\\"blue\\\">&mdash;JEAN<br>COCTEAU<\\/span><\\/p>\",\"rightColumn\":\"<p><img src=\\\"http:\\/\\/turnstyle.studio\\/_ui\\/img\\/work\\/t-1.svg#asset:60:url\\\"><\\/p>\",\"verticalSpacingLevel\":\"vertical-spacing-1\"}},\"105\":{\"type\":\"twoColumnContent\",\"enabled\":\"1\",\"fields\":{\"backgroundColor\":\"dark\",\"leftColumn\":\"<p><br><\\/p>\\r\\n\\r\\n<p>Style is Not a&nbsp;<br>4-letter Word<\\/p>\",\"rightColumn\":\"<p>In our experience, the brands that are the most magnetic are those which project distinct, memorable and charismatic personalities. These brands place equal emphasis on what they say and how they say it. Some design purists might say that style is merely artificial decoration that should be avoided in favor of logic&mdash;\\u201cform follows function\\u201d and all that. Don\\u2019t get us wrong, we\\u2019re not proponents of style for its own sake, or as ornament applied after an idea has already been defined. Rather, we employ style as an integral and strategic component of our brand-development process. At its best, style can be that magical something about a company or product that pulls people in and transcends the logical. So, to us, style is not a 4-letter word. On the contrary, we embrace it, harnessing its power to cut through the clutter.&nbsp;<\\/p>\\r\\n\\r\\n<p>And besides, \\u201cstyle\\u201d has five letters.<\\/p>\",\"verticalSpacingLevel\":\"vertical-spacing-1\"}},\"106\":{\"type\":\"twoColumnContent\",\"enabled\":\"1\",\"fields\":{\"backgroundColor\":\"light\",\"leftColumn\":\"<p>We Do<\\/p>\",\"rightColumn\":\"<p class=\\\"h2 caps\\\"><a href=\\\"\\/strategy\\\">Strategy<\\/a><br><a href=\\\"\\/identity\\\">Identity<\\/a><br>Digital<br>Print<br>Packaging<br>Environment<\\/p>\",\"verticalSpacingLevel\":\"vertical-spacing-1\"}},\"107\":{\"type\":\"twoColumnContent\",\"enabled\":\"1\",\"fields\":{\"backgroundColor\":\"light\",\"leftColumn\":\"<p class=\\\"h3 caps\\\">our<br>clients<br>&<br>industries<\\/p>\\r\\n\\r\\n<p class=\\\"h3 caps\\\"><\\/p>\",\"rightColumn\":\"\",\"verticalSpacingLevel\":\"vertical-spacing-0\"}},\"108\":{\"type\":\"twoColumnContent\",\"enabled\":\"1\",\"fields\":{\"backgroundColor\":\"light\",\"leftColumn\":\"<p><span class=\\\"gray\\\">Industry<\\/span><\\/p>\\r\\n\\r\\n<p class=\\\"h3 caps\\\">teague<br>nike<br>starbucks<br>microsoft<br>amazon<br>aiga<br>nordstrom<br>teague<br>nike<\\/p>\\r\\n\\r\\n\\r\\n\\r\\n\\r\\n\\r\\n\\r\\n\\r\\n\\r\\n\\r\\n<p><span class=\\\"gray\\\">Industry<\\/span><\\/p>\\r\\n\\r\\n\\r\\n\\r\\n\\r\\n\\r\\n\\r\\n\\r\\n\\r\\n\\r\\n<p class=\\\"h3 caps\\\">starbucks<br>microsoft<br>amazon<\\/p>\\r\\n\\r\\n\\r\\n\\r\\n\\r\\n\\r\\n\\r\\n\\r\\n\\r\\n\\r\\n<p><span class=\\\"gray\\\">Industry<\\/span><\\/p>\\r\\n\\r\\n\\r\\n\\r\\n\\r\\n\\r\\n\\r\\n\\r\\n\\r\\n\\r\\n<p class=\\\"h3 caps\\\">starbucks<br>microsoft<\\/p>\",\"rightColumn\":\"<p>Industry<br><\\/p>\\r\\n\\r\\n<p class=\\\"h3 caps\\\">starbucks<br>microsoft<br>amazon<\\/p>\\r\\n\\r\\n\\r\\n\\r\\n\\r\\n\\r\\n\\r\\n\\r\\n\\r\\n\\r\\n<p><span class=\\\"gray\\\">Industry<\\/span><\\/p>\\r\\n\\r\\n\\r\\n\\r\\n\\r\\n\\r\\n\\r\\n\\r\\n\\r\\n\\r\\n<p class=\\\"h3 caps\\\">teague<br>nike<br>starbucks<br>microsoft<br>amazon<br>aiga<br>nordstrom<br>teague<br>nike<\\/p>\\r\\n\\r\\n\\r\\n\\r\\n\\r\\n\\r\\n\\r\\n\\r\\n\\r\\n\\r\\n<p><span class=\\\"gray\\\"><br><\\/span><\\/p>\\r\\n\\r\\n\\r\\n\\r\\n\\r\\n\\r\\n\\r\\n\\r\\n<p><span class=\\\"gray\\\">Industry<\\/span><\\/p>\\r\\n\\r\\n\\r\\n\\r\\n\\r\\n\\r\\n\\r\\n\\r\\n\\r\\n\\r\\n<p class=\\\"h3 caps\\\">starbucks<br>microsoft<\\/p>\",\"verticalSpacingLevel\":\"vertical-spacing-0\"}}},\"47\":\"<p>08\\/2016 &mdash; IdN Magazine v23n2<\\/p>\\r\\n\\r\\n<p>06\\/2016 &mdash; Communication Arts Design Annual 2016<\\/p>\\r\\n\\r\\n\\r\\n\\r\\n<p>05\\/2016 &mdash; PRINT Magazine Regional Design Annual 2016<\\/p>\\r\\n\\r\\n\\r\\n\\r\\n<p>03\\/2016 &mdash; Communication Arts Design Annual 2015<\\/p>\\r\\n\\r\\n\\r\\n\\r\\n<p>02\\/2016 &mdash; IdN Magazine v23n2<\\/p>\\r\\n\\r\\n\\r\\n\\r\\n<p>12\\/2015 &mdash; Communication Arts Design Annual 2016<\\/p>\\r\\n\\r\\n\\r\\n\\r\\n<p>10\\/2015 &mdash; PRINT Magazine Regional Design Annual 2016<\\/p>\\r\\n\\r\\n\\r\\n\\r\\n<p>10\\/2015 &mdash; Communication Arts Design Annual 2015<\\/p>\\r\\n\\r\\n\\r\\n\\r\\n<p>06\\/2015 &mdash; PRINT Magazine Regional Design Annual 2016<\\/p>\\r\\n\\r\\n\\r\\n\\r\\n<p>02\\/2015 &mdash; Communication Arts Design Annual 2015<\\/p>\",\"44\":\"Meet\\r\\nOur\\r\\nTalented\\r\\nTeam\"}}', '2016-11-03 20:14:04', '2016-11-03 20:14:04', '9487f3dd-1f55-444f-98ce-53de38473eaf'),
 ('152', '101', '10', '1', 'en_us', '7', '', '{\"typeId\":\"11\",\"authorId\":null,\"title\":\"Studio\",\"slug\":\"studio\",\"postDate\":1478129954,\"expiryDate\":null,\"enabled\":1,\"parentId\":null,\"fields\":{\"48\":{\"102\":{\"type\":\"1\",\"fields\":{\"backgroundImage\":[\"97\"],\"backgroundColor\":\"#000000\",\"linkUrl\":\"\\/contact\",\"header\":\"Drop \\r\\nus \\r\\na \\r\\nline\",\"subtext\":\"Contact Us\"}}},\"45\":\"<p>Born in 2004<\\/p>\",\"46\":\"<p>We are a full-service creative agency with offices in Seattle and Portland. A dedicated team of designers, strategists, developers and account specialists, we create highly-crafted brand experiences that clarify purpose, encourage action, and inspire brand loyalty. We\\u2019d love to get to know you and help tell your story.&nbsp;<\\/p>\",\"10\":{\"103\":{\"type\":\"carousel\",\"enabled\":\"1\",\"fields\":{\"images\":[\"48\",\"49\",\"50\"],\"verticalSpacingLevel\":\"vertical-spacing-2\"}},\"104\":{\"type\":\"twoColumnContent\",\"enabled\":\"1\",\"fields\":{\"backgroundColor\":\"dark\",\"leftColumn\":\"<p class=\\\"h3 med\\\">STYLE<br>IS A<br>SIMPLE<br>WAY<br>OF<br>SAYING<br>COMPLEX<br>THINGS<br><span class=\\\"blue\\\">&mdash;JEAN<br>COCTEAU<\\/span><\\/p>\",\"rightColumn\":\"<p><img src=\\\"http:\\/\\/turnstyle.studio\\/_ui\\/img\\/work\\/t-1.svg#asset:60:url\\\"><\\/p>\",\"verticalSpacingLevel\":\"vertical-spacing-1\"}},\"105\":{\"type\":\"twoColumnContent\",\"enabled\":\"1\",\"fields\":{\"backgroundColor\":\"dark\",\"leftColumn\":\"<p>Style is Not a&nbsp;<br>4-letter Word<\\/p>\",\"rightColumn\":\"<p>In our experience, the brands that are the most magnetic are those which project distinct, memorable and charismatic personalities. These brands place equal emphasis on what they say and how they say it. Some design purists might say that style is merely artificial decoration that should be avoided in favor of logic&mdash;\\u201cform follows function\\u201d and all that. Don\\u2019t get us wrong, we\\u2019re not proponents of style for its own sake, or as ornament applied after an idea has already been defined. Rather, we employ style as an integral and strategic component of our brand-development process. At its best, style can be that magical something about a company or product that pulls people in and transcends the logical. So, to us, style is not a 4-letter word. On the contrary, we embrace it, harnessing its power to cut through the clutter.&nbsp;<\\/p>\\r\\n\\r\\n<p>And besides, \\u201cstyle\\u201d has five letters.<\\/p>\",\"verticalSpacingLevel\":\"vertical-spacing-1\"}},\"106\":{\"type\":\"twoColumnContent\",\"enabled\":\"1\",\"fields\":{\"backgroundColor\":\"light\",\"leftColumn\":\"<p>We Do<\\/p>\",\"rightColumn\":\"<p class=\\\"h2 caps\\\"><a href=\\\"\\/strategy\\\" data-color=\\\"3c00ff\\\">Strategy<\\/a><br><a href=\\\"\\/identity\\\" data-color=\\\"3c00ff\\\">Identity<\\/a><br>Digital<br>Print<br>Packaging<br>Environment<\\/p>\",\"verticalSpacingLevel\":\"vertical-spacing-1\"}},\"107\":{\"type\":\"twoColumnContent\",\"enabled\":\"1\",\"fields\":{\"backgroundColor\":\"light\",\"leftColumn\":\"<p class=\\\"h3 caps\\\">our<br>clients<br>&<br>industries<\\/p>\\r\\n\\r\\n<p class=\\\"h3 caps\\\"><\\/p>\",\"rightColumn\":\"\",\"verticalSpacingLevel\":\"vertical-spacing-0\"}},\"108\":{\"type\":\"twoColumnContent\",\"enabled\":\"1\",\"fields\":{\"backgroundColor\":\"light\",\"leftColumn\":\"<p><span class=\\\"gray\\\">Industry<\\/span><\\/p>\\r\\n\\r\\n<p class=\\\"h3 caps\\\">teague<br>nike<br>starbucks<br>microsoft<br>amazon<br>aiga<br>nordstrom<br>teague<br>nike<\\/p>\\r\\n\\r\\n\\r\\n\\r\\n\\r\\n\\r\\n\\r\\n\\r\\n\\r\\n\\r\\n\\r\\n\\r\\n<p><span class=\\\"gray\\\">Industry<\\/span><\\/p>\\r\\n\\r\\n\\r\\n\\r\\n\\r\\n\\r\\n\\r\\n\\r\\n\\r\\n\\r\\n\\r\\n\\r\\n<p class=\\\"h3 caps\\\">starbucks<br>microsoft<br>amazon<\\/p>\\r\\n\\r\\n\\r\\n\\r\\n\\r\\n\\r\\n\\r\\n\\r\\n\\r\\n\\r\\n\\r\\n\\r\\n<p><span class=\\\"gray\\\">Industry<\\/span><\\/p>\\r\\n\\r\\n\\r\\n\\r\\n\\r\\n\\r\\n\\r\\n\\r\\n\\r\\n\\r\\n\\r\\n\\r\\n<p class=\\\"h3 caps\\\">starbucks<br>microsoft<\\/p>\",\"rightColumn\":\"<p>Industry<br><\\/p>\\r\\n\\r\\n<p class=\\\"h3 caps\\\">starbucks<br>microsoft<br>amazon<\\/p>\\r\\n\\r\\n\\r\\n\\r\\n\\r\\n\\r\\n\\r\\n\\r\\n\\r\\n\\r\\n\\r\\n\\r\\n<p><span class=\\\"gray\\\">Industry<\\/span><\\/p>\\r\\n\\r\\n\\r\\n\\r\\n\\r\\n\\r\\n\\r\\n\\r\\n\\r\\n\\r\\n\\r\\n\\r\\n<p class=\\\"h3 caps\\\">teague<br>nike<br>starbucks<br>microsoft<br>amazon<br>aiga<br>nordstrom<br>teague<br>nike<\\/p>\\r\\n\\r\\n\\r\\n\\r\\n\\r\\n\\r\\n\\r\\n\\r\\n\\r\\n\\r\\n\\r\\n\\r\\n<p><span class=\\\"gray\\\"><br><\\/span><\\/p>\\r\\n\\r\\n\\r\\n\\r\\n\\r\\n\\r\\n\\r\\n\\r\\n\\r\\n\\r\\n<p><span class=\\\"gray\\\">Industry<\\/span><\\/p>\\r\\n\\r\\n\\r\\n\\r\\n\\r\\n\\r\\n\\r\\n\\r\\n\\r\\n\\r\\n\\r\\n\\r\\n<p class=\\\"h3 caps\\\">starbucks<br>microsoft<\\/p>\",\"verticalSpacingLevel\":\"vertical-spacing-0\"}}},\"47\":\"<p>08\\/2016 &mdash; IdN Magazine v23n2<\\/p>\\r\\n\\r\\n<p>06\\/2016 &mdash; Communication Arts Design Annual 2016<\\/p>\\r\\n\\r\\n\\r\\n\\r\\n\\r\\n\\r\\n<p>05\\/2016 &mdash; PRINT Magazine Regional Design Annual 2016<\\/p>\\r\\n\\r\\n\\r\\n\\r\\n\\r\\n\\r\\n<p>03\\/2016 &mdash; Communication Arts Design Annual 2015<\\/p>\\r\\n\\r\\n\\r\\n\\r\\n\\r\\n\\r\\n<p>02\\/2016 &mdash; IdN Magazine v23n2<\\/p>\\r\\n\\r\\n\\r\\n\\r\\n\\r\\n\\r\\n<p>12\\/2015 &mdash; Communication Arts Design Annual 2016<\\/p>\\r\\n\\r\\n\\r\\n\\r\\n\\r\\n\\r\\n<p>10\\/2015 &mdash; PRINT Magazine Regional Design Annual 2016<\\/p>\\r\\n\\r\\n\\r\\n\\r\\n\\r\\n\\r\\n<p>10\\/2015 &mdash; Communication Arts Design Annual 2015<\\/p>\\r\\n\\r\\n\\r\\n\\r\\n\\r\\n\\r\\n<p>06\\/2015 &mdash; PRINT Magazine Regional Design Annual 2016<\\/p>\\r\\n\\r\\n\\r\\n\\r\\n\\r\\n\\r\\n<p>02\\/2015 &mdash; Communication Arts Design Annual 2015<\\/p>\",\"44\":\"Meet\\r\\nOur\\r\\nTalented\\r\\nTeam\"}}', '2016-11-03 20:35:21', '2016-11-03 20:35:21', '790807c0-01d3-4330-9eed-7135b23863ef'),
 ('153', '101', '10', '1', 'en_us', '8', '', '{\"typeId\":\"11\",\"authorId\":null,\"title\":\"Studio\",\"slug\":\"studio\",\"postDate\":1478129954,\"expiryDate\":null,\"enabled\":1,\"parentId\":null,\"fields\":{\"48\":{\"102\":{\"type\":\"1\",\"fields\":{\"backgroundImage\":[\"97\"],\"backgroundColor\":\"#000000\",\"linkUrl\":\"\\/contact\",\"header\":\"Drop \\r\\nus \\r\\na \\r\\nline\",\"subtext\":\"Contact Us\"}}},\"45\":\"<p>Born in 2004<\\/p>\",\"46\":\"<p>We are a full-service creative agency with offices in Seattle and Portland. A dedicated team of designers, strategists, developers and account specialists, we create highly-crafted brand experiences that clarify purpose, encourage action, and inspire brand loyalty. We\\u2019d love to get to know you and help tell your story.&nbsp;<\\/p>\",\"10\":{\"103\":{\"type\":\"carousel\",\"enabled\":\"1\",\"fields\":{\"images\":[\"48\",\"49\",\"50\"],\"verticalSpacingLevel\":\"vertical-spacing-2\"}},\"104\":{\"type\":\"twoColumnContent\",\"enabled\":\"1\",\"fields\":{\"backgroundColor\":\"dark\",\"leftColumn\":\"<p class=\\\"h3 med\\\">STYLE<br>IS A<br>SIMPLE<br>WAY<br>OF<br>SAYING<br>COMPLEX<br>THINGS<br><span class=\\\"blue\\\">&mdash;JEAN<br>COCTEAU<\\/span><\\/p>\",\"rightColumn\":\"<p><img src=\\\"http:\\/\\/turnstyle.studio\\/_ui\\/img\\/work\\/t-1.svg#asset:60:url\\\"><\\/p>\",\"verticalSpacingLevel\":\"vertical-spacing-1\"}},\"105\":{\"type\":\"twoColumnContent\",\"enabled\":\"1\",\"fields\":{\"backgroundColor\":\"dark\",\"leftColumn\":\"<p>Style is Not a&nbsp;<br>4-letter Word<\\/p>\",\"rightColumn\":\"<p>In our experience, the brands that are the most magnetic are those which project distinct, memorable and charismatic personalities. These brands place equal emphasis on what they say and how they say it. Some design purists might say that style is merely artificial decoration that should be avoided in favor of logic&mdash;\\u201cform follows function\\u201d and all that. Don\\u2019t get us wrong, we\\u2019re not proponents of style for its own sake, or as ornament applied after an idea has already been defined. Rather, we employ style as an integral and strategic component of our brand-development process. At its best, style can be that magical something about a company or product that pulls people in and transcends the logical. So, to us, style is not a 4-letter word. On the contrary, we embrace it, harnessing its power to cut through the clutter.&nbsp;<\\/p>\\r\\n\\r\\n<p>And besides, \\u201cstyle\\u201d has five letters.<\\/p>\",\"verticalSpacingLevel\":\"vertical-spacing-1\"}},\"106\":{\"type\":\"twoColumnContent\",\"enabled\":\"1\",\"fields\":{\"backgroundColor\":\"light\",\"leftColumn\":\"<p>We Do<\\/p>\",\"rightColumn\":\"<p class=\\\"h2 caps\\\"><a href=\\\"\\/strategy\\\" data-color=\\\"#3c00ff\\\">Strategy<\\/a><br><a href=\\\"\\/identity\\\" data-color=\\\"#3c00ff\\\">Identity<\\/a><br>Digital<br>Print<br>Packaging<br>Environment<\\/p>\",\"verticalSpacingLevel\":\"vertical-spacing-1\"}},\"107\":{\"type\":\"twoColumnContent\",\"enabled\":\"1\",\"fields\":{\"backgroundColor\":\"light\",\"leftColumn\":\"<p class=\\\"h3 caps\\\">our<br>clients<br>&<br>industries<\\/p>\\r\\n\\r\\n<p class=\\\"h3 caps\\\"><\\/p>\",\"rightColumn\":\"\",\"verticalSpacingLevel\":\"vertical-spacing-0\"}},\"108\":{\"type\":\"twoColumnContent\",\"enabled\":\"1\",\"fields\":{\"backgroundColor\":\"light\",\"leftColumn\":\"<p><span class=\\\"gray\\\">Industry<\\/span><\\/p>\\r\\n\\r\\n<p class=\\\"h3 caps\\\">teague<br>nike<br>starbucks<br>microsoft<br>amazon<br>aiga<br>nordstrom<br>teague<br>nike<\\/p>\\r\\n\\r\\n\\r\\n\\r\\n\\r\\n\\r\\n\\r\\n\\r\\n\\r\\n\\r\\n\\r\\n\\r\\n\\r\\n\\r\\n<p><span class=\\\"gray\\\">Industry<\\/span><\\/p>\\r\\n\\r\\n\\r\\n\\r\\n\\r\\n\\r\\n\\r\\n\\r\\n\\r\\n\\r\\n\\r\\n\\r\\n\\r\\n\\r\\n<p class=\\\"h3 caps\\\">starbucks<br>microsoft<br>amazon<\\/p>\\r\\n\\r\\n\\r\\n\\r\\n\\r\\n\\r\\n\\r\\n\\r\\n\\r\\n\\r\\n\\r\\n\\r\\n\\r\\n\\r\\n<p><span class=\\\"gray\\\">Industry<\\/span><\\/p>\\r\\n\\r\\n\\r\\n\\r\\n\\r\\n\\r\\n\\r\\n\\r\\n\\r\\n\\r\\n\\r\\n\\r\\n\\r\\n\\r\\n<p class=\\\"h3 caps\\\">starbucks<br>microsoft<\\/p>\",\"rightColumn\":\"<p>Industry<br><\\/p>\\r\\n\\r\\n<p class=\\\"h3 caps\\\">starbucks<br>microsoft<br>amazon<\\/p>\\r\\n\\r\\n\\r\\n\\r\\n\\r\\n\\r\\n\\r\\n\\r\\n\\r\\n\\r\\n\\r\\n\\r\\n\\r\\n\\r\\n<p><span class=\\\"gray\\\">Industry<\\/span><\\/p>\\r\\n\\r\\n\\r\\n\\r\\n\\r\\n\\r\\n\\r\\n\\r\\n\\r\\n\\r\\n\\r\\n\\r\\n\\r\\n\\r\\n<p class=\\\"h3 caps\\\">teague<br>nike<br>starbucks<br>microsoft<br>amazon<br>aiga<br>nordstrom<br>teague<br>nike<\\/p>\\r\\n\\r\\n\\r\\n\\r\\n\\r\\n\\r\\n\\r\\n\\r\\n\\r\\n\\r\\n\\r\\n\\r\\n\\r\\n\\r\\n<p><span class=\\\"gray\\\"><br><\\/span><\\/p>\\r\\n\\r\\n\\r\\n\\r\\n\\r\\n\\r\\n\\r\\n\\r\\n\\r\\n\\r\\n\\r\\n\\r\\n<p><span class=\\\"gray\\\">Industry<\\/span><\\/p>\\r\\n\\r\\n\\r\\n\\r\\n\\r\\n\\r\\n\\r\\n\\r\\n\\r\\n\\r\\n\\r\\n\\r\\n\\r\\n\\r\\n<p class=\\\"h3 caps\\\">starbucks<br>microsoft<\\/p>\",\"verticalSpacingLevel\":\"vertical-spacing-0\"}}},\"47\":\"<p>08\\/2016 &mdash; IdN Magazine v23n2<\\/p>\\r\\n\\r\\n<p>06\\/2016 &mdash; Communication Arts Design Annual 2016<\\/p>\\r\\n\\r\\n\\r\\n\\r\\n\\r\\n\\r\\n\\r\\n\\r\\n<p>05\\/2016 &mdash; PRINT Magazine Regional Design Annual 2016<\\/p>\\r\\n\\r\\n\\r\\n\\r\\n\\r\\n\\r\\n\\r\\n\\r\\n<p>03\\/2016 &mdash; Communication Arts Design Annual 2015<\\/p>\\r\\n\\r\\n\\r\\n\\r\\n\\r\\n\\r\\n\\r\\n\\r\\n<p>02\\/2016 &mdash; IdN Magazine v23n2<\\/p>\\r\\n\\r\\n\\r\\n\\r\\n\\r\\n\\r\\n\\r\\n\\r\\n<p>12\\/2015 &mdash; Communication Arts Design Annual 2016<\\/p>\\r\\n\\r\\n\\r\\n\\r\\n\\r\\n\\r\\n\\r\\n\\r\\n<p>10\\/2015 &mdash; PRINT Magazine Regional Design Annual 2016<\\/p>\\r\\n\\r\\n\\r\\n\\r\\n\\r\\n\\r\\n\\r\\n\\r\\n<p>10\\/2015 &mdash; Communication Arts Design Annual 2015<\\/p>\\r\\n\\r\\n\\r\\n\\r\\n\\r\\n\\r\\n\\r\\n\\r\\n<p>06\\/2015 &mdash; PRINT Magazine Regional Design Annual 2016<\\/p>\\r\\n\\r\\n\\r\\n\\r\\n\\r\\n\\r\\n\\r\\n\\r\\n<p>02\\/2015 &mdash; Communication Arts Design Annual 2015<\\/p>\",\"44\":\"Meet\\r\\nOur\\r\\nTalented\\r\\nTeam\"}}', '2016-11-03 20:36:51', '2016-11-03 20:36:51', '7a144b51-92db-4529-b7d1-7386f6b708f8'),
 ('154', '112', '2', '1', 'en_us', '1', '', '{\"typeId\":null,\"authorId\":\"1\",\"title\":\"turnstyle featured in idn magazine\",\"slug\":\"turnstyle-featured-in-idn-magazine\",\"postDate\":1478208957,\"expiryDate\":null,\"enabled\":1,\"parentId\":null,\"fields\":{\"10\":\"\"}}', '2016-11-03 21:35:57', '2016-11-03 21:35:57', 'eda54c6d-ef69-4556-b019-80d8d315d7b1'),
 ('155', '112', '2', '1', 'en_us', '2', '', '{\"typeId\":\"2\",\"authorId\":\"1\",\"title\":\"turnstyle featured in idn magazine\",\"slug\":\"turnstyle-featured-in-idn-magazine\",\"postDate\":1478208900,\"expiryDate\":null,\"enabled\":1,\"parentId\":null,\"fields\":{\"55\":\"#daff00\",\"56\":\"\",\"54\":[\"109\"],\"10\":\"\"}}', '2016-11-03 21:37:30', '2016-11-03 21:37:30', 'b7113cd2-6677-413b-81bf-5a618e34359c'),
 ('156', '112', '2', '1', 'en_us', '3', '', '{\"typeId\":\"2\",\"authorId\":\"1\",\"title\":\"turnstyle featured in idn magazine\",\"slug\":\"turnstyle-featured-in-idn-magazine\",\"postDate\":1478208900,\"expiryDate\":null,\"enabled\":1,\"parentId\":null,\"fields\":{\"55\":\"#daff00\",\"56\":[\"114\"],\"54\":[\"109\"],\"10\":{\"new1\":{\"type\":\"centeredText\",\"enabled\":\"1\",\"fields\":{\"text\":\"<p>Lorem ipsum dolor sit amet, consectetur adipiscing elit. Integer posuere erat a ante venenatis dapibus posuere velit aliquet. Donec ullamcorper nulla non metus auctor fringilla. Nulla vitae elit libero, a pharetra augue. Fusce dapibus, tellus ac cursus commodo, tortor mauris condimentum nibh, ut fermentum massa justo sit amet risus. Etiam porta sem malesuada magna mollis euismod.<\\/p>\",\"verticalSpacingLevel\":\"vertical-spacing-1\"}},\"new2\":{\"type\":\"carousel\",\"enabled\":\"1\",\"fields\":{\"images\":[\"48\",\"49\",\"50\"],\"verticalSpacingLevel\":\"vertical-spacing-2\"}}}}}', '2016-11-03 21:38:50', '2016-11-03 21:38:50', '5a34c492-11b0-49eb-8987-baf8d8a9304c'),
 ('157', '118', '2', '1', 'en_us', '1', '', '{\"typeId\":null,\"authorId\":\"1\",\"title\":\"We\'re building our own building\",\"slug\":\"were-building-our-own-building\",\"postDate\":1478209431,\"expiryDate\":null,\"enabled\":1,\"parentId\":null,\"fields\":{\"55\":\"#000000\",\"56\":[\"117\"],\"54\":[\"111\"],\"10\":{\"new1\":{\"type\":\"centeredText\",\"enabled\":\"1\",\"fields\":{\"text\":\"<p>Together with our brand strategy partners at&nbsp;<a href=\\\"http:\\/\\/stokestrategy.com\\/\\\">Stoke,<\\/a>&nbsp;Turnstyle is breaking ground on a new 5,000 sq. foot office in August 2016. The building will serve as home for 20+ strategists, designers and developers. Located on Canal Street, the park-side project borders the Burke-Gilman Trail and overlooks the Fremont Cut waterway. &nbsp;<\\/p>\\r\\n\\r\\n<p>\\\"The firms continue to grow, and our need for space was at odds with the long-term lease trends of Seattle,\\u201d said Stoke partner Erin Quick. \\u201cIt makes good financial sense for the businesses, and for the firms\\u2019 practices. We\\u2019re creating a unique place where creative thinkers can do their best work, and clients can collaborate with us in new and different ways.\\u201d<\\/p>\\r\\n\\r\\n<p>On the street level, a cafe-style collaboration space serves as a foundation to two levels with open-floor studios and meeting space. Designed with 16\\u2019 floor-to-ceiling windows, the plan takes advantage of the views over the trail and canal.<\\/p>\\r\\n\\r\\n<p>\\u201cThe work areas will be bathed with natural light. An open atrium at the center creates visual interest, with the benefit of passive solar design,\\u201d said Ben Graham, partner at Turnstyle. \\u201cIt\'s a design-friendly environment that makes the best of our open, collaborative work style.\\u201d&nbsp;<\\/p>\\r\\n\\r\\n<p>\\u201cThe commercial office market is racing, and the long-term value for buyers in Seattle looks good,\\u201d noted Graham. \\u201cAs the business environment accelerates, having a place that minimizes our commutes, offers easy access to downtown, with everyday access to great restaurants, and enhances mobility options on the Burke-Gilman Trail \\u2013 all with a deck and a view \\u2013 seemed like a winning combination.\\u201d<\\/p>\\r\\n\\r\\n<p>The architecture was led by award-winning&nbsp;<a href=\\\"http:\\/\\/heliotropearchitects.com\\/\\\">Heliotrope,<\\/a>&nbsp;of Ballard. Seattle\\u2019s&nbsp;<a href=\\\"http:\\/\\/westernventures.com\\/\\\">Western Ventures<\\/a>serves as the general contractor.<\\/p>\\r\\n\\r\\n<p>Construction is targeted for completion in June, 2017.<\\/p>\",\"verticalSpacingLevel\":\"vertical-spacing-0\"}}}}}', '2016-11-03 21:43:51', '2016-11-03 21:43:51', 'ea2982b6-1dbd-4bf4-9669-0dc75d21875e'),
 ('158', '122', '2', '1', 'en_us', '1', '', '{\"typeId\":null,\"authorId\":\"1\",\"title\":\"Turnstyle principal serves as juror for communication arts design annual\",\"slug\":\"turnstyle-principal-serves-as-juror-for-communication-arts-design-annual\",\"postDate\":1478209624,\"expiryDate\":null,\"enabled\":1,\"parentId\":null,\"fields\":{\"55\":\"#ff7fc5\",\"56\":[\"121\"],\"54\":[\"111\"],\"10\":{\"new1\":{\"type\":\"centeredText\",\"enabled\":\"1\",\"fields\":{\"text\":\"<p>Turnstyle principal and creative director Steven Watson was invited to serve as a juror for Communication Arts magazine\\u2019s 56th Annual Design Competition. Communication Arts is a professional journal for designers, art directors, design firms, corporate design departments, agencies and everyone involved in visual communications. The CA Design Annual, published each September,&nbsp;is one of the most respected competitions in our industry.&nbsp;<\\/p>\\r\\n\\r\\n<p>Of the 4,083 entries to the 56th Design Annual, only 153 were accepted, representing the work of 141 designers, design firms and in-house design departments, making the Design Annual the most exclusive major design competition in the world. Entries were selected on the basis of creative excellence and quality of execution.<\\/p>\\r\\n\\r\\n<p>Steve screened entries along with five other jurors: Kelly Bjork (VSA Partners), Dora Drimalas (Hybrid-Design), Jay Fletcher (J Fletcher Deisgn), Jeffrey Keyton (MTV), and Jean Coyne (executive editor of Communication Arts magazine). It was an honor to be asked to participate alongside such accomplished fellow jurors.<\\/p>\\r\\n\\r\\n<p>In the column that accompanies the design competition, Steve was asked for his point of view on the entries and the design trends they represent. He replied that \\u201ctechnology will continue to change how we consume media, images, and messages. But the underlying principles of design will always be relevant in communicating effectively, regardless of how the future evolves.\\u201d<\\/p>\",\"verticalSpacingLevel\":\"vertical-spacing-0\"}},\"new2\":{\"type\":\"insetImage\",\"enabled\":\"1\",\"fields\":{\"image\":[\"120\"],\"verticalSpacingLevel\":\"vertical-spacing-0\",\"backgroundColor\":\"#000000\"}}}}}', '2016-11-03 21:47:05', '2016-11-03 21:47:05', 'ac4ff672-87b5-4ec9-9ab5-cab75ae0dfa9'),
 ('159', '122', '2', '1', 'en_us', '2', '', '{\"typeId\":\"2\",\"authorId\":\"1\",\"title\":\"Turnstyle Principal Serves as Juror for Communication Arts Design Annual\",\"slug\":\"turnstyle-principal-serves-as-juror-for-communication-arts-design-annual\",\"postDate\":1478209620,\"expiryDate\":null,\"enabled\":1,\"parentId\":null,\"fields\":{\"55\":\"#ff7fc5\",\"56\":[\"121\"],\"54\":[\"111\"],\"10\":{\"123\":{\"type\":\"centeredText\",\"enabled\":\"1\",\"fields\":{\"text\":\"<p>Turnstyle principal and creative director Steven Watson was invited to serve as a juror for Communication Arts magazine\\u2019s 56th Annual Design Competition. Communication Arts is a professional journal for designers, art directors, design firms, corporate design departments, agencies and everyone involved in visual communications. The CA Design Annual, published each September,&nbsp;is one of the most respected competitions in our industry.&nbsp;<\\/p>\\r\\n\\r\\n<p>Of the 4,083 entries to the 56th Design Annual, only 153 were accepted, representing the work of 141 designers, design firms and in-house design departments, making the Design Annual the most exclusive major design competition in the world. Entries were selected on the basis of creative excellence and quality of execution.<\\/p>\\r\\n\\r\\n\\r\\n\\r\\n<p>Steve screened entries along with five other jurors: Kelly Bjork (VSA Partners), Dora Drimalas (Hybrid-Design), Jay Fletcher (J Fletcher Deisgn), Jeffrey Keyton (MTV), and Jean Coyne (executive editor of Communication Arts magazine). It was an honor to be asked to participate alongside such accomplished fellow jurors.<\\/p>\\r\\n\\r\\n\\r\\n\\r\\n<p>In the column that accompanies the design competition, Steve was asked for his point of view on the entries and the design trends they represent. He replied that \\u201ctechnology will continue to change how we consume media, images, and messages. But the underlying principles of design will always be relevant in communicating effectively, regardless of how the future evolves.\\u201d<\\/p>\",\"verticalSpacingLevel\":\"vertical-spacing-0\"}},\"124\":{\"type\":\"insetImage\",\"enabled\":\"1\",\"fields\":{\"image\":[\"120\"],\"verticalSpacingLevel\":\"vertical-spacing-0\",\"backgroundColor\":\"#000000\"}}}}}', '2016-11-03 21:58:08', '2016-11-03 21:58:08', '7782dad4-6d64-49f5-9c96-70f8614a8ce1'),
 ('160', '118', '2', '1', 'en_us', '2', '', '{\"typeId\":\"2\",\"authorId\":\"1\",\"title\":\"We\'re Building Our Own Building\",\"slug\":\"were-building-our-own-building\",\"postDate\":1478209380,\"expiryDate\":null,\"enabled\":1,\"parentId\":null,\"fields\":{\"55\":\"#000000\",\"56\":[\"117\"],\"54\":[\"111\"],\"10\":{\"119\":{\"type\":\"centeredText\",\"enabled\":\"1\",\"fields\":{\"text\":\"<p>Together with our brand strategy partners at&nbsp;<a href=\\\"http:\\/\\/stokestrategy.com\\/\\\">Stoke,<\\/a>&nbsp;Turnstyle is breaking ground on a new 5,000 sq. foot office in August 2016. The building will serve as home for 20+ strategists, designers and developers. Located on Canal Street, the park-side project borders the Burke-Gilman Trail and overlooks the Fremont Cut waterway. &nbsp;<\\/p>\\r\\n\\r\\n<p>\\\"The firms continue to grow, and our need for space was at odds with the long-term lease trends of Seattle,\\u201d said Stoke partner Erin Quick. \\u201cIt makes good financial sense for the businesses, and for the firms\\u2019 practices. We\\u2019re creating a unique place where creative thinkers can do their best work, and clients can collaborate with us in new and different ways.\\u201d<\\/p>\\r\\n\\r\\n\\r\\n\\r\\n<p>On the street level, a cafe-style collaboration space serves as a foundation to two levels with open-floor studios and meeting space. Designed with 16\\u2019 floor-to-ceiling windows, the plan takes advantage of the views over the trail and canal.<\\/p>\\r\\n\\r\\n\\r\\n\\r\\n<p>\\u201cThe work areas will be bathed with natural light. An open atrium at the center creates visual interest, with the benefit of passive solar design,\\u201d said Ben Graham, partner at Turnstyle. \\u201cIt\'s a design-friendly environment that makes the best of our open, collaborative work style.\\u201d&nbsp;<\\/p>\\r\\n\\r\\n\\r\\n\\r\\n<p>\\u201cThe commercial office market is racing, and the long-term value for buyers in Seattle looks good,\\u201d noted Graham. \\u201cAs the business environment accelerates, having a place that minimizes our commutes, offers easy access to downtown, with everyday access to great restaurants, and enhances mobility options on the Burke-Gilman Trail \\u2013 all with a deck and a view \\u2013 seemed like a winning combination.\\u201d<\\/p>\\r\\n\\r\\n\\r\\n\\r\\n<p>The architecture was led by award-winning&nbsp;<a href=\\\"http:\\/\\/heliotropearchitects.com\\/\\\">Heliotrope,<\\/a>&nbsp;of Ballard. Seattle\\u2019s&nbsp;<a href=\\\"http:\\/\\/westernventures.com\\/\\\">Western Ventures<\\/a>serves as the general contractor.<\\/p>\\r\\n\\r\\n\\r\\n\\r\\n<p>Construction is targeted for completion in June, 2017.<\\/p>\",\"verticalSpacingLevel\":\"vertical-spacing-0\"}}}}}', '2016-11-03 21:58:27', '2016-11-03 21:58:27', '06562b99-c649-437c-badb-d9252e480806'),
 ('161', '112', '2', '1', 'en_us', '4', '', '{\"typeId\":\"2\",\"authorId\":\"1\",\"title\":\"Turnstyle Featured in IdN Magazine\",\"slug\":\"turnstyle-featured-in-idn-magazine\",\"postDate\":1478208900,\"expiryDate\":null,\"enabled\":1,\"parentId\":null,\"fields\":{\"55\":\"#daff00\",\"56\":[\"114\"],\"54\":[\"109\"],\"10\":{\"115\":{\"type\":\"centeredText\",\"enabled\":\"1\",\"fields\":{\"text\":\"<p>Lorem ipsum dolor sit amet, consectetur adipiscing elit. Integer posuere erat a ante venenatis dapibus posuere velit aliquet. Donec ullamcorper nulla non metus auctor fringilla. Nulla vitae elit libero, a pharetra augue. Fusce dapibus, tellus ac cursus commodo, tortor mauris condimentum nibh, ut fermentum massa justo sit amet risus. Etiam porta sem malesuada magna mollis euismod.<\\/p>\",\"verticalSpacingLevel\":\"vertical-spacing-1\"}},\"116\":{\"type\":\"carousel\",\"enabled\":\"1\",\"fields\":{\"images\":[\"48\",\"49\",\"50\"],\"verticalSpacingLevel\":\"vertical-spacing-2\"}}}}}', '2016-11-03 21:58:53', '2016-11-03 21:58:53', '29eea4fa-89e4-40a9-9c20-3e7f5bb7a040'),
 ('162', '122', '2', '1', 'en_us', '3', '', '{\"typeId\":\"2\",\"authorId\":\"1\",\"title\":\"Turnstyle Principal Serves as Juror for Communication Arts Design Annual\",\"slug\":\"turnstyle-principal-serves-as-juror-for-communication-arts-design-annual\",\"postDate\":1478209620,\"expiryDate\":null,\"enabled\":1,\"parentId\":null,\"fields\":{\"48\":{\"new1\":{\"type\":\"1\",\"fields\":{\"backgroundImage\":\"\",\"backgroundColor\":\"#ffae96\",\"linkUrl\":\"\\/journal\",\"header\":\"I\\r\\nWanna\\r\\nRead\\r\\nMore\",\"subtext\":\"Our Journal\"}}},\"55\":\"#ff7fc5\",\"56\":[\"121\"],\"54\":[\"111\"],\"10\":{\"123\":{\"type\":\"centeredText\",\"enabled\":\"1\",\"fields\":{\"text\":\"<p>Turnstyle principal and creative director Steven Watson was invited to serve as a juror for Communication Arts magazine\\u2019s 56th Annual Design Competition. Communication Arts is a professional journal for designers, art directors, design firms, corporate design departments, agencies and everyone involved in visual communications. The CA Design Annual, published each September,&nbsp;is one of the most respected competitions in our industry.&nbsp;<\\/p>\\r\\n\\r\\n<p>Of the 4,083 entries to the 56th Design Annual, only 153 were accepted, representing the work of 141 designers, design firms and in-house design departments, making the Design Annual the most exclusive major design competition in the world. Entries were selected on the basis of creative excellence and quality of execution.<\\/p>\\r\\n\\r\\n\\r\\n\\r\\n\\r\\n\\r\\n<p>Steve screened entries along with five other jurors: Kelly Bjork (VSA Partners), Dora Drimalas (Hybrid-Design), Jay Fletcher (J Fletcher Deisgn), Jeffrey Keyton (MTV), and Jean Coyne (executive editor of Communication Arts magazine). It was an honor to be asked to participate alongside such accomplished fellow jurors.<\\/p>\\r\\n\\r\\n\\r\\n\\r\\n\\r\\n\\r\\n<p>In the column that accompanies the design competition, Steve was asked for his point of view on the entries and the design trends they represent. He replied that \\u201ctechnology will continue to change how we consume media, images, and messages. But the underlying principles of design will always be relevant in communicating effectively, regardless of how the future evolves.\\u201d<\\/p>\",\"verticalSpacingLevel\":\"vertical-spacing-0\"}},\"124\":{\"type\":\"insetImage\",\"enabled\":\"1\",\"fields\":{\"image\":[\"120\"],\"verticalSpacingLevel\":\"vertical-spacing-0\",\"backgroundColor\":\"#000000\"}}}}}', '2016-11-03 23:15:46', '2016-11-03 23:15:46', 'b1bceb2b-e437-4d34-b3ed-5815ee95d60d'),
 ('163', '122', '2', '1', 'en_us', '4', '', '{\"typeId\":\"2\",\"authorId\":\"1\",\"title\":\"Turnstyle Principal Serves as Juror for Communication Arts Design Annual\",\"slug\":\"turnstyle-principal-serves-as-juror-for-communication-arts-design-annual\",\"postDate\":1478209620,\"expiryDate\":null,\"enabled\":1,\"parentId\":null,\"fields\":{\"48\":{\"125\":{\"type\":\"1\",\"fields\":{\"backgroundImage\":\"\",\"backgroundColor\":\"#ffae96\",\"linkUrl\":\"\\/journal\",\"header\":\"I\\r\\nWanna\\r\\nRead\\r\\nMore\",\"subtext\":\"Our Journal\"}}},\"55\":\"#ff7fc5\",\"56\":[\"121\"],\"54\":[\"111\"],\"10\":{\"123\":{\"type\":\"centeredText\",\"enabled\":\"1\",\"fields\":{\"text\":\"<p>Turnstyle principal and creative director Steven Watson was invited to serve as a juror for Communication Arts magazine\\u2019s 56th Annual Design Competition. Communication Arts is a professional journal for designers, art directors, design firms, corporate design departments, agencies and everyone involved in visual communications. The CA Design Annual, published each September,&nbsp;is one of the most respected competitions in our industry.&nbsp;<\\/p>\\r\\n\\r\\n<p>Of the 4,083 entries to the 56th Design Annual, only 153 were accepted, representing the work of 141 designers, design firms and in-house design departments, making the Design Annual the most exclusive major design competition in the world. Entries were selected on the basis of creative excellence and quality of execution.<\\/p>\\r\\n\\r\\n\\r\\n\\r\\n\\r\\n\\r\\n\\r\\n\\r\\n<p>Steve screened entries along with five other jurors: Kelly Bjork (VSA Partners), Dora Drimalas (Hybrid-Design), Jay Fletcher (J Fletcher Deisgn), Jeffrey Keyton (MTV), and Jean Coyne (executive editor of Communication Arts magazine). It was an honor to be asked to participate alongside such accomplished fellow jurors.<\\/p>\\r\\n\\r\\n\\r\\n\\r\\n\\r\\n\\r\\n\\r\\n\\r\\n<p>In the column that accompanies the design competition, Steve was asked for his point of view on the entries and the design trends they represent. He replied that \\u201ctechnology will continue to change how we consume media, images, and messages. But the underlying principles of design will always be relevant in communicating effectively, regardless of how the future evolves.\\u201d<\\/p>\",\"verticalSpacingLevel\":\"vertical-spacing-0\"}},\"124\":{\"type\":\"insetImage\",\"enabled\":\"1\",\"fields\":{\"image\":[\"120\"],\"verticalSpacingLevel\":\"vertical-spacing-0\",\"backgroundColor\":\"#000000\"}}}}}', '2016-11-03 23:18:13', '2016-11-03 23:18:13', '884014c4-f0e6-4738-a771-2e4ae273eb8b'),
 ('164', '122', '2', '1', 'en_us', '5', '', '{\"typeId\":\"2\",\"authorId\":\"1\",\"title\":\"Turnstyle Principal Serves as Juror for Communication Arts Design Annual\",\"slug\":\"turnstyle-principal-serves-as-juror-for-communication-arts-design-annual\",\"postDate\":1478209620,\"expiryDate\":null,\"enabled\":1,\"parentId\":null,\"fields\":{\"48\":{\"125\":{\"type\":\"1\",\"fields\":{\"backgroundImage\":\"\",\"backgroundColor\":\"#ffae96\",\"linkUrl\":\"\\/journal\",\"header\":\"I\\r\\nWanna\\r\\nRead\\r\\nMore\",\"subtext\":\"Our Journal\"}}},\"55\":\"#ff7fc5\",\"56\":[\"121\"],\"54\":[\"111\"],\"10\":{\"123\":{\"type\":\"centeredText\",\"enabled\":\"1\",\"fields\":{\"text\":\"<p>Turnstyle principal and creative director Steven Watson was invited to serve as a juror for Communication Arts magazine\\u2019s 56th Annual Design Competition. Communication Arts is a professional journal for designers, art directors, design firms, corporate design departments, agencies and everyone involved in visual communications. The CA Design Annual, published each September,&nbsp;is one of the most respected competitions in our industry.&nbsp;<\\/p>\\r\\n\\r\\n<p>Of the 4,083 entries to the 56th Design Annual, only 153 were accepted, representing the work of 141 designers, design firms and in-house design departments, making the Design Annual the most exclusive major design competition in the world. Entries were selected on the basis of creative excellence and quality of execution.<\\/p>\\r\\n\\r\\n\\r\\n\\r\\n\\r\\n\\r\\n\\r\\n\\r\\n\\r\\n\\r\\n<p>Steve screened entries along with five other jurors: Kelly Bjork (VSA Partners), Dora Drimalas (Hybrid-Design), Jay Fletcher (J Fletcher Deisgn), Jeffrey Keyton (MTV), and Jean Coyne (executive editor of Communication Arts magazine). It was an honor to be asked to participate alongside such accomplished fellow jurors.<\\/p>\\r\\n\\r\\n\\r\\n\\r\\n\\r\\n\\r\\n\\r\\n\\r\\n\\r\\n\\r\\n<p>In the column that accompanies the design competition, Steve was asked for his point of view on the entries and the design trends they represent. He replied that \\u201ctechnology will continue to change how we consume media, images, and messages. But the underlying principles of design will always be relevant in communicating effectively, regardless of how the future evolves.\\u201d<\\/p>\",\"verticalSpacingLevel\":\"vertical-spacing-0\"}},\"124\":{\"type\":\"insetImage\",\"enabled\":\"1\",\"fields\":{\"image\":[\"120\"],\"verticalSpacingLevel\":\"vertical-spacing-0\",\"backgroundColor\":\"#ffffff\"}}}}}', '2016-11-03 23:18:33', '2016-11-03 23:18:33', '75a68866-3d9a-4365-bf6b-88c0fcee41a4'),
 ('165', '122', '2', '1', 'en_us', '6', '', '{\"typeId\":\"2\",\"authorId\":\"1\",\"title\":\"Turnstyle Principal Serves as Juror for Communication Arts Design Annual\",\"slug\":\"turnstyle-principal-serves-as-juror-for-communication-arts-design-annual\",\"postDate\":1478209620,\"expiryDate\":null,\"enabled\":1,\"parentId\":null,\"fields\":{\"48\":{\"125\":{\"type\":\"1\",\"fields\":{\"backgroundImage\":\"\",\"backgroundColor\":\"#ffae96\",\"linkUrl\":\"\\/journal\",\"header\":\"I\\r\\nWanna\\r\\nRead\\r\\nMore\",\"subtext\":\"Our Journal\"}}},\"55\":\"#ff7fc5\",\"56\":[\"121\"],\"54\":[\"111\"],\"10\":{\"123\":{\"type\":\"centeredText\",\"enabled\":\"1\",\"fields\":{\"text\":\"<p>Turnstyle principal and creative director Steven Watson was invited to serve as a juror for Communication Arts magazine\\u2019s 56th Annual Design Competition. Communication Arts is a professional journal for designers, art directors, design firms, corporate design departments, agencies and everyone involved in visual communications. The CA Design Annual, published each September,&nbsp;is one of the most respected competitions in our industry.&nbsp;<\\/p>\\r\\n\\r\\n<p>Of the 4,083 entries to the 56th Design Annual, only 153 were accepted, representing the work of 141 designers, design firms and in-house design departments, making the Design Annual the most exclusive major design competition in the world. Entries were selected on the basis of creative excellence and quality of execution.<\\/p>\",\"verticalSpacingLevel\":\"vertical-spacing-1\"}},\"124\":{\"type\":\"insetImage\",\"enabled\":\"1\",\"fields\":{\"image\":[\"120\"],\"verticalSpacingLevel\":\"vertical-spacing-1\",\"backgroundColor\":\"#ffffff\"}},\"new1\":{\"type\":\"centeredText\",\"enabled\":\"1\",\"fields\":{\"text\":\"<p>Steve screened entries along with five other jurors: Kelly Bjork (VSA Partners), Dora Drimalas (Hybrid-Design), Jay Fletcher (J Fletcher Deisgn), Jeffrey Keyton (MTV), and Jean Coyne (executive editor of Communication Arts magazine). It was an honor to be asked to participate alongside such accomplished fellow jurors.<\\/p>\\r\\n\\r\\n<p>In the column that accompanies the design competition, Steve was asked for his point of view on the entries and the design trends they represent. He replied that \\u201ctechnology will continue to change how we consume media, images, and messages. But the underlying principles of design will always be relevant in communicating effectively, regardless of how the future evolves.\\u201d<\\/p>\",\"verticalSpacingLevel\":\"vertical-spacing-1\"}}}}}', '2016-11-04 15:59:58', '2016-11-04 15:59:58', '7e348d7a-7623-4f95-a5c9-56e7d1da9474'),
 ('166', '15', '3', '1', 'en_us', '47', '', '{\"typeId\":\"3\",\"authorId\":\"1\",\"title\":\"Packaging Entry\",\"slug\":\"packaging-entry\",\"postDate\":1476391140,\"expiryDate\":null,\"enabled\":1,\"parentId\":null,\"fields\":{\"14\":[{\"col1\":\"Recogonition\",\"col2\":\"Print Regional Design Annual 2015\"}],\"3\":[\"9\",\"10\",\"13\"],\"29\":\"off-black\",\"9\":\"Wake up\\r\\nStyle\\r\\nshoot\\r\\ndo it all\\r\\nagain\",\"7\":[\"26\"],\"4\":\"#ffae96\",\"8\":\"<p>Justin Gollmer, one of our go-to photography partners, asked us design a ten-year retrospective promotional brochure. <em>Wake, Style, Shoot, Do It All Again<\\/em> is a collection of images highlighting his work behind, beside, and around the camera. The brochure is divided into four sections that blur the lines between Gollmer\\u2019s personal and commercial work: people, action, travel, and product. Short sheets bound to the exterior provide thumbnail image guides to each section with captions for each image.<\\/p>\",\"10\":{\"28\":{\"type\":\"largeImage\",\"enabled\":\"1\",\"fields\":{\"image\":[\"27\"],\"layoutOptions\":\"full-width\",\"verticalSpacingLevel\":\"vertical-spacing-0\"}},\"41\":{\"type\":\"video\",\"enabled\":\"1\",\"fields\":{\"vimeoVideoId\":\"172827555\",\"autoplay\":\"1\",\"framed\":\"1\"}},\"31\":{\"type\":\"insetImage\",\"enabled\":\"1\",\"fields\":{\"image\":[\"30\"],\"verticalSpacingLevel\":\"vertical-spacing-2\",\"backgroundColor\":\"#d6ff2e\"}},\"53\":{\"type\":\"video\",\"enabled\":\"1\",\"fields\":{\"vimeoVideoId\":\"172827555\",\"autoplay\":\"1\",\"framed\":\"\"}},\"32\":{\"type\":\"imageWithDescription\",\"enabled\":\"1\",\"fields\":{\"position\":\"left\",\"image\":[\"30\"],\"description\":\"<p>Subtitle<\\/p>\\r\\n\\r\\n<p>Donec id elit non mi porta gravida at eget metus. Fusce dapibus, tellus ac cursus commodo, tortor mauris condimentum nibh, ut fermentum massa justo sit amet risus. Etiam porta sem malesuada magna mollis euismod. Lorem ipsum dolor sit.<\\/p>\",\"verticalSpacingLevel\":\"vertical-spacing-2\"}},\"37\":{\"type\":\"twoUpImages\",\"enabled\":\"1\",\"fields\":{\"leftImage\":[\"35\"],\"rightImage\":[\"36\"],\"verticalSpacingLevel\":\"vertical-spacing-0\"}},\"38\":{\"type\":\"centeredText\",\"enabled\":\"1\",\"fields\":{\"text\":\"<p>Subtitle<\\/p>\\r\\n\\r\\n<p>Donec id elit non mi porta gravida at eget metus. Fusce dapibus, tellus ac cursus commodo, tortor mauris condimentum nibh, ut fermentum massa justo sit amet risus. Etiam porta sem malesuada magna mollis euismod. Lorem ipsum dolor sit.<\\/p>\",\"verticalSpacingLevel\":\"vertical-spacing-4\"}},\"42\":{\"type\":\"video\",\"enabled\":\"1\",\"fields\":{\"vimeoVideoId\":\"172827555\",\"autoplay\":\"\",\"framed\":\"1\"}},\"52\":{\"type\":\"carousel\",\"enabled\":\"1\",\"fields\":{\"images\":[\"48\",\"49\",\"50\"],\"verticalSpacingLevel\":\"vertical-spacing-2\"}}},\"6\":\"Project Title Here\",\"5\":[\"21\"]}}', '2016-11-04 17:45:38', '2016-11-04 17:45:38', '893fe5d0-2132-40b0-aef8-fe823a4e4197'),
 ('167', '122', '2', '1', 'en_us', '7', '', '{\"typeId\":\"2\",\"authorId\":\"1\",\"title\":\"Turnstyle Principal Serves as Juror for Communication Arts Design Annual\",\"slug\":\"turnstyle-principal-serves-as-juror-for-communication-arts-design-annual\",\"postDate\":1478209620,\"expiryDate\":null,\"enabled\":1,\"parentId\":null,\"fields\":{\"48\":{\"125\":{\"type\":\"1\",\"fields\":{\"backgroundImage\":\"\",\"backgroundColor\":\"#ffae96\",\"linkUrl\":\"\\/journal\",\"header\":\"I\\r\\nWanna\\r\\nRead\\r\\nMore\",\"subtext\":\"Our Journal\"}}},\"55\":\"#ff7fc5\",\"29\":\"off-black\",\"56\":[\"121\"],\"54\":[\"111\"],\"10\":{\"123\":{\"type\":\"centeredText\",\"enabled\":\"1\",\"fields\":{\"text\":\"<p>Turnstyle principal and creative director Steven Watson was invited to serve as a juror for Communication Arts magazine\\u2019s 56th Annual Design Competition. Communication Arts is a professional journal for designers, art directors, design firms, corporate design departments, agencies and everyone involved in visual communications. The CA Design Annual, published each September,&nbsp;is one of the most respected competitions in our industry.&nbsp;<\\/p>\\r\\n\\r\\n<p>Of the 4,083 entries to the 56th Design Annual, only 153 were accepted, representing the work of 141 designers, design firms and in-house design departments, making the Design Annual the most exclusive major design competition in the world. Entries were selected on the basis of creative excellence and quality of execution.<\\/p>\",\"verticalSpacingLevel\":\"vertical-spacing-1\"}},\"124\":{\"type\":\"insetImage\",\"enabled\":\"1\",\"fields\":{\"image\":[\"120\"],\"verticalSpacingLevel\":\"vertical-spacing-1\",\"backgroundColor\":\"#ffffff\"}},\"126\":{\"type\":\"centeredText\",\"enabled\":\"1\",\"fields\":{\"text\":\"<p>Steve screened entries along with five other jurors: Kelly Bjork (VSA Partners), Dora Drimalas (Hybrid-Design), Jay Fletcher (J Fletcher Deisgn), Jeffrey Keyton (MTV), and Jean Coyne (executive editor of Communication Arts magazine). It was an honor to be asked to participate alongside such accomplished fellow jurors.<\\/p>\\r\\n\\r\\n<p>In the column that accompanies the design competition, Steve was asked for his point of view on the entries and the design trends they represent. He replied that \\u201ctechnology will continue to change how we consume media, images, and messages. But the underlying principles of design will always be relevant in communicating effectively, regardless of how the future evolves.\\u201d<\\/p>\",\"verticalSpacingLevel\":\"vertical-spacing-1\"}}}}}', '2016-11-04 17:58:19', '2016-11-04 17:58:19', '234ecba2-a913-4b9c-bb9c-13ba76d74191'),
 ('168', '122', '2', '1', 'en_us', '8', '', '{\"typeId\":\"2\",\"authorId\":\"1\",\"title\":\"Turnstyle Principal Serves as Juror for Communication Arts Design Annual\",\"slug\":\"turnstyle-principal-serves-as-juror-for-communication-arts-design-annual\",\"postDate\":1478209620,\"expiryDate\":null,\"enabled\":1,\"parentId\":null,\"fields\":{\"48\":{\"125\":{\"type\":\"1\",\"fields\":{\"backgroundImage\":\"\",\"backgroundColor\":\"#ffae96\",\"linkUrl\":\"\\/journal\",\"header\":\"I\\r\\nWanna\\r\\nRead\\r\\nMore\",\"subtext\":\"Our Journal\",\"fontColor\":\"#ffffff\"}}},\"55\":\"#ff7fc5\",\"29\":\"off-black\",\"56\":[\"121\"],\"54\":[\"111\"],\"10\":{\"123\":{\"type\":\"centeredText\",\"enabled\":\"1\",\"fields\":{\"text\":\"<p>Turnstyle principal and creative director Steven Watson was invited to serve as a juror for Communication Arts magazine\\u2019s 56th Annual Design Competition. Communication Arts is a professional journal for designers, art directors, design firms, corporate design departments, agencies and everyone involved in visual communications. The CA Design Annual, published each September,&nbsp;is one of the most respected competitions in our industry.&nbsp;<\\/p>\\r\\n\\r\\n<p>Of the 4,083 entries to the 56th Design Annual, only 153 were accepted, representing the work of 141 designers, design firms and in-house design departments, making the Design Annual the most exclusive major design competition in the world. Entries were selected on the basis of creative excellence and quality of execution.<\\/p>\",\"verticalSpacingLevel\":\"vertical-spacing-1\"}},\"124\":{\"type\":\"insetImage\",\"enabled\":\"1\",\"fields\":{\"image\":[\"120\"],\"verticalSpacingLevel\":\"vertical-spacing-1\",\"backgroundColor\":\"#ffffff\"}},\"126\":{\"type\":\"centeredText\",\"enabled\":\"1\",\"fields\":{\"text\":\"<p>Steve screened entries along with five other jurors: Kelly Bjork (VSA Partners), Dora Drimalas (Hybrid-Design), Jay Fletcher (J Fletcher Deisgn), Jeffrey Keyton (MTV), and Jean Coyne (executive editor of Communication Arts magazine). It was an honor to be asked to participate alongside such accomplished fellow jurors.<\\/p>\\r\\n\\r\\n<p>In the column that accompanies the design competition, Steve was asked for his point of view on the entries and the design trends they represent. He replied that \\u201ctechnology will continue to change how we consume media, images, and messages. But the underlying principles of design will always be relevant in communicating effectively, regardless of how the future evolves.\\u201d<\\/p>\",\"verticalSpacingLevel\":\"vertical-spacing-1\"}}}}}', '2016-11-04 18:32:55', '2016-11-04 18:32:55', '393ddc79-e586-44a5-995d-393a6f350e3e'),
 ('169', '122', '2', '1', 'en_us', '9', '', '{\"typeId\":\"2\",\"authorId\":\"1\",\"title\":\"Turnstyle Principal Serves as Juror for Communication Arts Design Annual\",\"slug\":\"turnstyle-principal-serves-as-juror-for-communication-arts-design-annual\",\"postDate\":1478209620,\"expiryDate\":null,\"enabled\":1,\"parentId\":null,\"fields\":{\"48\":{\"125\":{\"type\":\"1\",\"fields\":{\"backgroundImage\":\"\",\"backgroundColor\":\"#ffae96\",\"linkUrl\":\"\\/journal\",\"header\":\"I\\r\\nWanna\\r\\nRead\\r\\nMore\",\"subtext\":\"Our Journal\",\"fontColor\":\"#ffffff\"}}},\"55\":\"#ff7fc5\",\"29\":\"#daff00\",\"56\":[\"121\"],\"54\":[\"111\"],\"10\":{\"123\":{\"type\":\"centeredText\",\"enabled\":\"1\",\"fields\":{\"text\":\"<p>Turnstyle principal and creative director Steven Watson was invited to serve as a juror for Communication Arts magazine\\u2019s 56th Annual Design Competition. Communication Arts is a professional journal for designers, art directors, design firms, corporate design departments, agencies and everyone involved in visual communications. The CA Design Annual, published each September,&nbsp;is one of the most respected competitions in our industry.&nbsp;<\\/p>\\r\\n\\r\\n<p>Of the 4,083 entries to the 56th Design Annual, only 153 were accepted, representing the work of 141 designers, design firms and in-house design departments, making the Design Annual the most exclusive major design competition in the world. Entries were selected on the basis of creative excellence and quality of execution.<\\/p>\",\"verticalSpacingLevel\":\"vertical-spacing-1\"}},\"124\":{\"type\":\"insetImage\",\"enabled\":\"1\",\"fields\":{\"image\":[\"120\"],\"verticalSpacingLevel\":\"vertical-spacing-1\",\"backgroundColor\":\"#ffffff\"}},\"126\":{\"type\":\"centeredText\",\"enabled\":\"1\",\"fields\":{\"text\":\"<p>Steve screened entries along with five other jurors: Kelly Bjork (VSA Partners), Dora Drimalas (Hybrid-Design), Jay Fletcher (J Fletcher Deisgn), Jeffrey Keyton (MTV), and Jean Coyne (executive editor of Communication Arts magazine). It was an honor to be asked to participate alongside such accomplished fellow jurors.<\\/p>\\r\\n\\r\\n<p>In the column that accompanies the design competition, Steve was asked for his point of view on the entries and the design trends they represent. He replied that \\u201ctechnology will continue to change how we consume media, images, and messages. But the underlying principles of design will always be relevant in communicating effectively, regardless of how the future evolves.\\u201d<\\/p>\",\"verticalSpacingLevel\":\"vertical-spacing-1\"}}}}}', '2016-11-04 18:44:24', '2016-11-04 18:44:24', '1346e939-7f13-4154-8987-8154b453fe36'),
 ('170', '15', '3', '1', 'en_us', '48', '', '{\"typeId\":\"3\",\"authorId\":\"1\",\"title\":\"Packaging Entry\",\"slug\":\"packaging-entry\",\"postDate\":1476391140,\"expiryDate\":null,\"enabled\":1,\"parentId\":null,\"fields\":{\"14\":[{\"col1\":\"Recogonition\",\"col2\":\"Print Regional Design Annual 2015\"}],\"3\":[\"9\",\"10\",\"13\"],\"29\":\"#efefef\",\"9\":\"Wake up\\r\\nStyle\\r\\nshoot\\r\\ndo it all\\r\\nagain\",\"7\":[\"26\"],\"4\":\"#ffae96\",\"8\":\"<p>Justin Gollmer, one of our go-to photography partners, asked us design a ten-year retrospective promotional brochure. <em>Wake, Style, Shoot, Do It All Again<\\/em> is a collection of images highlighting his work behind, beside, and around the camera. The brochure is divided into four sections that blur the lines between Gollmer\\u2019s personal and commercial work: people, action, travel, and product. Short sheets bound to the exterior provide thumbnail image guides to each section with captions for each image.<\\/p>\",\"10\":{\"28\":{\"type\":\"largeImage\",\"enabled\":\"1\",\"fields\":{\"image\":[\"27\"],\"layoutOptions\":\"full-width\",\"verticalSpacingLevel\":\"vertical-spacing-0\"}},\"41\":{\"type\":\"video\",\"enabled\":\"1\",\"fields\":{\"vimeoVideoId\":\"172827555\",\"autoplay\":\"1\",\"framed\":\"1\"}},\"31\":{\"type\":\"insetImage\",\"enabled\":\"1\",\"fields\":{\"image\":[\"30\"],\"verticalSpacingLevel\":\"vertical-spacing-2\",\"backgroundColor\":\"#d6ff2e\"}},\"53\":{\"type\":\"video\",\"enabled\":\"1\",\"fields\":{\"vimeoVideoId\":\"172827555\",\"autoplay\":\"1\",\"framed\":\"\"}},\"32\":{\"type\":\"imageWithDescription\",\"enabled\":\"1\",\"fields\":{\"position\":\"left\",\"image\":[\"30\"],\"description\":\"<p>Subtitle<\\/p>\\r\\n\\r\\n<p>Donec id elit non mi porta gravida at eget metus. Fusce dapibus, tellus ac cursus commodo, tortor mauris condimentum nibh, ut fermentum massa justo sit amet risus. Etiam porta sem malesuada magna mollis euismod. Lorem ipsum dolor sit.<\\/p>\",\"verticalSpacingLevel\":\"vertical-spacing-2\"}},\"37\":{\"type\":\"twoUpImages\",\"enabled\":\"1\",\"fields\":{\"leftImage\":[\"35\"],\"rightImage\":[\"36\"],\"verticalSpacingLevel\":\"vertical-spacing-0\"}},\"38\":{\"type\":\"centeredText\",\"enabled\":\"1\",\"fields\":{\"text\":\"<p>Subtitle<\\/p>\\r\\n\\r\\n<p>Donec id elit non mi porta gravida at eget metus. Fusce dapibus, tellus ac cursus commodo, tortor mauris condimentum nibh, ut fermentum massa justo sit amet risus. Etiam porta sem malesuada magna mollis euismod. Lorem ipsum dolor sit.<\\/p>\",\"verticalSpacingLevel\":\"vertical-spacing-4\"}},\"42\":{\"type\":\"video\",\"enabled\":\"1\",\"fields\":{\"vimeoVideoId\":\"172827555\",\"autoplay\":\"\",\"framed\":\"1\"}},\"52\":{\"type\":\"carousel\",\"enabled\":\"1\",\"fields\":{\"images\":[\"48\",\"49\",\"50\"],\"verticalSpacingLevel\":\"vertical-spacing-2\"}}},\"6\":\"Project Title Here\",\"5\":[\"21\"]}}', '2016-11-07 19:05:34', '2016-11-07 19:05:34', '164225cb-c0ff-4aef-b373-552d01bc2bb6'),
 ('171', '15', '3', '46', 'en_us', '49', '', '{\"typeId\":\"3\",\"authorId\":\"1\",\"title\":\"Packaging Entry\",\"slug\":\"packaging-entry\",\"postDate\":1476391140,\"expiryDate\":null,\"enabled\":1,\"parentId\":null,\"fields\":{\"14\":[{\"col1\":\"Recogonition\",\"col2\":\"Print Regional Design Annual 2015\"}],\"3\":[\"9\",\"10\",\"13\"],\"29\":\"#efefef\",\"9\":\"Wake up\\r\\nStyle\\r\\nshoot\\r\\ndo it all\\r\\nagain\",\"7\":[\"26\"],\"4\":\"#ffae96\",\"8\":\"<h3>Justin Gollmer, one of our go-to photography partners, asked us design a ten-year retrospective promotional brochure. Wake, Style, Shoot, Do It All Again is a collection of images highlighting his work behind, beside, and around the camera. The brochure is divided into four sections that blur the lines between Gollmer\\u2019s personal and commercial work: people, action, travel, and product. Short sheets bound to the exterior provide thumbnail image guides to each section with captions for each image.<\\/h3>\",\"10\":{\"28\":{\"type\":\"largeImage\",\"enabled\":\"1\",\"fields\":{\"image\":[\"27\"],\"layoutOptions\":\"full-width\",\"verticalSpacingLevel\":\"vertical-spacing-0\"}},\"41\":{\"type\":\"video\",\"enabled\":\"1\",\"fields\":{\"vimeoVideoId\":\"172827555\",\"autoplay\":\"1\",\"framed\":\"1\"}},\"31\":{\"type\":\"insetImage\",\"enabled\":\"1\",\"fields\":{\"image\":[\"30\"],\"verticalSpacingLevel\":\"vertical-spacing-2\",\"backgroundColor\":\"#d6ff2e\"}},\"53\":{\"type\":\"video\",\"enabled\":\"1\",\"fields\":{\"vimeoVideoId\":\"172827555\",\"autoplay\":\"1\",\"framed\":\"\"}},\"32\":{\"type\":\"imageWithDescription\",\"enabled\":\"1\",\"fields\":{\"position\":\"left\",\"image\":[\"30\"],\"description\":\"<p>Subtitle<\\/p>\\r\\n\\r\\n<p>Donec id elit non mi porta gravida at eget metus. Fusce dapibus, tellus ac cursus commodo, tortor mauris condimentum nibh, ut fermentum massa justo sit amet risus. Etiam porta sem malesuada magna mollis euismod. Lorem ipsum dolor sit.<\\/p>\",\"verticalSpacingLevel\":\"vertical-spacing-2\"}},\"37\":{\"type\":\"twoUpImages\",\"enabled\":\"1\",\"fields\":{\"leftImage\":[\"35\"],\"rightImage\":[\"36\"],\"verticalSpacingLevel\":\"vertical-spacing-0\"}},\"38\":{\"type\":\"centeredText\",\"enabled\":\"1\",\"fields\":{\"text\":\"<p>Subtitle<\\/p>\\r\\n\\r\\n<p>Donec id elit non mi porta gravida at eget metus. Fusce dapibus, tellus ac cursus commodo, tortor mauris condimentum nibh, ut fermentum massa justo sit amet risus. Etiam porta sem malesuada magna mollis euismod. Lorem ipsum dolor sit.<\\/p>\",\"verticalSpacingLevel\":\"vertical-spacing-4\"}},\"42\":{\"type\":\"video\",\"enabled\":\"1\",\"fields\":{\"vimeoVideoId\":\"172827555\",\"autoplay\":\"\",\"framed\":\"1\"}},\"52\":{\"type\":\"carousel\",\"enabled\":\"1\",\"fields\":{\"images\":[\"48\",\"49\",\"50\"],\"verticalSpacingLevel\":\"vertical-spacing-2\"}}},\"6\":\"Project Title Here\",\"5\":[\"21\"]}}', '2016-11-10 18:11:22', '2016-11-10 18:11:22', 'cd38b1d6-c6a9-4a68-aa37-938a8c92904b'),
 ('172', '15', '3', '46', 'en_us', '50', '', '{\"typeId\":\"3\",\"authorId\":\"1\",\"title\":\"Packaging Entry\",\"slug\":\"packaging-entry\",\"postDate\":1476391140,\"expiryDate\":null,\"enabled\":1,\"parentId\":null,\"fields\":{\"14\":[{\"col1\":\"Recogonition\",\"col2\":\"Print Regional Design Annual 2015\"}],\"3\":[\"9\",\"10\",\"13\"],\"29\":\"#efefef\",\"9\":\"Wake up\\r\\nStyle\\r\\nshoot\\r\\ndo it all\\r\\nagain\",\"7\":[\"26\"],\"4\":\"#ffae96\",\"8\":\"<p>Justin Gollmer, one of our go-to photography partners, asked us design a ten-year retrospective promotional brochure. Wake, Style, Shoot, Do It All Again is a collection of images highlighting his work behind, beside, and around the camera. The brochure is divided into four sections that blur the lines between Gollmer\\u2019s personal and commercial work: people, action, travel, and product. Short sheets bound to the exterior provide thumbnail image guides to each section with captions for each image.<\\/p>\",\"10\":{\"28\":{\"type\":\"largeImage\",\"enabled\":\"1\",\"fields\":{\"image\":[\"27\"],\"layoutOptions\":\"full-width\",\"verticalSpacingLevel\":\"vertical-spacing-0\"}},\"41\":{\"type\":\"video\",\"enabled\":\"1\",\"fields\":{\"vimeoVideoId\":\"172827555\",\"autoplay\":\"1\",\"framed\":\"1\"}},\"31\":{\"type\":\"insetImage\",\"enabled\":\"1\",\"fields\":{\"image\":[\"30\"],\"verticalSpacingLevel\":\"vertical-spacing-2\",\"backgroundColor\":\"#d6ff2e\"}},\"53\":{\"type\":\"video\",\"enabled\":\"1\",\"fields\":{\"vimeoVideoId\":\"172827555\",\"autoplay\":\"1\",\"framed\":\"\"}},\"32\":{\"type\":\"imageWithDescription\",\"enabled\":\"1\",\"fields\":{\"position\":\"left\",\"image\":[\"30\"],\"description\":\"<p>Subtitle<\\/p>\\r\\n\\r\\n<p>Donec id elit non mi porta gravida at eget metus. Fusce dapibus, tellus ac cursus commodo, tortor mauris condimentum nibh, ut fermentum massa justo sit amet risus. Etiam porta sem malesuada magna mollis euismod. Lorem ipsum dolor sit.<\\/p>\",\"verticalSpacingLevel\":\"vertical-spacing-2\"}},\"37\":{\"type\":\"twoUpImages\",\"enabled\":\"1\",\"fields\":{\"leftImage\":[\"35\"],\"rightImage\":[\"36\"],\"verticalSpacingLevel\":\"vertical-spacing-0\"}},\"38\":{\"type\":\"centeredText\",\"enabled\":\"1\",\"fields\":{\"text\":\"<p>Subtitle<\\/p>\\r\\n\\r\\n<p>Donec id elit non mi porta gravida at eget metus. Fusce dapibus, tellus ac cursus commodo, tortor mauris condimentum nibh, ut fermentum massa justo sit amet risus. Etiam porta sem malesuada magna mollis euismod. Lorem ipsum dolor sit.<\\/p>\",\"verticalSpacingLevel\":\"vertical-spacing-4\"}},\"42\":{\"type\":\"video\",\"enabled\":\"1\",\"fields\":{\"vimeoVideoId\":\"172827555\",\"autoplay\":\"\",\"framed\":\"1\"}},\"52\":{\"type\":\"carousel\",\"enabled\":\"1\",\"fields\":{\"images\":[\"48\",\"49\",\"50\"],\"verticalSpacingLevel\":\"vertical-spacing-2\"}}},\"6\":\"Project Title Here\",\"5\":[\"21\"]}}', '2016-11-10 18:16:08', '2016-11-10 18:16:08', 'ff688af1-6613-49a8-911c-5e4e890d7608'),
 ('173', '16', '3', '46', 'en_us', '11', '', '{\"typeId\":\"3\",\"authorId\":\"1\",\"title\":\"Oiselle Brand Identity\",\"slug\":\"environment-entry\",\"postDate\":1476391140,\"expiryDate\":null,\"enabled\":1,\"parentId\":null,\"fields\":{\"14\":\"\",\"3\":[\"14\"],\"29\":\"#000000\",\"9\":\"AN\\r\\nINFUSION\\r\\nOF\\r\\nNEW\\r\\nENERGY\",\"7\":[\"40\"],\"4\":\"#ff5822\",\"8\":\"\",\"10\":\"\",\"6\":\"Longer Project Title Goes Here\",\"5\":[\"22\"]}}', '2016-11-10 19:35:32', '2016-11-10 19:35:32', '6945a0ba-1984-4934-949a-843137854997'),
 ('174', '16', '3', '46', 'en_us', '12', '', '{\"typeId\":\"3\",\"authorId\":\"1\",\"title\":\"Oiselle Brand Identity\",\"slug\":\"environment-entry\",\"postDate\":1476391140,\"expiryDate\":null,\"enabled\":1,\"parentId\":null,\"fields\":{\"14\":\"\",\"3\":[\"14\"],\"29\":\"#ffffff\",\"9\":\"AN\\r\\nINFUSION\\r\\nOF\\r\\nNEW\\r\\nENERGY\",\"7\":[\"40\"],\"4\":\"#ff5822\",\"8\":\"\",\"10\":\"\",\"6\":\"Longer Project Title Goes Here\",\"5\":[\"22\"]}}', '2016-11-10 19:36:19', '2016-11-10 19:36:19', '5cd6f310-dee3-43b2-9ab4-0d6bcc2e0aa0'),
 ('175', '16', '3', '46', 'en_us', '13', '', '{\"typeId\":\"3\",\"authorId\":\"1\",\"title\":\"Oiselle\",\"slug\":\"environment-entry\",\"postDate\":1476391140,\"expiryDate\":null,\"enabled\":1,\"parentId\":null,\"fields\":{\"14\":\"\",\"3\":[\"10\",\"11\",\"12\",\"14\"],\"29\":\"#efefef\",\"9\":\"AN\\r\\nINFUSION\\r\\nOF\\r\\nNEW\\r\\nENERGY\",\"7\":[\"40\"],\"4\":\"#ff5822\",\"8\":\"\",\"10\":\"\",\"6\":\"Brand Identity System\",\"5\":[\"22\"]}}', '2016-11-10 19:46:33', '2016-11-10 19:46:33', '8a8612f6-a1fe-48c5-994f-9587353ce887'),
 ('176', '16', '3', '46', 'en_us', '14', '', '{\"typeId\":\"3\",\"authorId\":\"1\",\"title\":\"Oiselle\",\"slug\":\"environment-entry\",\"postDate\":1476391140,\"expiryDate\":null,\"enabled\":1,\"parentId\":null,\"fields\":{\"14\":\"\",\"3\":[\"10\",\"11\",\"12\",\"14\"],\"29\":\"#efefef\",\"9\":\"AN\\r\\nINFUSION\\r\\nOF\\r\\nNEW\\r\\nENERGY\",\"7\":[\"40\"],\"4\":\"#ff5822\",\"8\":\"<p>As they prepared to open their first bricks and mortar store, Oiselle&mdash;a pioneer in women\\u2019s running and athletic fashion&mdash;had a mature brand that needed an infusion of new energy. Turnstyle worked with the Oiselle team to establish an updated identity system and then applied it to a huge range of customer touch points, coordinated to deliver, install and deploy in concert with their store opening in Seattle\\u2019s University Village in the summer of 2015.&nbsp;<\\/p>\",\"10\":\"\",\"6\":\"Brand Identity System\",\"5\":[\"22\"]}}', '2016-11-10 19:55:36', '2016-11-10 19:55:36', '7d48c84f-cce1-4b6f-a07f-f611d09e913b'),
 ('177', '15', '3', '1', 'en_us', '51', '', '{\"typeId\":\"3\",\"authorId\":\"1\",\"title\":\"Packaging Entry\",\"slug\":\"packaging-entry\",\"postDate\":1476391140,\"expiryDate\":null,\"enabled\":1,\"parentId\":null,\"fields\":{\"14\":[{\"col1\":\"Recogonition\",\"col2\":\"Print Regional Design Annual 2015\"}],\"3\":[\"9\",\"10\",\"13\"],\"29\":\"#efefef\",\"9\":\"Wake up\\r\\nStyle\\r\\nshoot\\r\\ndo it all\\r\\nagain\",\"7\":[\"26\"],\"4\":\"#ffae96\",\"8\":\"<p>Justin Gollmer, one of our go-to photography partners, asked us design a ten-year retrospective promotional brochure. Wake, Style, Shoot, Do It All Again is a collection of images highlighting his work behind, beside, and around the camera. The brochure is divided into four sections that blur the lines between Gollmer\\u2019s personal and commercial work: people, action, travel, and product. Short sheets bound to the exterior provide thumbnail image guides to each section with captions for each image.<\\/p>\",\"10\":{\"28\":{\"type\":\"largeImage\",\"enabled\":\"1\",\"fields\":{\"image\":[\"27\"],\"layoutOptions\":\"full-width\",\"verticalSpacingLevel\":\"vertical-spacing-0\"}},\"41\":{\"type\":\"video\",\"enabled\":\"1\",\"fields\":{\"vimeoVideoId\":\"172827555\",\"autoplay\":\"1\",\"framed\":\"1\"}},\"31\":{\"type\":\"insetImage\",\"enabled\":\"1\",\"fields\":{\"image\":[\"30\"],\"verticalSpacingLevel\":\"vertical-spacing-2\",\"backgroundColor\":\"#d6ff2e\"}},\"53\":{\"type\":\"video\",\"enabled\":\"1\",\"fields\":{\"vimeoVideoId\":\"172827555\",\"autoplay\":\"1\",\"framed\":\"\"}},\"32\":{\"type\":\"imageWithDescription\",\"enabled\":\"1\",\"fields\":{\"position\":\"left\",\"image\":[\"30\"],\"description\":\"<p>Subtitle<\\/p>\\r\\n\\r\\n<p>Donec id elit non mi porta gravida at eget metus. Fusce dapibus, tellus ac cursus commodo, tortor mauris condimentum nibh, ut fermentum massa justo sit amet risus. Etiam porta sem malesuada magna mollis euismod. Lorem ipsum dolor sit.<\\/p>\",\"verticalSpacingLevel\":\"vertical-spacing-2\"}},\"37\":{\"type\":\"twoUpImages\",\"enabled\":\"1\",\"fields\":{\"leftImage\":[\"35\"],\"rightImage\":[\"36\"],\"verticalSpacingLevel\":\"vertical-spacing-0\"}},\"38\":{\"type\":\"centeredText\",\"enabled\":\"1\",\"fields\":{\"text\":\"<p>Subtitle<\\/p>\\r\\n\\r\\n<p>Donec id elit non mi porta gravida at eget metus. Fusce dapibus, tellus ac cursus commodo, tortor mauris condimentum nibh, ut fermentum massa justo sit amet risus. Etiam porta sem malesuada magna mollis euismod. Lorem ipsum dolor sit.<\\/p>\",\"verticalSpacingLevel\":\"vertical-spacing-4\"}},\"42\":{\"type\":\"video\",\"enabled\":\"1\",\"fields\":{\"vimeoVideoId\":\"172827555\",\"autoplay\":\"\",\"framed\":\"1\"}},\"52\":{\"type\":\"carousel\",\"enabled\":\"1\",\"fields\":{\"images\":[\"48\",\"30\",\"50\",\"35\"],\"verticalSpacingLevel\":\"vertical-spacing-2\"}}},\"6\":\"Project Title Here\",\"5\":[\"21\"]}}', '2016-11-11 19:12:33', '2016-11-11 19:12:33', '578212fe-2869-481b-8afb-af2a46e0c02f'),
 ('178', '15', '3', '1', 'en_us', '52', '', '{\"typeId\":\"3\",\"authorId\":\"1\",\"title\":\"Packaging Entry\",\"slug\":\"packaging-entry\",\"postDate\":1476391140,\"expiryDate\":null,\"enabled\":1,\"parentId\":null,\"fields\":{\"14\":[{\"col1\":\"Recogonition\",\"col2\":\"Print Regional Design Annual 2015\"}],\"3\":[\"9\",\"10\",\"13\"],\"29\":\"#efefef\",\"9\":\"Wake up\\r\\nStyle\\r\\nshoot\\r\\ndo it all\\r\\nagain\",\"7\":[\"26\"],\"4\":\"#ffae96\",\"8\":\"<p>Justin Gollmer, one of our go-to photography partners, asked us design a ten-year retrospective promotional brochure. Wake, Style, Shoot, Do It All Again is a collection of images highlighting his work behind, beside, and around the camera. The brochure is divided into four sections that blur the lines between Gollmer\\u2019s personal and commercial work: people, action, travel, and product. Short sheets bound to the exterior provide thumbnail image guides to each section with captions for each image.<\\/p>\",\"10\":{\"28\":{\"type\":\"largeImage\",\"enabled\":\"1\",\"fields\":{\"image\":[\"27\"],\"layoutOptions\":\"full-width\",\"verticalSpacingLevel\":\"vertical-spacing-0\"}},\"41\":{\"type\":\"video\",\"enabled\":\"1\",\"fields\":{\"vimeoVideoId\":\"172827555\",\"autoplay\":\"1\",\"framed\":\"1\"}},\"31\":{\"type\":\"insetImage\",\"enabled\":\"1\",\"fields\":{\"image\":[\"30\"],\"verticalSpacingLevel\":\"vertical-spacing-5\",\"backgroundColor\":\"#d6ff2e\"}},\"53\":{\"type\":\"video\",\"enabled\":\"1\",\"fields\":{\"vimeoVideoId\":\"172827555\",\"autoplay\":\"1\",\"framed\":\"\"}},\"32\":{\"type\":\"imageWithDescription\",\"enabled\":\"1\",\"fields\":{\"position\":\"left\",\"image\":[\"30\"],\"description\":\"<p>Subtitle<\\/p>\\r\\n\\r\\n<p>Donec id elit non mi porta gravida at eget metus. Fusce dapibus, tellus ac cursus commodo, tortor mauris condimentum nibh, ut fermentum massa justo sit amet risus. Etiam porta sem malesuada magna mollis euismod. Lorem ipsum dolor sit.<\\/p>\",\"verticalSpacingLevel\":\"vertical-spacing-2\"}},\"37\":{\"type\":\"twoUpImages\",\"enabled\":\"1\",\"fields\":{\"leftImage\":[\"35\"],\"rightImage\":[\"36\"],\"verticalSpacingLevel\":\"vertical-spacing-0\"}},\"38\":{\"type\":\"centeredText\",\"enabled\":\"1\",\"fields\":{\"text\":\"<p>Subtitle<\\/p>\\r\\n\\r\\n<p>Donec id elit non mi porta gravida at eget metus. Fusce dapibus, tellus ac cursus commodo, tortor mauris condimentum nibh, ut fermentum massa justo sit amet risus. Etiam porta sem malesuada magna mollis euismod. Lorem ipsum dolor sit.<\\/p>\",\"verticalSpacingLevel\":\"vertical-spacing-4\"}},\"42\":{\"type\":\"video\",\"enabled\":\"1\",\"fields\":{\"vimeoVideoId\":\"172827555\",\"autoplay\":\"\",\"framed\":\"1\"}},\"52\":{\"type\":\"carousel\",\"enabled\":\"1\",\"fields\":{\"images\":[\"48\",\"30\",\"50\",\"35\"],\"verticalSpacingLevel\":\"vertical-spacing-2\"}}},\"6\":\"Project Title Here\",\"5\":[\"21\"]}}', '2016-11-11 19:33:47', '2016-11-11 19:33:47', '7dc12561-4220-407e-83ef-bed990956e6e'),
 ('179', '101', '10', '1', 'en_us', '9', '', '{\"typeId\":\"11\",\"authorId\":null,\"title\":\"Studio\",\"slug\":\"studio\",\"postDate\":1478129954,\"expiryDate\":null,\"enabled\":1,\"parentId\":null,\"fields\":{\"48\":{\"102\":{\"type\":\"1\",\"fields\":{\"backgroundImage\":[\"97\"],\"backgroundColor\":\"#000000\",\"linkUrl\":\"\\/contact\",\"header\":\"Drop \\r\\nus \\r\\na \\r\\nline\",\"subtext\":\"Contact Us\",\"fontColor\":\"#000000\"}}},\"45\":\"<p>Born in 2004<\\/p>\",\"46\":\"<p>We are a full-service creative agency with offices in Seattle and Portland. A dedicated team of designers, strategists, developers and account specialists, we create highly-crafted brand experiences that clarify purpose, encourage action, and inspire brand loyalty. We\\u2019d love to get to know you and help tell your story.&nbsp;<\\/p>\",\"10\":{\"103\":{\"type\":\"carousel\",\"enabled\":\"1\",\"fields\":{\"images\":[\"48\",\"49\",\"50\"],\"verticalSpacingLevel\":\"vertical-spacing-2\"}},\"104\":{\"type\":\"twoColumnContent\",\"enabled\":\"1\",\"fields\":{\"backgroundColor\":\"dark\",\"leftColumn\":\"<p class=\\\"h3 med\\\">STYLE<br>IS A<br>SIMPLE<br>WAY<br>OF<br>SAYING<br>COMPLEX<br>THINGS<br><span class=\\\"blue\\\">&mdash;JEAN<br>COCTEAU<\\/span><\\/p>\",\"rightColumn\":\"<p><img src=\\\"http:\\/\\/turnstyle.studio\\/_ui\\/img\\/work\\/t-1.svg#asset:60:url\\\"><\\/p>\",\"verticalSpacingLevel\":\"vertical-spacing-1\"}},\"105\":{\"type\":\"twoColumnContent\",\"enabled\":\"1\",\"fields\":{\"backgroundColor\":\"dark\",\"leftColumn\":\"<p>Style is Not a&nbsp;<br>4-letter Word<\\/p>\",\"rightColumn\":\"<p>In our experience, the brands that are the most magnetic are those which project distinct, memorable and charismatic personalities. These brands place equal emphasis on what they say and how they say it. Some design purists might say that style is merely artificial decoration that should be avoided in favor of logic&mdash;\\u201cform follows function\\u201d and all that. Don\\u2019t get us wrong, we\\u2019re not proponents of style for its own sake, or as ornament applied after an idea has already been defined. Rather, we employ style as an integral and strategic component of our brand-development process. At its best, style can be that magical something about a company or product that pulls people in and transcends the logical. So, to us, style is not a 4-letter word. On the contrary, we embrace it, harnessing its power to cut through the clutter.&nbsp;<\\/p>\\r\\n\\r\\n<p>And besides, \\u201cstyle\\u201d has five letters.<\\/p>\",\"verticalSpacingLevel\":\"vertical-spacing-1\"}},\"106\":{\"type\":\"twoColumnContent\",\"enabled\":\"1\",\"fields\":{\"backgroundColor\":\"dark\",\"leftColumn\":\"<p>We Do<\\/p>\",\"rightColumn\":\"<p class=\\\"h2 caps\\\"><a href=\\\"\\/strategy\\\" data-color=\\\"#3c00ff\\\">Strategy<\\/a><br><a href=\\\"\\/identity\\\" data-color=\\\"#3c00ff\\\">Identity<\\/a><br>Digital<br>Print<br>Packaging<br>Environment<\\/p>\",\"verticalSpacingLevel\":\"vertical-spacing-1\"}},\"107\":{\"type\":\"twoColumnContent\",\"enabled\":\"1\",\"fields\":{\"backgroundColor\":\"light\",\"leftColumn\":\"<p class=\\\"h3 caps\\\">our<br>clients<br>&<br>industries<\\/p>\\r\\n\\r\\n<p class=\\\"h3 caps\\\"><\\/p>\",\"rightColumn\":\"\",\"verticalSpacingLevel\":\"vertical-spacing-0\"}},\"108\":{\"type\":\"twoColumnContent\",\"enabled\":\"1\",\"fields\":{\"backgroundColor\":\"light\",\"leftColumn\":\"<p><span class=\\\"gray\\\">Industry<\\/span><\\/p>\\r\\n\\r\\n<p class=\\\"h3 caps\\\">teague<br>nike<br>starbucks<br>microsoft<br>amazon<br>aiga<br>nordstrom<br>teague<br>nike<\\/p>\\r\\n\\r\\n\\r\\n\\r\\n\\r\\n\\r\\n\\r\\n\\r\\n\\r\\n\\r\\n\\r\\n\\r\\n\\r\\n\\r\\n\\r\\n\\r\\n<p><span class=\\\"gray\\\">Industry<\\/span><\\/p>\\r\\n\\r\\n\\r\\n\\r\\n\\r\\n\\r\\n\\r\\n\\r\\n\\r\\n\\r\\n\\r\\n\\r\\n\\r\\n\\r\\n\\r\\n\\r\\n<p class=\\\"h3 caps\\\">starbucks<br>microsoft<br>amazon<\\/p>\\r\\n\\r\\n\\r\\n\\r\\n\\r\\n\\r\\n\\r\\n\\r\\n\\r\\n\\r\\n\\r\\n\\r\\n\\r\\n\\r\\n\\r\\n\\r\\n<p><span class=\\\"gray\\\">Industry<\\/span><\\/p>\\r\\n\\r\\n\\r\\n\\r\\n\\r\\n\\r\\n\\r\\n\\r\\n\\r\\n\\r\\n\\r\\n\\r\\n\\r\\n\\r\\n\\r\\n\\r\\n<p class=\\\"h3 caps\\\">starbucks<br>microsoft<\\/p>\",\"rightColumn\":\"<p>Industry<br><\\/p>\\r\\n\\r\\n<p class=\\\"h3 caps\\\">starbucks<br>microsoft<br>amazon<\\/p>\\r\\n\\r\\n\\r\\n\\r\\n\\r\\n\\r\\n\\r\\n\\r\\n\\r\\n\\r\\n\\r\\n\\r\\n\\r\\n\\r\\n\\r\\n\\r\\n<p><span class=\\\"gray\\\">Industry<\\/span><\\/p>\\r\\n\\r\\n\\r\\n\\r\\n\\r\\n\\r\\n\\r\\n\\r\\n\\r\\n\\r\\n\\r\\n\\r\\n\\r\\n\\r\\n\\r\\n\\r\\n<p class=\\\"h3 caps\\\">teague<br>nike<br>starbucks<br>microsoft<br>amazon<br>aiga<br>nordstrom<br>teague<br>nike<\\/p>\\r\\n\\r\\n\\r\\n\\r\\n\\r\\n\\r\\n\\r\\n\\r\\n\\r\\n\\r\\n\\r\\n\\r\\n\\r\\n\\r\\n\\r\\n\\r\\n<p><span class=\\\"gray\\\"><br><\\/span><\\/p>\\r\\n\\r\\n\\r\\n\\r\\n\\r\\n\\r\\n\\r\\n\\r\\n\\r\\n\\r\\n\\r\\n\\r\\n\\r\\n\\r\\n<p><span class=\\\"gray\\\">Industry<\\/span><\\/p>\\r\\n\\r\\n\\r\\n\\r\\n\\r\\n\\r\\n\\r\\n\\r\\n\\r\\n\\r\\n\\r\\n\\r\\n\\r\\n\\r\\n\\r\\n\\r\\n<p class=\\\"h3 caps\\\">starbucks<br>microsoft<\\/p>\",\"verticalSpacingLevel\":\"vertical-spacing-0\"}}},\"47\":\"<p>08\\/2016 &mdash; IdN Magazine v23n2<\\/p>\\r\\n\\r\\n<p>06\\/2016 &mdash; Communication Arts Design Annual 2016<\\/p>\\r\\n\\r\\n\\r\\n\\r\\n\\r\\n\\r\\n\\r\\n\\r\\n\\r\\n\\r\\n<p>05\\/2016 &mdash; PRINT Magazine Regional Design Annual 2016<\\/p>\\r\\n\\r\\n\\r\\n\\r\\n\\r\\n\\r\\n\\r\\n\\r\\n\\r\\n\\r\\n<p>03\\/2016 &mdash; Communication Arts Design Annual 2015<\\/p>\\r\\n\\r\\n\\r\\n\\r\\n\\r\\n\\r\\n\\r\\n\\r\\n\\r\\n\\r\\n<p>02\\/2016 &mdash; IdN Magazine v23n2<\\/p>\\r\\n\\r\\n\\r\\n\\r\\n\\r\\n\\r\\n\\r\\n\\r\\n\\r\\n\\r\\n<p>12\\/2015 &mdash; Communication Arts Design Annual 2016<\\/p>\\r\\n\\r\\n\\r\\n\\r\\n\\r\\n\\r\\n\\r\\n\\r\\n\\r\\n\\r\\n<p>10\\/2015 &mdash; PRINT Magazine Regional Design Annual 2016<\\/p>\\r\\n\\r\\n\\r\\n\\r\\n\\r\\n\\r\\n\\r\\n\\r\\n\\r\\n\\r\\n<p>10\\/2015 &mdash; Communication Arts Design Annual 2015<\\/p>\\r\\n\\r\\n\\r\\n\\r\\n\\r\\n\\r\\n\\r\\n\\r\\n\\r\\n\\r\\n<p>06\\/2015 &mdash; PRINT Magazine Regional Design Annual 2016<\\/p>\\r\\n\\r\\n\\r\\n\\r\\n\\r\\n\\r\\n\\r\\n\\r\\n\\r\\n\\r\\n<p>02\\/2015 &mdash; Communication Arts Design Annual 2015<\\/p>\",\"44\":\"Meet\\r\\nOur\\r\\nTalented\\r\\nTeam\"}}', '2016-11-11 19:59:41', '2016-11-11 19:59:41', 'eef5ae00-0c08-442c-9105-ef06c1dc68c4'),
 ('180', '5', '3', '1', 'en_us', '6', '', '{\"typeId\":\"3\",\"authorId\":\"1\",\"title\":\"Print Entry\",\"slug\":\"print-entry\",\"postDate\":1476390840,\"expiryDate\":null,\"enabled\":1,\"parentId\":null,\"fields\":{\"14\":\"\",\"3\":[\"12\"],\"29\":\"#000000\",\"9\":\"Hero\\r\\nHeadline\\r\\nIs\\r\\nHere\",\"7\":[\"40\"],\"4\":\"#000000\",\"8\":\"\",\"10\":{\"new1\":{\"type\":\"largeImage\",\"enabled\":\"1\",\"fields\":{\"image\":[\"132\"],\"layoutOptions\":\"full-width\",\"verticalSpacingLevel\":\"vertical-spacing-0\"}}},\"6\":\"Cool Print Project Title \",\"5\":[\"24\"]}}', '2016-11-11 21:04:30', '2016-11-11 21:04:30', 'b6d34e49-5a97-43bd-a582-daba011f4fda'),
 ('181', '101', '10', '46', 'en_us', '10', '', '{\"typeId\":\"11\",\"authorId\":null,\"title\":\"Studio\",\"slug\":\"studio\",\"postDate\":1478129954,\"expiryDate\":null,\"enabled\":1,\"parentId\":null,\"fields\":{\"48\":{\"102\":{\"type\":\"1\",\"fields\":{\"backgroundImage\":[\"97\"],\"backgroundColor\":\"#000000\",\"linkUrl\":\"\\/contact\",\"header\":\"Drop \\r\\nus \\r\\na \\r\\nline\",\"subtext\":\"Contact Us\",\"fontColor\":\"#000000\"}}},\"45\":\"<p class=\\\"large\\\">Born in 2004<\\/p>\",\"46\":\"<p class=\\\"large\\\">We are a full-service creative agency with offices in Seattle and Portland. A dedicated team of designers, strategists, developers and account specialists, we create highly-crafted brand experiences that clarify purpose, encourage action, and inspire brand loyalty. We\\u2019d love to get to know you and help tell your story.&nbsp;<\\/p>\",\"10\":{\"103\":{\"type\":\"carousel\",\"enabled\":\"1\",\"fields\":{\"images\":[\"48\",\"49\",\"50\"],\"verticalSpacingLevel\":\"vertical-spacing-2\"}},\"104\":{\"type\":\"twoColumnContent\",\"enabled\":\"1\",\"fields\":{\"backgroundColor\":\"dark\",\"leftColumn\":\"<p class=\\\"h3 med\\\">STYLE<br>IS A<br>SIMPLE<br>WAY<br>OF<br>SAYING<br>COMPLEX<br>THINGS<br><span class=\\\"blue\\\">&mdash;JEAN<br>COCTEAU<\\/span><\\/p>\",\"rightColumn\":\"<p><img src=\\\"http:\\/\\/turnstyle.studio\\/_ui\\/img\\/work\\/t-1.svg#asset:60:url\\\"><\\/p>\",\"verticalSpacingLevel\":\"vertical-spacing-1\"}},\"105\":{\"type\":\"twoColumnContent\",\"enabled\":\"1\",\"fields\":{\"backgroundColor\":\"dark\",\"leftColumn\":\"<p>Style is Not a&nbsp;<br>4-letter Word<\\/p>\",\"rightColumn\":\"<p>In our experience, the brands that are the most magnetic are those which project distinct, memorable and charismatic personalities. These brands place equal emphasis on what they say and how they say it. Some design purists might say that style is merely artificial decoration that should be avoided in favor of logic&mdash;\\u201cform follows function\\u201d and all that. Don\\u2019t get us wrong, we\\u2019re not proponents of style for its own sake, or as ornament applied after an idea has already been defined. Rather, we employ style as an integral and strategic component of our brand-development process. At its best, style can be that magical something about a company or product that pulls people in and transcends the logical. So, to us, style is not a 4-letter word. On the contrary, we embrace it, harnessing its power to cut through the clutter.&nbsp;<\\/p>\\r\\n\\r\\n<p>And besides, \\u201cstyle\\u201d has five letters.<\\/p>\",\"verticalSpacingLevel\":\"vertical-spacing-1\"}},\"106\":{\"type\":\"twoColumnContent\",\"enabled\":\"1\",\"fields\":{\"backgroundColor\":\"dark\",\"leftColumn\":\"<p>We Do<\\/p>\",\"rightColumn\":\"<p class=\\\"h2 caps\\\"><a href=\\\"\\/strategy\\\" data-color=\\\"#3c00ff\\\">Strategy<\\/a><br><a href=\\\"\\/identity\\\" data-color=\\\"#3c00ff\\\">Identity<\\/a><br>Digital<br>Print<br>Packaging<br>Environment<\\/p>\",\"verticalSpacingLevel\":\"vertical-spacing-1\"}},\"107\":{\"type\":\"twoColumnContent\",\"enabled\":\"1\",\"fields\":{\"backgroundColor\":\"light\",\"leftColumn\":\"<p class=\\\"h3 caps\\\">our<br>clients<br>&<br>industries<\\/p>\\r\\n\\r\\n<p class=\\\"h3 caps\\\"><\\/p>\",\"rightColumn\":\"\",\"verticalSpacingLevel\":\"vertical-spacing-0\"}},\"108\":{\"type\":\"twoColumnContent\",\"enabled\":\"1\",\"fields\":{\"backgroundColor\":\"light\",\"leftColumn\":\"<p><span class=\\\"gray\\\">Industry<\\/span><\\/p>\\r\\n\\r\\n<p class=\\\"h3 caps\\\">teague<br>nike<br>starbucks<br>microsoft<br>amazon<br>aiga<br>nordstrom<br>teague<br>nike<\\/p>\\r\\n\\r\\n\\r\\n\\r\\n\\r\\n\\r\\n\\r\\n\\r\\n\\r\\n\\r\\n\\r\\n\\r\\n\\r\\n\\r\\n\\r\\n\\r\\n\\r\\n\\r\\n<p><span class=\\\"gray\\\">Industry<\\/span><\\/p>\\r\\n\\r\\n\\r\\n\\r\\n\\r\\n\\r\\n\\r\\n\\r\\n\\r\\n\\r\\n\\r\\n\\r\\n\\r\\n\\r\\n\\r\\n\\r\\n\\r\\n\\r\\n<p class=\\\"h3 caps\\\">starbucks<br>microsoft<br>amazon<\\/p>\\r\\n\\r\\n\\r\\n\\r\\n\\r\\n\\r\\n\\r\\n\\r\\n\\r\\n\\r\\n\\r\\n\\r\\n\\r\\n\\r\\n\\r\\n\\r\\n\\r\\n\\r\\n<p><span class=\\\"gray\\\">Industry<\\/span><\\/p>\\r\\n\\r\\n\\r\\n\\r\\n\\r\\n\\r\\n\\r\\n\\r\\n\\r\\n\\r\\n\\r\\n\\r\\n\\r\\n\\r\\n\\r\\n\\r\\n\\r\\n\\r\\n<p class=\\\"h3 caps\\\">starbucks<br>microsoft<\\/p>\",\"rightColumn\":\"<p>Industry<br><\\/p>\\r\\n\\r\\n<p class=\\\"h3 caps\\\">starbucks<br>microsoft<br>amazon<\\/p>\\r\\n\\r\\n\\r\\n\\r\\n\\r\\n\\r\\n\\r\\n\\r\\n\\r\\n\\r\\n\\r\\n\\r\\n\\r\\n\\r\\n\\r\\n\\r\\n\\r\\n\\r\\n<p><span class=\\\"gray\\\">Industry<\\/span><\\/p>\\r\\n\\r\\n\\r\\n\\r\\n\\r\\n\\r\\n\\r\\n\\r\\n\\r\\n\\r\\n\\r\\n\\r\\n\\r\\n\\r\\n\\r\\n\\r\\n\\r\\n\\r\\n<p class=\\\"h3 caps\\\">teague<br>nike<br>starbucks<br>microsoft<br>amazon<br>aiga<br>nordstrom<br>teague<br>nike<\\/p>\\r\\n\\r\\n\\r\\n\\r\\n\\r\\n\\r\\n\\r\\n\\r\\n\\r\\n\\r\\n\\r\\n\\r\\n\\r\\n\\r\\n\\r\\n\\r\\n\\r\\n\\r\\n<p><span class=\\\"gray\\\"><br><\\/span><\\/p>\\r\\n\\r\\n\\r\\n\\r\\n\\r\\n\\r\\n\\r\\n\\r\\n\\r\\n\\r\\n\\r\\n\\r\\n\\r\\n\\r\\n\\r\\n\\r\\n<p><span class=\\\"gray\\\">Industry<\\/span><\\/p>\\r\\n\\r\\n\\r\\n\\r\\n\\r\\n\\r\\n\\r\\n\\r\\n\\r\\n\\r\\n\\r\\n\\r\\n\\r\\n\\r\\n\\r\\n\\r\\n\\r\\n\\r\\n<p class=\\\"h3 caps\\\">starbucks<br>microsoft<\\/p>\",\"verticalSpacingLevel\":\"vertical-spacing-0\"}}},\"47\":\"<p>08\\/2016 &mdash; IdN Magazine v23n2<\\/p>\\r\\n\\r\\n<p>06\\/2016 &mdash; Communication Arts Design Annual 2016<\\/p>\\r\\n\\r\\n\\r\\n\\r\\n\\r\\n\\r\\n\\r\\n\\r\\n\\r\\n\\r\\n\\r\\n\\r\\n<p>05\\/2016 &mdash; PRINT Magazine Regional Design Annual 2016<\\/p>\\r\\n\\r\\n\\r\\n\\r\\n\\r\\n\\r\\n\\r\\n\\r\\n\\r\\n\\r\\n\\r\\n\\r\\n<p>03\\/2016 &mdash; Communication Arts Design Annual 2015<\\/p>\\r\\n\\r\\n\\r\\n\\r\\n\\r\\n\\r\\n\\r\\n\\r\\n\\r\\n\\r\\n\\r\\n\\r\\n<p>02\\/2016 &mdash; IdN Magazine v23n2<\\/p>\\r\\n\\r\\n\\r\\n\\r\\n\\r\\n\\r\\n\\r\\n\\r\\n\\r\\n\\r\\n\\r\\n\\r\\n<p>12\\/2015 &mdash; Communication Arts Design Annual 2016<\\/p>\\r\\n\\r\\n\\r\\n\\r\\n\\r\\n\\r\\n\\r\\n\\r\\n\\r\\n\\r\\n\\r\\n\\r\\n<p>10\\/2015 &mdash; PRINT Magazine Regional Design Annual 2016<\\/p>\\r\\n\\r\\n\\r\\n\\r\\n\\r\\n\\r\\n\\r\\n\\r\\n\\r\\n\\r\\n\\r\\n\\r\\n<p>10\\/2015 &mdash; Communication Arts Design Annual 2015<\\/p>\\r\\n\\r\\n\\r\\n\\r\\n\\r\\n\\r\\n\\r\\n\\r\\n\\r\\n\\r\\n\\r\\n\\r\\n<p>06\\/2015 &mdash; PRINT Magazine Regional Design Annual 2016<\\/p>\\r\\n\\r\\n\\r\\n\\r\\n\\r\\n\\r\\n\\r\\n\\r\\n\\r\\n\\r\\n\\r\\n\\r\\n<p>02\\/2015 &mdash; Communication Arts Design Annual 2015<\\/p>\",\"44\":\"MEET\\r\\nOUR\\r\\nTALENTED\\r\\nTEAM\"}}', '2016-11-11 21:33:45', '2016-11-11 21:33:45', '6df20d4d-12bf-460d-b48b-11287598e204'),
 ('182', '15', '3', '1', 'en_us', '53', '', '{\"typeId\":\"3\",\"authorId\":\"1\",\"title\":\"Packaging Entry\",\"slug\":\"packaging-entry\",\"postDate\":1476391140,\"expiryDate\":null,\"enabled\":1,\"parentId\":null,\"fields\":{\"14\":[{\"col1\":\"Recogonition\",\"col2\":\"Print Regional Design Annual 2015\"}],\"3\":[\"9\",\"10\",\"13\"],\"29\":\"#efefef\",\"9\":\"Wake up\\r\\nStyle\\r\\nshoot\\r\\ndo it all\\r\\nagain\",\"7\":[\"26\"],\"4\":\"#ffae96\",\"8\":\"<p>Justin Gollmer, one of our go-to photography partners, asked us design a ten-year retrospective promotional brochure. Wake, Style, Shoot, Do It All Again is a collection of images highlighting his work behind, beside, and around the camera. The brochure is divided into four sections that blur the lines between Gollmer\\u2019s personal and commercial work: people, action, travel, and product. Short sheets bound to the exterior provide thumbnail image guides to each section with captions for each image.<\\/p>\",\"10\":{\"28\":{\"type\":\"largeImage\",\"enabled\":\"1\",\"fields\":{\"image\":[\"27\"],\"layoutOptions\":\"full-width\",\"verticalSpacingLevel\":\"vertical-spacing-0\"}},\"41\":{\"type\":\"video\",\"enabled\":\"1\",\"fields\":{\"vimeoVideoId\":\"172827555\",\"autoplay\":\"1\",\"framed\":\"1\"}},\"31\":{\"type\":\"insetImage\",\"enabled\":\"1\",\"fields\":{\"image\":[\"30\"],\"imageWidth\":\"50\",\"verticalSpacingLevel\":\"vertical-spacing-5\",\"backgroundColor\":\"#d6ff2e\"}},\"53\":{\"type\":\"video\",\"enabled\":\"1\",\"fields\":{\"vimeoVideoId\":\"172827555\",\"autoplay\":\"1\",\"framed\":\"\"}},\"32\":{\"type\":\"imageWithDescription\",\"enabled\":\"1\",\"fields\":{\"position\":\"left\",\"image\":[\"30\"],\"imageWidth\":\"50\",\"description\":\"<p>Subtitle<\\/p>\\r\\n\\r\\n<p>Donec id elit non mi porta gravida at eget metus. Fusce dapibus, tellus ac cursus commodo, tortor mauris condimentum nibh, ut fermentum massa justo sit amet risus. Etiam porta sem malesuada magna mollis euismod. Lorem ipsum dolor sit.<\\/p>\",\"verticalSpacingLevel\":\"vertical-spacing-2\"}},\"37\":{\"type\":\"twoUpImages\",\"enabled\":\"1\",\"fields\":{\"leftImage\":[\"35\"],\"rightImage\":[\"36\"],\"verticalSpacingLevel\":\"vertical-spacing-0\"}},\"38\":{\"type\":\"centeredText\",\"enabled\":\"1\",\"fields\":{\"text\":\"<p>Subtitle<\\/p>\\r\\n\\r\\n<p>Donec id elit non mi porta gravida at eget metus. Fusce dapibus, tellus ac cursus commodo, tortor mauris condimentum nibh, ut fermentum massa justo sit amet risus. Etiam porta sem malesuada magna mollis euismod. Lorem ipsum dolor sit.<\\/p>\",\"verticalSpacingLevel\":\"vertical-spacing-4\"}},\"42\":{\"type\":\"video\",\"enabled\":\"1\",\"fields\":{\"vimeoVideoId\":\"172827555\",\"autoplay\":\"\",\"framed\":\"1\"}},\"52\":{\"type\":\"carousel\",\"enabled\":\"1\",\"fields\":{\"images\":[\"48\",\"30\",\"50\",\"35\"],\"verticalSpacingLevel\":\"vertical-spacing-2\"}}},\"6\":\"Project Title Here\",\"5\":[\"21\"]}}', '2016-11-11 22:59:06', '2016-11-11 22:59:06', 'b1e8894e-6fbc-4b6f-8286-eda18d41de79'),
 ('183', '15', '3', '1', 'en_us', '54', '', '{\"typeId\":\"3\",\"authorId\":\"1\",\"title\":\"Packaging Entry\",\"slug\":\"packaging-entry\",\"postDate\":1476391140,\"expiryDate\":null,\"enabled\":1,\"parentId\":null,\"fields\":{\"14\":[{\"col1\":\"Recogonition\",\"col2\":\"Print Regional Design Annual 2015\"}],\"3\":[\"9\",\"10\",\"13\"],\"29\":\"#efefef\",\"9\":\"Wake up\\r\\nStyle\\r\\nshoot\\r\\ndo it all\\r\\nagain\",\"7\":[\"26\"],\"4\":\"#ffae96\",\"8\":\"<p>Justin Gollmer, one of our go-to photography partners, asked us design a ten-year retrospective promotional brochure. Wake, Style, Shoot, Do It All Again is a collection of images highlighting his work behind, beside, and around the camera. The brochure is divided into four sections that blur the lines between Gollmer\\u2019s personal and commercial work: people, action, travel, and product. Short sheets bound to the exterior provide thumbnail image guides to each section with captions for each image.<\\/p>\",\"10\":{\"28\":{\"type\":\"largeImage\",\"enabled\":\"1\",\"fields\":{\"image\":[\"27\"],\"layoutOptions\":\"full-width\",\"verticalSpacingLevel\":\"vertical-spacing-0\"}},\"41\":{\"type\":\"video\",\"enabled\":\"1\",\"fields\":{\"vimeoVideoId\":\"172827555\",\"autoplay\":\"1\",\"framed\":\"1\"}},\"31\":{\"type\":\"insetImage\",\"enabled\":\"1\",\"fields\":{\"image\":[\"30\"],\"imageWidth\":\"75\",\"verticalSpacingLevel\":\"vertical-spacing-5\",\"backgroundColor\":\"#d6ff2e\"}},\"53\":{\"type\":\"video\",\"enabled\":\"1\",\"fields\":{\"vimeoVideoId\":\"172827555\",\"autoplay\":\"1\",\"framed\":\"\"}},\"32\":{\"type\":\"imageWithDescription\",\"enabled\":\"1\",\"fields\":{\"position\":\"left\",\"image\":[\"30\"],\"imageWidth\":\"100\",\"description\":\"<p>Subtitle<\\/p>\\r\\n\\r\\n<p>Donec id elit non mi porta gravida at eget metus. Fusce dapibus, tellus ac cursus commodo, tortor mauris condimentum nibh, ut fermentum massa justo sit amet risus. Etiam porta sem malesuada magna mollis euismod. Lorem ipsum dolor sit.<\\/p>\",\"verticalSpacingLevel\":\"vertical-spacing-2\"}},\"37\":{\"type\":\"twoUpImages\",\"enabled\":\"1\",\"fields\":{\"leftImage\":[\"35\"],\"rightImage\":[\"36\"],\"verticalSpacingLevel\":\"vertical-spacing-0\"}},\"38\":{\"type\":\"centeredText\",\"enabled\":\"1\",\"fields\":{\"text\":\"<p>Subtitle<\\/p>\\r\\n\\r\\n<p>Donec id elit non mi porta gravida at eget metus. Fusce dapibus, tellus ac cursus commodo, tortor mauris condimentum nibh, ut fermentum massa justo sit amet risus. Etiam porta sem malesuada magna mollis euismod. Lorem ipsum dolor sit.<\\/p>\",\"verticalSpacingLevel\":\"vertical-spacing-4\"}},\"42\":{\"type\":\"video\",\"enabled\":\"1\",\"fields\":{\"vimeoVideoId\":\"172827555\",\"autoplay\":\"\",\"framed\":\"1\"}},\"52\":{\"type\":\"carousel\",\"enabled\":\"1\",\"fields\":{\"images\":[\"48\",\"30\",\"50\",\"35\"],\"verticalSpacingLevel\":\"vertical-spacing-2\"}}},\"6\":\"Project Title Here\",\"5\":[\"21\"]}}', '2016-11-11 23:00:17', '2016-11-11 23:00:17', '4d842676-8fd0-4dfa-8c8b-a4f336f82d13'),
 ('184', '15', '3', '1', 'en_us', '55', '', '{\"typeId\":\"3\",\"authorId\":\"1\",\"title\":\"Packaging Entry\",\"slug\":\"packaging-entry\",\"postDate\":1476391140,\"expiryDate\":null,\"enabled\":1,\"parentId\":null,\"fields\":{\"14\":[{\"col1\":\"Recogonition\",\"col2\":\"Print Regional Design Annual 2015\"}],\"3\":[\"9\",\"10\",\"13\"],\"29\":\"#efefef\",\"9\":\"Wake up\\r\\nStyle\\r\\nshoot\\r\\ndo it all\\r\\nagain\",\"7\":[\"26\"],\"4\":\"#ffae96\",\"8\":\"<p>Justin Gollmer, one of our go-to photography partners, asked us design a ten-year retrospective promotional brochure. Wake, Style, Shoot, Do It All Again is a collection of images highlighting his work behind, beside, and around the camera. The brochure is divided into four sections that blur the lines between Gollmer\\u2019s personal and commercial work: people, action, travel, and product. Short sheets bound to the exterior provide thumbnail image guides to each section with captions for each image.<\\/p>\",\"10\":{\"28\":{\"type\":\"largeImage\",\"enabled\":\"1\",\"fields\":{\"image\":[\"27\"],\"layoutOptions\":\"full-width\",\"verticalSpacingLevel\":\"vertical-spacing-0\"}},\"41\":{\"type\":\"video\",\"enabled\":\"1\",\"fields\":{\"vimeoVideoId\":\"172827555\",\"autoplay\":\"1\",\"framed\":\"1\"}},\"31\":{\"type\":\"insetImage\",\"enabled\":\"1\",\"fields\":{\"image\":[\"30\"],\"imageWidth\":\"75\",\"verticalSpacingLevel\":\"vertical-spacing-5\",\"backgroundColor\":\"#d6ff2e\"}},\"53\":{\"type\":\"video\",\"enabled\":\"1\",\"fields\":{\"vimeoVideoId\":\"172827555\",\"autoplay\":\"1\",\"framed\":\"\"}},\"32\":{\"type\":\"imageWithDescription\",\"enabled\":\"1\",\"fields\":{\"position\":\"left\",\"image\":[\"30\"],\"imageWidth\":\"50\",\"description\":\"<p>Subtitle<\\/p>\\r\\n\\r\\n<p>Donec id elit non mi porta gravida at eget metus. Fusce dapibus, tellus ac cursus commodo, tortor mauris condimentum nibh, ut fermentum massa justo sit amet risus. Etiam porta sem malesuada magna mollis euismod. Lorem ipsum dolor sit.<\\/p>\",\"verticalSpacingLevel\":\"vertical-spacing-2\",\"backgroundColor\":\"#00ff00\"}},\"37\":{\"type\":\"twoUpImages\",\"enabled\":\"1\",\"fields\":{\"leftImage\":[\"35\"],\"rightImage\":[\"36\"],\"verticalSpacingLevel\":\"vertical-spacing-0\"}},\"38\":{\"type\":\"centeredText\",\"enabled\":\"1\",\"fields\":{\"text\":\"<p>Subtitle<\\/p>\\r\\n\\r\\n<p>Donec id elit non mi porta gravida at eget metus. Fusce dapibus, tellus ac cursus commodo, tortor mauris condimentum nibh, ut fermentum massa justo sit amet risus. Etiam porta sem malesuada magna mollis euismod. Lorem ipsum dolor sit.<\\/p>\",\"verticalSpacingLevel\":\"vertical-spacing-4\"}},\"42\":{\"type\":\"video\",\"enabled\":\"1\",\"fields\":{\"vimeoVideoId\":\"172827555\",\"autoplay\":\"\",\"framed\":\"1\"}},\"52\":{\"type\":\"carousel\",\"enabled\":\"1\",\"fields\":{\"images\":[\"48\",\"30\",\"50\",\"35\"],\"verticalSpacingLevel\":\"vertical-spacing-2\"}}},\"6\":\"Project Title Here\",\"5\":[\"21\"]}}', '2016-11-11 23:05:08', '2016-11-11 23:05:08', 'e677b085-b925-4b50-bfd3-be6636ff5613'),
 ('185', '15', '3', '1', 'en_us', '56', '', '{\"typeId\":\"3\",\"authorId\":\"1\",\"title\":\"Packaging Entry\",\"slug\":\"packaging-entry\",\"postDate\":1476391140,\"expiryDate\":null,\"enabled\":1,\"parentId\":null,\"fields\":{\"14\":[{\"col1\":\"Recogonition\",\"col2\":\"Print Regional Design Annual 2015\"}],\"3\":[\"9\",\"10\",\"13\"],\"29\":\"#efefef\",\"9\":\"Wake up\\r\\nStyle\\r\\nshoot\\r\\ndo it all\\r\\nagain\",\"7\":[\"26\"],\"4\":\"#ffae96\",\"8\":\"<p>Justin Gollmer, one of our go-to photography partners, asked us design a ten-year retrospective promotional brochure. Wake, Style, Shoot, Do It All Again is a collection of images highlighting his work behind, beside, and around the camera. The brochure is divided into four sections that blur the lines between Gollmer\\u2019s personal and commercial work: people, action, travel, and product. Short sheets bound to the exterior provide thumbnail image guides to each section with captions for each image.<\\/p>\",\"10\":{\"28\":{\"type\":\"largeImage\",\"enabled\":\"1\",\"fields\":{\"image\":[\"27\"],\"layoutOptions\":\"full-width\",\"verticalSpacingLevel\":\"vertical-spacing-0\"}},\"41\":{\"type\":\"video\",\"enabled\":\"1\",\"fields\":{\"vimeoVideoId\":\"172827555\",\"autoplay\":\"1\",\"framed\":\"1\"}},\"31\":{\"type\":\"insetImage\",\"enabled\":\"1\",\"fields\":{\"image\":[\"30\"],\"imageWidth\":\"75\",\"verticalSpacingLevel\":\"vertical-spacing-2\",\"backgroundColor\":\"#d6ff2e\"}},\"53\":{\"type\":\"video\",\"enabled\":\"1\",\"fields\":{\"vimeoVideoId\":\"172827555\",\"autoplay\":\"1\",\"framed\":\"\"}},\"32\":{\"type\":\"imageWithDescription\",\"enabled\":\"1\",\"fields\":{\"position\":\"left\",\"image\":[\"30\"],\"imageWidth\":\"50\",\"description\":\"<p>Subtitle<\\/p>\\r\\n\\r\\n<p>Donec id elit non mi porta gravida at eget metus. Fusce dapibus, tellus ac cursus commodo, tortor mauris condimentum nibh, ut fermentum massa justo sit amet risus. Etiam porta sem malesuada magna mollis euismod. Lorem ipsum dolor sit.<\\/p>\",\"verticalSpacingLevel\":\"vertical-spacing-2\",\"backgroundColor\":\"#00ff00\"}},\"37\":{\"type\":\"twoUpImages\",\"enabled\":\"1\",\"fields\":{\"leftImage\":[\"35\"],\"rightImage\":[\"36\"],\"verticalSpacingLevel\":\"vertical-spacing-2\"}},\"38\":{\"type\":\"centeredText\",\"enabled\":\"1\",\"fields\":{\"text\":\"<p>Subtitle<\\/p>\\r\\n\\r\\n<p>Donec id elit non mi porta gravida at eget metus. Fusce dapibus, tellus ac cursus commodo, tortor mauris condimentum nibh, ut fermentum massa justo sit amet risus. Etiam porta sem malesuada magna mollis euismod. Lorem ipsum dolor sit.<\\/p>\",\"verticalSpacingLevel\":\"vertical-spacing-4\"}},\"42\":{\"type\":\"video\",\"enabled\":\"1\",\"fields\":{\"vimeoVideoId\":\"172827555\",\"autoplay\":\"\",\"framed\":\"1\"}},\"52\":{\"type\":\"carousel\",\"enabled\":\"1\",\"fields\":{\"images\":[\"48\",\"30\",\"50\",\"35\"],\"verticalSpacingLevel\":\"vertical-spacing-2\"}}},\"6\":\"Project Title Here\",\"5\":[\"21\"]}}', '2016-11-11 23:07:53', '2016-11-11 23:07:53', 'c5556591-5499-4fcf-8d84-1585c68807f4'),
 ('186', '15', '3', '1', 'en_us', '57', '', '{\"typeId\":\"3\",\"authorId\":\"1\",\"title\":\"Packaging Entry\",\"slug\":\"packaging-entry\",\"postDate\":1476391140,\"expiryDate\":null,\"enabled\":1,\"parentId\":null,\"fields\":{\"14\":[{\"col1\":\"Recogonition\",\"col2\":\"Print Regional Design Annual 2015\"}],\"3\":[\"9\",\"10\",\"13\"],\"29\":\"#efefef\",\"9\":\"Wake up\\r\\nStyle\\r\\nshoot\\r\\ndo it all\\r\\nagain\",\"7\":[\"26\"],\"4\":\"#ffae96\",\"8\":\"<p>Justin Gollmer, one of our go-to photography partners, asked us design a ten-year retrospective promotional brochure. Wake, Style, Shoot, Do It All Again is a collection of images highlighting his work behind, beside, and around the camera. The brochure is divided into four sections that blur the lines between Gollmer\\u2019s personal and commercial work: people, action, travel, and product. Short sheets bound to the exterior provide thumbnail image guides to each section with captions for each image.<\\/p>\",\"10\":{\"28\":{\"type\":\"largeImage\",\"enabled\":\"1\",\"fields\":{\"image\":[\"27\"],\"layoutOptions\":\"full-width\",\"verticalSpacingLevel\":\"vertical-spacing-0\"}},\"41\":{\"type\":\"video\",\"enabled\":\"1\",\"fields\":{\"vimeoVideoId\":\"172827555\",\"autoplay\":\"1\",\"framed\":\"1\"}},\"31\":{\"type\":\"insetImage\",\"enabled\":\"1\",\"fields\":{\"image\":[\"30\"],\"imageWidth\":\"100\",\"verticalSpacingLevel\":\"vertical-spacing-2\",\"backgroundColor\":\"#d6ff2e\"}},\"53\":{\"type\":\"video\",\"enabled\":\"1\",\"fields\":{\"vimeoVideoId\":\"172827555\",\"autoplay\":\"1\",\"framed\":\"\"}},\"32\":{\"type\":\"imageWithDescription\",\"enabled\":\"1\",\"fields\":{\"position\":\"left\",\"image\":[\"30\"],\"imageWidth\":\"100\",\"description\":\"<p>Subtitle<\\/p>\\r\\n\\r\\n<p>Donec id elit non mi porta gravida at eget metus. Fusce dapibus, tellus ac cursus commodo, tortor mauris condimentum nibh, ut fermentum massa justo sit amet risus. Etiam porta sem malesuada magna mollis euismod. Lorem ipsum dolor sit.<\\/p>\",\"verticalSpacingLevel\":\"vertical-spacing-2\",\"backgroundColor\":\"#00ff00\"}},\"37\":{\"type\":\"twoUpImages\",\"enabled\":\"1\",\"fields\":{\"leftImage\":[\"35\"],\"rightImage\":[\"36\"],\"verticalSpacingLevel\":\"vertical-spacing-2\"}},\"38\":{\"type\":\"centeredText\",\"enabled\":\"1\",\"fields\":{\"text\":\"<p>Subtitle<\\/p>\\r\\n\\r\\n<p>Donec id elit non mi porta gravida at eget metus. Fusce dapibus, tellus ac cursus commodo, tortor mauris condimentum nibh, ut fermentum massa justo sit amet risus. Etiam porta sem malesuada magna mollis euismod. Lorem ipsum dolor sit.<\\/p>\",\"verticalSpacingLevel\":\"vertical-spacing-4\"}},\"42\":{\"type\":\"video\",\"enabled\":\"1\",\"fields\":{\"vimeoVideoId\":\"172827555\",\"autoplay\":\"\",\"framed\":\"1\"}},\"52\":{\"type\":\"carousel\",\"enabled\":\"1\",\"fields\":{\"images\":[\"48\",\"30\",\"50\",\"35\"],\"verticalSpacingLevel\":\"vertical-spacing-2\"}}},\"6\":\"Project Title Here\",\"5\":[\"21\"]}}', '2016-11-11 23:10:46', '2016-11-11 23:10:46', '1cfb7dc3-c4a8-4e1d-aa47-29dc9f3baf77'),
 ('187', '16', '3', '1', 'en_us', '15', '', '{\"typeId\":\"3\",\"authorId\":\"1\",\"title\":\"Oiselle\",\"slug\":\"environment-entry\",\"postDate\":1476391140,\"expiryDate\":null,\"enabled\":1,\"parentId\":null,\"fields\":{\"14\":\"\",\"3\":[\"10\",\"11\",\"12\",\"14\"],\"29\":\"#efef00\",\"9\":\"AN\\r\\nINFUSION\\r\\nOF\\r\\nNEW\\r\\nENERGY\",\"7\":[\"40\"],\"4\":\"#ff5822\",\"8\":\"<p>As they prepared to open their first bricks and mortar store, Oiselle&mdash;a pioneer in women\\u2019s running and athletic fashion&mdash;had a mature brand that needed an infusion of new energy. Turnstyle worked with the Oiselle team to establish an updated identity system and then applied it to a huge range of customer touch points, coordinated to deliver, install and deploy in concert with their store opening in Seattle\\u2019s University Village in the summer of 2015.&nbsp;<\\/p>\",\"10\":\"\",\"6\":\"Brand Identity System\",\"5\":[\"22\"]}}', '2016-11-11 23:27:55', '2016-11-11 23:27:55', '1617ee20-4642-4727-a157-8a68811b2d4a'),
 ('188', '15', '3', '46', 'en_us', '58', '', '{\"typeId\":\"3\",\"authorId\":\"1\",\"title\":\"Packaging Entry\",\"slug\":\"packaging-entry\",\"postDate\":1476391140,\"expiryDate\":null,\"enabled\":1,\"parentId\":null,\"fields\":{\"14\":[{\"col1\":\"Recogonition\",\"col2\":\"Print Regional Design Annual 2015\"}],\"3\":[\"9\",\"10\",\"13\"],\"29\":\"#efefef\",\"9\":\"Wake up\\r\\nStyle\\r\\nshoot\\r\\ndo it all\\r\\nagain\",\"7\":[\"26\"],\"4\":\"#ffae96\",\"8\":\"<p class=\\\"large\\\">Justin Gollmer, one of our go-to photography partners, asked us design a ten-year retrospective promotional brochure. Wake, Style, Shoot, Do It All Again is a collection of images highlighting his work behind, beside, and around the camera. The brochure is divided into four sections that blur the lines between Gollmer\\u2019s personal and commercial work: people, action, travel, and product. Short sheets bound to the exterior provide thumbnail image guides to each section with captions for each image.<\\/p>\",\"10\":{\"28\":{\"type\":\"largeImage\",\"enabled\":\"1\",\"fields\":{\"image\":[\"27\"],\"layoutOptions\":\"full-width\",\"verticalSpacingLevel\":\"vertical-spacing-0\"}},\"41\":{\"type\":\"video\",\"enabled\":\"1\",\"fields\":{\"vimeoVideoId\":\"172827555\",\"autoplay\":\"1\",\"framed\":\"1\"}},\"31\":{\"type\":\"insetImage\",\"enabled\":\"1\",\"fields\":{\"image\":[\"30\"],\"imageWidth\":\"100\",\"verticalSpacingLevel\":\"vertical-spacing-2\",\"backgroundColor\":\"#d6ff2e\"}},\"53\":{\"type\":\"video\",\"enabled\":\"1\",\"fields\":{\"vimeoVideoId\":\"172827555\",\"autoplay\":\"1\",\"framed\":\"\"}},\"32\":{\"type\":\"imageWithDescription\",\"enabled\":\"1\",\"fields\":{\"position\":\"left\",\"image\":[\"30\"],\"imageWidth\":\"100\",\"description\":\"<p>Subtitle<\\/p>\\r\\n\\r\\n<p>Donec id elit non mi porta gravida at eget metus. Fusce dapibus, tellus ac cursus commodo, tortor mauris condimentum nibh, ut fermentum massa justo sit amet risus. Etiam porta sem malesuada magna mollis euismod. Lorem ipsum dolor sit.<\\/p>\",\"verticalSpacingLevel\":\"vertical-spacing-2\",\"backgroundColor\":\"#00ff00\"}},\"37\":{\"type\":\"twoUpImages\",\"enabled\":\"1\",\"fields\":{\"leftImage\":[\"35\"],\"rightImage\":[\"36\"],\"verticalSpacingLevel\":\"vertical-spacing-2\"}},\"38\":{\"type\":\"centeredText\",\"enabled\":\"1\",\"fields\":{\"text\":\"<p>Subtitle<\\/p>\\r\\n\\r\\n<p>Donec id elit non mi porta gravida at eget metus. Fusce dapibus, tellus ac cursus commodo, tortor mauris condimentum nibh, ut fermentum massa justo sit amet risus. Etiam porta sem malesuada magna mollis euismod. Lorem ipsum dolor sit.<\\/p>\",\"verticalSpacingLevel\":\"vertical-spacing-4\"}},\"42\":{\"type\":\"video\",\"enabled\":\"1\",\"fields\":{\"vimeoVideoId\":\"172827555\",\"autoplay\":\"\",\"framed\":\"1\"}},\"52\":{\"type\":\"carousel\",\"enabled\":\"1\",\"fields\":{\"images\":[\"48\",\"30\",\"50\",\"35\"],\"verticalSpacingLevel\":\"vertical-spacing-2\"}}},\"6\":\"Project Title Here\",\"5\":[\"21\"]}}', '2016-11-11 23:42:06', '2016-11-11 23:42:06', 'bef10d53-e012-4809-99fa-a7908f32e402'),
 ('189', '15', '3', '1', 'en_us', '59', '', '{\"typeId\":\"3\",\"authorId\":\"1\",\"title\":\"Packaging Entry\",\"slug\":\"packaging-entry\",\"postDate\":1476391140,\"expiryDate\":null,\"enabled\":1,\"parentId\":null,\"fields\":{\"14\":[{\"col1\":\"Recogonition\",\"col2\":\"Print Regional Design Annual 2015\"}],\"3\":[\"9\",\"13\",\"14\"],\"29\":\"#efefef\",\"9\":\"Wake up\\r\\nStyle\\r\\nshoot\\r\\ndo it all\\r\\nagain\",\"7\":[\"26\"],\"4\":\"#ffae96\",\"8\":\"<p class=\\\"large\\\">Justin Gollmer, one of our go-to photography partners, asked us design a ten-year retrospective promotional brochure. Wake, Style, Shoot, Do It All Again is a collection of images highlighting his work behind, beside, and around the camera. The brochure is divided into four sections that blur the lines between Gollmer\\u2019s personal and commercial work: people, action, travel, and product. Short sheets bound to the exterior provide thumbnail image guides to each section with captions for each image.<\\/p>\",\"10\":{\"28\":{\"type\":\"largeImage\",\"enabled\":\"1\",\"fields\":{\"image\":[\"27\"],\"layoutOptions\":\"full-width\",\"verticalSpacingLevel\":\"vertical-spacing-0\"}},\"41\":{\"type\":\"video\",\"enabled\":\"1\",\"fields\":{\"vimeoVideoId\":\"172827555\",\"autoplay\":\"1\",\"framed\":\"1\"}},\"31\":{\"type\":\"insetImage\",\"enabled\":\"1\",\"fields\":{\"image\":[\"30\"],\"imageWidth\":\"100\",\"verticalSpacingLevel\":\"vertical-spacing-2\",\"backgroundColor\":\"#d6ff2e\"}},\"53\":{\"type\":\"video\",\"enabled\":\"1\",\"fields\":{\"vimeoVideoId\":\"172827555\",\"autoplay\":\"1\",\"framed\":\"\"}},\"32\":{\"type\":\"imageWithDescription\",\"enabled\":\"1\",\"fields\":{\"position\":\"left\",\"image\":[\"30\"],\"imageWidth\":\"100\",\"description\":\"<p>Subtitle<\\/p>\\r\\n\\r\\n<p>Donec id elit non mi porta gravida at eget metus. Fusce dapibus, tellus ac cursus commodo, tortor mauris condimentum nibh, ut fermentum massa justo sit amet risus. Etiam porta sem malesuada magna mollis euismod. Lorem ipsum dolor sit.<\\/p>\",\"verticalSpacingLevel\":\"vertical-spacing-2\",\"backgroundColor\":\"#00ff00\"}},\"37\":{\"type\":\"twoUpImages\",\"enabled\":\"1\",\"fields\":{\"leftImage\":[\"35\"],\"rightImage\":[\"36\"],\"verticalSpacingLevel\":\"vertical-spacing-2\"}},\"38\":{\"type\":\"centeredText\",\"enabled\":\"1\",\"fields\":{\"text\":\"<p>Subtitle<\\/p>\\r\\n\\r\\n<p>Donec id elit non mi porta gravida at eget metus. Fusce dapibus, tellus ac cursus commodo, tortor mauris condimentum nibh, ut fermentum massa justo sit amet risus. Etiam porta sem malesuada magna mollis euismod. Lorem ipsum dolor sit.<\\/p>\",\"verticalSpacingLevel\":\"vertical-spacing-4\"}},\"42\":{\"type\":\"video\",\"enabled\":\"1\",\"fields\":{\"vimeoVideoId\":\"172827555\",\"autoplay\":\"\",\"framed\":\"1\"}},\"52\":{\"type\":\"carousel\",\"enabled\":\"1\",\"fields\":{\"images\":[\"48\",\"30\",\"50\",\"35\"],\"verticalSpacingLevel\":\"vertical-spacing-2\"}}},\"6\":\"Project Title Here\",\"5\":[\"21\"]}}', '2016-11-11 23:58:53', '2016-11-11 23:58:53', '210ebe40-b95d-41d8-a2bd-d215a448aa2a'),
 ('190', '15', '3', '46', 'en_us', '60', '', '{\"typeId\":\"3\",\"authorId\":\"1\",\"title\":\"Packaging Entry\",\"slug\":\"packaging-entry\",\"postDate\":1476391140,\"expiryDate\":null,\"enabled\":1,\"parentId\":null,\"fields\":{\"14\":[{\"col1\":\"Recogonition\",\"col2\":\"Print Regional Design Annual 2015\"}],\"3\":[\"9\",\"13\",\"14\"],\"29\":\"#efefef\",\"9\":\"Wake up\\r\\nStyle\\r\\nshoot\\r\\ndo it all\\r\\nagain\",\"7\":[\"26\"],\"4\":\"#ffae96\",\"8\":\"<p class=\\\"large\\\">Justin Gollmer, one of our go-to photography partners, asked us design a ten-year retrospective promotional brochure. Wake, Style, Shoot, Do It All Again is a collection of images highlighting his work behind, beside, and around the camera. The brochure is divided into four sections that blur the lines between Gollmer\\u2019s personal and commercial work: people, action, travel, and product. Short sheets bound to the exterior provide thumbnail image guides to each section with captions for each image.<\\/p>\",\"10\":{\"28\":{\"type\":\"largeImage\",\"enabled\":\"1\",\"fields\":{\"image\":[\"27\"],\"layoutOptions\":\"full-width\",\"verticalSpacingLevel\":\"vertical-spacing-0\"}},\"41\":{\"type\":\"video\",\"enabled\":\"1\",\"fields\":{\"vimeoVideoId\":\"172827555\",\"autoplay\":\"1\",\"framed\":\"1\"}},\"31\":{\"type\":\"insetImage\",\"enabled\":\"1\",\"fields\":{\"image\":[\"30\"],\"imageWidth\":\"100\",\"verticalSpacingLevel\":\"vertical-spacing-2\",\"backgroundColor\":\"#d6ff2e\"}},\"53\":{\"type\":\"video\",\"enabled\":\"1\",\"fields\":{\"vimeoVideoId\":\"172827555\",\"autoplay\":\"1\",\"framed\":\"\"}},\"32\":{\"type\":\"imageWithDescription\",\"enabled\":\"1\",\"fields\":{\"position\":\"left\",\"image\":[\"30\"],\"imageWidth\":\"100\",\"description\":\"<p>Subtitle<\\/p>\\r\\n\\r\\n<p>Donec id elit non mi porta gravida at eget metus. Fusce dapibus, tellus ac cursus commodo, tortor mauris condimentum nibh, ut fermentum massa justo sit amet risus. Etiam porta sem malesuada magna mollis euismod. Lorem ipsum dolor sit.<\\/p>\",\"verticalSpacingLevel\":\"vertical-spacing-2\",\"backgroundColor\":\"#000000\"}},\"37\":{\"type\":\"twoUpImages\",\"enabled\":\"1\",\"fields\":{\"leftImage\":[\"35\"],\"rightImage\":[\"36\"],\"verticalSpacingLevel\":\"vertical-spacing-2\"}},\"38\":{\"type\":\"centeredText\",\"enabled\":\"1\",\"fields\":{\"text\":\"<p>Subtitle<\\/p>\\r\\n\\r\\n<p>Donec id elit non mi porta gravida at eget metus. Fusce dapibus, tellus ac cursus commodo, tortor mauris condimentum nibh, ut fermentum massa justo sit amet risus. Etiam porta sem malesuada magna mollis euismod. Lorem ipsum dolor sit.<\\/p>\",\"verticalSpacingLevel\":\"vertical-spacing-4\"}},\"42\":{\"type\":\"video\",\"enabled\":\"1\",\"fields\":{\"vimeoVideoId\":\"172827555\",\"autoplay\":\"\",\"framed\":\"1\"}},\"52\":{\"type\":\"carousel\",\"enabled\":\"1\",\"fields\":{\"images\":[\"48\",\"30\",\"50\",\"35\"],\"verticalSpacingLevel\":\"vertical-spacing-2\"}}},\"6\":\"Project Title Here\",\"5\":[\"21\"]}}', '2016-11-14 19:04:36', '2016-11-14 19:04:36', '431956df-4535-4144-9553-810ed70c23c3'),
 ('191', '15', '3', '1', 'en_us', '61', '', '{\"typeId\":\"3\",\"authorId\":\"1\",\"title\":\"Packaging Entry\",\"slug\":\"packaging-entry\",\"postDate\":1476391140,\"expiryDate\":null,\"enabled\":1,\"parentId\":null,\"fields\":{\"14\":[{\"col1\":\"Recogonition\",\"col2\":\"Print Regional Design Annual 2015\"}],\"3\":[\"9\",\"13\",\"14\"],\"29\":\"#efefef\",\"9\":\"Wake up\\r\\nStyle\\r\\nshoot\\r\\ndo it all\\r\\nagain\",\"7\":[\"26\"],\"4\":\"#ffae96\",\"8\":\"<p class=\\\"large\\\">Justin Gollmer, one of our go-to photography partners, asked us design a ten-year retrospective promotional brochure. Wake, Style, Shoot, Do It All Again is a collection of images highlighting his work behind, beside, and around the camera. The brochure is divided into four sections that blur the lines between Gollmer\\u2019s personal and commercial work: people, action, travel, and product. Short sheets bound to the exterior provide thumbnail image guides to each section with captions for each image.<\\/p>\",\"10\":{\"28\":{\"type\":\"largeImage\",\"enabled\":\"1\",\"fields\":{\"image\":[\"27\"],\"layoutOptions\":\"full-width\",\"verticalSpacingLevel\":\"vertical-spacing-0\"}},\"41\":{\"type\":\"video\",\"enabled\":\"1\",\"fields\":{\"vimeoVideoId\":\"172827555\",\"autoplay\":\"1\",\"framed\":\"1\"}},\"31\":{\"type\":\"insetImage\",\"enabled\":\"1\",\"fields\":{\"image\":[\"30\"],\"imageWidth\":\"100\",\"verticalSpacingLevel\":\"vertical-spacing-2\",\"backgroundColor\":\"#d6ff2e\"}},\"53\":{\"type\":\"video\",\"enabled\":\"1\",\"fields\":{\"vimeoVideoId\":\"172827555\",\"autoplay\":\"1\",\"framed\":\"\"}},\"32\":{\"type\":\"imageWithDescription\",\"enabled\":\"1\",\"fields\":{\"position\":\"left\",\"image\":[\"30\"],\"imageWidth\":\"100\",\"description\":\"<p>Subtitle<\\/p>\\r\\n\\r\\n<p>Donec id elit non mi porta gravida at eget metus. Fusce dapibus, tellus ac cursus commodo, tortor mauris condimentum nibh, ut fermentum massa justo sit amet risus. Etiam porta sem malesuada magna mollis euismod. Lorem ipsum dolor sit.<\\/p>\",\"verticalSpacingLevel\":\"vertical-spacing-2\",\"backgroundColor\":\"#000000\"}},\"37\":{\"type\":\"twoUpImages\",\"enabled\":\"1\",\"fields\":{\"leftImage\":[\"35\"],\"rightImage\":[\"36\"],\"verticalSpacingLevel\":\"vertical-spacing-2\"}},\"38\":{\"type\":\"centeredText\",\"enabled\":\"1\",\"fields\":{\"text\":\"<p><span class=\\\"white\\\">Subtitle<\\/span><\\/p>\\r\\n\\r\\n<p><span class=\\\"white\\\">Donec id elit non mi porta gravida at eget metus. Fusce dapibus, tellus ac cursus commodo, tortor mauris condimentum nibh, ut fermentum massa justo sit amet risus. Etiam porta sem malesuada magna mollis euismod. Lorem ipsum dolor sit.<\\/span><\\/p>\",\"verticalSpacingLevel\":\"vertical-spacing-4\",\"backgroundColor\":\"#000000\"}},\"42\":{\"type\":\"video\",\"enabled\":\"1\",\"fields\":{\"vimeoVideoId\":\"172827555\",\"autoplay\":\"\",\"framed\":\"1\"}},\"52\":{\"type\":\"carousel\",\"enabled\":\"1\",\"fields\":{\"images\":[\"48\",\"30\",\"50\",\"35\"],\"verticalSpacingLevel\":\"vertical-spacing-2\"}}},\"6\":\"Project Title Here\",\"5\":[\"21\"]}}', '2016-11-14 20:23:56', '2016-11-14 20:23:56', '3a021cb0-7498-4b05-b952-4a4b1495c183'),
 ('192', '15', '3', '1', 'en_us', '62', '', '{\"typeId\":\"3\",\"authorId\":\"1\",\"title\":\"Packaging Entry\",\"slug\":\"packaging-entry\",\"postDate\":1476391140,\"expiryDate\":null,\"enabled\":1,\"parentId\":null,\"fields\":{\"14\":[{\"col1\":\"Recogonition\",\"col2\":\"Print Regional Design Annual 2015\"}],\"3\":[\"9\",\"13\",\"14\"],\"29\":\"#efefef\",\"9\":\"Wake up\\r\\nStyle\\r\\nshoot\\r\\ndo it all\\r\\nagain\",\"7\":[\"26\"],\"4\":\"#ffae96\",\"8\":\"<p class=\\\"large\\\">Justin Gollmer, one of our go-to photography partners, asked us design a ten-year retrospective promotional brochure. Wake, Style, Shoot, Do It All Again is a collection of images highlighting his work behind, beside, and around the camera. The brochure is divided into four sections that blur the lines between Gollmer\\u2019s personal and commercial work: people, action, travel, and product. Short sheets bound to the exterior provide thumbnail image guides to each section with captions for each image.<\\/p>\",\"10\":{\"28\":{\"type\":\"largeImage\",\"enabled\":\"1\",\"fields\":{\"image\":[\"27\"],\"layoutOptions\":\"full-width\",\"verticalSpacingLevel\":\"vertical-spacing-0\"}},\"41\":{\"type\":\"video\",\"enabled\":\"1\",\"fields\":{\"vimeoVideoId\":\"172827555\",\"autoplay\":\"1\",\"framed\":\"1\"}},\"31\":{\"type\":\"insetImage\",\"enabled\":\"1\",\"fields\":{\"image\":[\"30\"],\"imageWidth\":\"100\",\"verticalSpacingLevel\":\"vertical-spacing-2\",\"backgroundColor\":\"#d6ff2e\"}},\"53\":{\"type\":\"video\",\"enabled\":\"1\",\"fields\":{\"vimeoVideoId\":\"172827555\",\"autoplay\":\"1\",\"framed\":\"\"}},\"32\":{\"type\":\"imageWithDescription\",\"enabled\":\"1\",\"fields\":{\"position\":\"left\",\"image\":[\"30\"],\"imageWidth\":\"100\",\"description\":\"<p><span class=\\\"white\\\">Subtitle<\\/span><\\/p>\\r\\n\\r\\n<p><span class=\\\"white\\\">Donec id elit non mi porta gravida at eget metus. Fusce dapibus, tellus ac cursus commodo, tortor mauris condimentum nibh, ut fermentum massa justo sit amet risus. Etiam porta sem malesuada magna mollis euismod. Lorem ipsum dolor sit.<\\/span><\\/p>\",\"verticalSpacingLevel\":\"vertical-spacing-2\",\"backgroundColor\":\"#000000\"}},\"37\":{\"type\":\"twoUpImages\",\"enabled\":\"1\",\"fields\":{\"leftImage\":[\"35\"],\"rightImage\":[\"36\"],\"verticalSpacingLevel\":\"vertical-spacing-2\"}},\"38\":{\"type\":\"centeredText\",\"enabled\":\"1\",\"fields\":{\"text\":\"<p>Subtitle<\\/p>\\r\\n\\r\\n<p>Donec id elit non mi porta gravida at eget metus. Fusce dapibus, tellus ac cursus commodo, tortor mauris condimentum nibh, ut fermentum massa justo sit amet risus. Etiam porta sem malesuada magna mollis euismod. Lorem ipsum dolor sit.<\\/p>\",\"verticalSpacingLevel\":\"vertical-spacing-4\",\"backgroundColor\":\"#000000\"}},\"42\":{\"type\":\"video\",\"enabled\":\"1\",\"fields\":{\"vimeoVideoId\":\"172827555\",\"autoplay\":\"\",\"framed\":\"1\"}},\"52\":{\"type\":\"carousel\",\"enabled\":\"1\",\"fields\":{\"images\":[\"48\",\"30\",\"50\",\"35\"],\"verticalSpacingLevel\":\"vertical-spacing-2\"}}},\"6\":\"Project Title Here\",\"5\":[\"21\"]}}', '2016-11-14 20:24:56', '2016-11-14 20:24:56', '23aee9d2-7146-46eb-ab2d-d912fc84cbd5'),
 ('193', '15', '3', '1', 'en_us', '63', '', '{\"typeId\":\"3\",\"authorId\":\"1\",\"title\":\"Packaging Entry\",\"slug\":\"packaging-entry\",\"postDate\":1476391140,\"expiryDate\":null,\"enabled\":1,\"parentId\":null,\"fields\":{\"14\":[{\"col1\":\"Recogonition\",\"col2\":\"Print Regional Design Annual 2015\"}],\"3\":[\"9\",\"13\",\"14\"],\"29\":\"#efefef\",\"9\":\"Wake up\\r\\nStyle\\r\\nshoot\\r\\ndo it all\\r\\nagain\",\"7\":[\"26\"],\"4\":\"#ffae96\",\"8\":\"<p class=\\\"large\\\">Justin Gollmer, one of our go-to photography partners, asked us design a ten-year retrospective promotional brochure. Wake, Style, Shoot, Do It All Again is a collection of images highlighting his work behind, beside, and around the camera. The brochure is divided into four sections that blur the lines between Gollmer\\u2019s personal and commercial work: people, action, travel, and product. Short sheets bound to the exterior provide thumbnail image guides to each section with captions for each image.<\\/p>\",\"10\":{\"28\":{\"type\":\"largeImage\",\"enabled\":\"1\",\"fields\":{\"image\":[\"27\"],\"layoutOptions\":\"full-width\",\"verticalSpacingLevel\":\"vertical-spacing-0\"}},\"41\":{\"type\":\"video\",\"enabled\":\"1\",\"fields\":{\"vimeoVideoId\":\"172827555\",\"autoplay\":\"1\",\"framed\":\"1\"}},\"31\":{\"type\":\"insetImage\",\"enabled\":\"1\",\"fields\":{\"image\":[\"30\"],\"imageWidth\":\"100\",\"verticalSpacingLevel\":\"vertical-spacing-2\",\"backgroundColor\":\"#d6ff2e\"}},\"53\":{\"type\":\"video\",\"enabled\":\"1\",\"fields\":{\"vimeoVideoId\":\"172827555\",\"autoplay\":\"1\",\"framed\":\"\"}},\"32\":{\"type\":\"imageWithDescription\",\"enabled\":\"1\",\"fields\":{\"position\":\"left\",\"image\":[\"30\"],\"imageWidth\":\"100\",\"description\":\"<p>Subtitle<\\/p>\\r\\n\\r\\n<p>Donec id elit non mi porta gravida at eget metus. Fusce dapibus, tellus ac cursus commodo, tortor mauris condimentum nibh, ut fermentum massa justo sit amet risus. Etiam porta sem malesuada magna mollis euismod. Lorem ipsum dolor sit.<\\/p>\",\"verticalSpacingLevel\":\"vertical-spacing-2\",\"backgroundColor\":\"#000000\"}},\"37\":{\"type\":\"twoUpImages\",\"enabled\":\"1\",\"fields\":{\"leftImage\":[\"35\"],\"rightImage\":[\"36\"],\"verticalSpacingLevel\":\"vertical-spacing-2\"}},\"38\":{\"type\":\"centeredText\",\"enabled\":\"1\",\"fields\":{\"text\":\"<p><span class=\\\"white\\\">Subtitle<\\/span><\\/p>\\r\\n\\r\\n<p><span class=\\\"white\\\">Donec id elit non mi porta gravida at eget metus. Fusce dapibus, tellus ac cursus commodo, tortor mauris condimentum nibh, ut fermentum massa justo sit amet risus. Etiam porta sem malesuada magna mollis euismod. Lorem ipsum dolor sit.<\\/span><\\/p>\",\"verticalSpacingLevel\":\"vertical-spacing-4\",\"backgroundColor\":\"#000000\"}},\"42\":{\"type\":\"video\",\"enabled\":\"1\",\"fields\":{\"vimeoVideoId\":\"172827555\",\"autoplay\":\"\",\"framed\":\"1\"}},\"52\":{\"type\":\"carousel\",\"enabled\":\"1\",\"fields\":{\"images\":[\"48\",\"30\",\"50\",\"35\"],\"verticalSpacingLevel\":\"vertical-spacing-2\"}}},\"6\":\"Project Title Here\",\"5\":[\"21\"]}}', '2016-11-14 20:26:39', '2016-11-14 20:26:39', '9dc068ca-eb6d-4896-83ae-862c1305b8b8'),
 ('194', '15', '3', '46', 'en_us', '64', '', '{\"typeId\":\"3\",\"authorId\":\"1\",\"title\":\"Packaging Entry\",\"slug\":\"packaging-entry\",\"postDate\":1476391140,\"expiryDate\":null,\"enabled\":1,\"parentId\":null,\"fields\":{\"14\":[{\"col1\":\"Recogonition\",\"col2\":\"Print Regional Design Annual 2015\"}],\"3\":[\"9\",\"13\",\"14\"],\"29\":\"#efefef\",\"9\":\"Wake up\\r\\nStyle\\r\\nshoot\\r\\ndo it all\\r\\nagain\",\"7\":[\"26\"],\"4\":\"#ffae96\",\"8\":\"<p class=\\\"large\\\">Justin Gollmer, one of our go-to photography partners, asked us design a ten-year retrospective promotional brochure. Wake, Style, Shoot, Do It All Again is a collection of images highlighting his work behind, beside, and around the camera. The brochure is divided into four sections that blur the lines between Gollmer\\u2019s personal and commercial work: people, action, travel, and product. Short sheets bound to the exterior provide thumbnail image guides to each section with captions for each image.<\\/p>\",\"10\":{\"28\":{\"type\":\"largeImage\",\"enabled\":\"1\",\"fields\":{\"image\":[\"27\"],\"layoutOptions\":\"full-width\",\"verticalSpacingLevel\":\"vertical-spacing-0\"}},\"41\":{\"type\":\"video\",\"enabled\":\"1\",\"fields\":{\"vimeoVideoId\":\"172827555\",\"autoplay\":\"1\",\"framed\":\"1\"}},\"31\":{\"type\":\"insetImage\",\"enabled\":\"1\",\"fields\":{\"image\":[\"30\"],\"imageWidth\":\"100\",\"verticalSpacingLevel\":\"vertical-spacing-2\",\"backgroundColor\":\"#d6ff2e\"}},\"53\":{\"type\":\"video\",\"enabled\":\"1\",\"fields\":{\"vimeoVideoId\":\"172827555\",\"autoplay\":\"1\",\"framed\":\"\"}},\"32\":{\"type\":\"imageWithDescription\",\"enabled\":\"1\",\"fields\":{\"position\":\"left\",\"image\":[\"30\"],\"imageWidth\":\"100\",\"description\":\"<p>Subtitle<\\/p>\\r\\n\\r\\n<p>Donec id elit non mi porta gravida at eget metus. Fusce dapibus, tellus ac cursus commodo, tortor mauris condimentum nibh, ut fermentum massa justo sit amet risus. Etiam porta sem malesuada magna mollis euismod. Lorem ipsum dolor sit.<\\/p>\",\"verticalSpacingLevel\":\"vertical-spacing-2\",\"backgroundColor\":\"#000000\"}},\"37\":{\"type\":\"twoUpImages\",\"enabled\":\"1\",\"fields\":{\"leftImage\":[\"35\"],\"rightImage\":[\"36\"],\"verticalSpacingLevel\":\"vertical-spacing-2\"}},\"38\":{\"type\":\"centeredText\",\"enabled\":\"1\",\"fields\":{\"text\":\"<p class=\\\"large\\\"><span class=\\\"white\\\">Donec sed odio dui. Nullam quis risus eget urna mollis ornare vel eu leo. Praesent commodo cursus magna, vel scelerisque nisl consectetur et. Cras mattis consectetur purus sit amet fermentum. Maecenas sed diam eget risus varius blandit sit amet non magna. Praesent commodo cursus magna, vel scelerisque nisl consectetur et.<\\/span><\\/p>\",\"verticalSpacingLevel\":\"vertical-spacing-4\",\"backgroundColor\":\"#0000ff\"}},\"42\":{\"type\":\"video\",\"enabled\":\"1\",\"fields\":{\"vimeoVideoId\":\"172827555\",\"autoplay\":\"\",\"framed\":\"1\"}},\"52\":{\"type\":\"carousel\",\"enabled\":\"1\",\"fields\":{\"images\":[\"48\",\"30\",\"50\",\"35\"],\"verticalSpacingLevel\":\"vertical-spacing-2\"}}},\"6\":\"Project Title Here\",\"5\":[\"21\"]}}', '2016-11-14 20:35:55', '2016-11-14 20:35:55', '81abfe70-4441-410b-8dd0-df4a13a59f33'),
 ('195', '15', '3', '46', 'en_us', '65', '', '{\"typeId\":\"3\",\"authorId\":\"1\",\"title\":\"Packaging Entry\",\"slug\":\"packaging-entry\",\"postDate\":1476391140,\"expiryDate\":null,\"enabled\":1,\"parentId\":null,\"fields\":{\"14\":[{\"col1\":\"Recogonition\",\"col2\":\"Print Regional Design Annual 2015\"}],\"3\":[\"9\",\"13\",\"14\"],\"29\":\"#efefef\",\"9\":\"Wake up\\r\\nStyle\\r\\nshoot\\r\\ndo it all\\r\\nagain\",\"7\":[\"26\"],\"4\":\"#ffae96\",\"8\":\"<p class=\\\"large\\\">Justin Gollmer, one of our go-to photography partners, asked us design a ten-year retrospective promotional brochure. Wake, Style, Shoot, Do It All Again is a collection of images highlighting his work behind, beside, and around the camera. The brochure is divided into four sections that blur the lines between Gollmer\\u2019s personal and commercial work: people, action, travel, and product. Short sheets bound to the exterior provide thumbnail image guides to each section with captions for each image.<\\/p>\",\"10\":{\"28\":{\"type\":\"largeImage\",\"enabled\":\"1\",\"fields\":{\"image\":[\"27\"],\"layoutOptions\":\"full-width\",\"verticalSpacingLevel\":\"vertical-spacing-0\"}},\"41\":{\"type\":\"video\",\"enabled\":\"1\",\"fields\":{\"vimeoVideoId\":\"172827555\",\"autoplay\":\"1\",\"framed\":\"1\"}},\"31\":{\"type\":\"insetImage\",\"enabled\":\"1\",\"fields\":{\"image\":[\"30\"],\"imageWidth\":\"100\",\"verticalSpacingLevel\":\"vertical-spacing-2\",\"backgroundColor\":\"#d6ff2e\"}},\"53\":{\"type\":\"video\",\"enabled\":\"1\",\"fields\":{\"vimeoVideoId\":\"172827555\",\"autoplay\":\"1\",\"framed\":\"\"}},\"32\":{\"type\":\"imageWithDescription\",\"enabled\":\"1\",\"fields\":{\"position\":\"right\",\"image\":[\"30\"],\"imageWidth\":\"100\",\"description\":\"<p class=\\\"large\\\"><span class=\\\"white\\\">Subtitle<\\/span><\\/p>\\r\\n\\r\\n<p class=\\\"large\\\"><span class=\\\"white\\\">Donec id elit non mi porta gravida at eget metus. Fusce dapibus, tellus ac cursus commodo, tortor mauris condimentum nibh, ut fermentum massa justo sit amet risus. Etiam porta sem malesuada magna mollis euismod. Lorem ipsum dolor sit.<\\/span><\\/p>\",\"verticalSpacingLevel\":\"vertical-spacing-2\",\"backgroundColor\":\"#000000\"}},\"37\":{\"type\":\"twoUpImages\",\"enabled\":\"1\",\"fields\":{\"leftImage\":[\"35\"],\"rightImage\":[\"36\"],\"verticalSpacingLevel\":\"vertical-spacing-2\"}},\"38\":{\"type\":\"centeredText\",\"enabled\":\"1\",\"fields\":{\"text\":\"<p class=\\\"large\\\"><span class=\\\"white\\\">Donec sed odio dui. Nullam quis risus eget urna mollis ornare vel eu leo. Praesent commodo cursus magna, vel scelerisque nisl consectetur et. Cras mattis consectetur purus sit amet fermentum. Maecenas sed diam eget risus varius blandit sit amet non magna. Praesent commodo cursus magna, vel scelerisque nisl consectetur et.<\\/span><\\/p>\",\"verticalSpacingLevel\":\"vertical-spacing-4\",\"backgroundColor\":\"#0000ff\"}},\"42\":{\"type\":\"video\",\"enabled\":\"1\",\"fields\":{\"vimeoVideoId\":\"172827555\",\"autoplay\":\"\",\"framed\":\"1\"}},\"52\":{\"type\":\"carousel\",\"enabled\":\"1\",\"fields\":{\"images\":[\"48\",\"30\",\"50\",\"35\"],\"verticalSpacingLevel\":\"vertical-spacing-2\"}}},\"6\":\"Project Title Here\",\"5\":[\"21\"]}}', '2016-11-14 20:37:03', '2016-11-14 20:37:03', '4c0caebf-6d04-4965-8264-b0fa3dd7f493'),
 ('196', '15', '3', '46', 'en_us', '66', '', '{\"typeId\":\"3\",\"authorId\":\"1\",\"title\":\"Packaging Entry\",\"slug\":\"packaging-entry\",\"postDate\":1476391140,\"expiryDate\":null,\"enabled\":1,\"parentId\":null,\"fields\":{\"14\":[{\"col1\":\"Recogonition\",\"col2\":\"Print Regional Design Annual 2015\"}],\"3\":[\"9\",\"13\",\"14\"],\"29\":\"#efefef\",\"9\":\"Wake up\\r\\nStyle\\r\\nshoot\\r\\ndo it all\\r\\nagain\",\"7\":[\"26\"],\"4\":\"#ffae96\",\"8\":\"<p class=\\\"large\\\">Justin Gollmer, one of our go-to photography partners, asked us design a ten-year retrospective promotional brochure. Wake, Style, Shoot, Do It All Again is a collection of images highlighting his work behind, beside, and around the camera. The brochure is divided into four sections that blur the lines between Gollmer\\u2019s personal and commercial work: people, action, travel, and product. Short sheets bound to the exterior provide thumbnail image guides to each section with captions for each image.<\\/p>\",\"10\":{\"28\":{\"type\":\"largeImage\",\"enabled\":\"1\",\"fields\":{\"image\":[\"27\"],\"layoutOptions\":\"full-width\",\"verticalSpacingLevel\":\"vertical-spacing-0\"}},\"41\":{\"type\":\"video\",\"enabled\":\"1\",\"fields\":{\"vimeoVideoId\":\"172827555\",\"autoplay\":\"1\",\"framed\":\"1\"}},\"31\":{\"type\":\"insetImage\",\"enabled\":\"1\",\"fields\":{\"image\":[\"30\"],\"imageWidth\":\"50\",\"verticalSpacingLevel\":\"vertical-spacing-2\",\"backgroundColor\":\"#d6ff2e\"}},\"53\":{\"type\":\"video\",\"enabled\":\"1\",\"fields\":{\"vimeoVideoId\":\"172827555\",\"autoplay\":\"1\",\"framed\":\"\"}},\"32\":{\"type\":\"imageWithDescription\",\"enabled\":\"1\",\"fields\":{\"position\":\"right\",\"image\":[\"30\"],\"imageWidth\":\"50\",\"description\":\"<p class=\\\"large\\\"><span class=\\\"white\\\">Subtitle<\\/span><\\/p>\\r\\n\\r\\n<p class=\\\"large\\\"><span class=\\\"white\\\">Donec id elit non mi porta gravida at eget metus. Fusce dapibus, tellus ac cursus commodo, tortor mauris condimentum nibh, ut fermentum massa justo sit amet risus. Etiam porta sem malesuada magna mollis euismod. Lorem ipsum dolor sit.<\\/span><\\/p>\",\"verticalSpacingLevel\":\"vertical-spacing-2\",\"backgroundColor\":\"#000000\"}},\"37\":{\"type\":\"twoUpImages\",\"enabled\":\"1\",\"fields\":{\"leftImage\":[\"35\"],\"rightImage\":[\"36\"],\"verticalSpacingLevel\":\"vertical-spacing-2\"}},\"38\":{\"type\":\"centeredText\",\"enabled\":\"1\",\"fields\":{\"text\":\"<p class=\\\"large\\\"><span class=\\\"white\\\">Donec sed odio dui. Nullam quis risus eget urna mollis ornare vel eu leo. Praesent commodo cursus magna, vel scelerisque nisl consectetur et. Cras mattis consectetur purus sit amet fermentum. Maecenas sed diam eget risus varius blandit sit amet non magna. Praesent commodo cursus magna, vel scelerisque nisl consectetur et.<\\/span><\\/p>\",\"verticalSpacingLevel\":\"vertical-spacing-4\",\"backgroundColor\":\"#0000ff\"}},\"42\":{\"type\":\"video\",\"enabled\":\"1\",\"fields\":{\"vimeoVideoId\":\"172827555\",\"autoplay\":\"\",\"framed\":\"1\"}},\"52\":{\"type\":\"carousel\",\"enabled\":\"1\",\"fields\":{\"images\":[\"48\",\"30\",\"50\",\"35\"],\"verticalSpacingLevel\":\"vertical-spacing-2\"}}},\"6\":\"Project Title Here\",\"5\":[\"21\"]}}', '2016-11-14 20:38:19', '2016-11-14 20:38:19', 'b6aa467e-978f-41c8-b4f4-182d0590a276'),
 ('197', '15', '3', '46', 'en_us', '67', '', '{\"typeId\":\"3\",\"authorId\":\"1\",\"title\":\"Packaging Entry\",\"slug\":\"packaging-entry\",\"postDate\":1476391140,\"expiryDate\":null,\"enabled\":1,\"parentId\":null,\"fields\":{\"14\":[{\"col1\":\"Recogonition\",\"col2\":\"Print Regional Design Annual 2015\"}],\"3\":[\"9\",\"13\",\"14\"],\"29\":\"#efefef\",\"9\":\"Wake up\\r\\nStyle\\r\\nshoot\\r\\ndo it all\\r\\nagain\",\"7\":[\"26\"],\"4\":\"#ffae96\",\"8\":\"<p class=\\\"large\\\">Justin Gollmer, one of our go-to photography partners, asked us design a ten-year retrospective promotional brochure. Wake, Style, Shoot, Do It All Again is a collection of images highlighting his work behind, beside, and around the camera. The brochure is divided into four sections that blur the lines between Gollmer\\u2019s personal and commercial work: people, action, travel, and product. Short sheets bound to the exterior provide thumbnail image guides to each section with captions for each image.<\\/p>\",\"10\":{\"28\":{\"type\":\"largeImage\",\"enabled\":\"1\",\"fields\":{\"image\":[\"27\"],\"layoutOptions\":\"full-width\",\"verticalSpacingLevel\":\"vertical-spacing-0\"}},\"41\":{\"type\":\"video\",\"enabled\":\"1\",\"fields\":{\"vimeoVideoId\":\"172827555\",\"autoplay\":\"1\",\"framed\":\"1\"}},\"31\":{\"type\":\"insetImage\",\"enabled\":\"1\",\"fields\":{\"image\":[\"30\"],\"imageWidth\":\"50\",\"verticalSpacingLevel\":\"vertical-spacing-2\",\"backgroundColor\":\"#d6ff2e\"}},\"53\":{\"type\":\"video\",\"enabled\":\"1\",\"fields\":{\"vimeoVideoId\":\"172827555\",\"autoplay\":\"1\",\"framed\":\"\"}},\"32\":{\"type\":\"imageWithDescription\",\"enabled\":\"1\",\"fields\":{\"position\":\"right\",\"image\":[\"30\"],\"imageWidth\":\"50\",\"description\":\"<p class=\\\"large\\\"><span class=\\\"white\\\">Subtitle<\\/span><\\/p>\\r\\n\\r\\n<p class=\\\"large\\\"><span class=\\\"white\\\">Donec id elit non mi porta gravida at eget metus. Fusce dapibus, tellus ac cursus commodo, tortor mauris condimentum nibh, ut fermentum massa justo sit amet risus. Etiam porta sem malesuada magna mollis euismod. Lorem ipsum dolor sit.<\\/span><\\/p>\",\"verticalSpacingLevel\":\"vertical-spacing-2\",\"backgroundColor\":\"#f5f5f5\"}},\"37\":{\"type\":\"twoUpImages\",\"enabled\":\"1\",\"fields\":{\"leftImage\":[\"35\"],\"rightImage\":[\"36\"],\"verticalSpacingLevel\":\"vertical-spacing-2\"}},\"38\":{\"type\":\"centeredText\",\"enabled\":\"1\",\"fields\":{\"text\":\"<p class=\\\"large\\\"><span class=\\\"white\\\">Donec sed odio dui. Nullam quis risus eget urna mollis ornare vel eu leo. Praesent commodo cursus magna, vel scelerisque nisl consectetur et. Cras mattis consectetur purus sit amet fermentum. Maecenas sed diam eget risus varius blandit sit amet non magna. Praesent commodo cursus magna, vel scelerisque nisl consectetur et.<\\/span><\\/p>\",\"verticalSpacingLevel\":\"vertical-spacing-4\",\"backgroundColor\":\"#0000ff\"}},\"42\":{\"type\":\"video\",\"enabled\":\"1\",\"fields\":{\"vimeoVideoId\":\"172827555\",\"autoplay\":\"\",\"framed\":\"1\"}},\"52\":{\"type\":\"carousel\",\"enabled\":\"1\",\"fields\":{\"images\":[\"48\",\"30\",\"50\",\"35\"],\"verticalSpacingLevel\":\"vertical-spacing-2\"}}},\"6\":\"Project Title Here\",\"5\":[\"21\"]}}', '2016-11-14 20:39:11', '2016-11-14 20:39:11', '87e8ede5-f28f-4935-914c-173439fc78da'),
 ('198', '15', '3', '46', 'en_us', '68', '', '{\"typeId\":\"3\",\"authorId\":\"1\",\"title\":\"Packaging Entry\",\"slug\":\"packaging-entry\",\"postDate\":1476391140,\"expiryDate\":null,\"enabled\":1,\"parentId\":null,\"fields\":{\"14\":[{\"col1\":\"Recogonition\",\"col2\":\"Print Regional Design Annual 2015\"}],\"3\":[\"9\",\"13\",\"14\"],\"29\":\"#efefef\",\"9\":\"Wake up\\r\\nStyle\\r\\nshoot\\r\\ndo it all\\r\\nagain\",\"7\":[\"26\"],\"4\":\"#ffae96\",\"8\":\"<p class=\\\"large\\\">Justin Gollmer, one of our go-to photography partners, asked us design a ten-year retrospective promotional brochure. Wake, Style, Shoot, Do It All Again is a collection of images highlighting his work behind, beside, and around the camera. The brochure is divided into four sections that blur the lines between Gollmer\\u2019s personal and commercial work: people, action, travel, and product. Short sheets bound to the exterior provide thumbnail image guides to each section with captions for each image.<\\/p>\",\"10\":{\"28\":{\"type\":\"largeImage\",\"enabled\":\"1\",\"fields\":{\"image\":[\"27\"],\"layoutOptions\":\"full-width\",\"verticalSpacingLevel\":\"vertical-spacing-0\"}},\"41\":{\"type\":\"video\",\"enabled\":\"1\",\"fields\":{\"vimeoVideoId\":\"172827555\",\"autoplay\":\"1\",\"framed\":\"1\"}},\"31\":{\"type\":\"insetImage\",\"enabled\":\"1\",\"fields\":{\"image\":[\"30\"],\"imageWidth\":\"50\",\"verticalSpacingLevel\":\"vertical-spacing-2\",\"backgroundColor\":\"#d6ff2e\"}},\"53\":{\"type\":\"video\",\"enabled\":\"1\",\"fields\":{\"vimeoVideoId\":\"172827555\",\"autoplay\":\"1\",\"framed\":\"\"}},\"32\":{\"type\":\"imageWithDescription\",\"enabled\":\"1\",\"fields\":{\"position\":\"left\",\"image\":[\"30\"],\"imageWidth\":\"50\",\"description\":\"<p class=\\\"large\\\"><span class=\\\"white\\\">Subtitle<\\/span><\\/p>\\r\\n\\r\\n<p class=\\\"large\\\"><span class=\\\"white\\\">Donec id elit non mi porta gravida at eget metus. Fusce dapibus, tellus ac cursus commodo, tortor mauris condimentum nibh, ut fermentum massa justo sit amet risus. Etiam porta sem malesuada magna mollis euismod. Lorem ipsum dolor sit.<\\/span><\\/p>\",\"verticalSpacingLevel\":\"vertical-spacing-2\",\"backgroundColor\":\"#f5f5f5\"}},\"37\":{\"type\":\"twoUpImages\",\"enabled\":\"1\",\"fields\":{\"leftImage\":[\"35\"],\"rightImage\":[\"36\"],\"verticalSpacingLevel\":\"vertical-spacing-2\"}},\"38\":{\"type\":\"centeredText\",\"enabled\":\"1\",\"fields\":{\"text\":\"<p class=\\\"large\\\"><span class=\\\"white\\\">Donec sed odio dui. Nullam quis risus eget urna mollis ornare vel eu leo. Praesent commodo cursus magna, vel scelerisque nisl consectetur et. Cras mattis consectetur purus sit amet fermentum. Maecenas sed diam eget risus varius blandit sit amet non magna. Praesent commodo cursus magna, vel scelerisque nisl consectetur et.<\\/span><\\/p>\",\"verticalSpacingLevel\":\"vertical-spacing-4\",\"backgroundColor\":\"#0000ff\"}},\"42\":{\"type\":\"video\",\"enabled\":\"1\",\"fields\":{\"vimeoVideoId\":\"172827555\",\"autoplay\":\"\",\"framed\":\"1\"}},\"52\":{\"type\":\"carousel\",\"enabled\":\"1\",\"fields\":{\"images\":[\"48\",\"30\",\"50\",\"35\"],\"verticalSpacingLevel\":\"vertical-spacing-2\"}}},\"6\":\"Project Title Here\",\"5\":[\"21\"]}}', '2016-11-14 20:39:40', '2016-11-14 20:39:40', 'b08b624f-7550-4ad1-bd13-80356be7477b'),
 ('199', '15', '3', '46', 'en_us', '69', '', '{\"typeId\":\"3\",\"authorId\":\"1\",\"title\":\"Packaging Entry\",\"slug\":\"packaging-entry\",\"postDate\":1476391140,\"expiryDate\":null,\"enabled\":1,\"parentId\":null,\"fields\":{\"14\":[{\"col1\":\"Recogonition\",\"col2\":\"Print Regional Design Annual 2015\"}],\"3\":[\"9\",\"13\",\"14\"],\"29\":\"#efefef\",\"9\":\"Wake up\\r\\nStyle\\r\\nshoot\\r\\ndo it all\\r\\nagain\",\"7\":[\"26\"],\"4\":\"#ffae96\",\"8\":\"<p class=\\\"large\\\">Justin Gollmer, one of our go-to photography partners, asked us design a ten-year retrospective promotional brochure. Wake, Style, Shoot, Do It All Again is a collection of images highlighting his work behind, beside, and around the camera. The brochure is divided into four sections that blur the lines between Gollmer\\u2019s personal and commercial work: people, action, travel, and product. Short sheets bound to the exterior provide thumbnail image guides to each section with captions for each image.<\\/p>\",\"10\":{\"28\":{\"type\":\"largeImage\",\"enabled\":\"1\",\"fields\":{\"image\":[\"27\"],\"layoutOptions\":\"full-width\",\"verticalSpacingLevel\":\"vertical-spacing-0\"}},\"41\":{\"type\":\"video\",\"enabled\":\"1\",\"fields\":{\"vimeoVideoId\":\"172827555\",\"autoplay\":\"1\",\"framed\":\"1\"}},\"31\":{\"type\":\"insetImage\",\"enabled\":\"1\",\"fields\":{\"image\":[\"30\"],\"imageWidth\":\"50\",\"verticalSpacingLevel\":\"vertical-spacing-2\",\"backgroundColor\":\"#d6ff2e\"}},\"53\":{\"type\":\"video\",\"enabled\":\"1\",\"fields\":{\"vimeoVideoId\":\"172827555\",\"autoplay\":\"1\",\"framed\":\"\"}},\"32\":{\"type\":\"imageWithDescription\",\"enabled\":\"1\",\"fields\":{\"position\":\"right\",\"image\":[\"30\"],\"imageWidth\":\"50\",\"description\":\"<p class=\\\"large\\\"><span class=\\\"white\\\">Subtitle<\\/span><\\/p>\\r\\n\\r\\n<p class=\\\"large\\\"><span class=\\\"white\\\">Donec id elit non mi porta gravida at eget metus. Fusce dapibus, tellus ac cursus commodo, tortor mauris condimentum nibh, ut fermentum massa justo sit amet risus. Etiam porta sem malesuada magna mollis euismod. Lorem ipsum dolor sit.<\\/span><\\/p>\",\"verticalSpacingLevel\":\"vertical-spacing-2\",\"backgroundColor\":\"#f5f5f5\"}},\"37\":{\"type\":\"twoUpImages\",\"enabled\":\"1\",\"fields\":{\"leftImage\":[\"35\"],\"rightImage\":[\"36\"],\"verticalSpacingLevel\":\"vertical-spacing-2\"}},\"38\":{\"type\":\"centeredText\",\"enabled\":\"1\",\"fields\":{\"text\":\"<p class=\\\"large\\\"><span class=\\\"white\\\">Donec sed odio dui. Nullam quis risus eget urna mollis ornare vel eu leo. Praesent commodo cursus magna, vel scelerisque nisl consectetur et. Cras mattis consectetur purus sit amet fermentum. Maecenas sed diam eget risus varius blandit sit amet non magna. Praesent commodo cursus magna, vel scelerisque nisl consectetur et.<\\/span><\\/p>\",\"verticalSpacingLevel\":\"vertical-spacing-4\",\"backgroundColor\":\"#0000ff\"}},\"42\":{\"type\":\"video\",\"enabled\":\"1\",\"fields\":{\"vimeoVideoId\":\"172827555\",\"autoplay\":\"\",\"framed\":\"1\"}},\"52\":{\"type\":\"carousel\",\"enabled\":\"1\",\"fields\":{\"images\":[\"48\",\"30\",\"50\",\"35\"],\"verticalSpacingLevel\":\"vertical-spacing-2\"}}},\"6\":\"Project Title Here\",\"5\":[\"21\"]}}', '2016-11-14 20:42:37', '2016-11-14 20:42:37', '591ff3ea-157b-4b90-b73a-17604031fbd7'),
 ('200', '15', '3', '46', 'en_us', '70', '', '{\"typeId\":\"3\",\"authorId\":\"1\",\"title\":\"Packaging Entry\",\"slug\":\"packaging-entry\",\"postDate\":1476391140,\"expiryDate\":null,\"enabled\":1,\"parentId\":null,\"fields\":{\"14\":[{\"col1\":\"Recogonition\",\"col2\":\"Print Regional Design Annual 2015\"}],\"3\":[\"9\",\"13\",\"14\"],\"29\":\"#efefef\",\"9\":\"Wake up\\r\\nStyle\\r\\nshoot\\r\\ndo it all\\r\\nagain\",\"7\":[\"26\"],\"4\":\"#ffae96\",\"8\":\"<p class=\\\"large\\\">Justin Gollmer, one of our go-to photography partners, asked us design a ten-year retrospective promotional brochure. Wake, Style, Shoot, Do It All Again is a collection of images highlighting his work behind, beside, and around the camera. The brochure is divided into four sections that blur the lines between Gollmer\\u2019s personal and commercial work: people, action, travel, and product. Short sheets bound to the exterior provide thumbnail image guides to each section with captions for each image.<\\/p>\",\"10\":{\"28\":{\"type\":\"largeImage\",\"enabled\":\"1\",\"fields\":{\"image\":[\"27\"],\"layoutOptions\":\"full-width\",\"verticalSpacingLevel\":\"vertical-spacing-0\"}},\"41\":{\"type\":\"video\",\"enabled\":\"1\",\"fields\":{\"vimeoVideoId\":\"172827555\",\"autoplay\":\"1\",\"framed\":\"1\"}},\"31\":{\"type\":\"insetImage\",\"enabled\":\"1\",\"fields\":{\"image\":[\"30\"],\"imageWidth\":\"50\",\"verticalSpacingLevel\":\"vertical-spacing-2\",\"backgroundColor\":\"#d6ff2e\"}},\"53\":{\"type\":\"video\",\"enabled\":\"1\",\"fields\":{\"vimeoVideoId\":\"172827555\",\"autoplay\":\"1\",\"framed\":\"\"}},\"32\":{\"type\":\"imageWithDescription\",\"enabled\":\"1\",\"fields\":{\"position\":\"right\",\"image\":[\"30\"],\"imageWidth\":\"50\",\"description\":\"<p class=\\\"large\\\"><span class=\\\"white\\\">Subtitle<\\/span><\\/p>\\r\\n\\r\\n<p class=\\\"large\\\"><span class=\\\"white\\\">Donec id elit non mi porta gravida at eget metus. Fusce dapibus, tellus ac cursus commodo, tortor mauris condimentum nibh, ut fermentum massa justo sit amet risus. Etiam porta sem malesuada magna mollis euismod. Lorem ipsum dolor sit.<\\/span><\\/p>\",\"verticalSpacingLevel\":\"vertical-spacing-2\",\"backgroundColor\":\"#f5f5f5\"}},\"37\":{\"type\":\"twoUpImages\",\"enabled\":\"1\",\"fields\":{\"leftImage\":[\"35\"],\"rightImage\":[\"36\"],\"verticalSpacingLevel\":\"vertical-spacing-2\"}},\"38\":{\"type\":\"centeredText\",\"enabled\":\"1\",\"fields\":{\"text\":\"<p class=\\\"large\\\"><span class=\\\"white\\\">Donec sed odio dui. Nullam quis risus eget urna mollis ornare vel eu leo. Praesent commodo cursus magna, vel scelerisque nisl consectetur et. Cras mattis consectetur purus sit amet fermentum. Maecenas sed diam eget risus varius blandit sit amet non magna. Praesent commodo cursus magna, vel scelerisque nisl consectetur et.<\\/span><\\/p>\",\"verticalSpacingLevel\":\"vertical-spacing-4\",\"backgroundColor\":\"#0000ff\"}},\"42\":{\"type\":\"video\",\"enabled\":\"1\",\"fields\":{\"vimeoVideoId\":\"172827555\",\"autoplay\":\"\",\"framed\":\"1\"}},\"52\":{\"type\":\"carousel\",\"enabled\":\"1\",\"fields\":{\"images\":[\"48\",\"30\",\"50\",\"35\"],\"verticalSpacingLevel\":\"vertical-spacing-2\"}}},\"6\":\"Project Title Here\",\"5\":[\"21\"]}}', '2016-11-14 20:53:31', '2016-11-14 20:53:31', 'fbc34f6b-1516-4f40-bdc5-ee63e30de66a'),
 ('201', '15', '3', '1', 'en_us', '71', '', '{\"typeId\":\"3\",\"authorId\":\"1\",\"title\":\"Packaging Entry\",\"slug\":\"packaging-entry\",\"postDate\":1476391140,\"expiryDate\":null,\"enabled\":1,\"parentId\":null,\"fields\":{\"14\":[{\"col1\":\"Recogonition\",\"col2\":\"Print Regional Design Annual 2015\"}],\"3\":[\"9\",\"13\",\"14\"],\"29\":\"#efefef\",\"9\":\"Wake up\\r\\nStyle\\r\\nshoot\\r\\ndo it all\\r\\nagain\",\"7\":[\"26\"],\"4\":\"#ffae96\",\"8\":\"<p class=\\\"large\\\">Justin Gollmer, one of our go-to photography partners, asked us design a ten-year retrospective promotional brochure. Wake, Style, Shoot, Do It All Again is a collection of images highlighting his work behind, beside, and around the camera. The brochure is divided into four sections that blur the lines between Gollmer\\u2019s personal and commercial work: people, action, travel, and product. Short sheets bound to the exterior provide thumbnail image guides to each section with captions for each image.<\\/p>\",\"10\":{\"28\":{\"type\":\"largeImage\",\"enabled\":\"1\",\"fields\":{\"image\":[\"27\"],\"layoutOptions\":\"full-width\",\"verticalSpacingLevel\":\"vertical-spacing-0\"}},\"41\":{\"type\":\"video\",\"enabled\":\"1\",\"fields\":{\"vimeoVideoId\":\"172827555\",\"autoplay\":\"1\",\"framed\":\"1\"}},\"31\":{\"type\":\"insetImage\",\"enabled\":\"1\",\"fields\":{\"image\":[\"30\"],\"imageWidth\":\"50\",\"verticalSpacingLevel\":\"vertical-spacing-2\",\"backgroundColor\":\"#d6ff2e\"}},\"53\":{\"type\":\"video\",\"enabled\":\"1\",\"fields\":{\"vimeoVideoId\":\"172827555\",\"autoplay\":\"1\",\"framed\":\"\"}},\"32\":{\"type\":\"imageWithDescription\",\"enabled\":\"1\",\"fields\":{\"position\":\"right\",\"image\":[\"30\"],\"imageWidth\":\"50\",\"description\":\"<p class=\\\"large\\\">Subtitle<\\/p>\\r\\n<p class=\\\"large\\\">Donec id elit non mi porta gravida at eget metus. Fusce dapibus, tellus ac cursus commodo, tortor mauris condimentum nibh, ut fermentum massa justo sit amet risus. Etiam porta sem malesuada magna mollis euismod. Lorem ipsum dolor sit.<\\/p>\",\"verticalSpacingLevel\":\"vertical-spacing-2\",\"backgroundColor\":\"#f5f5f5\"}},\"37\":{\"type\":\"twoUpImages\",\"enabled\":\"1\",\"fields\":{\"leftImage\":[\"35\"],\"rightImage\":[\"36\"],\"verticalSpacingLevel\":\"vertical-spacing-2\"}},\"38\":{\"type\":\"centeredText\",\"enabled\":\"1\",\"fields\":{\"text\":\"<p class=\\\"large\\\"><span class=\\\"white\\\">Donec sed odio dui. Nullam quis risus eget urna mollis ornare vel eu leo. Praesent commodo cursus magna, vel scelerisque nisl consectetur et. Cras mattis consectetur purus sit amet fermentum. Maecenas sed diam eget risus varius blandit sit amet non magna. Praesent commodo cursus magna, vel scelerisque nisl consectetur et.<\\/span><\\/p>\",\"verticalSpacingLevel\":\"vertical-spacing-4\",\"backgroundColor\":\"#0000ff\"}},\"42\":{\"type\":\"video\",\"enabled\":\"1\",\"fields\":{\"vimeoVideoId\":\"172827555\",\"autoplay\":\"\",\"framed\":\"1\"}},\"52\":{\"type\":\"carousel\",\"enabled\":\"1\",\"fields\":{\"images\":[\"48\",\"30\",\"50\",\"35\"],\"verticalSpacingLevel\":\"vertical-spacing-2\"}}},\"6\":\"Project Title Here\",\"5\":[\"21\"]}}', '2016-11-14 21:44:48', '2016-11-14 21:44:48', '0c8c64ee-5d77-4116-82e9-bd9581f99b9e'),
 ('202', '15', '3', '1', 'en_us', '72', '', '{\"typeId\":\"3\",\"authorId\":\"1\",\"title\":\"Packaging Entry\",\"slug\":\"packaging-entry\",\"postDate\":1476391140,\"expiryDate\":null,\"enabled\":1,\"parentId\":null,\"fields\":{\"14\":[{\"col1\":\"Recogonition\",\"col2\":\"Print Regional Design Annual 2015\"}],\"3\":[\"9\",\"13\",\"14\"],\"29\":\"#efefef\",\"9\":\"Wake up\\r\\nStyle\\r\\nshoot\\r\\ndo it all\\r\\nagain\",\"7\":[\"26\"],\"4\":\"#ffae96\",\"8\":\"<p class=\\\"large\\\">Justin Gollmer, one of our go-to photography partners, asked us design a ten-year retrospective promotional brochure. Wake, Style, Shoot, Do It All Again is a collection of images highlighting his work behind, beside, and around the camera. The brochure is divided into four sections that blur the lines between Gollmer\\u2019s personal and commercial work: people, action, travel, and product. Short sheets bound to the exterior provide thumbnail image guides to each section with captions for each image.<\\/p>\",\"10\":{\"28\":{\"type\":\"largeImage\",\"enabled\":\"1\",\"fields\":{\"image\":[\"27\"],\"layoutOptions\":\"full-width\",\"verticalSpacingLevel\":\"vertical-spacing-0\"}},\"41\":{\"type\":\"video\",\"enabled\":\"1\",\"fields\":{\"vimeoVideoId\":\"172827555\",\"autoplay\":\"1\",\"framed\":\"1\"}},\"31\":{\"type\":\"insetImage\",\"enabled\":\"1\",\"fields\":{\"image\":[\"30\"],\"imageWidth\":\"50\",\"verticalSpacingLevel\":\"vertical-spacing-2\",\"backgroundColor\":\"#d6ff2e\"}},\"53\":{\"type\":\"video\",\"enabled\":\"1\",\"fields\":{\"vimeoVideoId\":\"172827555\",\"autoplay\":\"1\",\"framed\":\"\"}},\"new1\":{\"type\":\"imageWithDescription\",\"enabled\":\"1\",\"fields\":{\"position\":\"left\",\"image\":[\"30\"],\"imageWidth\":\"50\",\"description\":\"<p>Subtitle<\\/p>\\r\\n\\r\\n<p>Donec id elit non mi porta gravida at eget metus. Fusce dapibus, tellus ac cursus commodo, tortor mauris condimentum nibh, ut fermentum massa justo sit amet risus. Etiam porta sem malesuada magna mollis euismod. Lorem ipsum dolor sit.<\\/p>\",\"verticalSpacingLevel\":\"vertical-spacing-1\",\"backgroundColor\":\"#ffffff\"}},\"32\":{\"type\":\"imageWithDescription\",\"enabled\":\"1\",\"fields\":{\"position\":\"right\",\"image\":[\"30\"],\"imageWidth\":\"50\",\"description\":\"<p class=\\\"large\\\">Subtitle<\\/p>\\r\\n\\r\\n<p class=\\\"large\\\">Donec id elit non mi porta gravida at eget metus. Fusce dapibus, tellus ac cursus commodo, tortor mauris condimentum nibh, ut fermentum massa justo sit amet risus. Etiam porta sem malesuada magna mollis euismod. Lorem ipsum dolor sit.<\\/p>\",\"verticalSpacingLevel\":\"vertical-spacing-2\",\"backgroundColor\":\"#f5f5f5\"}},\"37\":{\"type\":\"twoUpImages\",\"enabled\":\"1\",\"fields\":{\"leftImage\":[\"35\"],\"rightImage\":[\"36\"],\"verticalSpacingLevel\":\"vertical-spacing-2\"}},\"38\":{\"type\":\"centeredText\",\"enabled\":\"1\",\"fields\":{\"text\":\"<p class=\\\"large\\\"><span class=\\\"white\\\">Donec sed odio dui. Nullam quis risus eget urna mollis ornare vel eu leo. Praesent commodo cursus magna, vel scelerisque nisl consectetur et. Cras mattis consectetur purus sit amet fermentum. Maecenas sed diam eget risus varius blandit sit amet non magna. Praesent commodo cursus magna, vel scelerisque nisl consectetur et.<\\/span><\\/p>\",\"verticalSpacingLevel\":\"vertical-spacing-4\",\"backgroundColor\":\"#0000ff\"}},\"42\":{\"type\":\"video\",\"enabled\":\"1\",\"fields\":{\"vimeoVideoId\":\"172827555\",\"autoplay\":\"\",\"framed\":\"1\"}},\"52\":{\"type\":\"carousel\",\"enabled\":\"1\",\"fields\":{\"images\":[\"48\",\"30\",\"50\",\"35\"],\"verticalSpacingLevel\":\"vertical-spacing-2\"}}},\"6\":\"Project Title Here\",\"5\":[\"21\"]}}', '2016-11-14 22:57:35', '2016-11-14 22:57:35', '7b798e9b-eb56-411d-84e5-5b4a1ff30595'),
 ('203', '16', '3', '46', 'en_us', '16', '', '{\"typeId\":\"3\",\"authorId\":\"1\",\"title\":\"Oiselle\",\"slug\":\"environment-entry\",\"postDate\":1476391140,\"expiryDate\":null,\"enabled\":1,\"parentId\":null,\"fields\":{\"14\":\"\",\"3\":[\"10\",\"11\",\"12\",\"14\"],\"29\":\"#efefef\",\"9\":\"AN\\r\\nINFUSION\\r\\nOF\\r\\nNEW\\r\\nENERGY\",\"7\":[\"40\"],\"4\":\"#ff5822\",\"8\":\"<p>As they prepared to open their first bricks and mortar store, Oiselle&mdash;a pioneer in women\\u2019s running and athletic fashion&mdash;had a mature brand that needed an infusion of new energy. Turnstyle worked with the Oiselle team to establish an updated identity system and then applied it to a huge range of customer touch points, coordinated to deliver, install and deploy in concert with their store opening in Seattle\\u2019s University Village in the summer of 2015.&nbsp;<\\/p>\",\"10\":\"\",\"6\":\"Brand Identity System\",\"5\":[\"135\"]}}', '2016-11-15 18:19:17', '2016-11-15 18:19:17', '4ef7076a-23a3-4b1e-9bd1-56e021555564'),
 ('204', '16', '3', '46', 'en_us', '17', '', '{\"typeId\":\"3\",\"authorId\":\"1\",\"title\":\"Oiselle\",\"slug\":\"environment-entry\",\"postDate\":1476391140,\"expiryDate\":null,\"enabled\":1,\"parentId\":null,\"fields\":{\"14\":\"\",\"3\":[\"10\",\"11\",\"12\",\"14\"],\"29\":\"#efefef\",\"9\":\"AN\\r\\nINFUSION\\r\\nOF\\r\\nNEW\\r\\nENERGY\",\"7\":[\"40\"],\"4\":\"#ff5822\",\"8\":\"<p class=\\\"large\\\">As they prepared to open their first bricks and mortar store, Oiselle&mdash;a pioneer in women\\u2019s running and athletic fashion&mdash;had a mature brand that needed an infusion of new energy. Turnstyle worked with the Oiselle team to establish an updated identity system and then applied it to a huge range of customer touch points, coordinated to deliver, install and deploy in concert with their store opening in Seattle\\u2019s University Village in the summer of 2015.&nbsp;<\\/p>\",\"10\":{\"new1\":{\"type\":\"largeImage\",\"enabled\":\"1\",\"fields\":{\"image\":[\"136\"],\"layoutOptions\":\"framed\",\"verticalSpacingLevel\":\"vertical-spacing-0\"}}},\"6\":\"Brand Identity System\",\"5\":[\"135\"]}}', '2016-11-15 18:22:12', '2016-11-15 18:22:12', '4d17f125-69fc-4075-b2a5-b26869c87f27'),
 ('205', '16', '3', '46', 'en_us', '18', '', '{\"typeId\":\"3\",\"authorId\":\"1\",\"title\":\"Oiselle\",\"slug\":\"oiselle-identity\",\"postDate\":1476391140,\"expiryDate\":null,\"enabled\":1,\"parentId\":null,\"fields\":{\"14\":\"\",\"3\":[\"10\",\"11\",\"12\",\"14\"],\"29\":\"#efefef\",\"9\":\"AN\\r\\nINFUSION\\r\\nOF\\r\\nNEW\\r\\nENERGY\",\"7\":[\"40\"],\"4\":\"#ff5822\",\"8\":\"<p class=\\\"large\\\">As they prepared to open their first bricks and mortar store, Oiselle&mdash;a pioneer in women\\u2019s running and athletic fashion&mdash;had a mature brand that needed an infusion of new energy. Turnstyle worked with the Oiselle team to establish an updated identity system and then applied it to a huge range of customer touch points, coordinated to deliver, install and deploy in concert with their store opening in Seattle\\u2019s University Village in the summer of 2015.&nbsp;<\\/p>\",\"10\":{\"137\":{\"type\":\"largeImage\",\"enabled\":\"1\",\"fields\":{\"image\":[\"136\"],\"layoutOptions\":\"framed\",\"verticalSpacingLevel\":\"vertical-spacing-0\"}}},\"6\":\"Brand Identity System\",\"5\":[\"135\"]}}', '2016-11-15 18:24:07', '2016-11-15 18:24:07', '2907c1ca-2983-41aa-9202-b4f064487422'),
 ('206', '16', '3', '46', 'en_us', '19', '', '{\"typeId\":\"3\",\"authorId\":\"1\",\"title\":\"Oiselle\",\"slug\":\"oiselle-identity\",\"postDate\":1476391140,\"expiryDate\":null,\"enabled\":1,\"parentId\":null,\"fields\":{\"14\":\"\",\"3\":[\"10\",\"11\",\"12\",\"14\"],\"29\":\"#efefef\",\"9\":\"AN\\r\\nINFUSION\\r\\nOF\\r\\nNEW\\r\\nENERGY\",\"7\":[\"40\"],\"4\":\"#ff5822\",\"8\":\"<p class=\\\"large\\\">As they prepared to open their first bricks and mortar store, Oiselle&mdash;a pioneer in women\\u2019s running and athletic fashion&mdash;had a mature brand that needed an infusion of new energy. Turnstyle worked with the Oiselle team to establish an updated identity system and then applied it to a huge range of customer touch points, coordinated to deliver, install and deploy in concert with their store opening in Seattle\\u2019s University Village in the summer of 2015.&nbsp;<\\/p>\",\"10\":{\"137\":{\"type\":\"largeImage\",\"enabled\":\"1\",\"fields\":{\"image\":[\"136\"],\"layoutOptions\":\"full-width\",\"verticalSpacingLevel\":\"vertical-spacing-0\"}}},\"6\":\"Brand Identity System\",\"5\":[\"135\"]}}', '2016-11-15 18:29:20', '2016-11-15 18:29:20', 'd3ddec60-cc82-4679-997a-8fabfb22ac94'),
 ('207', '16', '3', '46', 'en_us', '20', '', '{\"typeId\":\"3\",\"authorId\":\"1\",\"title\":\"Oiselle\",\"slug\":\"oiselle-identity\",\"postDate\":1476391140,\"expiryDate\":null,\"enabled\":1,\"parentId\":null,\"fields\":{\"14\":\"\",\"3\":[\"10\",\"11\",\"12\",\"14\"],\"29\":\"#efefef\",\"9\":\"AN\\r\\nINFUSION\\r\\nOF\\r\\nNEW\\r\\nENERGY\",\"7\":[\"40\"],\"4\":\"#ff5822\",\"8\":\"<p class=\\\"large\\\">As they prepared to open their first bricks and mortar store, Oiselle&mdash;a pioneer in women\\u2019s running and athletic fashion&mdash;had a mature brand that needed an infusion of new energy. Turnstyle worked with the Oiselle team to establish an updated identity system and then applied it to a huge range of customer touch points, coordinated to deliver, install and deploy in concert with their store opening in Seattle\\u2019s University Village in the summer of 2015.&nbsp;<\\/p>\",\"10\":{\"137\":{\"type\":\"largeImage\",\"enabled\":\"1\",\"fields\":{\"image\":[\"136\"],\"layoutOptions\":\"framed\",\"verticalSpacingLevel\":\"vertical-spacing-0\"}}},\"6\":\"Brand Identity System\",\"5\":[\"135\"]}}', '2016-11-15 18:29:50', '2016-11-15 18:29:50', '6555936d-0c56-412a-bc11-c75ca0e38f98'),
 ('208', '15', '3', '46', 'en_us', '73', '', '{\"typeId\":\"3\",\"authorId\":\"1\",\"title\":\"Justin Golmer\",\"slug\":\"justin-golmer-promo\",\"postDate\":1476391140,\"expiryDate\":null,\"enabled\":1,\"parentId\":null,\"fields\":{\"14\":[{\"col1\":\"Recogonition\",\"col2\":\"Print Regional Design Annual 2015\"}],\"3\":[\"12\"],\"29\":\"#efefef\",\"9\":\"Wake up\\r\\nStyle\\r\\nshoot\\r\\ndo it all\\r\\nagain\",\"7\":[\"26\"],\"4\":\"#ffae96\",\"8\":\"<p class=\\\"large\\\">Justin Gollmer, one of our go-to photography partners, asked us design a ten-year retrospective promotional brochure. Wake, Style, Shoot, Do It All Again is a collection of images highlighting his work behind, beside, and around the camera. The brochure is divided into four sections that blur the lines between Gollmer\\u2019s personal and commercial work: people, action, travel, and product. Short sheets bound to the exterior provide thumbnail image guides to each section with captions for each image.<\\/p>\",\"10\":{\"28\":{\"type\":\"largeImage\",\"enabled\":\"1\",\"fields\":{\"image\":[\"27\"],\"layoutOptions\":\"full-width\",\"verticalSpacingLevel\":\"vertical-spacing-0\"}},\"41\":{\"type\":\"video\",\"enabled\":\"1\",\"fields\":{\"vimeoVideoId\":\"172827555\",\"autoplay\":\"1\",\"framed\":\"1\"}},\"31\":{\"type\":\"insetImage\",\"enabled\":\"1\",\"fields\":{\"image\":[\"30\"],\"imageWidth\":\"50\",\"verticalSpacingLevel\":\"vertical-spacing-2\",\"backgroundColor\":\"#d6ff2e\"}},\"53\":{\"type\":\"video\",\"enabled\":\"1\",\"fields\":{\"vimeoVideoId\":\"172827555\",\"autoplay\":\"1\",\"framed\":\"\"}},\"134\":{\"type\":\"imageWithDescription\",\"enabled\":\"1\",\"fields\":{\"position\":\"left\",\"image\":[\"30\"],\"imageWidth\":\"50\",\"description\":\"<p>Subtitle<\\/p>\\r\\n\\r\\n<p>Donec id elit non mi porta gravida at eget metus. Fusce dapibus, tellus ac cursus commodo, tortor mauris condimentum nibh, ut fermentum massa justo sit amet risus. Etiam porta sem malesuada magna mollis euismod. Lorem ipsum dolor sit.<\\/p>\",\"verticalSpacingLevel\":\"vertical-spacing-1\",\"backgroundColor\":\"#ffffff\"}},\"32\":{\"type\":\"imageWithDescription\",\"enabled\":\"1\",\"fields\":{\"position\":\"right\",\"image\":[\"30\"],\"imageWidth\":\"50\",\"description\":\"<p class=\\\"large\\\">Subtitle<\\/p>\\r\\n\\r\\n<p class=\\\"large\\\">Donec id elit non mi porta gravida at eget metus. Fusce dapibus, tellus ac cursus commodo, tortor mauris condimentum nibh, ut fermentum massa justo sit amet risus. Etiam porta sem malesuada magna mollis euismod. Lorem ipsum dolor sit.<\\/p>\",\"verticalSpacingLevel\":\"vertical-spacing-2\",\"backgroundColor\":\"#f5f5f5\"}},\"37\":{\"type\":\"twoUpImages\",\"enabled\":\"1\",\"fields\":{\"leftImage\":[\"35\"],\"rightImage\":[\"36\"],\"verticalSpacingLevel\":\"vertical-spacing-2\"}},\"38\":{\"type\":\"centeredText\",\"enabled\":\"1\",\"fields\":{\"text\":\"<p class=\\\"large\\\"><span class=\\\"white\\\">Donec sed odio dui. Nullam quis risus eget urna mollis ornare vel eu leo. Praesent commodo cursus magna, vel scelerisque nisl consectetur et. Cras mattis consectetur purus sit amet fermentum. Maecenas sed diam eget risus varius blandit sit amet non magna. Praesent commodo cursus magna, vel scelerisque nisl consectetur et.<\\/span><\\/p>\",\"verticalSpacingLevel\":\"vertical-spacing-4\",\"backgroundColor\":\"#0000ff\"}},\"42\":{\"type\":\"video\",\"enabled\":\"1\",\"fields\":{\"vimeoVideoId\":\"172827555\",\"autoplay\":\"\",\"framed\":\"1\"}},\"52\":{\"type\":\"carousel\",\"enabled\":\"1\",\"fields\":{\"images\":[\"48\",\"30\",\"50\",\"35\"],\"verticalSpacingLevel\":\"vertical-spacing-2\"}}},\"6\":\"Photography Promo\",\"5\":[\"21\"]}}', '2016-11-15 18:53:29', '2016-11-15 18:53:29', '7edd304b-5eaf-4aac-8e12-90aa74bae79e'),
 ('209', '101', '10', '1', 'en_us', '11', '', '{\"typeId\":\"11\",\"authorId\":null,\"title\":\"Studio\",\"slug\":\"studio\",\"postDate\":1478129954,\"expiryDate\":null,\"enabled\":1,\"parentId\":null,\"fields\":{\"48\":{\"102\":{\"type\":\"1\",\"fields\":{\"backgroundImage\":[\"97\"],\"backgroundColor\":\"#000000\",\"linkUrl\":\"\\/contact\",\"header\":\"Drop \\r\\nus \\r\\na \\r\\nline\",\"subtext\":\"Contact Us\",\"fontColor\":\"#000000\"}}},\"45\":\"<p class=\\\"large\\\">Born in 2004<\\/p>\",\"46\":\"<p class=\\\"large\\\">We are a full-service creative agency with offices in Seattle and Portland. A dedicated team of designers, strategists, developers and account specialists, we create highly-crafted brand experiences that clarify purpose, encourage action, and inspire brand loyalty. We\\u2019d love to get to know you and help tell your story.&nbsp;<\\/p>\",\"10\":{\"103\":{\"type\":\"carousel\",\"enabled\":\"1\",\"fields\":{\"images\":[\"48\",\"49\",\"50\"],\"verticalSpacingLevel\":\"vertical-spacing-2\"}},\"104\":{\"type\":\"twoColumnContent\",\"enabled\":\"1\",\"fields\":{\"backgroundColor\":\"#000000\",\"leftColumn\":\"<p class=\\\"h3 med\\\">STYLE<br>IS A<br>SIMPLE<br>WAY<br>OF<br>SAYING<br>COMPLEX<br>THINGS<br><span class=\\\"blue\\\">&mdash;JEAN<br>COCTEAU<\\/span><\\/p>\",\"rightColumn\":\"<p><img src=\\\"http:\\/\\/turnstyle.studio\\/_ui\\/img\\/work\\/t-1.svg#asset:60:url\\\"><\\/p>\",\"verticalSpacingLevel\":\"vertical-spacing-1\"}},\"105\":{\"type\":\"twoColumnContent\",\"enabled\":\"1\",\"fields\":{\"backgroundColor\":\"#ffffff\",\"leftColumn\":\"<p>Style is Not a&nbsp;<br>4-letter Word<\\/p>\",\"rightColumn\":\"<p>In our experience, the brands that are the most magnetic are those which project distinct, memorable and charismatic personalities. These brands place equal emphasis on what they say and how they say it. Some design purists might say that style is merely artificial decoration that should be avoided in favor of logic&mdash;\\u201cform follows function\\u201d and all that. Don\\u2019t get us wrong, we\\u2019re not proponents of style for its own sake, or as ornament applied after an idea has already been defined. Rather, we employ style as an integral and strategic component of our brand-development process. At its best, style can be that magical something about a company or product that pulls people in and transcends the logical. So, to us, style is not a 4-letter word. On the contrary, we embrace it, harnessing its power to cut through the clutter.&nbsp;<\\/p>\\r\\n\\r\\n<p>And besides, \\u201cstyle\\u201d has five letters.<\\/p>\",\"verticalSpacingLevel\":\"vertical-spacing-1\"}},\"106\":{\"type\":\"twoColumnContent\",\"enabled\":\"1\",\"fields\":{\"backgroundColor\":\"#ffffff\",\"leftColumn\":\"<p>We Do<\\/p>\",\"rightColumn\":\"<p class=\\\"h2 caps\\\"><a href=\\\"\\/strategy\\\" data-color=\\\"#3c00ff\\\">Strategy<\\/a><br><a href=\\\"\\/identity\\\" data-color=\\\"#3c00ff\\\">Identity<\\/a><br>Digital<br>Print<br>Packaging<br>Environment<\\/p>\",\"verticalSpacingLevel\":\"vertical-spacing-1\"}},\"107\":{\"type\":\"twoColumnContent\",\"enabled\":\"1\",\"fields\":{\"backgroundColor\":\"#ffffff\",\"leftColumn\":\"<p class=\\\"h3 caps\\\">our<br>clients<br>&<br>industries<\\/p>\\r\\n\\r\\n<p class=\\\"h3 caps\\\"><\\/p>\",\"rightColumn\":\"\",\"verticalSpacingLevel\":\"vertical-spacing-0\"}},\"108\":{\"type\":\"twoColumnContent\",\"enabled\":\"1\",\"fields\":{\"backgroundColor\":\"#ffffff\",\"leftColumn\":\"<p><span class=\\\"gray\\\">Industry<\\/span><\\/p>\\r\\n\\r\\n<p class=\\\"h3 caps\\\">teague<br>nike<br>starbucks<br>microsoft<br>amazon<br>aiga<br>nordstrom<br>teague<br>nike<\\/p>\\r\\n\\r\\n\\r\\n\\r\\n\\r\\n\\r\\n\\r\\n\\r\\n\\r\\n\\r\\n\\r\\n\\r\\n\\r\\n\\r\\n\\r\\n\\r\\n\\r\\n\\r\\n\\r\\n\\r\\n<p><span class=\\\"gray\\\">Industry<\\/span><\\/p>\\r\\n\\r\\n\\r\\n\\r\\n\\r\\n\\r\\n\\r\\n\\r\\n\\r\\n\\r\\n\\r\\n\\r\\n\\r\\n\\r\\n\\r\\n\\r\\n\\r\\n\\r\\n\\r\\n\\r\\n<p class=\\\"h3 caps\\\">starbucks<br>microsoft<br>amazon<\\/p>\\r\\n\\r\\n\\r\\n\\r\\n\\r\\n\\r\\n\\r\\n\\r\\n\\r\\n\\r\\n\\r\\n\\r\\n\\r\\n\\r\\n\\r\\n\\r\\n\\r\\n\\r\\n\\r\\n\\r\\n<p><span class=\\\"gray\\\">Industry<\\/span><\\/p>\\r\\n\\r\\n\\r\\n\\r\\n\\r\\n\\r\\n\\r\\n\\r\\n\\r\\n\\r\\n\\r\\n\\r\\n\\r\\n\\r\\n\\r\\n\\r\\n\\r\\n\\r\\n\\r\\n\\r\\n<p class=\\\"h3 caps\\\">starbucks<br>microsoft<\\/p>\",\"rightColumn\":\"<p>Industry<br><\\/p>\\r\\n\\r\\n<p class=\\\"h3 caps\\\">starbucks<br>microsoft<br>amazon<\\/p>\\r\\n\\r\\n\\r\\n\\r\\n\\r\\n\\r\\n\\r\\n\\r\\n\\r\\n\\r\\n\\r\\n\\r\\n\\r\\n\\r\\n\\r\\n\\r\\n\\r\\n\\r\\n\\r\\n\\r\\n<p><span class=\\\"gray\\\">Industry<\\/span><\\/p>\\r\\n\\r\\n\\r\\n\\r\\n\\r\\n\\r\\n\\r\\n\\r\\n\\r\\n\\r\\n\\r\\n\\r\\n\\r\\n\\r\\n\\r\\n\\r\\n\\r\\n\\r\\n\\r\\n\\r\\n<p class=\\\"h3 caps\\\">teague<br>nike<br>starbucks<br>microsoft<br>amazon<br>aiga<br>nordstrom<br>teague<br>nike<\\/p>\\r\\n\\r\\n\\r\\n\\r\\n\\r\\n\\r\\n\\r\\n\\r\\n\\r\\n\\r\\n\\r\\n\\r\\n\\r\\n\\r\\n\\r\\n\\r\\n\\r\\n\\r\\n\\r\\n\\r\\n<p><span class=\\\"gray\\\"><br><\\/span><\\/p>\\r\\n\\r\\n\\r\\n\\r\\n\\r\\n\\r\\n\\r\\n\\r\\n\\r\\n\\r\\n\\r\\n\\r\\n\\r\\n\\r\\n\\r\\n\\r\\n\\r\\n\\r\\n<p><span class=\\\"gray\\\">Industry<\\/span><\\/p>\\r\\n\\r\\n\\r\\n\\r\\n\\r\\n\\r\\n\\r\\n\\r\\n\\r\\n\\r\\n\\r\\n\\r\\n\\r\\n\\r\\n\\r\\n\\r\\n\\r\\n\\r\\n\\r\\n\\r\\n<p class=\\\"h3 caps\\\">starbucks<br>microsoft<\\/p>\",\"verticalSpacingLevel\":\"vertical-spacing-0\"}}},\"47\":\"<p>08\\/2016 &mdash; IdN Magazine v23n2<\\/p>\\r\\n\\r\\n<p>06\\/2016 &mdash; Communication Arts Design Annual 2016<\\/p>\\r\\n\\r\\n\\r\\n\\r\\n\\r\\n\\r\\n\\r\\n\\r\\n\\r\\n\\r\\n\\r\\n\\r\\n\\r\\n\\r\\n<p>05\\/2016 &mdash; PRINT Magazine Regional Design Annual 2016<\\/p>\\r\\n\\r\\n\\r\\n\\r\\n\\r\\n\\r\\n\\r\\n\\r\\n\\r\\n\\r\\n\\r\\n\\r\\n\\r\\n\\r\\n<p>03\\/2016 &mdash; Communication Arts Design Annual 2015<\\/p>\\r\\n\\r\\n\\r\\n\\r\\n\\r\\n\\r\\n\\r\\n\\r\\n\\r\\n\\r\\n\\r\\n\\r\\n\\r\\n\\r\\n<p>02\\/2016 &mdash; IdN Magazine v23n2<\\/p>\\r\\n\\r\\n\\r\\n\\r\\n\\r\\n\\r\\n\\r\\n\\r\\n\\r\\n\\r\\n\\r\\n\\r\\n\\r\\n\\r\\n<p>12\\/2015 &mdash; Communication Arts Design Annual 2016<\\/p>\\r\\n\\r\\n\\r\\n\\r\\n\\r\\n\\r\\n\\r\\n\\r\\n\\r\\n\\r\\n\\r\\n\\r\\n\\r\\n\\r\\n<p>10\\/2015 &mdash; PRINT Magazine Regional Design Annual 2016<\\/p>\\r\\n\\r\\n\\r\\n\\r\\n\\r\\n\\r\\n\\r\\n\\r\\n\\r\\n\\r\\n\\r\\n\\r\\n\\r\\n\\r\\n<p>10\\/2015 &mdash; Communication Arts Design Annual 2015<\\/p>\\r\\n\\r\\n\\r\\n\\r\\n\\r\\n\\r\\n\\r\\n\\r\\n\\r\\n\\r\\n\\r\\n\\r\\n\\r\\n\\r\\n<p>06\\/2015 &mdash; PRINT Magazine Regional Design Annual 2016<\\/p>\\r\\n\\r\\n\\r\\n\\r\\n\\r\\n\\r\\n\\r\\n\\r\\n\\r\\n\\r\\n\\r\\n\\r\\n\\r\\n\\r\\n<p>02\\/2015 &mdash; Communication Arts Design Annual 2015<\\/p>\",\"44\":\"MEET\\r\\nOUR\\r\\nTALENTED\\r\\nTEAM\"}}', '2016-11-15 19:01:50', '2016-11-15 19:01:50', '4ff66bc1-f047-4ca5-b0b7-a7de4e09956f'),
 ('210', '101', '10', '1', 'en_us', '12', '', '{\"typeId\":\"11\",\"authorId\":null,\"title\":\"Studio\",\"slug\":\"studio\",\"postDate\":1478129954,\"expiryDate\":null,\"enabled\":1,\"parentId\":null,\"fields\":{\"48\":{\"102\":{\"type\":\"1\",\"fields\":{\"backgroundImage\":[\"97\"],\"backgroundColor\":\"#000000\",\"linkUrl\":\"\\/contact\",\"header\":\"Drop \\r\\nus \\r\\na \\r\\nline\",\"subtext\":\"Contact Us\",\"fontColor\":\"#000000\"}}},\"45\":\"<p class=\\\"large\\\">Born in 2004<\\/p>\",\"46\":\"<p class=\\\"large\\\">We are a full-service creative agency with offices in Seattle and Portland. A dedicated team of designers, strategists, developers and account specialists, we create highly-crafted brand experiences that clarify purpose, encourage action, and inspire brand loyalty. We\\u2019d love to get to know you and help tell your story.&nbsp;<\\/p>\",\"10\":{\"103\":{\"type\":\"carousel\",\"enabled\":\"1\",\"fields\":{\"images\":[\"48\",\"49\",\"50\"],\"verticalSpacingLevel\":\"vertical-spacing-2\"}},\"104\":{\"type\":\"twoColumnContent\",\"enabled\":\"1\",\"fields\":{\"backgroundColor\":\"#ffffff\",\"leftColumn\":\"<p class=\\\"h3 med\\\">STYLE<br>IS A<br>SIMPLE<br>WAY<br>OF<br>SAYING<br>COMPLEX<br>THINGS<br><span class=\\\"blue\\\">&mdash;JEAN<br>COCTEAU<\\/span><\\/p>\",\"rightColumn\":\"<p><img src=\\\"http:\\/\\/turnstyle.studio\\/_ui\\/img\\/work\\/t-1.svg#asset:60:url\\\"><\\/p>\",\"verticalSpacingLevel\":\"vertical-spacing-1\"}},\"105\":{\"type\":\"twoColumnContent\",\"enabled\":\"1\",\"fields\":{\"backgroundColor\":\"#ffffff\",\"leftColumn\":\"<p>Style is Not a&nbsp;<br>4-letter Word<\\/p>\",\"rightColumn\":\"<p>In our experience, the brands that are the most magnetic are those which project distinct, memorable and charismatic personalities. These brands place equal emphasis on what they say and how they say it. Some design purists might say that style is merely artificial decoration that should be avoided in favor of logic&mdash;\\u201cform follows function\\u201d and all that. Don\\u2019t get us wrong, we\\u2019re not proponents of style for its own sake, or as ornament applied after an idea has already been defined. Rather, we employ style as an integral and strategic component of our brand-development process. At its best, style can be that magical something about a company or product that pulls people in and transcends the logical. So, to us, style is not a 4-letter word. On the contrary, we embrace it, harnessing its power to cut through the clutter.&nbsp;<\\/p>\\r\\n\\r\\n<p>And besides, \\u201cstyle\\u201d has five letters.<\\/p>\",\"verticalSpacingLevel\":\"vertical-spacing-1\"}},\"106\":{\"type\":\"twoColumnContent\",\"enabled\":\"1\",\"fields\":{\"backgroundColor\":\"#ffffff\",\"leftColumn\":\"<p>We Do<\\/p>\",\"rightColumn\":\"<p class=\\\"h2 caps\\\"><a href=\\\"\\/strategy\\\" data-color=\\\"#3c00ff\\\">Strategy<\\/a><br><a href=\\\"\\/identity\\\" data-color=\\\"#3c00ff\\\">Identity<\\/a><br>Digital<br>Print<br>Packaging<br>Environment<\\/p>\",\"verticalSpacingLevel\":\"vertical-spacing-1\"}},\"107\":{\"type\":\"twoColumnContent\",\"enabled\":\"1\",\"fields\":{\"backgroundColor\":\"#ffffff\",\"leftColumn\":\"<p class=\\\"h3 caps\\\">our<br>clients<br>&<br>industries<\\/p>\\r\\n\\r\\n<p class=\\\"h3 caps\\\"><\\/p>\",\"rightColumn\":\"\",\"verticalSpacingLevel\":\"vertical-spacing-0\"}},\"108\":{\"type\":\"twoColumnContent\",\"enabled\":\"1\",\"fields\":{\"backgroundColor\":\"#ffffff\",\"leftColumn\":\"<p><span class=\\\"gray\\\">Industry<\\/span><\\/p>\\r\\n\\r\\n<p class=\\\"h3 caps\\\">teague<br>nike<br>starbucks<br>microsoft<br>amazon<br>aiga<br>nordstrom<br>teague<br>nike<\\/p>\\r\\n\\r\\n\\r\\n\\r\\n\\r\\n\\r\\n\\r\\n\\r\\n\\r\\n\\r\\n\\r\\n\\r\\n\\r\\n\\r\\n\\r\\n\\r\\n\\r\\n\\r\\n\\r\\n\\r\\n\\r\\n\\r\\n<p><span class=\\\"gray\\\">Industry<\\/span><\\/p>\\r\\n\\r\\n\\r\\n\\r\\n\\r\\n\\r\\n\\r\\n\\r\\n\\r\\n\\r\\n\\r\\n\\r\\n\\r\\n\\r\\n\\r\\n\\r\\n\\r\\n\\r\\n\\r\\n\\r\\n\\r\\n\\r\\n<p class=\\\"h3 caps\\\">starbucks<br>microsoft<br>amazon<\\/p>\\r\\n\\r\\n\\r\\n\\r\\n\\r\\n\\r\\n\\r\\n\\r\\n\\r\\n\\r\\n\\r\\n\\r\\n\\r\\n\\r\\n\\r\\n\\r\\n\\r\\n\\r\\n\\r\\n\\r\\n\\r\\n\\r\\n<p><span class=\\\"gray\\\">Industry<\\/span><\\/p>\\r\\n\\r\\n\\r\\n\\r\\n\\r\\n\\r\\n\\r\\n\\r\\n\\r\\n\\r\\n\\r\\n\\r\\n\\r\\n\\r\\n\\r\\n\\r\\n\\r\\n\\r\\n\\r\\n\\r\\n\\r\\n\\r\\n<p class=\\\"h3 caps\\\">starbucks<br>microsoft<\\/p>\",\"rightColumn\":\"<p>Industry<br><\\/p>\\r\\n\\r\\n<p class=\\\"h3 caps\\\">starbucks<br>microsoft<br>amazon<\\/p>\\r\\n\\r\\n\\r\\n\\r\\n\\r\\n\\r\\n\\r\\n\\r\\n\\r\\n\\r\\n\\r\\n\\r\\n\\r\\n\\r\\n\\r\\n\\r\\n\\r\\n\\r\\n\\r\\n\\r\\n\\r\\n\\r\\n<p><span class=\\\"gray\\\">Industry<\\/span><\\/p>\\r\\n\\r\\n\\r\\n\\r\\n\\r\\n\\r\\n\\r\\n\\r\\n\\r\\n\\r\\n\\r\\n\\r\\n\\r\\n\\r\\n\\r\\n\\r\\n\\r\\n\\r\\n\\r\\n\\r\\n\\r\\n\\r\\n<p class=\\\"h3 caps\\\">teague<br>nike<br>starbucks<br>microsoft<br>amazon<br>aiga<br>nordstrom<br>teague<br>nike<\\/p>\\r\\n\\r\\n\\r\\n\\r\\n\\r\\n\\r\\n\\r\\n\\r\\n\\r\\n\\r\\n\\r\\n\\r\\n\\r\\n\\r\\n\\r\\n\\r\\n\\r\\n\\r\\n\\r\\n\\r\\n\\r\\n\\r\\n<p><span class=\\\"gray\\\"><br><\\/span><\\/p>\\r\\n\\r\\n\\r\\n\\r\\n\\r\\n\\r\\n\\r\\n\\r\\n\\r\\n\\r\\n\\r\\n\\r\\n\\r\\n\\r\\n\\r\\n\\r\\n\\r\\n\\r\\n\\r\\n\\r\\n<p><span class=\\\"gray\\\">Industry<\\/span><\\/p>\\r\\n\\r\\n\\r\\n\\r\\n\\r\\n\\r\\n\\r\\n\\r\\n\\r\\n\\r\\n\\r\\n\\r\\n\\r\\n\\r\\n\\r\\n\\r\\n\\r\\n\\r\\n\\r\\n\\r\\n\\r\\n\\r\\n<p class=\\\"h3 caps\\\">starbucks<br>microsoft<\\/p>\",\"verticalSpacingLevel\":\"vertical-spacing-0\"}}},\"47\":\"<p>08\\/2016 &mdash; IdN Magazine v23n2<\\/p>\\r\\n\\r\\n<p>06\\/2016 &mdash; Communication Arts Design Annual 2016<\\/p>\\r\\n\\r\\n\\r\\n\\r\\n\\r\\n\\r\\n\\r\\n\\r\\n\\r\\n\\r\\n\\r\\n\\r\\n\\r\\n\\r\\n\\r\\n\\r\\n<p>05\\/2016 &mdash; PRINT Magazine Regional Design Annual 2016<\\/p>\\r\\n\\r\\n\\r\\n\\r\\n\\r\\n\\r\\n\\r\\n\\r\\n\\r\\n\\r\\n\\r\\n\\r\\n\\r\\n\\r\\n\\r\\n\\r\\n<p>03\\/2016 &mdash; Communication Arts Design Annual 2015<\\/p>\\r\\n\\r\\n\\r\\n\\r\\n\\r\\n\\r\\n\\r\\n\\r\\n\\r\\n\\r\\n\\r\\n\\r\\n\\r\\n\\r\\n\\r\\n\\r\\n<p>02\\/2016 &mdash; IdN Magazine v23n2<\\/p>\\r\\n\\r\\n\\r\\n\\r\\n\\r\\n\\r\\n\\r\\n\\r\\n\\r\\n\\r\\n\\r\\n\\r\\n\\r\\n\\r\\n\\r\\n\\r\\n<p>12\\/2015 &mdash; Communication Arts Design Annual 2016<\\/p>\\r\\n\\r\\n\\r\\n\\r\\n\\r\\n\\r\\n\\r\\n\\r\\n\\r\\n\\r\\n\\r\\n\\r\\n\\r\\n\\r\\n\\r\\n\\r\\n<p>10\\/2015 &mdash; PRINT Magazine Regional Design Annual 2016<\\/p>\\r\\n\\r\\n\\r\\n\\r\\n\\r\\n\\r\\n\\r\\n\\r\\n\\r\\n\\r\\n\\r\\n\\r\\n\\r\\n\\r\\n\\r\\n\\r\\n<p>10\\/2015 &mdash; Communication Arts Design Annual 2015<\\/p>\\r\\n\\r\\n\\r\\n\\r\\n\\r\\n\\r\\n\\r\\n\\r\\n\\r\\n\\r\\n\\r\\n\\r\\n\\r\\n\\r\\n\\r\\n\\r\\n<p>06\\/2015 &mdash; PRINT Magazine Regional Design Annual 2016<\\/p>\\r\\n\\r\\n\\r\\n\\r\\n\\r\\n\\r\\n\\r\\n\\r\\n\\r\\n\\r\\n\\r\\n\\r\\n\\r\\n\\r\\n\\r\\n\\r\\n<p>02\\/2015 &mdash; Communication Arts Design Annual 2015<\\/p>\",\"44\":\"MEET\\r\\nOUR\\r\\nTALENTED\\r\\nTEAM\"}}', '2016-11-15 19:10:06', '2016-11-15 19:10:06', '89a181ac-143a-4b0a-81dd-1f9343be9503'),
 ('211', '15', '3', '46', 'en_us', '74', '', '{\"typeId\":\"3\",\"authorId\":\"1\",\"title\":\"Justin Golmer\",\"slug\":\"justin-golmer-promo\",\"postDate\":1476391140,\"expiryDate\":null,\"enabled\":1,\"parentId\":null,\"fields\":{\"14\":[{\"col1\":\"Recogonition\",\"col2\":\"Print Regional Design Annual 2015\"}],\"3\":[\"12\"],\"29\":\"#efefef\",\"9\":\"Wake up\\r\\nStyle\\r\\nshoot\\r\\ndo it all\\r\\nagain\",\"7\":[\"26\"],\"4\":\"#ffae96\",\"8\":\"<p class=\\\"large\\\">Justin Gollmer, one of our go-to photography partners, asked us design a ten-year retrospective promotional brochure. Wake, Style, Shoot, Do It All Again is a collection of images highlighting his work behind, beside, and around the camera. The brochure is divided into four sections that blur the lines between Gollmer\\u2019s personal and commercial work: people, action, travel, and product. Short sheets bound to the exterior provide thumbnail image guides to each section with captions for each image.<\\/p>\",\"10\":{\"28\":{\"type\":\"largeImage\",\"enabled\":\"1\",\"fields\":{\"image\":[\"138\"],\"layoutOptions\":\"full-width\",\"verticalSpacingLevel\":\"vertical-spacing-0\"}},\"41\":{\"type\":\"video\",\"enabled\":\"1\",\"fields\":{\"vimeoVideoId\":\"172827555\",\"autoplay\":\"1\",\"framed\":\"1\"}},\"31\":{\"type\":\"insetImage\",\"enabled\":\"1\",\"fields\":{\"image\":[\"30\"],\"imageWidth\":\"50\",\"verticalSpacingLevel\":\"vertical-spacing-2\",\"backgroundColor\":\"#d6ff2e\"}},\"53\":{\"type\":\"video\",\"enabled\":\"1\",\"fields\":{\"vimeoVideoId\":\"172827555\",\"autoplay\":\"1\",\"framed\":\"\"}},\"134\":{\"type\":\"imageWithDescription\",\"enabled\":\"1\",\"fields\":{\"position\":\"left\",\"image\":[\"30\"],\"imageWidth\":\"50\",\"description\":\"<p>Subtitle<\\/p>\\r\\n\\r\\n<p>Donec id elit non mi porta gravida at eget metus. Fusce dapibus, tellus ac cursus commodo, tortor mauris condimentum nibh, ut fermentum massa justo sit amet risus. Etiam porta sem malesuada magna mollis euismod. Lorem ipsum dolor sit.<\\/p>\",\"verticalSpacingLevel\":\"vertical-spacing-1\",\"backgroundColor\":\"#ffffff\"}},\"32\":{\"type\":\"imageWithDescription\",\"enabled\":\"1\",\"fields\":{\"position\":\"right\",\"image\":[\"30\"],\"imageWidth\":\"50\",\"description\":\"<p class=\\\"large\\\">Subtitle<\\/p>\\r\\n\\r\\n<p class=\\\"large\\\">Donec id elit non mi porta gravida at eget metus. Fusce dapibus, tellus ac cursus commodo, tortor mauris condimentum nibh, ut fermentum massa justo sit amet risus. Etiam porta sem malesuada magna mollis euismod. Lorem ipsum dolor sit.<\\/p>\",\"verticalSpacingLevel\":\"vertical-spacing-2\",\"backgroundColor\":\"#f5f5f5\"}},\"37\":{\"type\":\"twoUpImages\",\"enabled\":\"1\",\"fields\":{\"leftImage\":[\"35\"],\"rightImage\":[\"36\"],\"verticalSpacingLevel\":\"vertical-spacing-2\"}},\"38\":{\"type\":\"centeredText\",\"enabled\":\"1\",\"fields\":{\"text\":\"<p class=\\\"large\\\"><span class=\\\"white\\\">Donec sed odio dui. Nullam quis risus eget urna mollis ornare vel eu leo. Praesent commodo cursus magna, vel scelerisque nisl consectetur et. Cras mattis consectetur purus sit amet fermentum. Maecenas sed diam eget risus varius blandit sit amet non magna. Praesent commodo cursus magna, vel scelerisque nisl consectetur et.<\\/span><\\/p>\",\"verticalSpacingLevel\":\"vertical-spacing-4\",\"backgroundColor\":\"#0000ff\"}},\"42\":{\"type\":\"video\",\"enabled\":\"1\",\"fields\":{\"vimeoVideoId\":\"172827555\",\"autoplay\":\"\",\"framed\":\"1\"}},\"52\":{\"type\":\"carousel\",\"enabled\":\"1\",\"fields\":{\"images\":[\"48\",\"30\",\"50\",\"35\"],\"verticalSpacingLevel\":\"vertical-spacing-2\"}}},\"6\":\"Photography Promo\",\"5\":[\"21\"]}}', '2016-11-15 19:40:33', '2016-11-15 19:40:33', '890e4823-7947-4674-bcfc-e3b5a22526d3'),
 ('212', '101', '10', '46', 'en_us', '13', '', '{\"typeId\":\"11\",\"authorId\":null,\"title\":\"Studio\",\"slug\":\"studio\",\"postDate\":1478129954,\"expiryDate\":null,\"enabled\":1,\"parentId\":null,\"fields\":{\"48\":{\"102\":{\"type\":\"1\",\"fields\":{\"backgroundImage\":[\"97\"],\"backgroundColor\":\"#000000\",\"linkUrl\":\"\\/contact\",\"header\":\"Drop \\r\\nus \\r\\na \\r\\nline\",\"subtext\":\"Contact Us\",\"fontColor\":\"#efefef\"}}},\"45\":\"<p class=\\\"large\\\">Born in 2004<\\/p>\",\"46\":\"<p class=\\\"large\\\">We are a full-service creative agency with offices in Seattle and Portland. A dedicated team of designers, strategists, developers and account specialists, we create highly-crafted brand experiences that clarify purpose, encourage action, and inspire brand loyalty. We\\u2019d love to get to know you and help tell your story.&nbsp;<\\/p>\",\"10\":{\"103\":{\"type\":\"carousel\",\"enabled\":\"1\",\"fields\":{\"images\":[\"48\",\"49\",\"50\"],\"verticalSpacingLevel\":\"vertical-spacing-2\"}},\"104\":{\"type\":\"twoColumnContent\",\"enabled\":\"1\",\"fields\":{\"backgroundColor\":\"#000000\",\"leftColumn\":\"<p class=\\\"h3 med\\\"><span class=\\\"white\\\">STYLE<br>IS A<br>SIMPLE<br>WAY<br>OF<br>SAYING<br>COMPLEX<br>THINGS<br><\\/span><span class=\\\"blue white\\\">&mdash;JEAN<br>COCTEAU<\\/span><\\/p>\",\"rightColumn\":\"<p><img src=\\\"http:\\/\\/turnstyle.studio\\/_ui\\/img\\/work\\/t-1.svg#asset:60:url\\\"><\\/p>\",\"verticalSpacingLevel\":\"vertical-spacing-1\"}},\"105\":{\"type\":\"twoColumnContent\",\"enabled\":\"1\",\"fields\":{\"backgroundColor\":\"#000000\",\"leftColumn\":\"<p class=\\\"large\\\"><span class=\\\"white\\\">Style is Not a&nbsp;<br>4-letter Word<\\/span><\\/p>\",\"rightColumn\":\"<p class=\\\"large\\\"><span class=\\\"white\\\">In our experience, the brands that are the most magnetic are those which project distinct, memorable and charismatic personalities. These brands place equal emphasis on what they say and how they say it. Some design purists might say that style is merely artificial decoration that should be avoided in favor of logic&mdash;\\u201cform follows function\\u201d and all that. Don\\u2019t get us wrong, we\\u2019re not proponents of style for its own sake, or as ornament applied after an idea has already been defined. Rather, we employ style as an integral and strategic component of our brand-development process. At its best, style can be that magical something about a company or product that pulls people in and transcends the logical. So, to us, style is not a 4-letter word. On the contrary, we embrace it, harnessing its power to cut through the clutter.&nbsp;<\\/span><\\/p>\\r\\n\\r\\n<p class=\\\"large\\\"><span class=\\\"white\\\">And besides, \\u201cstyle\\u201d has five letters.<\\/span><\\/p>\",\"verticalSpacingLevel\":\"vertical-spacing-1\"}},\"106\":{\"type\":\"twoColumnContent\",\"enabled\":\"1\",\"fields\":{\"backgroundColor\":\"#000000\",\"leftColumn\":\"<p class=\\\"large\\\"><span class=\\\"white\\\">We Do<\\/span><\\/p>\",\"rightColumn\":\"<p class=\\\"h2 caps\\\"><a href=\\\"\\/strategy\\\" data-color=\\\"#3c00ff\\\">Strategy<\\/a><br><a href=\\\"\\/identity\\\" data-color=\\\"#3c00ff\\\">Identity<\\/a><br>Digital<br>Print<br>Packaging<br>Environment<\\/p>\",\"verticalSpacingLevel\":\"vertical-spacing-1\"}},\"107\":{\"type\":\"twoColumnContent\",\"enabled\":\"1\",\"fields\":{\"backgroundColor\":\"#ffffff\",\"leftColumn\":\"<p class=\\\"h3 caps\\\">our<br>clients<br>&<br>industries<\\/p>\\r\\n\\r\\n<p class=\\\"h3 caps\\\"><\\/p>\",\"rightColumn\":\"\",\"verticalSpacingLevel\":\"vertical-spacing-0\"}},\"108\":{\"type\":\"twoColumnContent\",\"enabled\":\"1\",\"fields\":{\"backgroundColor\":\"#ffffff\",\"leftColumn\":\"<p><span class=\\\"gray\\\">Industry<\\/span><\\/p>\\r\\n\\r\\n<p class=\\\"h3 caps\\\">teague<br>nike<br>starbucks<br>microsoft<br>amazon<br>aiga<br>nordstrom<br>teague<br>nike<\\/p>\\r\\n\\r\\n\\r\\n\\r\\n\\r\\n\\r\\n\\r\\n\\r\\n\\r\\n\\r\\n\\r\\n\\r\\n\\r\\n\\r\\n\\r\\n\\r\\n\\r\\n\\r\\n\\r\\n\\r\\n\\r\\n\\r\\n\\r\\n\\r\\n<p><span class=\\\"gray\\\">Industry<\\/span><\\/p>\\r\\n\\r\\n\\r\\n\\r\\n\\r\\n\\r\\n\\r\\n\\r\\n\\r\\n\\r\\n\\r\\n\\r\\n\\r\\n\\r\\n\\r\\n\\r\\n\\r\\n\\r\\n\\r\\n\\r\\n\\r\\n\\r\\n\\r\\n\\r\\n<p class=\\\"h3 caps\\\">starbucks<br>microsoft<br>amazon<\\/p>\\r\\n\\r\\n\\r\\n\\r\\n\\r\\n\\r\\n\\r\\n\\r\\n\\r\\n\\r\\n\\r\\n\\r\\n\\r\\n\\r\\n\\r\\n\\r\\n\\r\\n\\r\\n\\r\\n\\r\\n\\r\\n\\r\\n\\r\\n\\r\\n<p><span class=\\\"gray\\\">Industry<\\/span><\\/p>\\r\\n\\r\\n\\r\\n\\r\\n\\r\\n\\r\\n\\r\\n\\r\\n\\r\\n\\r\\n\\r\\n\\r\\n\\r\\n\\r\\n\\r\\n\\r\\n\\r\\n\\r\\n\\r\\n\\r\\n\\r\\n\\r\\n\\r\\n\\r\\n<p class=\\\"h3 caps\\\">starbucks<br>microsoft<\\/p>\",\"rightColumn\":\"<p>Industry<br><\\/p>\\r\\n\\r\\n<p class=\\\"h3 caps\\\">starbucks<br>microsoft<br>amazon<\\/p>\\r\\n\\r\\n\\r\\n\\r\\n\\r\\n\\r\\n\\r\\n\\r\\n\\r\\n\\r\\n\\r\\n\\r\\n\\r\\n\\r\\n\\r\\n\\r\\n\\r\\n\\r\\n\\r\\n\\r\\n\\r\\n\\r\\n\\r\\n\\r\\n<p><span class=\\\"gray\\\">Industry<\\/span><\\/p>\\r\\n\\r\\n\\r\\n\\r\\n\\r\\n\\r\\n\\r\\n\\r\\n\\r\\n\\r\\n\\r\\n\\r\\n\\r\\n\\r\\n\\r\\n\\r\\n\\r\\n\\r\\n\\r\\n\\r\\n\\r\\n\\r\\n\\r\\n\\r\\n<p class=\\\"h3 caps\\\">teague<br>nike<br>starbucks<br>microsoft<br>amazon<br>aiga<br>nordstrom<br>teague<br>nike<\\/p>\\r\\n\\r\\n\\r\\n\\r\\n\\r\\n\\r\\n\\r\\n\\r\\n\\r\\n\\r\\n\\r\\n\\r\\n\\r\\n\\r\\n\\r\\n\\r\\n\\r\\n\\r\\n\\r\\n\\r\\n\\r\\n\\r\\n\\r\\n\\r\\n<p><span class=\\\"gray\\\"><br><\\/span><\\/p>\\r\\n\\r\\n\\r\\n\\r\\n\\r\\n\\r\\n\\r\\n\\r\\n\\r\\n\\r\\n\\r\\n\\r\\n\\r\\n\\r\\n\\r\\n\\r\\n\\r\\n\\r\\n\\r\\n\\r\\n\\r\\n\\r\\n<p><span class=\\\"gray\\\">Industry<\\/span><\\/p>\\r\\n\\r\\n\\r\\n\\r\\n\\r\\n\\r\\n\\r\\n\\r\\n\\r\\n\\r\\n\\r\\n\\r\\n\\r\\n\\r\\n\\r\\n\\r\\n\\r\\n\\r\\n\\r\\n\\r\\n\\r\\n\\r\\n\\r\\n\\r\\n<p class=\\\"h3 caps\\\">starbucks<br>microsoft<\\/p>\",\"verticalSpacingLevel\":\"vertical-spacing-0\"}}},\"47\":\"<p>08\\/2016 &mdash; IdN Magazine v23n2<\\/p>\\r\\n\\r\\n<p>06\\/2016 &mdash; Communication Arts Design Annual 2016<\\/p>\\r\\n\\r\\n\\r\\n\\r\\n\\r\\n\\r\\n\\r\\n\\r\\n\\r\\n\\r\\n\\r\\n\\r\\n\\r\\n\\r\\n\\r\\n\\r\\n\\r\\n\\r\\n<p>05\\/2016 &mdash; PRINT Magazine Regional Design Annual 2016<\\/p>\\r\\n\\r\\n\\r\\n\\r\\n\\r\\n\\r\\n\\r\\n\\r\\n\\r\\n\\r\\n\\r\\n\\r\\n\\r\\n\\r\\n\\r\\n\\r\\n\\r\\n\\r\\n<p>03\\/2016 &mdash; Communication Arts Design Annual 2015<\\/p>\\r\\n\\r\\n\\r\\n\\r\\n\\r\\n\\r\\n\\r\\n\\r\\n\\r\\n\\r\\n\\r\\n\\r\\n\\r\\n\\r\\n\\r\\n\\r\\n\\r\\n\\r\\n<p>02\\/2016 &mdash; IdN Magazine v23n2<\\/p>\\r\\n\\r\\n\\r\\n\\r\\n\\r\\n\\r\\n\\r\\n\\r\\n\\r\\n\\r\\n\\r\\n\\r\\n\\r\\n\\r\\n\\r\\n\\r\\n\\r\\n\\r\\n<p>12\\/2015 &mdash; Communication Arts Design Annual 2016<\\/p>\\r\\n\\r\\n\\r\\n\\r\\n\\r\\n\\r\\n\\r\\n\\r\\n\\r\\n\\r\\n\\r\\n\\r\\n\\r\\n\\r\\n\\r\\n\\r\\n\\r\\n\\r\\n<p>10\\/2015 &mdash; PRINT Magazine Regional Design Annual 2016<\\/p>\\r\\n\\r\\n\\r\\n\\r\\n\\r\\n\\r\\n\\r\\n\\r\\n\\r\\n\\r\\n\\r\\n\\r\\n\\r\\n\\r\\n\\r\\n\\r\\n\\r\\n\\r\\n<p>10\\/2015 &mdash; Communication Arts Design Annual 2015<\\/p>\\r\\n\\r\\n\\r\\n\\r\\n\\r\\n\\r\\n\\r\\n\\r\\n\\r\\n\\r\\n\\r\\n\\r\\n\\r\\n\\r\\n\\r\\n\\r\\n\\r\\n\\r\\n<p>06\\/2015 &mdash; PRINT Magazine Regional Design Annual 2016<\\/p>\\r\\n\\r\\n\\r\\n\\r\\n\\r\\n\\r\\n\\r\\n\\r\\n\\r\\n\\r\\n\\r\\n\\r\\n\\r\\n\\r\\n\\r\\n\\r\\n\\r\\n\\r\\n<p>02\\/2015 &mdash; Communication Arts Design Annual 2015<\\/p>\",\"44\":\"MEET\\r\\nOUR\\r\\nTALENTED\\r\\nTEAM\"}}', '2016-11-15 20:13:30', '2016-11-15 20:13:30', 'ed59d1de-2055-47ad-87db-bcf07831791d'),
 ('213', '101', '10', '46', 'en_us', '14', '', '{\"typeId\":\"11\",\"authorId\":null,\"title\":\"Studio\",\"slug\":\"studio\",\"postDate\":1478129954,\"expiryDate\":null,\"enabled\":1,\"parentId\":null,\"fields\":{\"48\":{\"102\":{\"type\":\"1\",\"fields\":{\"backgroundImage\":[\"97\"],\"backgroundColor\":\"#000000\",\"linkUrl\":\"\\/contact\",\"header\":\"Drop \\r\\nus \\r\\na \\r\\nline\",\"subtext\":\"Contact Us\",\"fontColor\":\"#efefef\"}}},\"45\":\"<p class=\\\"large\\\">Born in 2004<\\/p>\",\"46\":\"<p class=\\\"large\\\">We are a full-service creative agency with offices in Seattle and Portland. A dedicated team of designers, strategists, developers and account specialists, we create highly-crafted brand experiences that clarify purpose, encourage action, and inspire brand loyalty. We\\u2019d love to get to know you and help tell your story.&nbsp;<\\/p>\",\"10\":{\"103\":{\"type\":\"carousel\",\"enabled\":\"1\",\"fields\":{\"images\":[\"48\",\"49\",\"50\"],\"verticalSpacingLevel\":\"vertical-spacing-2\"}},\"104\":{\"type\":\"twoColumnContent\",\"enabled\":\"1\",\"fields\":{\"backgroundColor\":\"#000000\",\"leftColumn\":\"<p class=\\\"h3 med\\\"><span class=\\\"white\\\">STYLE<br>IS A<br>SIMPLE<br>WAY<br>OF<br>SAYING<br>COMPLEX<br>THINGS<br><\\/span><span class=\\\"blue white\\\">&mdash;JEAN<br>COCTEAU<\\/span><\\/p>\",\"rightColumn\":\"<p><img src=\\\"http:\\/\\/turnstyle.studio\\/_ui\\/img\\/work\\/t-1.svg#asset:60:url\\\"><\\/p>\",\"verticalSpacingLevel\":\"vertical-spacing-1\"}},\"105\":{\"type\":\"twoColumnContent\",\"enabled\":\"1\",\"fields\":{\"backgroundColor\":\"#000000\",\"leftColumn\":\"<p class=\\\"large\\\"><span class=\\\"white\\\">Style is Not a&nbsp;<br>4-letter Word<\\/span><\\/p>\",\"rightColumn\":\"<p class=\\\"large\\\"><span class=\\\"white\\\">In our experience, the brands that are the most magnetic are those which project distinct, memorable and charismatic personalities. These brands place equal emphasis on what they say and how they say it. Some design purists might say that style is merely artificial decoration that should be avoided in favor of logic&mdash;\\u201cform follows function\\u201d and all that. Don\\u2019t get us wrong, we\\u2019re not proponents of style for its own sake, or as ornament applied after an idea has already been defined. Rather, we employ style as an integral and strategic component of our brand-development process. At its best, style can be that magical something about a company or product that pulls people in and transcends the logical. So, to us, style is not a 4-letter word. On the contrary, we embrace it, harnessing its power to cut through the clutter.&nbsp;<\\/span><\\/p>\\r\\n\\r\\n<p class=\\\"large\\\"><span class=\\\"white\\\">And besides, \\u201cstyle\\u201d has five letters.<\\/span><\\/p>\",\"verticalSpacingLevel\":\"vertical-spacing-1\"}},\"106\":{\"type\":\"twoColumnContent\",\"enabled\":\"1\",\"fields\":{\"backgroundColor\":\"#000000\",\"leftColumn\":\"<p class=\\\"large\\\"><span class=\\\"white\\\">We Do<\\/span><\\/p>\",\"rightColumn\":\"<p class=\\\"h2 caps\\\"><a href=\\\"\\/strategy\\\" data-color=\\\"#3c00ff\\\">Strategy<\\/a><br><a href=\\\"\\/identity\\\" data-color=\\\"#3c00ff\\\">Identity<\\/a><br>Digital<br>Print<br>Packaging<br>Environment<\\/p>\",\"verticalSpacingLevel\":\"vertical-spacing-1\"}},\"107\":{\"type\":\"twoColumnContent\",\"enabled\":\"1\",\"fields\":{\"backgroundColor\":\"#ffffff\",\"leftColumn\":\"<p class=\\\"h3 caps\\\">our<br>clients<br>&<br>industries<\\/p>\\r\\n\\r\\n<p class=\\\"h3 caps\\\"><\\/p>\",\"rightColumn\":\"\",\"verticalSpacingLevel\":\"vertical-spacing-1\"}},\"108\":{\"type\":\"twoColumnContent\",\"enabled\":\"1\",\"fields\":{\"backgroundColor\":\"#ffffff\",\"leftColumn\":\"<p><span class=\\\"gray\\\">Industry<\\/span><\\/p>\\r\\n\\r\\n<p class=\\\"h3 caps\\\">teague<br>nike<br>starbucks<br>microsoft<br>amazon<br>aiga<br>nordstrom<br>teague<br>nike<\\/p>\\r\\n\\r\\n\\r\\n\\r\\n\\r\\n\\r\\n\\r\\n\\r\\n\\r\\n\\r\\n\\r\\n\\r\\n\\r\\n\\r\\n\\r\\n\\r\\n\\r\\n\\r\\n\\r\\n\\r\\n\\r\\n\\r\\n\\r\\n\\r\\n\\r\\n\\r\\n<p><span class=\\\"gray\\\">Industry<\\/span><\\/p>\\r\\n\\r\\n\\r\\n\\r\\n\\r\\n\\r\\n\\r\\n\\r\\n\\r\\n\\r\\n\\r\\n\\r\\n\\r\\n\\r\\n\\r\\n\\r\\n\\r\\n\\r\\n\\r\\n\\r\\n\\r\\n\\r\\n\\r\\n\\r\\n\\r\\n\\r\\n<p class=\\\"h3 caps\\\">starbucks<br>microsoft<br>amazon<\\/p>\\r\\n\\r\\n\\r\\n\\r\\n\\r\\n\\r\\n\\r\\n\\r\\n\\r\\n\\r\\n\\r\\n\\r\\n\\r\\n\\r\\n\\r\\n\\r\\n\\r\\n\\r\\n\\r\\n\\r\\n\\r\\n\\r\\n\\r\\n\\r\\n\\r\\n\\r\\n<p><span class=\\\"gray\\\">Industry<\\/span><\\/p>\\r\\n\\r\\n\\r\\n\\r\\n\\r\\n\\r\\n\\r\\n\\r\\n\\r\\n\\r\\n\\r\\n\\r\\n\\r\\n\\r\\n\\r\\n\\r\\n\\r\\n\\r\\n\\r\\n\\r\\n\\r\\n\\r\\n\\r\\n\\r\\n\\r\\n\\r\\n<p class=\\\"h3 caps\\\">starbucks<br>microsoft<\\/p>\",\"rightColumn\":\"<p>Industry<br><\\/p>\\r\\n\\r\\n<p class=\\\"h3 caps\\\">starbucks<br>microsoft<br>amazon<\\/p>\\r\\n\\r\\n\\r\\n\\r\\n\\r\\n\\r\\n\\r\\n\\r\\n\\r\\n\\r\\n\\r\\n\\r\\n\\r\\n\\r\\n\\r\\n\\r\\n\\r\\n\\r\\n\\r\\n\\r\\n\\r\\n\\r\\n\\r\\n\\r\\n\\r\\n\\r\\n<p><span class=\\\"gray\\\">Industry<\\/span><\\/p>\\r\\n\\r\\n\\r\\n\\r\\n\\r\\n\\r\\n\\r\\n\\r\\n\\r\\n\\r\\n\\r\\n\\r\\n\\r\\n\\r\\n\\r\\n\\r\\n\\r\\n\\r\\n\\r\\n\\r\\n\\r\\n\\r\\n\\r\\n\\r\\n\\r\\n\\r\\n<p class=\\\"h3 caps\\\">teague<br>nike<br>starbucks<br>microsoft<br>amazon<br>aiga<br>nordstrom<br>teague<br>nike<\\/p>\\r\\n\\r\\n\\r\\n\\r\\n\\r\\n\\r\\n\\r\\n\\r\\n\\r\\n\\r\\n\\r\\n\\r\\n\\r\\n\\r\\n\\r\\n\\r\\n\\r\\n\\r\\n\\r\\n\\r\\n\\r\\n\\r\\n\\r\\n\\r\\n\\r\\n\\r\\n<p><span class=\\\"gray\\\"><br><\\/span><\\/p>\\r\\n\\r\\n\\r\\n\\r\\n\\r\\n\\r\\n\\r\\n\\r\\n\\r\\n\\r\\n\\r\\n\\r\\n\\r\\n\\r\\n\\r\\n\\r\\n\\r\\n\\r\\n\\r\\n\\r\\n\\r\\n\\r\\n\\r\\n\\r\\n<p><span class=\\\"gray\\\">Industry<\\/span><\\/p>\\r\\n\\r\\n\\r\\n\\r\\n\\r\\n\\r\\n\\r\\n\\r\\n\\r\\n\\r\\n\\r\\n\\r\\n\\r\\n\\r\\n\\r\\n\\r\\n\\r\\n\\r\\n\\r\\n\\r\\n\\r\\n\\r\\n\\r\\n\\r\\n\\r\\n\\r\\n<p class=\\\"h3 caps\\\">starbucks<br>microsoft<\\/p>\",\"verticalSpacingLevel\":\"vertical-spacing-2\"}}},\"47\":\"<p>08\\/2016 &mdash; IdN Magazine v23n2<\\/p>\\r\\n\\r\\n<p>06\\/2016 &mdash; Communication Arts Design Annual 2016<\\/p>\\r\\n\\r\\n\\r\\n\\r\\n\\r\\n\\r\\n\\r\\n\\r\\n\\r\\n\\r\\n\\r\\n\\r\\n\\r\\n\\r\\n\\r\\n\\r\\n\\r\\n\\r\\n\\r\\n\\r\\n<p>05\\/2016 &mdash; PRINT Magazine Regional Design Annual 2016<\\/p>\\r\\n\\r\\n\\r\\n\\r\\n\\r\\n\\r\\n\\r\\n\\r\\n\\r\\n\\r\\n\\r\\n\\r\\n\\r\\n\\r\\n\\r\\n\\r\\n\\r\\n\\r\\n\\r\\n\\r\\n<p>03\\/2016 &mdash; Communication Arts Design Annual 2015<\\/p>\\r\\n\\r\\n\\r\\n\\r\\n\\r\\n\\r\\n\\r\\n\\r\\n\\r\\n\\r\\n\\r\\n\\r\\n\\r\\n\\r\\n\\r\\n\\r\\n\\r\\n\\r\\n\\r\\n\\r\\n<p>02\\/2016 &mdash; IdN Magazine v23n2<\\/p>\\r\\n\\r\\n\\r\\n\\r\\n\\r\\n\\r\\n\\r\\n\\r\\n\\r\\n\\r\\n\\r\\n\\r\\n\\r\\n\\r\\n\\r\\n\\r\\n\\r\\n\\r\\n\\r\\n\\r\\n<p>12\\/2015 &mdash; Communication Arts Design Annual 2016<\\/p>\\r\\n\\r\\n\\r\\n\\r\\n\\r\\n\\r\\n\\r\\n\\r\\n\\r\\n\\r\\n\\r\\n\\r\\n\\r\\n\\r\\n\\r\\n\\r\\n\\r\\n\\r\\n\\r\\n\\r\\n<p>10\\/2015 &mdash; PRINT Magazine Regional Design Annual 2016<\\/p>\\r\\n\\r\\n\\r\\n\\r\\n\\r\\n\\r\\n\\r\\n\\r\\n\\r\\n\\r\\n\\r\\n\\r\\n\\r\\n\\r\\n\\r\\n\\r\\n\\r\\n\\r\\n\\r\\n\\r\\n<p>10\\/2015 &mdash; Communication Arts Design Annual 2015<\\/p>\\r\\n\\r\\n\\r\\n\\r\\n\\r\\n\\r\\n\\r\\n\\r\\n\\r\\n\\r\\n\\r\\n\\r\\n\\r\\n\\r\\n\\r\\n\\r\\n\\r\\n\\r\\n\\r\\n\\r\\n<p>06\\/2015 &mdash; PRINT Magazine Regional Design Annual 2016<\\/p>\\r\\n\\r\\n\\r\\n\\r\\n\\r\\n\\r\\n\\r\\n\\r\\n\\r\\n\\r\\n\\r\\n\\r\\n\\r\\n\\r\\n\\r\\n\\r\\n\\r\\n\\r\\n\\r\\n\\r\\n<p>02\\/2015 &mdash; Communication Arts Design Annual 2015<\\/p>\",\"44\":\"MEET\\r\\nOUR\\r\\nTALENTED\\r\\nTEAM\"}}', '2016-11-15 20:15:09', '2016-11-15 20:15:09', 'e3c601b1-d3fc-4d56-bc74-c5e63a69cb52'),
 ('214', '101', '10', '46', 'en_us', '15', '', '{\"typeId\":\"11\",\"authorId\":null,\"title\":\"Studio\",\"slug\":\"studio\",\"postDate\":1478129954,\"expiryDate\":null,\"enabled\":1,\"parentId\":null,\"fields\":{\"48\":{\"102\":{\"type\":\"1\",\"fields\":{\"backgroundImage\":[\"97\"],\"backgroundColor\":\"#000000\",\"linkUrl\":\"\\/contact\",\"header\":\"Drop \\r\\nus \\r\\na \\r\\nline\",\"subtext\":\"Contact Us\",\"fontColor\":\"#efefef\"}}},\"45\":\"<p class=\\\"large\\\">Born in 2004<\\/p>\",\"46\":\"<p class=\\\"large\\\">We are a full-service creative agency with offices in Seattle and Portland. A dedicated team of designers, strategists, developers and account specialists, we create highly-crafted brand experiences that clarify purpose, encourage action, and inspire brand loyalty. We\\u2019d love to get to know you and help tell your story.&nbsp;<\\/p>\",\"10\":{\"103\":{\"type\":\"carousel\",\"enabled\":\"1\",\"fields\":{\"images\":[\"48\",\"49\",\"50\"],\"verticalSpacingLevel\":\"vertical-spacing-2\"}},\"104\":{\"type\":\"twoColumnContent\",\"enabled\":\"1\",\"fields\":{\"backgroundColor\":\"#000000\",\"leftColumn\":\"<p class=\\\"h3 med\\\"><span class=\\\"white\\\">STYLE<br>IS A<br>SIMPLE<br>WAY<br>OF<br>SAYING<br>COMPLEX<br>THINGS<br><\\/span><span class=\\\"blue white\\\">&mdash;JEAN<br>COCTEAU<\\/span><\\/p>\",\"rightColumn\":\"<p><img src=\\\"http:\\/\\/turnstyle.studio\\/_ui\\/img\\/work\\/t-1.svg#asset:60:url\\\"><\\/p>\",\"verticalSpacingLevel\":\"vertical-spacing-2\"}},\"105\":{\"type\":\"twoColumnContent\",\"enabled\":\"1\",\"fields\":{\"backgroundColor\":\"#000000\",\"leftColumn\":\"<p class=\\\"large\\\"><span class=\\\"white\\\">Style is Not a&nbsp;<br>4-letter Word<\\/span><\\/p>\",\"rightColumn\":\"<p class=\\\"large\\\"><span class=\\\"white\\\">In our experience, the brands that are the most magnetic are those which project distinct, memorable and charismatic personalities. These brands place equal emphasis on what they say and how they say it. Some design purists might say that style is merely artificial decoration that should be avoided in favor of logic&mdash;\\u201cform follows function\\u201d and all that. Don\\u2019t get us wrong, we\\u2019re not proponents of style for its own sake, or as ornament applied after an idea has already been defined. Rather, we employ style as an integral and strategic component of our brand-development process. At its best, style can be that magical something about a company or product that pulls people in and transcends the logical. So, to us, style is not a 4-letter word. On the contrary, we embrace it, harnessing its power to cut through the clutter.&nbsp;<\\/span><\\/p>\\r\\n\\r\\n<p class=\\\"large\\\"><span class=\\\"white\\\">And besides, \\u201cstyle\\u201d has five letters.<\\/span><\\/p>\",\"verticalSpacingLevel\":\"vertical-spacing-2\"}},\"106\":{\"type\":\"twoColumnContent\",\"enabled\":\"1\",\"fields\":{\"backgroundColor\":\"#000000\",\"leftColumn\":\"<p class=\\\"large\\\"><span class=\\\"white\\\">We Do<\\/span><\\/p>\",\"rightColumn\":\"<p class=\\\"h2 caps\\\"><a href=\\\"\\/strategy\\\" data-color=\\\"#3c00ff\\\">Strategy<\\/a><br><a href=\\\"\\/identity\\\" data-color=\\\"#3c00ff\\\">Identity<\\/a><br>Digital<br>Print<br>Packaging<br>Environment<\\/p>\",\"verticalSpacingLevel\":\"vertical-spacing-2\"}},\"107\":{\"type\":\"twoColumnContent\",\"enabled\":\"1\",\"fields\":{\"backgroundColor\":\"#ffffff\",\"leftColumn\":\"<p class=\\\"h3 caps\\\">our<br>clients<br>&<br>industries<\\/p>\\r\\n\\r\\n<p class=\\\"h3 caps\\\"><\\/p>\",\"rightColumn\":\"\",\"verticalSpacingLevel\":\"vertical-spacing-1\"}},\"108\":{\"type\":\"twoColumnContent\",\"enabled\":\"1\",\"fields\":{\"backgroundColor\":\"#ffffff\",\"leftColumn\":\"<p><span class=\\\"gray\\\">Industry<\\/span><\\/p>\\r\\n\\r\\n<p class=\\\"h3 caps\\\">teague<br>nike<br>starbucks<br>microsoft<br>amazon<br>aiga<br>nordstrom<br>teague<br>nike<\\/p>\\r\\n\\r\\n\\r\\n\\r\\n\\r\\n\\r\\n\\r\\n\\r\\n\\r\\n\\r\\n\\r\\n\\r\\n\\r\\n\\r\\n\\r\\n\\r\\n\\r\\n\\r\\n\\r\\n\\r\\n\\r\\n\\r\\n\\r\\n\\r\\n\\r\\n\\r\\n\\r\\n\\r\\n<p><span class=\\\"gray\\\">Industry<\\/span><\\/p>\\r\\n\\r\\n\\r\\n\\r\\n\\r\\n\\r\\n\\r\\n\\r\\n\\r\\n\\r\\n\\r\\n\\r\\n\\r\\n\\r\\n\\r\\n\\r\\n\\r\\n\\r\\n\\r\\n\\r\\n\\r\\n\\r\\n\\r\\n\\r\\n\\r\\n\\r\\n\\r\\n\\r\\n<p class=\\\"h3 caps\\\">starbucks<br>microsoft<br>amazon<\\/p>\\r\\n\\r\\n\\r\\n\\r\\n\\r\\n\\r\\n\\r\\n\\r\\n\\r\\n\\r\\n\\r\\n\\r\\n\\r\\n\\r\\n\\r\\n\\r\\n\\r\\n\\r\\n\\r\\n\\r\\n\\r\\n\\r\\n\\r\\n\\r\\n\\r\\n\\r\\n\\r\\n\\r\\n<p><span class=\\\"gray\\\">Industry<\\/span><\\/p>\\r\\n\\r\\n\\r\\n\\r\\n\\r\\n\\r\\n\\r\\n\\r\\n\\r\\n\\r\\n\\r\\n\\r\\n\\r\\n\\r\\n\\r\\n\\r\\n\\r\\n\\r\\n\\r\\n\\r\\n\\r\\n\\r\\n\\r\\n\\r\\n\\r\\n\\r\\n\\r\\n\\r\\n<p class=\\\"h3 caps\\\">starbucks<br>microsoft<\\/p>\",\"rightColumn\":\"<p>Industry<br><\\/p>\\r\\n\\r\\n<p class=\\\"h3 caps\\\">starbucks<br>microsoft<br>amazon<\\/p>\\r\\n\\r\\n\\r\\n\\r\\n\\r\\n\\r\\n\\r\\n\\r\\n\\r\\n\\r\\n\\r\\n\\r\\n\\r\\n\\r\\n\\r\\n\\r\\n\\r\\n\\r\\n\\r\\n\\r\\n\\r\\n\\r\\n\\r\\n\\r\\n\\r\\n\\r\\n\\r\\n\\r\\n<p><span class=\\\"gray\\\">Industry<\\/span><\\/p>\\r\\n\\r\\n\\r\\n\\r\\n\\r\\n\\r\\n\\r\\n\\r\\n\\r\\n\\r\\n\\r\\n\\r\\n\\r\\n\\r\\n\\r\\n\\r\\n\\r\\n\\r\\n\\r\\n\\r\\n\\r\\n\\r\\n\\r\\n\\r\\n\\r\\n\\r\\n\\r\\n\\r\\n<p class=\\\"h3 caps\\\">teague<br>nike<br>starbucks<br>microsoft<br>amazon<br>aiga<br>nordstrom<br>teague<br>nike<\\/p>\\r\\n\\r\\n\\r\\n\\r\\n\\r\\n\\r\\n\\r\\n\\r\\n\\r\\n\\r\\n\\r\\n\\r\\n\\r\\n\\r\\n\\r\\n\\r\\n\\r\\n\\r\\n\\r\\n\\r\\n\\r\\n\\r\\n\\r\\n\\r\\n\\r\\n\\r\\n\\r\\n\\r\\n<p><span class=\\\"gray\\\"><br><\\/span><\\/p>\\r\\n\\r\\n\\r\\n\\r\\n\\r\\n\\r\\n\\r\\n\\r\\n\\r\\n\\r\\n\\r\\n\\r\\n\\r\\n\\r\\n\\r\\n\\r\\n\\r\\n\\r\\n\\r\\n\\r\\n\\r\\n\\r\\n\\r\\n\\r\\n\\r\\n\\r\\n<p><span class=\\\"gray\\\">Industry<\\/span><\\/p>\\r\\n\\r\\n\\r\\n\\r\\n\\r\\n\\r\\n\\r\\n\\r\\n\\r\\n\\r\\n\\r\\n\\r\\n\\r\\n\\r\\n\\r\\n\\r\\n\\r\\n\\r\\n\\r\\n\\r\\n\\r\\n\\r\\n\\r\\n\\r\\n\\r\\n\\r\\n\\r\\n\\r\\n<p class=\\\"h3 caps\\\">starbucks<br>microsoft<\\/p>\",\"verticalSpacingLevel\":\"vertical-spacing-1\"}}},\"47\":\"<p>08\\/2016 &mdash; IdN Magazine v23n2<\\/p>\\r\\n\\r\\n<p>06\\/2016 &mdash; Communication Arts Design Annual 2016<\\/p>\\r\\n\\r\\n\\r\\n\\r\\n\\r\\n\\r\\n\\r\\n\\r\\n\\r\\n\\r\\n\\r\\n\\r\\n\\r\\n\\r\\n\\r\\n\\r\\n\\r\\n\\r\\n\\r\\n\\r\\n\\r\\n\\r\\n<p>05\\/2016 &mdash; PRINT Magazine Regional Design Annual 2016<\\/p>\\r\\n\\r\\n\\r\\n\\r\\n\\r\\n\\r\\n\\r\\n\\r\\n\\r\\n\\r\\n\\r\\n\\r\\n\\r\\n\\r\\n\\r\\n\\r\\n\\r\\n\\r\\n\\r\\n\\r\\n\\r\\n\\r\\n<p>03\\/2016 &mdash; Communication Arts Design Annual 2015<\\/p>\\r\\n\\r\\n\\r\\n\\r\\n\\r\\n\\r\\n\\r\\n\\r\\n\\r\\n\\r\\n\\r\\n\\r\\n\\r\\n\\r\\n\\r\\n\\r\\n\\r\\n\\r\\n\\r\\n\\r\\n\\r\\n\\r\\n<p>02\\/2016 &mdash; IdN Magazine v23n2<\\/p>\\r\\n\\r\\n\\r\\n\\r\\n\\r\\n\\r\\n\\r\\n\\r\\n\\r\\n\\r\\n\\r\\n\\r\\n\\r\\n\\r\\n\\r\\n\\r\\n\\r\\n\\r\\n\\r\\n\\r\\n\\r\\n\\r\\n<p>12\\/2015 &mdash; Communication Arts Design Annual 2016<\\/p>\\r\\n\\r\\n\\r\\n\\r\\n\\r\\n\\r\\n\\r\\n\\r\\n\\r\\n\\r\\n\\r\\n\\r\\n\\r\\n\\r\\n\\r\\n\\r\\n\\r\\n\\r\\n\\r\\n\\r\\n\\r\\n\\r\\n<p>10\\/2015 &mdash; PRINT Magazine Regional Design Annual 2016<\\/p>\\r\\n\\r\\n\\r\\n\\r\\n\\r\\n\\r\\n\\r\\n\\r\\n\\r\\n\\r\\n\\r\\n\\r\\n\\r\\n\\r\\n\\r\\n\\r\\n\\r\\n\\r\\n\\r\\n\\r\\n\\r\\n\\r\\n<p>10\\/2015 &mdash; Communication Arts Design Annual 2015<\\/p>\\r\\n\\r\\n\\r\\n\\r\\n\\r\\n\\r\\n\\r\\n\\r\\n\\r\\n\\r\\n\\r\\n\\r\\n\\r\\n\\r\\n\\r\\n\\r\\n\\r\\n\\r\\n\\r\\n\\r\\n\\r\\n\\r\\n<p>06\\/2015 &mdash; PRINT Magazine Regional Design Annual 2016<\\/p>\\r\\n\\r\\n\\r\\n\\r\\n\\r\\n\\r\\n\\r\\n\\r\\n\\r\\n\\r\\n\\r\\n\\r\\n\\r\\n\\r\\n\\r\\n\\r\\n\\r\\n\\r\\n\\r\\n\\r\\n\\r\\n\\r\\n<p>02\\/2015 &mdash; Communication Arts Design Annual 2015<\\/p>\",\"44\":\"MEET\\r\\nOUR\\r\\nTALENTED\\r\\nTEAM\"}}', '2016-11-15 20:16:59', '2016-11-15 20:16:59', '319a7fdc-aad3-4d50-91c0-6ef122bcc16a'),
 ('215', '101', '10', '46', 'en_us', '16', '', '{\"typeId\":\"11\",\"authorId\":null,\"title\":\"Studio\",\"slug\":\"studio\",\"postDate\":1478129954,\"expiryDate\":null,\"enabled\":1,\"parentId\":null,\"fields\":{\"48\":{\"102\":{\"type\":\"1\",\"fields\":{\"backgroundImage\":[\"97\"],\"backgroundColor\":\"#000000\",\"linkUrl\":\"\\/contact\",\"header\":\"Drop \\r\\nus \\r\\na \\r\\nline\",\"subtext\":\"Contact Us\",\"fontColor\":\"#efefef\"}}},\"45\":\"<p class=\\\"large\\\">Born in 2004<\\/p>\",\"46\":\"<p class=\\\"large\\\">We are a full-service creative agency with offices in Seattle and Portland. A dedicated team of designers, strategists, developers and account specialists, we create highly-crafted brand experiences that clarify purpose, encourage action, and inspire brand loyalty. We\\u2019d love to get to know you and help tell your story.&nbsp;<\\/p>\",\"10\":{\"103\":{\"type\":\"carousel\",\"enabled\":\"1\",\"fields\":{\"images\":[\"48\",\"49\",\"50\"],\"verticalSpacingLevel\":\"vertical-spacing-2\"}},\"104\":{\"type\":\"twoColumnContent\",\"enabled\":\"1\",\"fields\":{\"backgroundColor\":\"#000000\",\"leftColumn\":\"<p class=\\\"h3 med\\\"><span class=\\\"white\\\">STYLE<br>IS A<br>SIMPLE<br>WAY<br>OF<br>SAYING<br>COMPLEX<br>THINGS<br><\\/span><span class=\\\"blue white\\\">&mdash;JEAN<br>COCTEAU<\\/span><\\/p>\",\"rightColumn\":\"<p><img src=\\\"http:\\/\\/turnstyle.studio\\/_ui\\/img\\/work\\/t-1.svg#asset:60:url\\\"><\\/p>\",\"verticalSpacingLevel\":\"vertical-spacing-2\"}},\"105\":{\"type\":\"twoColumnContent\",\"enabled\":\"1\",\"fields\":{\"backgroundColor\":\"#000000\",\"leftColumn\":\"<p class=\\\"large\\\"><span class=\\\"white\\\">Style is Not a&nbsp;<br>4-letter Word<\\/span><\\/p>\",\"rightColumn\":\"<p class=\\\"large\\\"><span class=\\\"white\\\">In our experience, the brands that are the most magnetic are those which project distinct, memorable and charismatic personalities. These brands place equal emphasis on what they say and how they say it. Some design purists might say that style is merely artificial decoration that should be avoided in favor of logic&mdash;\\u201cform follows function\\u201d and all that. Don\\u2019t get us wrong, we\\u2019re not proponents of style for its own sake, or as ornament applied after an idea has already been defined. Rather, we employ style as an integral and strategic component of our brand-development process. At its best, style can be that magical something about a company or product that pulls people in and transcends the logical. So, to us, style is not a 4-letter word. On the contrary, we embrace it, harnessing its power to cut through the clutter.&nbsp;<\\/span><\\/p>\\r\\n\\r\\n<p class=\\\"large\\\"><span class=\\\"white\\\">And besides, \\u201cstyle\\u201d has five letters.<\\/span><\\/p>\",\"verticalSpacingLevel\":\"vertical-spacing-2\"}},\"106\":{\"type\":\"twoColumnContent\",\"enabled\":\"1\",\"fields\":{\"backgroundColor\":\"#000000\",\"leftColumn\":\"<p class=\\\"large\\\"><span class=\\\"white\\\">We Do<\\/span><\\/p>\",\"rightColumn\":\"<p class=\\\"h2 caps\\\"><a href=\\\"\\/strategy\\\" data-color=\\\"#3c00ff\\\">Strategy<\\/a><br><a href=\\\"\\/identity\\\" data-color=\\\"#3c00ff\\\">Identity<\\/a><br>Digital<br>Print<br>Packaging<br>Environment<\\/p>\",\"verticalSpacingLevel\":\"vertical-spacing-2\"}},\"107\":{\"type\":\"twoColumnContent\",\"enabled\":\"1\",\"fields\":{\"backgroundColor\":\"#ffffff\",\"leftColumn\":\"<p class=\\\"h3 caps\\\">our<br>clients<br>&<br>industries<\\/p>\\r\\n\\r\\n<p class=\\\"h3 caps\\\"><\\/p>\",\"rightColumn\":\"\",\"verticalSpacingLevel\":\"vertical-spacing-1\"}},\"108\":{\"type\":\"twoColumnContent\",\"enabled\":\"1\",\"fields\":{\"backgroundColor\":\"#ffffff\",\"leftColumn\":\"<p><span class=\\\"gray\\\">Industry<\\/span><\\/p>\\r\\n\\r\\n<p class=\\\"h3 caps\\\">teague<br>nike<br>starbucks<br>microsoft<br>amazon<br>aiga<br>nordstrom<br>teague<br>nike<\\/p>\\r\\n\\r\\n\\r\\n\\r\\n\\r\\n\\r\\n\\r\\n\\r\\n\\r\\n\\r\\n\\r\\n\\r\\n\\r\\n\\r\\n\\r\\n\\r\\n\\r\\n\\r\\n\\r\\n\\r\\n\\r\\n\\r\\n\\r\\n\\r\\n\\r\\n\\r\\n\\r\\n\\r\\n\\r\\n\\r\\n<p><span class=\\\"gray\\\">Industry<\\/span><\\/p>\\r\\n\\r\\n\\r\\n\\r\\n\\r\\n\\r\\n\\r\\n\\r\\n\\r\\n\\r\\n\\r\\n\\r\\n\\r\\n\\r\\n\\r\\n\\r\\n\\r\\n\\r\\n\\r\\n\\r\\n\\r\\n\\r\\n\\r\\n\\r\\n\\r\\n\\r\\n\\r\\n\\r\\n\\r\\n\\r\\n<p class=\\\"h3 caps\\\">starbucks<br>microsoft<br>amazon<\\/p>\\r\\n\\r\\n\\r\\n\\r\\n\\r\\n\\r\\n\\r\\n\\r\\n\\r\\n\\r\\n\\r\\n\\r\\n\\r\\n\\r\\n\\r\\n\\r\\n\\r\\n\\r\\n\\r\\n\\r\\n\\r\\n\\r\\n\\r\\n\\r\\n\\r\\n\\r\\n\\r\\n\\r\\n\\r\\n\\r\\n<p><span class=\\\"gray\\\">Industry<\\/span><\\/p>\\r\\n\\r\\n\\r\\n\\r\\n\\r\\n\\r\\n\\r\\n\\r\\n\\r\\n\\r\\n\\r\\n\\r\\n\\r\\n\\r\\n\\r\\n\\r\\n\\r\\n\\r\\n\\r\\n\\r\\n\\r\\n\\r\\n\\r\\n\\r\\n\\r\\n\\r\\n\\r\\n\\r\\n\\r\\n\\r\\n<p class=\\\"h3 caps\\\">starbucks<br>microsoft<\\/p>\",\"rightColumn\":\"<p>Industry<br><\\/p>\\r\\n\\r\\n<p class=\\\"h3 caps\\\">starbucks<br>microsoft<br>amazon<\\/p>\\r\\n\\r\\n\\r\\n\\r\\n\\r\\n\\r\\n\\r\\n\\r\\n\\r\\n\\r\\n\\r\\n\\r\\n\\r\\n\\r\\n\\r\\n\\r\\n\\r\\n\\r\\n\\r\\n\\r\\n\\r\\n\\r\\n\\r\\n\\r\\n\\r\\n\\r\\n\\r\\n\\r\\n\\r\\n\\r\\n<p><span class=\\\"gray\\\">Industry<\\/span><\\/p>\\r\\n\\r\\n\\r\\n\\r\\n\\r\\n\\r\\n\\r\\n\\r\\n\\r\\n\\r\\n\\r\\n\\r\\n\\r\\n\\r\\n\\r\\n\\r\\n\\r\\n\\r\\n\\r\\n\\r\\n\\r\\n\\r\\n\\r\\n\\r\\n\\r\\n\\r\\n\\r\\n\\r\\n\\r\\n\\r\\n<p class=\\\"h3 caps\\\">teague<br>nike<br>starbucks<br>microsoft<br>amazon<br>aiga<br>nordstrom<br>teague<br>nike<\\/p>\\r\\n\\r\\n\\r\\n\\r\\n\\r\\n\\r\\n\\r\\n\\r\\n\\r\\n\\r\\n\\r\\n\\r\\n\\r\\n\\r\\n\\r\\n\\r\\n\\r\\n\\r\\n\\r\\n\\r\\n\\r\\n\\r\\n\\r\\n\\r\\n\\r\\n\\r\\n\\r\\n\\r\\n\\r\\n\\r\\n<p><span class=\\\"gray\\\"><br><\\/span><\\/p>\\r\\n\\r\\n\\r\\n\\r\\n\\r\\n\\r\\n\\r\\n\\r\\n\\r\\n\\r\\n\\r\\n\\r\\n\\r\\n\\r\\n\\r\\n\\r\\n\\r\\n\\r\\n\\r\\n\\r\\n\\r\\n\\r\\n\\r\\n\\r\\n\\r\\n\\r\\n\\r\\n\\r\\n<p><span class=\\\"gray\\\">Industry<\\/span><\\/p>\\r\\n\\r\\n\\r\\n\\r\\n\\r\\n\\r\\n\\r\\n\\r\\n\\r\\n\\r\\n\\r\\n\\r\\n\\r\\n\\r\\n\\r\\n\\r\\n\\r\\n\\r\\n\\r\\n\\r\\n\\r\\n\\r\\n\\r\\n\\r\\n\\r\\n\\r\\n\\r\\n\\r\\n\\r\\n\\r\\n<p class=\\\"h3 caps\\\">starbucks<br>microsoft<\\/p>\",\"verticalSpacingLevel\":\"vertical-spacing-1\"}}},\"47\":\"<p>08\\/2016 &mdash; IdN Magazine v23n2<\\/p>\\r\\n\\r\\n<p>06\\/2016 &mdash; Communication Arts Design Annual 2016<\\/p>\\r\\n\\r\\n\\r\\n\\r\\n\\r\\n\\r\\n\\r\\n\\r\\n\\r\\n\\r\\n\\r\\n\\r\\n\\r\\n\\r\\n\\r\\n\\r\\n\\r\\n\\r\\n\\r\\n\\r\\n\\r\\n\\r\\n\\r\\n\\r\\n<p>05\\/2016 &mdash; PRINT Magazine Regional Design Annual 2016<\\/p>\\r\\n\\r\\n\\r\\n\\r\\n\\r\\n\\r\\n\\r\\n\\r\\n\\r\\n\\r\\n\\r\\n\\r\\n\\r\\n\\r\\n\\r\\n\\r\\n\\r\\n\\r\\n\\r\\n\\r\\n\\r\\n\\r\\n\\r\\n\\r\\n<p>03\\/2016 &mdash; Communication Arts Design Annual 2015<\\/p>\\r\\n\\r\\n\\r\\n\\r\\n\\r\\n\\r\\n\\r\\n\\r\\n\\r\\n\\r\\n\\r\\n\\r\\n\\r\\n\\r\\n\\r\\n\\r\\n\\r\\n\\r\\n\\r\\n\\r\\n\\r\\n\\r\\n\\r\\n\\r\\n<p>02\\/2016 &mdash; IdN Magazine v23n2<\\/p>\\r\\n\\r\\n\\r\\n\\r\\n\\r\\n\\r\\n\\r\\n\\r\\n\\r\\n\\r\\n\\r\\n\\r\\n\\r\\n\\r\\n\\r\\n\\r\\n\\r\\n\\r\\n\\r\\n\\r\\n\\r\\n\\r\\n\\r\\n\\r\\n<p>12\\/2015 &mdash; Communication Arts Design Annual 2016<\\/p>\\r\\n\\r\\n\\r\\n\\r\\n\\r\\n\\r\\n\\r\\n\\r\\n\\r\\n\\r\\n\\r\\n\\r\\n\\r\\n\\r\\n\\r\\n\\r\\n\\r\\n\\r\\n\\r\\n\\r\\n\\r\\n\\r\\n\\r\\n\\r\\n<p>10\\/2015 &mdash; PRINT Magazine Regional Design Annual 2016<\\/p>\\r\\n\\r\\n\\r\\n\\r\\n\\r\\n\\r\\n\\r\\n\\r\\n\\r\\n\\r\\n\\r\\n\\r\\n\\r\\n\\r\\n\\r\\n\\r\\n\\r\\n\\r\\n\\r\\n\\r\\n\\r\\n\\r\\n\\r\\n\\r\\n<p>10\\/2015 &mdash; Communication Arts Design Annual 2015<\\/p>\\r\\n\\r\\n\\r\\n\\r\\n\\r\\n\\r\\n\\r\\n\\r\\n\\r\\n\\r\\n\\r\\n\\r\\n\\r\\n\\r\\n\\r\\n\\r\\n\\r\\n\\r\\n\\r\\n\\r\\n\\r\\n\\r\\n\\r\\n\\r\\n<p>06\\/2015 &mdash; PRINT Magazine Regional Design Annual 2016<\\/p>\\r\\n\\r\\n\\r\\n\\r\\n\\r\\n\\r\\n\\r\\n\\r\\n\\r\\n\\r\\n\\r\\n\\r\\n\\r\\n\\r\\n\\r\\n\\r\\n\\r\\n\\r\\n\\r\\n\\r\\n\\r\\n\\r\\n\\r\\n\\r\\n<p>02\\/2015 &mdash; Communication Arts Design Annual 2015<\\/p>\",\"44\":\"MEET\\r\\nOUR\\r\\nTALENTED\\r\\nTEAM\"}}', '2016-11-15 20:17:47', '2016-11-15 20:17:47', 'fa8e90dd-44c5-4991-8f0e-0a9520360dc1'),
 ('216', '101', '10', '46', 'en_us', '17', '', '{\"typeId\":\"11\",\"authorId\":null,\"title\":\"Studio\",\"slug\":\"studio\",\"postDate\":1478129954,\"expiryDate\":null,\"enabled\":1,\"parentId\":null,\"fields\":{\"48\":{\"102\":{\"type\":\"1\",\"fields\":{\"backgroundImage\":[\"97\"],\"backgroundColor\":\"#000000\",\"linkUrl\":\"\\/contact\",\"header\":\"Drop \\r\\nus \\r\\na \\r\\nline\",\"subtext\":\"Contact Us\",\"fontColor\":\"#efefef\"}}},\"45\":\"<p class=\\\"large\\\">Born in 2004<\\/p>\",\"46\":\"<p class=\\\"large\\\">We are a full-service creative agency with offices in Seattle and Portland. A dedicated team of designers, strategists, developers and account specialists, we create highly-crafted brand experiences that clarify purpose, encourage action, and inspire brand loyalty. We\\u2019d love to get to know you and help tell your story.&nbsp;<\\/p>\",\"10\":{\"103\":{\"type\":\"carousel\",\"enabled\":\"1\",\"fields\":{\"images\":[\"48\",\"49\",\"50\"],\"verticalSpacingLevel\":\"vertical-spacing-2\"}},\"104\":{\"type\":\"twoColumnContent\",\"enabled\":\"1\",\"fields\":{\"backgroundColor\":\"#000000\",\"leftColumn\":\"<p class=\\\"h3 med\\\"><span class=\\\"white\\\">STYLE<br>IS A<br>SIMPLE<br>WAY<br>OF<br>SAYING<br>COMPLEX<br>THINGS<br><\\/span><span class=\\\"blue white\\\">&mdash;JEAN<br>COCTEAU<\\/span><\\/p>\",\"rightColumn\":\"<p><img src=\\\"http:\\/\\/turnstyle.studio\\/_ui\\/img\\/work\\/t-1.svg#asset:60:url\\\"><\\/p>\",\"verticalSpacingLevel\":\"vertical-spacing-2\"}},\"105\":{\"type\":\"twoColumnContent\",\"enabled\":\"1\",\"fields\":{\"backgroundColor\":\"#000000\",\"leftColumn\":\"<p class=\\\"large\\\"><span class=\\\"white\\\">Style is Not a&nbsp;<br>4-letter Word<\\/span><\\/p>\",\"rightColumn\":\"<p class=\\\"large\\\"><span class=\\\"white\\\">In our experience, the brands that are the most magnetic are those which project distinct, memorable and charismatic personalities. These brands place equal emphasis on what they say and how they say it. Some design purists might say that style is merely artificial decoration that should be avoided in favor of logic&mdash;\\u201cform follows function\\u201d and all that. Don\\u2019t get us wrong, we\\u2019re not proponents of style for its own sake, or as ornament applied after an idea has already been defined. Rather, we employ style as an integral and strategic component of our brand-development process. At its best, style can be that magical something about a company or product that pulls people in and transcends the logical. So, to us, style is not a 4-letter word. On the contrary, we embrace it, harnessing its power to cut through the clutter.&nbsp;<\\/span><\\/p>\\r\\n\\r\\n<p class=\\\"large\\\"><span class=\\\"white\\\">And besides, \\u201cstyle\\u201d has five letters.<\\/span><\\/p>\",\"verticalSpacingLevel\":\"vertical-spacing-2\"}},\"106\":{\"type\":\"twoColumnContent\",\"enabled\":\"1\",\"fields\":{\"backgroundColor\":\"#000000\",\"leftColumn\":\"<p class=\\\"large\\\"><span class=\\\"white\\\">We Do<\\/span><\\/p>\",\"rightColumn\":\"<p class=\\\"h2 caps\\\"><a href=\\\"http:\\/\\/turnstyle.studio\\/strategy#entry:55\\\">Strategy<\\/a><br><a href=\\\"http:\\/\\/turnstyle.studio\\/identity#entry:56\\\">Identity<\\/a><br>Digital<br>Print<br>Packaging<br>Environment<\\/p>\\r\\n\\r\\n\",\"verticalSpacingLevel\":\"vertical-spacing-2\"}},\"107\":{\"type\":\"twoColumnContent\",\"enabled\":\"1\",\"fields\":{\"backgroundColor\":\"#ffffff\",\"leftColumn\":\"<p class=\\\"h3 caps\\\">our<br>clients<br>&<br>industries<\\/p>\\r\\n\\r\\n<p class=\\\"h3 caps\\\"><\\/p>\",\"rightColumn\":\"\",\"verticalSpacingLevel\":\"vertical-spacing-1\"}},\"108\":{\"type\":\"twoColumnContent\",\"enabled\":\"1\",\"fields\":{\"backgroundColor\":\"#ffffff\",\"leftColumn\":\"<p><span class=\\\"gray\\\">Industry<\\/span><\\/p>\\r\\n\\r\\n<p class=\\\"h3 caps\\\">teague<br>nike<br>starbucks<br>microsoft<br>amazon<br>aiga<br>nordstrom<br>teague<br>nike<\\/p>\\r\\n\\r\\n\\r\\n\\r\\n\\r\\n\\r\\n\\r\\n\\r\\n\\r\\n\\r\\n\\r\\n\\r\\n\\r\\n\\r\\n\\r\\n\\r\\n\\r\\n\\r\\n\\r\\n\\r\\n\\r\\n\\r\\n\\r\\n\\r\\n\\r\\n\\r\\n\\r\\n\\r\\n\\r\\n\\r\\n\\r\\n\\r\\n<p><span class=\\\"gray\\\">Industry<\\/span><\\/p>\\r\\n\\r\\n\\r\\n\\r\\n\\r\\n\\r\\n\\r\\n\\r\\n\\r\\n\\r\\n\\r\\n\\r\\n\\r\\n\\r\\n\\r\\n\\r\\n\\r\\n\\r\\n\\r\\n\\r\\n\\r\\n\\r\\n\\r\\n\\r\\n\\r\\n\\r\\n\\r\\n\\r\\n\\r\\n\\r\\n\\r\\n\\r\\n<p class=\\\"h3 caps\\\">starbucks<br>microsoft<br>amazon<\\/p>\\r\\n\\r\\n\\r\\n\\r\\n\\r\\n\\r\\n\\r\\n\\r\\n\\r\\n\\r\\n\\r\\n\\r\\n\\r\\n\\r\\n\\r\\n\\r\\n\\r\\n\\r\\n\\r\\n\\r\\n\\r\\n\\r\\n\\r\\n\\r\\n\\r\\n\\r\\n\\r\\n\\r\\n\\r\\n\\r\\n\\r\\n\\r\\n<p><span class=\\\"gray\\\">Industry<\\/span><\\/p>\\r\\n\\r\\n\\r\\n\\r\\n\\r\\n\\r\\n\\r\\n\\r\\n\\r\\n\\r\\n\\r\\n\\r\\n\\r\\n\\r\\n\\r\\n\\r\\n\\r\\n\\r\\n\\r\\n\\r\\n\\r\\n\\r\\n\\r\\n\\r\\n\\r\\n\\r\\n\\r\\n\\r\\n\\r\\n\\r\\n\\r\\n\\r\\n<p class=\\\"h3 caps\\\">starbucks<br>microsoft<\\/p>\",\"rightColumn\":\"<p>Industry<br><\\/p>\\r\\n\\r\\n<p class=\\\"h3 caps\\\">starbucks<br>microsoft<br>amazon<\\/p>\\r\\n\\r\\n\\r\\n\\r\\n\\r\\n\\r\\n\\r\\n\\r\\n\\r\\n\\r\\n\\r\\n\\r\\n\\r\\n\\r\\n\\r\\n\\r\\n\\r\\n\\r\\n\\r\\n\\r\\n\\r\\n\\r\\n\\r\\n\\r\\n\\r\\n\\r\\n\\r\\n\\r\\n\\r\\n\\r\\n\\r\\n\\r\\n<p><span class=\\\"gray\\\">Industry<\\/span><\\/p>\\r\\n\\r\\n\\r\\n\\r\\n\\r\\n\\r\\n\\r\\n\\r\\n\\r\\n\\r\\n\\r\\n\\r\\n\\r\\n\\r\\n\\r\\n\\r\\n\\r\\n\\r\\n\\r\\n\\r\\n\\r\\n\\r\\n\\r\\n\\r\\n\\r\\n\\r\\n\\r\\n\\r\\n\\r\\n\\r\\n\\r\\n\\r\\n<p class=\\\"h3 caps\\\">teague<br>nike<br>starbucks<br>microsoft<br>amazon<br>aiga<br>nordstrom<br>teague<br>nike<\\/p>\\r\\n\\r\\n\\r\\n\\r\\n\\r\\n\\r\\n\\r\\n\\r\\n\\r\\n\\r\\n\\r\\n\\r\\n\\r\\n\\r\\n\\r\\n\\r\\n\\r\\n\\r\\n\\r\\n\\r\\n\\r\\n\\r\\n\\r\\n\\r\\n\\r\\n\\r\\n\\r\\n\\r\\n\\r\\n\\r\\n\\r\\n\\r\\n<p><span class=\\\"gray\\\"><br><\\/span><\\/p>\\r\\n\\r\\n\\r\\n\\r\\n\\r\\n\\r\\n\\r\\n\\r\\n\\r\\n\\r\\n\\r\\n\\r\\n\\r\\n\\r\\n\\r\\n\\r\\n\\r\\n\\r\\n\\r\\n\\r\\n\\r\\n\\r\\n\\r\\n\\r\\n\\r\\n\\r\\n\\r\\n\\r\\n\\r\\n\\r\\n<p><span class=\\\"gray\\\">Industry<\\/span><\\/p>\\r\\n\\r\\n\\r\\n\\r\\n\\r\\n\\r\\n\\r\\n\\r\\n\\r\\n\\r\\n\\r\\n\\r\\n\\r\\n\\r\\n\\r\\n\\r\\n\\r\\n\\r\\n\\r\\n\\r\\n\\r\\n\\r\\n\\r\\n\\r\\n\\r\\n\\r\\n\\r\\n\\r\\n\\r\\n\\r\\n\\r\\n\\r\\n<p class=\\\"h3 caps\\\">starbucks<br>microsoft<\\/p>\",\"verticalSpacingLevel\":\"vertical-spacing-1\"}}},\"47\":\"<p>08\\/2016 &mdash; IdN Magazine v23n2<\\/p>\\r\\n\\r\\n<p>06\\/2016 &mdash; Communication Arts Design Annual 2016<\\/p>\\r\\n\\r\\n\\r\\n\\r\\n\\r\\n\\r\\n\\r\\n\\r\\n\\r\\n\\r\\n\\r\\n\\r\\n\\r\\n\\r\\n\\r\\n\\r\\n\\r\\n\\r\\n\\r\\n\\r\\n\\r\\n\\r\\n\\r\\n\\r\\n\\r\\n\\r\\n<p>05\\/2016 &mdash; PRINT Magazine Regional Design Annual 2016<\\/p>\\r\\n\\r\\n\\r\\n\\r\\n\\r\\n\\r\\n\\r\\n\\r\\n\\r\\n\\r\\n\\r\\n\\r\\n\\r\\n\\r\\n\\r\\n\\r\\n\\r\\n\\r\\n\\r\\n\\r\\n\\r\\n\\r\\n\\r\\n\\r\\n\\r\\n\\r\\n<p>03\\/2016 &mdash; Communication Arts Design Annual 2015<\\/p>\\r\\n\\r\\n\\r\\n\\r\\n\\r\\n\\r\\n\\r\\n\\r\\n\\r\\n\\r\\n\\r\\n\\r\\n\\r\\n\\r\\n\\r\\n\\r\\n\\r\\n\\r\\n\\r\\n\\r\\n\\r\\n\\r\\n\\r\\n\\r\\n\\r\\n\\r\\n<p>02\\/2016 &mdash; IdN Magazine v23n2<\\/p>\\r\\n\\r\\n\\r\\n\\r\\n\\r\\n\\r\\n\\r\\n\\r\\n\\r\\n\\r\\n\\r\\n\\r\\n\\r\\n\\r\\n\\r\\n\\r\\n\\r\\n\\r\\n\\r\\n\\r\\n\\r\\n\\r\\n\\r\\n\\r\\n\\r\\n\\r\\n<p>12\\/2015 &mdash; Communication Arts Design Annual 2016<\\/p>\\r\\n\\r\\n\\r\\n\\r\\n\\r\\n\\r\\n\\r\\n\\r\\n\\r\\n\\r\\n\\r\\n\\r\\n\\r\\n\\r\\n\\r\\n\\r\\n\\r\\n\\r\\n\\r\\n\\r\\n\\r\\n\\r\\n\\r\\n\\r\\n\\r\\n\\r\\n<p>10\\/2015 &mdash; PRINT Magazine Regional Design Annual 2016<\\/p>\\r\\n\\r\\n\\r\\n\\r\\n\\r\\n\\r\\n\\r\\n\\r\\n\\r\\n\\r\\n\\r\\n\\r\\n\\r\\n\\r\\n\\r\\n\\r\\n\\r\\n\\r\\n\\r\\n\\r\\n\\r\\n\\r\\n\\r\\n\\r\\n\\r\\n\\r\\n<p>10\\/2015 &mdash; Communication Arts Design Annual 2015<\\/p>\\r\\n\\r\\n\\r\\n\\r\\n\\r\\n\\r\\n\\r\\n\\r\\n\\r\\n\\r\\n\\r\\n\\r\\n\\r\\n\\r\\n\\r\\n\\r\\n\\r\\n\\r\\n\\r\\n\\r\\n\\r\\n\\r\\n\\r\\n\\r\\n\\r\\n\\r\\n<p>06\\/2015 &mdash; PRINT Magazine Regional Design Annual 2016<\\/p>\\r\\n\\r\\n\\r\\n\\r\\n\\r\\n\\r\\n\\r\\n\\r\\n\\r\\n\\r\\n\\r\\n\\r\\n\\r\\n\\r\\n\\r\\n\\r\\n\\r\\n\\r\\n\\r\\n\\r\\n\\r\\n\\r\\n\\r\\n\\r\\n\\r\\n\\r\\n<p>02\\/2015 &mdash; Communication Arts Design Annual 2015<\\/p>\",\"44\":\"MEET\\r\\nOUR\\r\\nTALENTED\\r\\nTEAM\"}}', '2016-11-15 20:19:35', '2016-11-15 20:19:35', '0c47f53d-b242-483e-9831-147815260938'),
 ('217', '16', '3', '46', 'en_us', '21', '', '{\"typeId\":\"3\",\"authorId\":\"1\",\"title\":\"Oiselle\",\"slug\":\"oiselle-identity\",\"postDate\":1476391140,\"expiryDate\":null,\"enabled\":1,\"parentId\":null,\"fields\":{\"14\":\"\",\"3\":[\"10\",\"11\",\"12\",\"14\"],\"29\":\"#efefef\",\"9\":\"AN\\r\\nINFUSION\\r\\nOF\\r\\nNEW\\r\\nENERGY\",\"7\":[\"40\"],\"4\":\"#ff5822\",\"8\":\"<p class=\\\"details\\\"><span class=\\\"gray\\\">Project<\\/span><\\/p>\\r\\n\\r\\n<p class=\\\"details\\\"><\\/p>\\r\\n\\r\\n<p class=\\\"large details\\\">As they prepared to open their first bricks and mortar store, Oiselle&mdash;a pioneer in women\\u2019s running and athletic fashion&mdash;had a mature brand that needed an infusion of new energy. Turnstyle worked with the Oiselle team to establish an updated identity system and then applied it to a huge range of customer touch points, coordinated to deliver, install and deploy in concert with their store opening in Seattle\\u2019s University Village in the summer of 2015.&nbsp;<\\/p>\",\"10\":{\"137\":{\"type\":\"largeImage\",\"enabled\":\"1\",\"fields\":{\"image\":[\"136\"],\"layoutOptions\":\"framed\",\"verticalSpacingLevel\":\"vertical-spacing-0\"}}},\"6\":\"Brand Identity System\",\"5\":[\"135\"]}}', '2016-11-15 21:30:24', '2016-11-15 21:30:24', '56aaa97d-4350-4984-9dae-02553a459a33'),
 ('218', '16', '3', '46', 'en_us', '22', '', '{\"typeId\":\"3\",\"authorId\":\"1\",\"title\":\"Oiselle\",\"slug\":\"oiselle-identity\",\"postDate\":1476391140,\"expiryDate\":null,\"enabled\":1,\"parentId\":null,\"fields\":{\"14\":\"\",\"3\":[\"10\",\"11\",\"12\",\"14\"],\"29\":\"#efefef\",\"9\":\"AN\\r\\nINFUSION\\r\\nOF\\r\\nNEW\\r\\nENERGY\",\"7\":[\"40\"],\"4\":\"#ff5822\",\"8\":\"<p class=\\\"large\\\">As they prepared to open their first bricks and mortar store, Oiselle&mdash;a pioneer in women\\u2019s running and athletic fashion&mdash;had a mature brand that needed an infusion of new energy. Turnstyle worked with the Oiselle team to establish an updated identity system and then applied it to a huge range of customer touch points, coordinated to deliver, install and deploy in concert with their store opening in Seattle\\u2019s University Village in the summer of 2015.&nbsp;<\\/p>\",\"10\":{\"137\":{\"type\":\"largeImage\",\"enabled\":\"1\",\"fields\":{\"image\":[\"136\"],\"layoutOptions\":\"framed\",\"verticalSpacingLevel\":\"vertical-spacing-0\"}}},\"6\":\"Brand Identity System\",\"5\":[\"135\"]}}', '2016-11-15 21:31:25', '2016-11-15 21:31:25', 'ec108384-14b1-4d94-a1bb-24450abc1654'),
 ('219', '16', '3', '46', 'en_us', '23', '', '{\"typeId\":\"3\",\"authorId\":\"1\",\"title\":\"Oiselle\",\"slug\":\"oiselle-identity\",\"postDate\":1476391140,\"expiryDate\":null,\"enabled\":1,\"parentId\":null,\"fields\":{\"14\":\"\",\"3\":[\"10\",\"11\",\"12\",\"14\"],\"29\":\"#efefef\",\"9\":\"AN\\r\\nINFUSION\\r\\nOF\\r\\nNEW\\r\\nENERGY\",\"7\":[\"40\"],\"4\":\"#ff5822\",\"8\":\"<p class=\\\"large\\\">As they prepared to open their first bricks and mortar store, Oiselle&mdash;a pioneer in women\\u2019s running and athletic fashion&mdash;had a mature brand that needed an infusion of new energy. Turnstyle worked with the Oiselle team to establish an updated identity system and then applied it to a huge range of customer touch points, coordinated to deliver, install and deploy in concert with their store opening in Seattle\\u2019s University Village in the summer of 2015.&nbsp;<\\/p>\",\"10\":{\"137\":{\"type\":\"largeImage\",\"enabled\":\"1\",\"fields\":{\"image\":[\"136\"],\"layoutOptions\":\"framed\",\"verticalSpacingLevel\":\"vertical-spacing-1\"}}},\"6\":\"Brand Identity System\",\"5\":[\"135\"]}}', '2016-11-15 21:34:10', '2016-11-15 21:34:10', 'e3ff97b8-d817-4056-8fd0-41ec89ae3020'),
 ('220', '16', '3', '46', 'en_us', '24', '', '{\"typeId\":\"3\",\"authorId\":\"1\",\"title\":\"Oiselle\",\"slug\":\"oiselle-identity\",\"postDate\":1476391140,\"expiryDate\":null,\"enabled\":1,\"parentId\":null,\"fields\":{\"14\":\"\",\"3\":[\"10\",\"11\",\"12\",\"14\"],\"29\":\"#efefef\",\"9\":\"AN\\r\\nINFUSION\\r\\nOF\\r\\nNEW\\r\\nENERGY\",\"7\":[\"40\"],\"4\":\"#ff5822\",\"8\":\"<p class=\\\"large\\\">As they prepared to open their first bricks and mortar store, Oiselle&mdash;a pioneer in women\\u2019s running and athletic fashion&mdash;had a mature brand that needed an infusion of new energy. Turnstyle worked with the Oiselle team to establish an updated identity system and then applied it to a huge range of customer touch points, coordinated to deliver, install and deploy in concert with their store opening in Seattle\\u2019s University Village in the summer of 2015.&nbsp;<\\/p>\",\"10\":{\"137\":{\"type\":\"largeImage\",\"enabled\":\"1\",\"fields\":{\"image\":[\"136\"],\"layoutOptions\":\"framed\",\"verticalSpacingLevel\":\"vertical-spacing-1\"}},\"new1\":{\"type\":\"largeImage\",\"enabled\":\"1\",\"fields\":{\"image\":[\"136\"],\"layoutOptions\":\"framed\",\"verticalSpacingLevel\":\"vertical-spacing-1\"}}},\"6\":\"Brand Identity System\",\"5\":[\"135\"]}}', '2016-11-15 21:36:41', '2016-11-15 21:36:41', 'a201b4c9-7cfa-412e-9e97-95eaa1316b4b'),
 ('221', '16', '3', '46', 'en_us', '25', '', '{\"typeId\":\"3\",\"authorId\":\"1\",\"title\":\"Oiselle\",\"slug\":\"oiselle-identity\",\"postDate\":1476391140,\"expiryDate\":null,\"enabled\":1,\"parentId\":null,\"fields\":{\"14\":\"\",\"3\":[\"10\",\"11\",\"12\",\"14\"],\"29\":\"#efefef\",\"9\":\"AN\\r\\nINFUSION\\r\\nOF\\r\\nNEW\\r\\nENERGY\",\"7\":[\"40\"],\"4\":\"#ff5822\",\"8\":\"<p class=\\\"large\\\">As they prepared to open their first bricks and mortar store, Oiselle&mdash;a pioneer in women\\u2019s running and athletic fashion&mdash;had a mature brand that needed an infusion of new energy. Turnstyle worked with the Oiselle team to establish an updated identity system and then applied it to a huge range of customer touch points, coordinated to deliver, install and deploy in concert with their store opening in Seattle\\u2019s University Village in the summer of 2015.&nbsp;<\\/p>\",\"10\":{\"137\":{\"type\":\"largeImage\",\"enabled\":\"1\",\"fields\":{\"image\":[\"136\"],\"layoutOptions\":\"framed\",\"verticalSpacingLevel\":\"vertical-spacing-0\"}},\"140\":{\"type\":\"largeImage\",\"enabled\":\"1\",\"fields\":{\"image\":[\"136\"],\"layoutOptions\":\"framed\",\"verticalSpacingLevel\":\"vertical-spacing-1\"}}},\"6\":\"Brand Identity System\",\"5\":[\"135\"]}}', '2016-11-15 21:37:12', '2016-11-15 21:37:12', '7caee4c8-7544-493f-aabf-1c842a95afbe'),
 ('222', '16', '3', '46', 'en_us', '26', '', '{\"typeId\":\"3\",\"authorId\":\"1\",\"title\":\"Oiselle\",\"slug\":\"oiselle-identity\",\"postDate\":1476391140,\"expiryDate\":null,\"enabled\":1,\"parentId\":null,\"fields\":{\"14\":\"\",\"3\":[\"10\",\"11\",\"12\",\"14\"],\"29\":\"#efefef\",\"9\":\"AN\\r\\nINFUSION\\r\\nOF\\r\\nNEW\\r\\nENERGY\",\"7\":[\"40\"],\"4\":\"#ff5822\",\"8\":\"<p class=\\\"large\\\">As they prepared to open their first bricks and mortar store, Oiselle&mdash;a pioneer in women\\u2019s running and athletic fashion&mdash;had a mature brand that needed an infusion of new energy. Turnstyle worked with the Oiselle team to establish an updated identity system and then applied it to a huge range of customer touch points, coordinated to deliver, install and deploy in concert with their store opening in Seattle\\u2019s University Village in the summer of 2015.&nbsp;<\\/p>\",\"10\":{\"137\":{\"type\":\"largeImage\",\"enabled\":\"1\",\"fields\":{\"image\":[\"136\"],\"layoutOptions\":\"framed\",\"verticalSpacingLevel\":\"vertical-spacing-0\"}},\"140\":{\"type\":\"largeImage\",\"enabled\":\"1\",\"fields\":{\"image\":[\"136\"],\"layoutOptions\":\"framed\",\"verticalSpacingLevel\":\"vertical-spacing-1\"}},\"new1\":{\"type\":\"insetImage\",\"enabled\":\"1\",\"fields\":{\"image\":[\"136\"],\"imageWidth\":\"50\",\"verticalSpacingLevel\":\"vertical-spacing-2\",\"backgroundColor\":\"#000000\"}},\"new2\":{\"type\":\"imageWithDescription\",\"enabled\":\"1\",\"fields\":{\"position\":\"left\",\"image\":[\"136\"],\"imageWidth\":\"50\",\"description\":\"<p class=\\\"large\\\">Donec id elit non mi porta gravida at eget metus. Duis mollis, est non commodo luctus, nisi erat porttitor ligula, eget lacinia odio sem nec elit. Maecenas sed diam eget risus varius blandit sit amet non magna. Morbi leo risus, porta ac consectetur ac, vestibulum at eros.<\\/p>\",\"verticalSpacingLevel\":\"vertical-spacing-2\",\"backgroundColor\":\"#afafaf\"}}},\"6\":\"Brand Identity System\",\"5\":[\"135\"]}}', '2016-11-15 21:49:27', '2016-11-15 21:49:27', '8f456e5a-8583-48da-8f29-8d94b901a0ef'),
 ('223', '16', '3', '46', 'en_us', '27', '', '{\"typeId\":\"3\",\"authorId\":\"1\",\"title\":\"Oiselle\",\"slug\":\"oiselle-identity\",\"postDate\":1476391140,\"expiryDate\":null,\"enabled\":1,\"parentId\":null,\"fields\":{\"14\":\"\",\"3\":[\"10\",\"11\",\"12\",\"14\"],\"29\":\"#efefef\",\"9\":\"AN\\r\\nINFUSION\\r\\nOF\\r\\nNEW\\r\\nENERGY\",\"7\":[\"40\"],\"4\":\"#ff5822\",\"8\":\"<p class=\\\"large\\\">As they prepared to open their first bricks and mortar store, Oiselle&mdash;a pioneer in women\\u2019s running and athletic fashion&mdash;had a mature brand that needed an infusion of new energy. Turnstyle worked with the Oiselle team to establish an updated identity system and then applied it to a huge range of customer touch points, coordinated to deliver, install and deploy in concert with their store opening in Seattle\\u2019s University Village in the summer of 2015.&nbsp;<\\/p>\",\"10\":{\"137\":{\"type\":\"largeImage\",\"enabled\":\"1\",\"fields\":{\"image\":[\"136\"],\"layoutOptions\":\"framed\",\"verticalSpacingLevel\":\"vertical-spacing-0\"}},\"140\":{\"type\":\"largeImage\",\"enabled\":\"1\",\"fields\":{\"image\":[\"136\"],\"layoutOptions\":\"framed\",\"verticalSpacingLevel\":\"vertical-spacing-1\"}},\"141\":{\"type\":\"insetImage\",\"enabled\":\"1\",\"fields\":{\"image\":[\"136\"],\"imageWidth\":\"50\",\"verticalSpacingLevel\":\"vertical-spacing-2\",\"backgroundColor\":\"#000000\"}},\"142\":{\"type\":\"imageWithDescription\",\"enabled\":\"1\",\"fields\":{\"position\":\"left\",\"image\":[\"136\"],\"imageWidth\":\"100\",\"description\":\"<p class=\\\"large\\\">Donec id elit non mi porta gravida at eget metus. Duis mollis, est non commodo luctus, nisi erat porttitor ligula, eget lacinia odio sem nec elit. Maecenas sed diam eget risus varius blandit sit amet non magna. Morbi leo risus, porta ac consectetur ac, vestibulum at eros.<\\/p>\",\"verticalSpacingLevel\":\"vertical-spacing-2\",\"backgroundColor\":\"#afafaf\"}},\"new1\":{\"type\":\"twoUpImages\",\"enabled\":\"1\",\"fields\":{\"leftImage\":[\"136\"],\"rightImage\":[\"136\"],\"verticalSpacingLevel\":\"vertical-spacing-0\"}},\"new2\":{\"type\":\"centeredText\",\"enabled\":\"1\",\"fields\":{\"text\":\"<p class=\\\"large\\\">Donec id elit non mi porta gravida at eget metus. Duis mollis, est non commodo luctus, nisi erat porttitor ligula, eget lacinia odio sem nec elit. Maecenas sed diam eget risus varius blandit sit amet non magna. Morbi leo risus, porta ac consectetur ac, vestibulum at eros.<\\/p>\\r\\n\\r\\n<p class=\\\"large\\\"><\\/p>\",\"verticalSpacingLevel\":\"vertical-spacing-4\",\"backgroundColor\":\"#efefef\"}}},\"6\":\"Brand Identity System\",\"5\":[\"135\"]}}', '2016-11-15 21:53:03', '2016-11-15 21:53:03', '44d622e2-7d37-4100-ac3a-5db3be5973f3'),
 ('224', '16', '3', '46', 'en_us', '28', '', '{\"typeId\":\"3\",\"authorId\":\"1\",\"title\":\"Oiselle\",\"slug\":\"oiselle-identity\",\"postDate\":1476391140,\"expiryDate\":null,\"enabled\":1,\"parentId\":null,\"fields\":{\"14\":\"\",\"3\":[\"10\",\"11\",\"12\",\"14\"],\"29\":\"#efefef\",\"9\":\"AN\\r\\nINFUSION\\r\\nOF\\r\\nNEW\\r\\nENERGY\",\"7\":[\"40\"],\"4\":\"#ff5822\",\"8\":\"<p class=\\\"large\\\">As they prepared to open their first bricks and mortar store, Oiselle&mdash;a pioneer in women\\u2019s running and athletic fashion&mdash;had a mature brand that needed an infusion of new energy. Turnstyle worked with the Oiselle team to establish an updated identity system and then applied it to a huge range of customer touch points, coordinated to deliver, install and deploy in concert with their store opening in Seattle\\u2019s University Village in the summer of 2015.&nbsp;<\\/p>\",\"10\":{\"137\":{\"type\":\"largeImage\",\"enabled\":\"1\",\"fields\":{\"image\":[\"136\"],\"layoutOptions\":\"framed\",\"verticalSpacingLevel\":\"vertical-spacing-0\"}},\"140\":{\"type\":\"largeImage\",\"enabled\":\"1\",\"fields\":{\"image\":[\"136\"],\"layoutOptions\":\"framed\",\"verticalSpacingLevel\":\"vertical-spacing-1\"}},\"141\":{\"type\":\"insetImage\",\"enabled\":\"1\",\"fields\":{\"image\":[\"136\"],\"imageWidth\":\"50\",\"verticalSpacingLevel\":\"vertical-spacing-2\",\"backgroundColor\":\"#000000\"}},\"142\":{\"type\":\"imageWithDescription\",\"enabled\":\"1\",\"fields\":{\"position\":\"left\",\"image\":[\"136\"],\"imageWidth\":\"100\",\"description\":\"<p class=\\\"large\\\">Donec id elit non mi porta gravida at eget metus. Duis mollis, est non commodo luctus, nisi erat porttitor ligula, eget lacinia odio sem nec elit. Maecenas sed diam eget risus varius blandit sit amet non magna. Morbi leo risus, porta ac consectetur ac, vestibulum at eros.<\\/p>\",\"verticalSpacingLevel\":\"vertical-spacing-2\",\"backgroundColor\":\"#afafaf\"}},\"143\":{\"type\":\"twoUpImages\",\"enabled\":\"1\",\"fields\":{\"leftImage\":[\"136\"],\"rightImage\":[\"136\"],\"verticalSpacingLevel\":\"vertical-spacing-4\"}},\"144\":{\"type\":\"centeredText\",\"enabled\":\"1\",\"fields\":{\"text\":\"<p class=\\\"large\\\">Donec id elit non mi porta gravida at eget metus. Duis mollis, est non commodo luctus, nisi erat porttitor ligula, eget lacinia odio sem nec elit. Maecenas sed diam eget risus varius blandit sit amet non magna. Morbi leo risus, porta ac consectetur ac, vestibulum at eros.<\\/p>\\r\\n\\r\\n<p class=\\\"large\\\"><\\/p>\",\"verticalSpacingLevel\":\"vertical-spacing-4\",\"backgroundColor\":\"#efefef\"}}},\"6\":\"Brand Identity System\",\"5\":[\"135\"]}}', '2016-11-15 21:53:49', '2016-11-15 21:53:49', 'bd1ce34e-dcd7-447b-8514-06370d68953d'),
 ('225', '16', '3', '46', 'en_us', '29', '', '{\"typeId\":\"3\",\"authorId\":\"1\",\"title\":\"Oiselle\",\"slug\":\"oiselle-identity\",\"postDate\":1476391140,\"expiryDate\":null,\"enabled\":1,\"parentId\":null,\"fields\":{\"14\":\"\",\"3\":[\"10\",\"11\",\"12\",\"14\"],\"29\":\"#efefef\",\"9\":\"AN\\r\\nINFUSION\\r\\nOF\\r\\nNEW\\r\\nENERGY\",\"7\":[\"40\"],\"4\":\"#ff5822\",\"8\":\"<p class=\\\"large\\\">As they prepared to open their first bricks and mortar store, Oiselle&mdash;a pioneer in women\\u2019s running and athletic fashion&mdash;had a mature brand that needed an infusion of new energy. Turnstyle worked with the Oiselle team to establish an updated identity system and then applied it to a huge range of customer touch points, coordinated to deliver, install and deploy in concert with their store opening in Seattle\\u2019s University Village in the summer of 2015.&nbsp;<\\/p>\",\"10\":{\"137\":{\"type\":\"largeImage\",\"enabled\":\"1\",\"fields\":{\"image\":[\"136\"],\"layoutOptions\":\"framed\",\"verticalSpacingLevel\":\"vertical-spacing-0\"}},\"140\":{\"type\":\"largeImage\",\"enabled\":\"1\",\"fields\":{\"image\":[\"136\"],\"layoutOptions\":\"framed\",\"verticalSpacingLevel\":\"vertical-spacing-1\"}},\"141\":{\"type\":\"insetImage\",\"enabled\":\"1\",\"fields\":{\"image\":[\"136\"],\"imageWidth\":\"50\",\"verticalSpacingLevel\":\"vertical-spacing-2\",\"backgroundColor\":\"#000000\"}},\"142\":{\"type\":\"imageWithDescription\",\"enabled\":\"1\",\"fields\":{\"position\":\"left\",\"image\":[\"136\"],\"imageWidth\":\"75\",\"description\":\"<p class=\\\"large\\\">Donec id elit non mi porta gravida at eget metus. Duis mollis, est non commodo luctus, nisi erat porttitor ligula, eget lacinia odio sem nec elit. Maecenas sed diam eget risus varius blandit sit amet non magna. Morbi leo risus, porta ac consectetur ac, vestibulum at eros.<\\/p>\",\"verticalSpacingLevel\":\"vertical-spacing-2\",\"backgroundColor\":\"#afafaf\"}},\"143\":{\"type\":\"twoUpImages\",\"enabled\":\"1\",\"fields\":{\"leftImage\":[\"136\"],\"rightImage\":[\"136\"],\"verticalSpacingLevel\":\"vertical-spacing-4\"}},\"144\":{\"type\":\"centeredText\",\"enabled\":\"1\",\"fields\":{\"text\":\"<p class=\\\"large\\\">Donec id elit non mi porta gravida at eget metus. Duis mollis, est non commodo luctus, nisi erat porttitor ligula, eget lacinia odio sem nec elit. Maecenas sed diam eget risus varius blandit sit amet non magna. Morbi leo risus, porta ac consectetur ac, vestibulum at eros.<\\/p>\\r\\n\\r\\n<p class=\\\"large\\\"><\\/p>\",\"verticalSpacingLevel\":\"vertical-spacing-4\",\"backgroundColor\":\"#efefef\"}}},\"6\":\"Brand Identity System\",\"5\":[\"135\"]}}', '2016-11-15 21:55:25', '2016-11-15 21:55:25', 'e8abc519-063f-495b-bf58-b89f08401a65');
INSERT INTO `craft_entryversions` (`id`, `entryId`, `sectionId`, `creatorId`, `locale`, `num`, `notes`, `data`, `dateCreated`, `dateUpdated`, `uid`) VALUES
 ('226', '16', '3', '46', 'en_us', '30', '', '{\"typeId\":\"3\",\"authorId\":\"1\",\"title\":\"Oiselle\",\"slug\":\"oiselle-identity\",\"postDate\":1476391140,\"expiryDate\":null,\"enabled\":1,\"parentId\":null,\"fields\":{\"14\":\"\",\"3\":[\"10\",\"11\",\"12\",\"14\"],\"29\":\"#efefef\",\"9\":\"AN\\r\\nINFUSION\\r\\nOF\\r\\nNEW\\r\\nENERGY\",\"7\":[\"40\"],\"4\":\"#ff5822\",\"8\":\"<p class=\\\"large\\\">As they prepared to open their first bricks and mortar store, Oiselle&mdash;a pioneer in women\\u2019s running and athletic fashion&mdash;had a mature brand that needed an infusion of new energy. Turnstyle worked with the Oiselle team to establish an updated identity system and then applied it to a huge range of customer touch points, coordinated to deliver, install and deploy in concert with their store opening in Seattle\\u2019s University Village in the summer of 2015.&nbsp;<\\/p>\",\"10\":{\"137\":{\"type\":\"largeImage\",\"enabled\":\"1\",\"fields\":{\"image\":[\"136\"],\"layoutOptions\":\"framed\",\"verticalSpacingLevel\":\"vertical-spacing-0\"}},\"140\":{\"type\":\"largeImage\",\"enabled\":\"1\",\"fields\":{\"image\":[\"136\"],\"layoutOptions\":\"framed\",\"verticalSpacingLevel\":\"vertical-spacing-1\"}},\"141\":{\"type\":\"insetImage\",\"enabled\":\"1\",\"fields\":{\"image\":[\"136\"],\"imageWidth\":\"50\",\"verticalSpacingLevel\":\"vertical-spacing-2\",\"backgroundColor\":\"#000000\"}},\"142\":{\"type\":\"imageWithDescription\",\"enabled\":\"1\",\"fields\":{\"position\":\"right\",\"image\":[\"136\"],\"imageWidth\":\"100\",\"description\":\"<p class=\\\"large\\\">Donec id elit non mi porta gravida at eget metus. Duis mollis, est non commodo luctus, nisi erat porttitor ligula, eget lacinia odio sem nec elit. Maecenas sed diam eget risus varius blandit sit amet non magna. Morbi leo risus, porta ac consectetur ac, vestibulum at eros.<\\/p>\",\"verticalSpacingLevel\":\"vertical-spacing-2\",\"backgroundColor\":\"#afafaf\"}},\"143\":{\"type\":\"twoUpImages\",\"enabled\":\"1\",\"fields\":{\"leftImage\":[\"136\"],\"rightImage\":[\"136\"],\"verticalSpacingLevel\":\"vertical-spacing-4\"}},\"144\":{\"type\":\"centeredText\",\"enabled\":\"1\",\"fields\":{\"text\":\"<p class=\\\"large\\\">Donec id elit non mi porta gravida at eget metus. Duis mollis, est non commodo luctus, nisi erat porttitor ligula, eget lacinia odio sem nec elit. Maecenas sed diam eget risus varius blandit sit amet non magna. Morbi leo risus, porta ac consectetur ac, vestibulum at eros.<\\/p>\\r\\n\\r\\n<p class=\\\"large\\\"><\\/p>\",\"verticalSpacingLevel\":\"vertical-spacing-4\",\"backgroundColor\":\"#efefef\"}}},\"6\":\"Brand Identity System\",\"5\":[\"135\"]}}', '2016-11-15 21:56:11', '2016-11-15 21:56:11', '2167a474-44c9-4e84-88d3-a8e14576493e'),
 ('227', '16', '3', '46', 'en_us', '31', '', '{\"typeId\":\"3\",\"authorId\":\"1\",\"title\":\"Oiselle\",\"slug\":\"oiselle-identity\",\"postDate\":1476391140,\"expiryDate\":null,\"enabled\":1,\"parentId\":null,\"fields\":{\"14\":\"\",\"3\":[\"10\",\"11\",\"12\",\"14\"],\"29\":\"#efefef\",\"9\":\"AN\\r\\nINFUSION\\r\\nOF\\r\\nNEW\\r\\nENERGY\",\"7\":[\"40\"],\"4\":\"#ff5822\",\"8\":\"<p class=\\\"large\\\">As they prepared to open their first bricks and mortar store, Oiselle&mdash;a pioneer in women\\u2019s running and athletic fashion&mdash;had a mature brand that needed an infusion of new energy. Turnstyle worked with the Oiselle team to establish an updated identity system and then applied it to a huge range of customer touch points, coordinated to deliver, install and deploy in concert with their store opening in Seattle\\u2019s University Village in the summer of 2015.&nbsp;<\\/p>\",\"10\":{\"137\":{\"type\":\"largeImage\",\"enabled\":\"1\",\"fields\":{\"image\":[\"136\"],\"layoutOptions\":\"framed\",\"verticalSpacingLevel\":\"vertical-spacing-0\"}},\"140\":{\"type\":\"largeImage\",\"enabled\":\"1\",\"fields\":{\"image\":[\"136\"],\"layoutOptions\":\"framed\",\"verticalSpacingLevel\":\"vertical-spacing-1\"}},\"141\":{\"type\":\"insetImage\",\"enabled\":\"1\",\"fields\":{\"image\":[\"136\"],\"imageWidth\":\"50\",\"verticalSpacingLevel\":\"vertical-spacing-2\",\"backgroundColor\":\"#000000\"}},\"142\":{\"type\":\"imageWithDescription\",\"enabled\":\"1\",\"fields\":{\"position\":\"right\",\"image\":[\"136\"],\"imageWidth\":\"100\",\"description\":\"<p class=\\\"large\\\">Donec id elit non mi porta gravida at eget metus. Duis mollis, est non commodo luctus, nisi erat porttitor ligula, eget lacinia odio sem nec elit. Maecenas sed diam eget risus varius blandit sit amet non magna. Morbi leo risus, porta ac consectetur ac, vestibulum at eros.<\\/p>\",\"verticalSpacingLevel\":\"vertical-spacing-2\",\"backgroundColor\":\"#afafaf\"}},\"143\":{\"type\":\"twoUpImages\",\"enabled\":\"1\",\"fields\":{\"leftImage\":[\"136\"],\"rightImage\":[\"136\"],\"verticalSpacingLevel\":\"vertical-spacing-4\"}},\"144\":{\"type\":\"centeredText\",\"enabled\":\"1\",\"fields\":{\"text\":\"<p class=\\\"large\\\">Donec id elit non mi porta gravida at eget metus. Duis mollis, est non commodo luctus, nisi erat porttitor ligula, eget lacinia odio sem nec elit. Maecenas sed diam eget risus varius blandit sit amet non magna. Morbi leo risus, porta ac consectetur ac, vestibulum at eros.<\\/p>\\r\\n\\r\\n<p class=\\\"large\\\"><\\/p>\",\"verticalSpacingLevel\":\"vertical-spacing-4\",\"backgroundColor\":\"#efefef\"}},\"new1\":{\"type\":\"imageWithDescription\",\"enabled\":\"1\",\"fields\":{\"position\":\"left\",\"image\":[\"136\"],\"imageWidth\":\"50\",\"description\":\"<p class=\\\"large\\\">Donec id elit non mi porta gravida at eget metus. Duis mollis, est non commodo luctus, nisi erat porttitor ligula, eget lacinia odio sem nec elit. Maecenas sed diam eget risus varius blandit sit amet non magna. Morbi leo risus, porta ac consectetur ac, vestibulum at eros.<\\/p>\\r\\n\\r\\n<p class=\\\"large\\\"><\\/p>\",\"verticalSpacingLevel\":\"vertical-spacing-2\",\"backgroundColor\":\"#000000\"}}},\"6\":\"Brand Identity System\",\"5\":[\"135\"]}}', '2016-11-15 22:35:27', '2016-11-15 22:35:27', '529bb8b5-bf08-4cec-9b0e-63bb3b6b69da'),
 ('228', '16', '3', '46', 'en_us', '32', '', '{\"typeId\":\"3\",\"authorId\":\"1\",\"title\":\"Oiselle\",\"slug\":\"oiselle-identity\",\"postDate\":1476391140,\"expiryDate\":null,\"enabled\":1,\"parentId\":null,\"fields\":{\"14\":\"\",\"3\":[\"10\",\"11\",\"12\",\"14\"],\"29\":\"#efefef\",\"9\":\"AN\\r\\nINFUSION\\r\\nOF\\r\\nNEW\\r\\nENERGY\",\"7\":[\"40\"],\"4\":\"#ff5822\",\"8\":\"<p class=\\\"large\\\">As they prepared to open their first bricks and mortar store, Oiselle&mdash;a pioneer in women\\u2019s running and athletic fashion&mdash;had a mature brand that needed an infusion of new energy. Turnstyle worked with the Oiselle team to establish an updated identity system and then applied it to a huge range of customer touch points, coordinated to deliver, install and deploy in concert with their store opening in Seattle\\u2019s University Village in the summer of 2015.&nbsp;<\\/p>\",\"10\":{\"137\":{\"type\":\"largeImage\",\"enabled\":\"1\",\"fields\":{\"image\":[\"136\"],\"layoutOptions\":\"framed\",\"verticalSpacingLevel\":\"vertical-spacing-0\"}},\"140\":{\"type\":\"largeImage\",\"enabled\":\"1\",\"fields\":{\"image\":[\"136\"],\"layoutOptions\":\"framed\",\"verticalSpacingLevel\":\"vertical-spacing-1\"}},\"141\":{\"type\":\"insetImage\",\"enabled\":\"1\",\"fields\":{\"image\":[\"136\"],\"imageWidth\":\"50\",\"verticalSpacingLevel\":\"vertical-spacing-2\",\"backgroundColor\":\"#000000\"}},\"142\":{\"type\":\"imageWithDescription\",\"enabled\":\"1\",\"fields\":{\"position\":\"right\",\"image\":[\"136\"],\"imageWidth\":\"100\",\"description\":\"<p class=\\\"large\\\">Donec id elit non mi porta gravida at eget metus. Duis mollis, est non commodo luctus, nisi erat porttitor ligula, eget lacinia odio sem nec elit. Maecenas sed diam eget risus varius blandit sit amet non magna. Morbi leo risus, porta ac consectetur ac, vestibulum at eros.<\\/p>\",\"verticalSpacingLevel\":\"vertical-spacing-2\",\"backgroundColor\":\"#afafaf\"}},\"143\":{\"type\":\"twoUpImages\",\"enabled\":\"1\",\"fields\":{\"leftImage\":[\"136\"],\"rightImage\":[\"136\"],\"verticalSpacingLevel\":\"vertical-spacing-4\"}},\"144\":{\"type\":\"centeredText\",\"enabled\":\"1\",\"fields\":{\"text\":\"<p class=\\\"large\\\">Donec id elit non mi porta gravida at eget metus. Duis mollis, est non commodo luctus, nisi erat porttitor ligula, eget lacinia odio sem nec elit. Maecenas sed diam eget risus varius blandit sit amet non magna. Morbi leo risus, porta ac consectetur ac, vestibulum at eros.<\\/p>\\r\\n\\r\\n<p class=\\\"large\\\"><\\/p>\",\"verticalSpacingLevel\":\"vertical-spacing-4\",\"backgroundColor\":\"#efefef\"}},\"145\":{\"type\":\"imageWithDescription\",\"enabled\":\"1\",\"fields\":{\"position\":\"left\",\"image\":[\"136\"],\"imageWidth\":\"50\",\"description\":\"<p class=\\\"large\\\">Donec id elit non mi porta gravida at eget metus. Duis mollis, est non commodo luctus, nisi erat porttitor ligula, eget lacinia odio sem nec elit. Maecenas sed diam eget risus varius blandit sit amet non magna. Morbi leo risus, porta ac consectetur ac, vestibulum at eros.<\\/p>\\r\\n\\r\\n<p class=\\\"large\\\"><\\/p>\",\"verticalSpacingLevel\":\"vertical-spacing-2\",\"backgroundColor\":\"#ff5822\"}}},\"6\":\"Brand Identity System\",\"5\":[\"135\"]}}', '2016-11-15 22:36:11', '2016-11-15 22:36:11', 'bc74e042-8c09-4a05-869e-838baf4f5ccf'),
 ('229', '16', '3', '1', 'en_us', '33', '', '{\"typeId\":\"3\",\"authorId\":\"1\",\"title\":\"Oiselle\",\"slug\":\"oiselle-identity\",\"postDate\":1476391140,\"expiryDate\":null,\"enabled\":1,\"parentId\":null,\"fields\":{\"14\":\"\",\"3\":[\"10\",\"11\",\"12\",\"14\"],\"29\":\"#efefef\",\"9\":\"AN\\r\\nINFUSION\\r\\nOF\\r\\nNEW\\r\\nENERGY\",\"7\":[\"40\"],\"4\":\"#ff5822\",\"8\":\"<p class=\\\"large\\\">As they prepared to open their first bricks and mortar store, Oiselle&mdash;a pioneer in women\\u2019s running and athletic fashion&mdash;had a mature brand that needed an infusion of new energy. Turnstyle worked with the Oiselle team to establish an updated identity system and then applied it to a huge range of customer touch points, coordinated to deliver, install and deploy in concert with their store opening in Seattle\\u2019s University Village in the summer of 2015.<\\/p>\",\"10\":{\"137\":{\"type\":\"largeImage\",\"enabled\":\"1\",\"fields\":{\"image\":[\"136\"],\"layoutOptions\":\"framed\",\"verticalSpacingLevel\":\"vertical-spacing-0\"}},\"140\":{\"type\":\"largeImage\",\"enabled\":\"1\",\"fields\":{\"image\":[\"136\"],\"layoutOptions\":\"framed\",\"verticalSpacingLevel\":\"vertical-spacing-1\"}},\"141\":{\"type\":\"insetImage\",\"enabled\":\"1\",\"fields\":{\"image\":[\"136\"],\"imageWidth\":\"50\",\"verticalSpacingLevel\":\"vertical-spacing-2\",\"backgroundColor\":\"#000000\"}},\"142\":{\"type\":\"imageWithDescription\",\"enabled\":\"1\",\"fields\":{\"position\":\"right\",\"image\":[\"136\"],\"imageWidth\":\"100\",\"description\":\"<p class=\\\"large\\\">Donec id elit non mi porta gravida at eget metus. Duis mollis, est non commodo luctus, nisi erat porttitor ligula, eget lacinia odio sem nec elit. Maecenas sed diam eget risus varius blandit sit amet non magna. Morbi leo risus, porta ac consectetur ac, vestibulum at eros.<\\/p>\",\"verticalSpacingLevel\":\"vertical-spacing-2\",\"backgroundColor\":\"#afafaf\"}},\"143\":{\"type\":\"twoUpImages\",\"enabled\":\"1\",\"fields\":{\"leftImage\":[\"136\"],\"rightImage\":[\"136\"],\"verticalSpacingLevel\":\"vertical-spacing-4\"}},\"144\":{\"type\":\"centeredText\",\"enabled\":\"1\",\"fields\":{\"text\":\"<p class=\\\"large\\\">Donec id elit non mi porta gravida at eget metus. Duis mollis, est non commodo luctus, nisi erat porttitor ligula, eget lacinia odio sem nec elit. Maecenas sed diam eget risus varius blandit sit amet non magna. Morbi leo risus, porta ac consectetur ac, vestibulum at eros.<\\/p>\\r\\n\\r\\n<p class=\\\"large\\\"><\\/p>\",\"verticalSpacingLevel\":\"vertical-spacing-4\",\"backgroundColor\":\"#efefef\"}},\"145\":{\"type\":\"imageWithDescription\",\"enabled\":\"1\",\"fields\":{\"position\":\"left\",\"image\":[\"136\"],\"imageWidth\":\"50\",\"description\":\"<p class=\\\"large\\\">Donec id elit non mi porta gravida at eget metus. Duis mollis, est non commodo luctus, nisi erat porttitor ligula, eget lacinia odio sem nec elit. Maecenas sed diam eget risus varius blandit sit amet non magna. Morbi leo risus, porta ac consectetur ac, vestibulum at eros.<\\/p>\\r\\n\\r\\n<p class=\\\"large\\\"><\\/p>\",\"verticalSpacingLevel\":\"vertical-spacing-2\",\"backgroundColor\":\"#ff5822\"}}},\"6\":\"Brand Identity System\",\"5\":[\"135\"]}}', '2016-11-15 23:10:26', '2016-11-15 23:10:26', '7c3ad52f-494f-454e-bdc8-dd6ff25f6aec'),
 ('230', '101', '10', '46', 'en_us', '18', '', '{\"typeId\":\"11\",\"authorId\":null,\"title\":\"Studio\",\"slug\":\"studio\",\"postDate\":1478129954,\"expiryDate\":null,\"enabled\":1,\"parentId\":null,\"fields\":{\"48\":{\"102\":{\"type\":\"1\",\"fields\":{\"backgroundImage\":[\"97\"],\"backgroundColor\":\"#000000\",\"linkUrl\":\"\\/contact\",\"header\":\"Drop \\r\\nus \\r\\na \\r\\nline\",\"subtext\":\"Contact Us\",\"fontColor\":\"#efefef\"}}},\"45\":\"<p class=\\\"large\\\">Born in 2004<\\/p>\",\"46\":\"<p class=\\\"large\\\">We are a full-service creative agency with offices in Seattle and Portland. A dedicated team of designers, strategists, developers and account specialists, we create highly-crafted brand experiences that clarify purpose, encourage action, and inspire brand loyalty. We\\u2019d love to get to know you and help tell your story.&nbsp;<\\/p>\",\"10\":{\"103\":{\"type\":\"carousel\",\"enabled\":\"1\",\"fields\":{\"images\":[\"48\",\"49\",\"50\"],\"verticalSpacingLevel\":\"vertical-spacing-2\"}},\"104\":{\"type\":\"twoColumnContent\",\"enabled\":\"1\",\"fields\":{\"backgroundColor\":\"#000000\",\"leftColumn\":\"<p class=\\\"h3 med\\\"><span class=\\\"white\\\">STYLE<br>IS A<br>SIMPLE<br>WAY<br>OF<br>SAYING<br>COMPLEX<br>THINGS<br><\\/span><span class=\\\"blue white\\\">&mdash;JEAN<br>COCTEAU<\\/span><\\/p>\",\"rightColumn\":\"<p><img src=\\\"http:\\/\\/turnstyle.studio\\/_ui\\/img\\/cta\\/t-01.gif#asset:154\\\"><\\/p>\",\"verticalSpacingLevel\":\"vertical-spacing-2\"}},\"105\":{\"type\":\"twoColumnContent\",\"enabled\":\"1\",\"fields\":{\"backgroundColor\":\"#000000\",\"leftColumn\":\"<p class=\\\"large\\\"><span class=\\\"white\\\">Style is Not a&nbsp;<br>4-letter Word<\\/span><\\/p>\",\"rightColumn\":\"<p class=\\\"large\\\"><span class=\\\"white\\\">In our experience, the brands that are the most magnetic are those which project distinct, memorable and charismatic personalities. These brands place equal emphasis on what they say and how they say it. Some design purists might say that style is merely artificial decoration that should be avoided in favor of logic&mdash;\\u201cform follows function\\u201d and all that. Don\\u2019t get us wrong, we\\u2019re not proponents of style for its own sake, or as ornament applied after an idea has already been defined. Rather, we employ style as an integral and strategic component of our brand-development process. At its best, style can be that magical something about a company or product that pulls people in and transcends the logical. So, to us, style is not a 4-letter word. On the contrary, we embrace it, harnessing its power to cut through the clutter.&nbsp;<\\/span><\\/p>\\r\\n\\r\\n<p class=\\\"large\\\"><span class=\\\"white\\\">And besides, \\u201cstyle\\u201d has five letters.<\\/span><\\/p>\",\"verticalSpacingLevel\":\"vertical-spacing-2\"}},\"106\":{\"type\":\"twoColumnContent\",\"enabled\":\"1\",\"fields\":{\"backgroundColor\":\"#000000\",\"leftColumn\":\"<p class=\\\"large\\\"><span class=\\\"white\\\">We Do<\\/span><\\/p>\",\"rightColumn\":\"<p class=\\\"h2 caps\\\"><a href=\\\"http:\\/\\/turnstyle.studio\\/strategy#entry:55:url\\\">Strategy<\\/a><br><a href=\\\"http:\\/\\/turnstyle.studio\\/identity#entry:56:url\\\">Identity<\\/a><br>Digital<br>Print<br>Packaging<br>Environment<\\/p>\",\"verticalSpacingLevel\":\"vertical-spacing-2\"}},\"107\":{\"type\":\"twoColumnContent\",\"enabled\":\"1\",\"fields\":{\"backgroundColor\":\"#ffffff\",\"leftColumn\":\"<p class=\\\"h3 caps\\\">our<br>clients<br>&<br>industries<\\/p>\\r\\n\\r\\n<p class=\\\"h3 caps\\\"><\\/p>\",\"rightColumn\":\"\",\"verticalSpacingLevel\":\"vertical-spacing-1\"}},\"108\":{\"type\":\"twoColumnContent\",\"enabled\":\"1\",\"fields\":{\"backgroundColor\":\"#ffffff\",\"leftColumn\":\"<p><span class=\\\"gray\\\">Industry<\\/span><\\/p>\\r\\n\\r\\n<p class=\\\"h3 caps\\\">teague<br>nike<br>starbucks<br>microsoft<br>amazon<br>aiga<br>nordstrom<br>teague<br>nike<\\/p>\\r\\n\\r\\n\\r\\n\\r\\n\\r\\n\\r\\n\\r\\n\\r\\n\\r\\n\\r\\n\\r\\n\\r\\n\\r\\n\\r\\n\\r\\n\\r\\n\\r\\n\\r\\n\\r\\n\\r\\n\\r\\n\\r\\n\\r\\n\\r\\n\\r\\n\\r\\n\\r\\n\\r\\n\\r\\n\\r\\n\\r\\n\\r\\n\\r\\n\\r\\n<p><span class=\\\"gray\\\">Industry<\\/span><\\/p>\\r\\n\\r\\n\\r\\n\\r\\n\\r\\n\\r\\n\\r\\n\\r\\n\\r\\n\\r\\n\\r\\n\\r\\n\\r\\n\\r\\n\\r\\n\\r\\n\\r\\n\\r\\n\\r\\n\\r\\n\\r\\n\\r\\n\\r\\n\\r\\n\\r\\n\\r\\n\\r\\n\\r\\n\\r\\n\\r\\n\\r\\n\\r\\n\\r\\n\\r\\n<p class=\\\"h3 caps\\\">starbucks<br>microsoft<br>amazon<\\/p>\\r\\n\\r\\n\\r\\n\\r\\n\\r\\n\\r\\n\\r\\n\\r\\n\\r\\n\\r\\n\\r\\n\\r\\n\\r\\n\\r\\n\\r\\n\\r\\n\\r\\n\\r\\n\\r\\n\\r\\n\\r\\n\\r\\n\\r\\n\\r\\n\\r\\n\\r\\n\\r\\n\\r\\n\\r\\n\\r\\n\\r\\n\\r\\n\\r\\n\\r\\n<p><span class=\\\"gray\\\">Industry<\\/span><\\/p>\\r\\n\\r\\n\\r\\n\\r\\n\\r\\n\\r\\n\\r\\n\\r\\n\\r\\n\\r\\n\\r\\n\\r\\n\\r\\n\\r\\n\\r\\n\\r\\n\\r\\n\\r\\n\\r\\n\\r\\n\\r\\n\\r\\n\\r\\n\\r\\n\\r\\n\\r\\n\\r\\n\\r\\n\\r\\n\\r\\n\\r\\n\\r\\n\\r\\n\\r\\n<p class=\\\"h3 caps\\\">starbucks<br>microsoft<\\/p>\",\"rightColumn\":\"<p>Industry<br><\\/p>\\r\\n\\r\\n<p class=\\\"h3 caps\\\">starbucks<br>microsoft<br>amazon<\\/p>\\r\\n\\r\\n\\r\\n\\r\\n\\r\\n\\r\\n\\r\\n\\r\\n\\r\\n\\r\\n\\r\\n\\r\\n\\r\\n\\r\\n\\r\\n\\r\\n\\r\\n\\r\\n\\r\\n\\r\\n\\r\\n\\r\\n\\r\\n\\r\\n\\r\\n\\r\\n\\r\\n\\r\\n\\r\\n\\r\\n\\r\\n\\r\\n\\r\\n\\r\\n<p><span class=\\\"gray\\\">Industry<\\/span><\\/p>\\r\\n\\r\\n\\r\\n\\r\\n\\r\\n\\r\\n\\r\\n\\r\\n\\r\\n\\r\\n\\r\\n\\r\\n\\r\\n\\r\\n\\r\\n\\r\\n\\r\\n\\r\\n\\r\\n\\r\\n\\r\\n\\r\\n\\r\\n\\r\\n\\r\\n\\r\\n\\r\\n\\r\\n\\r\\n\\r\\n\\r\\n\\r\\n\\r\\n\\r\\n<p class=\\\"h3 caps\\\">teague<br>nike<br>starbucks<br>microsoft<br>amazon<br>aiga<br>nordstrom<br>teague<br>nike<\\/p>\\r\\n\\r\\n\\r\\n\\r\\n\\r\\n\\r\\n\\r\\n\\r\\n\\r\\n\\r\\n\\r\\n\\r\\n\\r\\n\\r\\n\\r\\n\\r\\n\\r\\n\\r\\n\\r\\n\\r\\n\\r\\n\\r\\n\\r\\n\\r\\n\\r\\n\\r\\n\\r\\n\\r\\n\\r\\n\\r\\n\\r\\n\\r\\n\\r\\n\\r\\n<p><span class=\\\"gray\\\"><br><\\/span><\\/p>\\r\\n\\r\\n\\r\\n\\r\\n\\r\\n\\r\\n\\r\\n\\r\\n\\r\\n\\r\\n\\r\\n\\r\\n\\r\\n\\r\\n\\r\\n\\r\\n\\r\\n\\r\\n\\r\\n\\r\\n\\r\\n\\r\\n\\r\\n\\r\\n\\r\\n\\r\\n\\r\\n\\r\\n\\r\\n\\r\\n\\r\\n\\r\\n<p><span class=\\\"gray\\\">Industry<\\/span><\\/p>\\r\\n\\r\\n\\r\\n\\r\\n\\r\\n\\r\\n\\r\\n\\r\\n\\r\\n\\r\\n\\r\\n\\r\\n\\r\\n\\r\\n\\r\\n\\r\\n\\r\\n\\r\\n\\r\\n\\r\\n\\r\\n\\r\\n\\r\\n\\r\\n\\r\\n\\r\\n\\r\\n\\r\\n\\r\\n\\r\\n\\r\\n\\r\\n\\r\\n\\r\\n<p class=\\\"h3 caps\\\">starbucks<br>microsoft<\\/p>\",\"verticalSpacingLevel\":\"vertical-spacing-1\"}}},\"47\":\"<p>08\\/2016 &mdash; IdN Magazine v23n2<\\/p>\\r\\n\\r\\n<p>06\\/2016 &mdash; Communication Arts Design Annual 2016<\\/p>\\r\\n\\r\\n\\r\\n\\r\\n\\r\\n\\r\\n\\r\\n\\r\\n\\r\\n\\r\\n\\r\\n\\r\\n\\r\\n\\r\\n\\r\\n\\r\\n\\r\\n\\r\\n\\r\\n\\r\\n\\r\\n\\r\\n\\r\\n\\r\\n\\r\\n\\r\\n\\r\\n\\r\\n<p>05\\/2016 &mdash; PRINT Magazine Regional Design Annual 2016<\\/p>\\r\\n\\r\\n\\r\\n\\r\\n\\r\\n\\r\\n\\r\\n\\r\\n\\r\\n\\r\\n\\r\\n\\r\\n\\r\\n\\r\\n\\r\\n\\r\\n\\r\\n\\r\\n\\r\\n\\r\\n\\r\\n\\r\\n\\r\\n\\r\\n\\r\\n\\r\\n\\r\\n\\r\\n<p>03\\/2016 &mdash; Communication Arts Design Annual 2015<\\/p>\\r\\n\\r\\n\\r\\n\\r\\n\\r\\n\\r\\n\\r\\n\\r\\n\\r\\n\\r\\n\\r\\n\\r\\n\\r\\n\\r\\n\\r\\n\\r\\n\\r\\n\\r\\n\\r\\n\\r\\n\\r\\n\\r\\n\\r\\n\\r\\n\\r\\n\\r\\n\\r\\n\\r\\n<p>02\\/2016 &mdash; IdN Magazine v23n2<\\/p>\\r\\n\\r\\n\\r\\n\\r\\n\\r\\n\\r\\n\\r\\n\\r\\n\\r\\n\\r\\n\\r\\n\\r\\n\\r\\n\\r\\n\\r\\n\\r\\n\\r\\n\\r\\n\\r\\n\\r\\n\\r\\n\\r\\n\\r\\n\\r\\n\\r\\n\\r\\n\\r\\n\\r\\n<p>12\\/2015 &mdash; Communication Arts Design Annual 2016<\\/p>\\r\\n\\r\\n\\r\\n\\r\\n\\r\\n\\r\\n\\r\\n\\r\\n\\r\\n\\r\\n\\r\\n\\r\\n\\r\\n\\r\\n\\r\\n\\r\\n\\r\\n\\r\\n\\r\\n\\r\\n\\r\\n\\r\\n\\r\\n\\r\\n\\r\\n\\r\\n\\r\\n\\r\\n<p>10\\/2015 &mdash; PRINT Magazine Regional Design Annual 2016<\\/p>\\r\\n\\r\\n\\r\\n\\r\\n\\r\\n\\r\\n\\r\\n\\r\\n\\r\\n\\r\\n\\r\\n\\r\\n\\r\\n\\r\\n\\r\\n\\r\\n\\r\\n\\r\\n\\r\\n\\r\\n\\r\\n\\r\\n\\r\\n\\r\\n\\r\\n\\r\\n\\r\\n\\r\\n<p>10\\/2015 &mdash; Communication Arts Design Annual 2015<\\/p>\\r\\n\\r\\n\\r\\n\\r\\n\\r\\n\\r\\n\\r\\n\\r\\n\\r\\n\\r\\n\\r\\n\\r\\n\\r\\n\\r\\n\\r\\n\\r\\n\\r\\n\\r\\n\\r\\n\\r\\n\\r\\n\\r\\n\\r\\n\\r\\n\\r\\n\\r\\n\\r\\n\\r\\n<p>06\\/2015 &mdash; PRINT Magazine Regional Design Annual 2016<\\/p>\\r\\n\\r\\n\\r\\n\\r\\n\\r\\n\\r\\n\\r\\n\\r\\n\\r\\n\\r\\n\\r\\n\\r\\n\\r\\n\\r\\n\\r\\n\\r\\n\\r\\n\\r\\n\\r\\n\\r\\n\\r\\n\\r\\n\\r\\n\\r\\n\\r\\n\\r\\n\\r\\n\\r\\n<p>02\\/2015 &mdash; Communication Arts Design Annual 2015<\\/p>\",\"44\":\"MEET\\r\\nOUR\\r\\nTALENTED\\r\\nTEAM\"}}', '2016-11-18 23:49:43', '2016-11-18 23:49:43', 'c69ede70-28e9-466a-921e-0d294cb0e28d'),
 ('231', '101', '10', '46', 'en_us', '19', '', '{\"typeId\":\"11\",\"authorId\":null,\"title\":\"Studio\",\"slug\":\"studio\",\"postDate\":1478129954,\"expiryDate\":null,\"enabled\":1,\"parentId\":null,\"fields\":{\"48\":{\"102\":{\"type\":\"1\",\"fields\":{\"backgroundImage\":[\"97\"],\"backgroundColor\":\"#000000\",\"linkUrl\":\"\\/contact\",\"header\":\"Drop \\r\\nus \\r\\na \\r\\nline\",\"subtext\":\"Contact Us\",\"fontColor\":\"#efefef\"}}},\"45\":\"<p class=\\\"large\\\">Born in 2004<\\/p>\",\"46\":\"<p class=\\\"large\\\">We are a full-service creative agency with offices in Seattle and Portland. A dedicated team of designers, strategists, developers and account specialists, we create highly-crafted brand experiences that clarify purpose, encourage action, and inspire brand loyalty. We\\u2019d love to get to know you and help tell your story.&nbsp;<\\/p>\",\"10\":{\"103\":{\"type\":\"carousel\",\"enabled\":\"1\",\"fields\":{\"images\":[\"48\",\"49\",\"50\"],\"verticalSpacingLevel\":\"vertical-spacing-2\"}},\"104\":{\"type\":\"twoColumnContent\",\"enabled\":\"1\",\"fields\":{\"backgroundColor\":\"#000000\",\"leftColumn\":\"<p class=\\\"h3 med\\\"><span class=\\\"white\\\">STYLE<br>IS A<br>SIMPLE<br>WAY<br>OF<br>SAYING<br>COMPLEX<br>THINGS<br><\\/span><span class=\\\"blue white\\\">&mdash;JEAN<br>COCTEAU<\\/span><\\/p>\",\"rightColumn\":\"<p><img src=\\\"http:\\/\\/turnstyle.studio\\/_ui\\/img\\/cta\\/t-01.gif#asset:154\\\"><\\/p>\",\"verticalSpacingLevel\":\"vertical-spacing-2\"}},\"105\":{\"type\":\"twoColumnContent\",\"enabled\":\"1\",\"fields\":{\"backgroundColor\":\"#000000\",\"leftColumn\":\"<p class=\\\"large\\\"><span class=\\\"white\\\">Style is Not a&nbsp;<br>4-letter Word<\\/span><\\/p>\",\"rightColumn\":\"<p class=\\\"large\\\"><span class=\\\"white\\\">In our experience, the brands that are the most magnetic are those which project distinct, memorable and charismatic personalities. These brands place equal emphasis on what they say and how they say it. Some design purists might say that style is merely artificial decoration that should be avoided in favor of logic&mdash;\\u201cform follows function\\u201d and all that. Don\\u2019t get us wrong, we\\u2019re not proponents of style for its own sake, or as ornament applied after an idea has already been defined. Rather, we employ style as an integral and strategic component of our brand-development process. At its best, style can be that magical something about a company or product that pulls people in and transcends the logical. So, to us, style is not a 4-letter word. On the contrary, we embrace it, harnessing its power to cut through the clutter.&nbsp;<\\/span><\\/p>\\r\\n\\r\\n<p class=\\\"large\\\"><span class=\\\"white\\\">And besides, \\u201cstyle\\u201d has five letters.<\\/span><\\/p>\",\"verticalSpacingLevel\":\"vertical-spacing-1\"}},\"106\":{\"type\":\"twoColumnContent\",\"enabled\":\"1\",\"fields\":{\"backgroundColor\":\"#000000\",\"leftColumn\":\"<p class=\\\"large\\\"><span class=\\\"white\\\">We Do<\\/span><\\/p>\",\"rightColumn\":\"<p class=\\\"h2 caps\\\"><a href=\\\"http:\\/\\/turnstyle.studio\\/strategy#entry:55:url\\\">Strategy<\\/a><br><a href=\\\"http:\\/\\/turnstyle.studio\\/identity#entry:56:url\\\">Identity<\\/a><br>Digital<br>Print<br>Packaging<br>Environment<\\/p>\",\"verticalSpacingLevel\":\"vertical-spacing-2\"}},\"107\":{\"type\":\"twoColumnContent\",\"enabled\":\"1\",\"fields\":{\"backgroundColor\":\"#ffffff\",\"leftColumn\":\"<p class=\\\"h3 caps\\\">our<br>clients<br>&<br>industries<\\/p>\\r\\n\\r\\n<p class=\\\"h3 caps\\\"><\\/p>\",\"rightColumn\":\"\",\"verticalSpacingLevel\":\"vertical-spacing-1\"}},\"108\":{\"type\":\"twoColumnContent\",\"enabled\":\"1\",\"fields\":{\"backgroundColor\":\"#ffffff\",\"leftColumn\":\"<p><span class=\\\"gray\\\">Industry<\\/span><\\/p>\\r\\n\\r\\n<p class=\\\"h3 caps\\\">teague<br>nike<br>starbucks<br>microsoft<br>amazon<br>aiga<br>nordstrom<br>teague<br>nike<\\/p>\\r\\n\\r\\n\\r\\n\\r\\n\\r\\n\\r\\n\\r\\n\\r\\n\\r\\n\\r\\n\\r\\n\\r\\n\\r\\n\\r\\n\\r\\n\\r\\n\\r\\n\\r\\n\\r\\n\\r\\n\\r\\n\\r\\n\\r\\n\\r\\n\\r\\n\\r\\n\\r\\n\\r\\n\\r\\n\\r\\n\\r\\n\\r\\n\\r\\n\\r\\n\\r\\n\\r\\n<p><span class=\\\"gray\\\">Industry<\\/span><\\/p>\\r\\n\\r\\n\\r\\n\\r\\n\\r\\n\\r\\n\\r\\n\\r\\n\\r\\n\\r\\n\\r\\n\\r\\n\\r\\n\\r\\n\\r\\n\\r\\n\\r\\n\\r\\n\\r\\n\\r\\n\\r\\n\\r\\n\\r\\n\\r\\n\\r\\n\\r\\n\\r\\n\\r\\n\\r\\n\\r\\n\\r\\n\\r\\n\\r\\n\\r\\n\\r\\n\\r\\n<p class=\\\"h3 caps\\\">starbucks<br>microsoft<br>amazon<\\/p>\\r\\n\\r\\n\\r\\n\\r\\n\\r\\n\\r\\n\\r\\n\\r\\n\\r\\n\\r\\n\\r\\n\\r\\n\\r\\n\\r\\n\\r\\n\\r\\n\\r\\n\\r\\n\\r\\n\\r\\n\\r\\n\\r\\n\\r\\n\\r\\n\\r\\n\\r\\n\\r\\n\\r\\n\\r\\n\\r\\n\\r\\n\\r\\n\\r\\n\\r\\n\\r\\n\\r\\n<p><span class=\\\"gray\\\">Industry<\\/span><\\/p>\\r\\n\\r\\n\\r\\n\\r\\n\\r\\n\\r\\n\\r\\n\\r\\n\\r\\n\\r\\n\\r\\n\\r\\n\\r\\n\\r\\n\\r\\n\\r\\n\\r\\n\\r\\n\\r\\n\\r\\n\\r\\n\\r\\n\\r\\n\\r\\n\\r\\n\\r\\n\\r\\n\\r\\n\\r\\n\\r\\n\\r\\n\\r\\n\\r\\n\\r\\n\\r\\n\\r\\n<p class=\\\"h3 caps\\\">starbucks<br>microsoft<\\/p>\",\"rightColumn\":\"<p>Industry<br><\\/p>\\r\\n\\r\\n<p class=\\\"h3 caps\\\">starbucks<br>microsoft<br>amazon<\\/p>\\r\\n\\r\\n\\r\\n\\r\\n\\r\\n\\r\\n\\r\\n\\r\\n\\r\\n\\r\\n\\r\\n\\r\\n\\r\\n\\r\\n\\r\\n\\r\\n\\r\\n\\r\\n\\r\\n\\r\\n\\r\\n\\r\\n\\r\\n\\r\\n\\r\\n\\r\\n\\r\\n\\r\\n\\r\\n\\r\\n\\r\\n\\r\\n\\r\\n\\r\\n\\r\\n\\r\\n<p><span class=\\\"gray\\\">Industry<\\/span><\\/p>\\r\\n\\r\\n\\r\\n\\r\\n\\r\\n\\r\\n\\r\\n\\r\\n\\r\\n\\r\\n\\r\\n\\r\\n\\r\\n\\r\\n\\r\\n\\r\\n\\r\\n\\r\\n\\r\\n\\r\\n\\r\\n\\r\\n\\r\\n\\r\\n\\r\\n\\r\\n\\r\\n\\r\\n\\r\\n\\r\\n\\r\\n\\r\\n\\r\\n\\r\\n\\r\\n\\r\\n<p class=\\\"h3 caps\\\">teague<br>nike<br>starbucks<br>microsoft<br>amazon<br>aiga<br>nordstrom<br>teague<br>nike<\\/p>\\r\\n\\r\\n\\r\\n\\r\\n\\r\\n\\r\\n\\r\\n\\r\\n\\r\\n\\r\\n\\r\\n\\r\\n\\r\\n\\r\\n\\r\\n\\r\\n\\r\\n\\r\\n\\r\\n\\r\\n\\r\\n\\r\\n\\r\\n\\r\\n\\r\\n\\r\\n\\r\\n\\r\\n\\r\\n\\r\\n\\r\\n\\r\\n\\r\\n\\r\\n\\r\\n\\r\\n<p><span class=\\\"gray\\\"><br><\\/span><\\/p>\\r\\n\\r\\n\\r\\n\\r\\n\\r\\n\\r\\n\\r\\n\\r\\n\\r\\n\\r\\n\\r\\n\\r\\n\\r\\n\\r\\n\\r\\n\\r\\n\\r\\n\\r\\n\\r\\n\\r\\n\\r\\n\\r\\n\\r\\n\\r\\n\\r\\n\\r\\n\\r\\n\\r\\n\\r\\n\\r\\n\\r\\n\\r\\n\\r\\n\\r\\n<p><span class=\\\"gray\\\">Industry<\\/span><\\/p>\\r\\n\\r\\n\\r\\n\\r\\n\\r\\n\\r\\n\\r\\n\\r\\n\\r\\n\\r\\n\\r\\n\\r\\n\\r\\n\\r\\n\\r\\n\\r\\n\\r\\n\\r\\n\\r\\n\\r\\n\\r\\n\\r\\n\\r\\n\\r\\n\\r\\n\\r\\n\\r\\n\\r\\n\\r\\n\\r\\n\\r\\n\\r\\n\\r\\n\\r\\n\\r\\n\\r\\n<p class=\\\"h3 caps\\\">starbucks<br>microsoft<\\/p>\",\"verticalSpacingLevel\":\"vertical-spacing-1\"}}},\"47\":\"<p>08\\/2016 &mdash; IdN Magazine v23n2<\\/p>\\r\\n\\r\\n<p>06\\/2016 &mdash; Communication Arts Design Annual 2016<\\/p>\\r\\n\\r\\n\\r\\n\\r\\n\\r\\n\\r\\n\\r\\n\\r\\n\\r\\n\\r\\n\\r\\n\\r\\n\\r\\n\\r\\n\\r\\n\\r\\n\\r\\n\\r\\n\\r\\n\\r\\n\\r\\n\\r\\n\\r\\n\\r\\n\\r\\n\\r\\n\\r\\n\\r\\n\\r\\n\\r\\n<p>05\\/2016 &mdash; PRINT Magazine Regional Design Annual 2016<\\/p>\\r\\n\\r\\n\\r\\n\\r\\n\\r\\n\\r\\n\\r\\n\\r\\n\\r\\n\\r\\n\\r\\n\\r\\n\\r\\n\\r\\n\\r\\n\\r\\n\\r\\n\\r\\n\\r\\n\\r\\n\\r\\n\\r\\n\\r\\n\\r\\n\\r\\n\\r\\n\\r\\n\\r\\n\\r\\n\\r\\n<p>03\\/2016 &mdash; Communication Arts Design Annual 2015<\\/p>\\r\\n\\r\\n\\r\\n\\r\\n\\r\\n\\r\\n\\r\\n\\r\\n\\r\\n\\r\\n\\r\\n\\r\\n\\r\\n\\r\\n\\r\\n\\r\\n\\r\\n\\r\\n\\r\\n\\r\\n\\r\\n\\r\\n\\r\\n\\r\\n\\r\\n\\r\\n\\r\\n\\r\\n\\r\\n\\r\\n<p>02\\/2016 &mdash; IdN Magazine v23n2<\\/p>\\r\\n\\r\\n\\r\\n\\r\\n\\r\\n\\r\\n\\r\\n\\r\\n\\r\\n\\r\\n\\r\\n\\r\\n\\r\\n\\r\\n\\r\\n\\r\\n\\r\\n\\r\\n\\r\\n\\r\\n\\r\\n\\r\\n\\r\\n\\r\\n\\r\\n\\r\\n\\r\\n\\r\\n\\r\\n\\r\\n<p>12\\/2015 &mdash; Communication Arts Design Annual 2016<\\/p>\\r\\n\\r\\n\\r\\n\\r\\n\\r\\n\\r\\n\\r\\n\\r\\n\\r\\n\\r\\n\\r\\n\\r\\n\\r\\n\\r\\n\\r\\n\\r\\n\\r\\n\\r\\n\\r\\n\\r\\n\\r\\n\\r\\n\\r\\n\\r\\n\\r\\n\\r\\n\\r\\n\\r\\n\\r\\n\\r\\n<p>10\\/2015 &mdash; PRINT Magazine Regional Design Annual 2016<\\/p>\\r\\n\\r\\n\\r\\n\\r\\n\\r\\n\\r\\n\\r\\n\\r\\n\\r\\n\\r\\n\\r\\n\\r\\n\\r\\n\\r\\n\\r\\n\\r\\n\\r\\n\\r\\n\\r\\n\\r\\n\\r\\n\\r\\n\\r\\n\\r\\n\\r\\n\\r\\n\\r\\n\\r\\n\\r\\n\\r\\n<p>10\\/2015 &mdash; Communication Arts Design Annual 2015<\\/p>\\r\\n\\r\\n\\r\\n\\r\\n\\r\\n\\r\\n\\r\\n\\r\\n\\r\\n\\r\\n\\r\\n\\r\\n\\r\\n\\r\\n\\r\\n\\r\\n\\r\\n\\r\\n\\r\\n\\r\\n\\r\\n\\r\\n\\r\\n\\r\\n\\r\\n\\r\\n\\r\\n\\r\\n\\r\\n\\r\\n<p>06\\/2015 &mdash; PRINT Magazine Regional Design Annual 2016<\\/p>\\r\\n\\r\\n\\r\\n\\r\\n\\r\\n\\r\\n\\r\\n\\r\\n\\r\\n\\r\\n\\r\\n\\r\\n\\r\\n\\r\\n\\r\\n\\r\\n\\r\\n\\r\\n\\r\\n\\r\\n\\r\\n\\r\\n\\r\\n\\r\\n\\r\\n\\r\\n\\r\\n\\r\\n\\r\\n\\r\\n<p>02\\/2015 &mdash; Communication Arts Design Annual 2015<\\/p>\",\"44\":\"MEET\\r\\nOUR\\r\\nTALENTED\\r\\nTEAM\"}}', '2016-11-18 23:53:19', '2016-11-18 23:53:19', 'aabab061-4037-4082-aaf5-81b0ddabd871'),
 ('232', '101', '10', '46', 'en_us', '20', '', '{\"typeId\":\"11\",\"authorId\":null,\"title\":\"Studio\",\"slug\":\"studio\",\"postDate\":1478129954,\"expiryDate\":null,\"enabled\":1,\"parentId\":null,\"fields\":{\"48\":{\"102\":{\"type\":\"1\",\"fields\":{\"backgroundImage\":[\"97\"],\"backgroundColor\":\"#000000\",\"linkUrl\":\"\\/contact\",\"header\":\"Drop \\r\\nus \\r\\na \\r\\nline\",\"subtext\":\"Contact Us\",\"fontColor\":\"#efefef\"}}},\"45\":\"<p class=\\\"large\\\">Born in 2004<\\/p>\",\"46\":\"<p class=\\\"large\\\">We are a full-service creative agency with offices in Seattle and Portland. A dedicated team of designers, strategists, developers and account specialists, we create highly-crafted brand experiences that clarify purpose, encourage action, and inspire brand loyalty. We\\u2019d love to get to know you and help tell your story.&nbsp;<\\/p>\",\"10\":{\"103\":{\"type\":\"carousel\",\"enabled\":\"1\",\"fields\":{\"images\":[\"48\",\"49\",\"50\"],\"verticalSpacingLevel\":\"vertical-spacing-2\"}},\"104\":{\"type\":\"twoColumnContent\",\"enabled\":\"1\",\"fields\":{\"backgroundColor\":\"#000000\",\"leftColumn\":\"<p class=\\\"h3 med\\\"><span class=\\\"white\\\">STYLE<br>IS A<br>SIMPLE<br>WAY<br>OF<br>SAYING<br>COMPLEX<br>THINGS<br><\\/span><span class=\\\"blue white\\\">&mdash;JEAN<br>COCTEAU<\\/span><\\/p>\",\"rightColumn\":\"<p><img src=\\\"http:\\/\\/turnstyle.studio\\/_ui\\/img\\/cta\\/t-01.gif#asset:154\\\"><\\/p>\",\"verticalSpacingLevel\":\"vertical-spacing-2\"}},\"105\":{\"type\":\"twoColumnContent\",\"enabled\":\"1\",\"fields\":{\"backgroundColor\":\"#000000\",\"leftColumn\":\"<p class=\\\"large\\\"><span class=\\\"white\\\">Style is Not a&nbsp;<br>4-letter Word<\\/span><\\/p>\",\"rightColumn\":\"<p class=\\\"large\\\"><span class=\\\"white\\\">In our experience, the brands that are the most magnetic are those which project distinct, memorable and charismatic personalities. These brands place equal emphasis on what they say and how they say it. Some design purists might say that style is merely artificial decoration that should be avoided in favor of logic&mdash;\\u201cform follows function\\u201d and all that. Don\\u2019t get us wrong, we\\u2019re not proponents of style for its own sake, or as ornament applied after an idea has already been defined. Rather, we employ style as an integral and strategic component of our brand-development process. At its best, style can be that magical something about a company or product that pulls people in and transcends the logical. So, to us, style is not a 4-letter word. On the contrary, we embrace it, harnessing its power to cut through the clutter.&nbsp;<\\/span><\\/p>\\r\\n\\r\\n<p class=\\\"large\\\"><span class=\\\"white\\\">And besides, \\u201cstyle\\u201d has five letters.<\\/span><\\/p>\",\"verticalSpacingLevel\":\"vertical-spacing-1\"}},\"106\":{\"type\":\"twoColumnContent\",\"enabled\":\"1\",\"fields\":{\"backgroundColor\":\"#000000\",\"leftColumn\":\"<p class=\\\"large\\\"><span class=\\\"white\\\">We Do<\\/span><\\/p>\",\"rightColumn\":\"<p class=\\\"h2 caps\\\"><a href=\\\"http:\\/\\/turnstyle.studio\\/strategy#entry:55:url\\\">Strategy<\\/a><br><a href=\\\"http:\\/\\/turnstyle.studio\\/identity#entry:56:url\\\">Identity<\\/a><br>Digital<br>Print<br>Packaging<br>Environment<\\/p>\",\"verticalSpacingLevel\":\"vertical-spacing-2\"}},\"107\":{\"type\":\"twoColumnContent\",\"enabled\":\"1\",\"fields\":{\"backgroundColor\":\"#ffffff\",\"leftColumn\":\"<p class=\\\"h3 caps\\\">our<br>clients<br>&<br>industries<\\/p>\\r\\n\\r\\n<p class=\\\"h3 caps\\\"><\\/p>\",\"rightColumn\":\"\",\"verticalSpacingLevel\":\"vertical-spacing-1\"}},\"108\":{\"type\":\"twoColumnContent\",\"enabled\":\"1\",\"fields\":{\"backgroundColor\":\"#ffffff\",\"leftColumn\":\"<p><span class=\\\"gray\\\">Industry<\\/span><\\/p>\\r\\n\\r\\n<p class=\\\"h3 caps\\\">teague<br>nike<br>starbucks<br>microsoft<br>amazon<br>aiga<br>nordstrom<br>teague<br>nike<\\/p>\\r\\n\\r\\n\\r\\n\\r\\n\\r\\n\\r\\n\\r\\n\\r\\n\\r\\n\\r\\n\\r\\n\\r\\n\\r\\n\\r\\n\\r\\n\\r\\n\\r\\n\\r\\n\\r\\n\\r\\n\\r\\n\\r\\n\\r\\n\\r\\n\\r\\n\\r\\n\\r\\n\\r\\n\\r\\n\\r\\n\\r\\n\\r\\n\\r\\n\\r\\n\\r\\n\\r\\n\\r\\n\\r\\n<p><span class=\\\"gray\\\">Industry<\\/span><\\/p>\\r\\n\\r\\n\\r\\n\\r\\n\\r\\n\\r\\n\\r\\n\\r\\n\\r\\n\\r\\n\\r\\n\\r\\n\\r\\n\\r\\n\\r\\n\\r\\n\\r\\n\\r\\n\\r\\n\\r\\n\\r\\n\\r\\n\\r\\n\\r\\n\\r\\n\\r\\n\\r\\n\\r\\n\\r\\n\\r\\n\\r\\n\\r\\n\\r\\n\\r\\n\\r\\n\\r\\n\\r\\n\\r\\n<p class=\\\"h3 caps\\\">starbucks<br>microsoft<br>amazon<\\/p>\\r\\n\\r\\n\\r\\n\\r\\n\\r\\n\\r\\n\\r\\n\\r\\n\\r\\n\\r\\n\\r\\n\\r\\n\\r\\n\\r\\n\\r\\n\\r\\n\\r\\n\\r\\n\\r\\n\\r\\n\\r\\n\\r\\n\\r\\n\\r\\n\\r\\n\\r\\n\\r\\n\\r\\n\\r\\n\\r\\n\\r\\n\\r\\n\\r\\n\\r\\n\\r\\n\\r\\n\\r\\n\\r\\n<p><span class=\\\"gray\\\">Industry<\\/span><\\/p>\\r\\n\\r\\n\\r\\n\\r\\n\\r\\n\\r\\n\\r\\n\\r\\n\\r\\n\\r\\n\\r\\n\\r\\n\\r\\n\\r\\n\\r\\n\\r\\n\\r\\n\\r\\n\\r\\n\\r\\n\\r\\n\\r\\n\\r\\n\\r\\n\\r\\n\\r\\n\\r\\n\\r\\n\\r\\n\\r\\n\\r\\n\\r\\n\\r\\n\\r\\n\\r\\n\\r\\n\\r\\n\\r\\n<p class=\\\"h3 caps\\\">starbucks<br>microsoft<\\/p>\",\"rightColumn\":\"<p>Industry<br><\\/p>\\r\\n\\r\\n<p class=\\\"h3 caps\\\">starbucks<br>microsoft<br>amazon<\\/p>\\r\\n\\r\\n\\r\\n\\r\\n\\r\\n\\r\\n\\r\\n\\r\\n\\r\\n\\r\\n\\r\\n\\r\\n\\r\\n\\r\\n\\r\\n\\r\\n\\r\\n\\r\\n\\r\\n\\r\\n\\r\\n\\r\\n\\r\\n\\r\\n\\r\\n\\r\\n\\r\\n\\r\\n\\r\\n\\r\\n\\r\\n\\r\\n\\r\\n\\r\\n\\r\\n\\r\\n\\r\\n\\r\\n<p><span class=\\\"gray\\\">Industry<\\/span><\\/p>\\r\\n\\r\\n\\r\\n\\r\\n\\r\\n\\r\\n\\r\\n\\r\\n\\r\\n\\r\\n\\r\\n\\r\\n\\r\\n\\r\\n\\r\\n\\r\\n\\r\\n\\r\\n\\r\\n\\r\\n\\r\\n\\r\\n\\r\\n\\r\\n\\r\\n\\r\\n\\r\\n\\r\\n\\r\\n\\r\\n\\r\\n\\r\\n\\r\\n\\r\\n\\r\\n\\r\\n\\r\\n\\r\\n<p class=\\\"h3 caps\\\">teague<br>nike<br>starbucks<br>microsoft<br>amazon<br>aiga<br>nordstrom<br>teague<br>nike<\\/p>\\r\\n\\r\\n\\r\\n\\r\\n\\r\\n\\r\\n\\r\\n\\r\\n\\r\\n\\r\\n\\r\\n\\r\\n\\r\\n\\r\\n\\r\\n\\r\\n\\r\\n\\r\\n\\r\\n\\r\\n\\r\\n\\r\\n\\r\\n\\r\\n\\r\\n\\r\\n\\r\\n\\r\\n\\r\\n\\r\\n\\r\\n\\r\\n\\r\\n\\r\\n\\r\\n\\r\\n\\r\\n\\r\\n<p><span class=\\\"gray\\\"><br><\\/span><\\/p>\\r\\n\\r\\n\\r\\n\\r\\n\\r\\n\\r\\n\\r\\n\\r\\n\\r\\n\\r\\n\\r\\n\\r\\n\\r\\n\\r\\n\\r\\n\\r\\n\\r\\n\\r\\n\\r\\n\\r\\n\\r\\n\\r\\n\\r\\n\\r\\n\\r\\n\\r\\n\\r\\n\\r\\n\\r\\n\\r\\n\\r\\n\\r\\n\\r\\n\\r\\n\\r\\n\\r\\n<p><span class=\\\"gray\\\">Industry<\\/span><\\/p>\\r\\n\\r\\n\\r\\n\\r\\n\\r\\n\\r\\n\\r\\n\\r\\n\\r\\n\\r\\n\\r\\n\\r\\n\\r\\n\\r\\n\\r\\n\\r\\n\\r\\n\\r\\n\\r\\n\\r\\n\\r\\n\\r\\n\\r\\n\\r\\n\\r\\n\\r\\n\\r\\n\\r\\n\\r\\n\\r\\n\\r\\n\\r\\n\\r\\n\\r\\n\\r\\n\\r\\n\\r\\n\\r\\n<p class=\\\"h3 caps\\\">starbucks<br>microsoft<\\/p>\",\"verticalSpacingLevel\":\"vertical-spacing-1\"}}},\"47\":\"<p>08\\/2016 &mdash; IdN Magazine v23n2<\\/p>\\r\\n\\r\\n<p>06\\/2016 &mdash; Communication Arts Design Annual 2016<\\/p>\\r\\n\\r\\n\\r\\n\\r\\n\\r\\n\\r\\n\\r\\n\\r\\n\\r\\n\\r\\n\\r\\n\\r\\n\\r\\n\\r\\n\\r\\n\\r\\n\\r\\n\\r\\n\\r\\n\\r\\n\\r\\n\\r\\n\\r\\n\\r\\n\\r\\n\\r\\n\\r\\n\\r\\n\\r\\n\\r\\n\\r\\n\\r\\n<p>05\\/2016 &mdash; PRINT Magazine Regional Design Annual 2016<\\/p>\\r\\n\\r\\n\\r\\n\\r\\n\\r\\n\\r\\n\\r\\n\\r\\n\\r\\n\\r\\n\\r\\n\\r\\n\\r\\n\\r\\n\\r\\n\\r\\n\\r\\n\\r\\n\\r\\n\\r\\n\\r\\n\\r\\n\\r\\n\\r\\n\\r\\n\\r\\n\\r\\n\\r\\n\\r\\n\\r\\n\\r\\n\\r\\n<p>03\\/2016 &mdash; Communication Arts Design Annual 2015<\\/p>\\r\\n\\r\\n\\r\\n\\r\\n\\r\\n\\r\\n\\r\\n\\r\\n\\r\\n\\r\\n\\r\\n\\r\\n\\r\\n\\r\\n\\r\\n\\r\\n\\r\\n\\r\\n\\r\\n\\r\\n\\r\\n\\r\\n\\r\\n\\r\\n\\r\\n\\r\\n\\r\\n\\r\\n\\r\\n\\r\\n\\r\\n\\r\\n<p>02\\/2016 &mdash; IdN Magazine v23n2<\\/p>\\r\\n\\r\\n\\r\\n\\r\\n\\r\\n\\r\\n\\r\\n\\r\\n\\r\\n\\r\\n\\r\\n\\r\\n\\r\\n\\r\\n\\r\\n\\r\\n\\r\\n\\r\\n\\r\\n\\r\\n\\r\\n\\r\\n\\r\\n\\r\\n\\r\\n\\r\\n\\r\\n\\r\\n\\r\\n\\r\\n\\r\\n\\r\\n<p>12\\/2015 &mdash; Communication Arts Design Annual 2016<\\/p>\\r\\n\\r\\n\\r\\n\\r\\n\\r\\n\\r\\n\\r\\n\\r\\n\\r\\n\\r\\n\\r\\n\\r\\n\\r\\n\\r\\n\\r\\n\\r\\n\\r\\n\\r\\n\\r\\n\\r\\n\\r\\n\\r\\n\\r\\n\\r\\n\\r\\n\\r\\n\\r\\n\\r\\n\\r\\n\\r\\n\\r\\n\\r\\n<p>10\\/2015 &mdash; PRINT Magazine Regional Design Annual 2016<\\/p>\\r\\n\\r\\n\\r\\n\\r\\n\\r\\n\\r\\n\\r\\n\\r\\n\\r\\n\\r\\n\\r\\n\\r\\n\\r\\n\\r\\n\\r\\n\\r\\n\\r\\n\\r\\n\\r\\n\\r\\n\\r\\n\\r\\n\\r\\n\\r\\n\\r\\n\\r\\n\\r\\n\\r\\n\\r\\n\\r\\n\\r\\n\\r\\n<p>10\\/2015 &mdash; Communication Arts Design Annual 2015<\\/p>\\r\\n\\r\\n\\r\\n\\r\\n\\r\\n\\r\\n\\r\\n\\r\\n\\r\\n\\r\\n\\r\\n\\r\\n\\r\\n\\r\\n\\r\\n\\r\\n\\r\\n\\r\\n\\r\\n\\r\\n\\r\\n\\r\\n\\r\\n\\r\\n\\r\\n\\r\\n\\r\\n\\r\\n\\r\\n\\r\\n\\r\\n\\r\\n<p>06\\/2015 &mdash; PRINT Magazine Regional Design Annual 2016<\\/p>\\r\\n\\r\\n\\r\\n\\r\\n\\r\\n\\r\\n\\r\\n\\r\\n\\r\\n\\r\\n\\r\\n\\r\\n\\r\\n\\r\\n\\r\\n\\r\\n\\r\\n\\r\\n\\r\\n\\r\\n\\r\\n\\r\\n\\r\\n\\r\\n\\r\\n\\r\\n\\r\\n\\r\\n\\r\\n\\r\\n\\r\\n\\r\\n<p>02\\/2015 &mdash; Communication Arts Design Annual 2015<\\/p>\",\"44\":\"MEET\\r\\nOUR\\r\\nTALENTED\\r\\nTEAM\"}}', '2016-11-19 00:15:04', '2016-11-19 00:15:04', '3a9c8cf1-6721-421a-b069-3cbe261fb1a0'),
 ('233', '101', '10', '46', 'en_us', '21', '', '{\"typeId\":\"11\",\"authorId\":null,\"title\":\"Studio\",\"slug\":\"studio\",\"postDate\":1478129954,\"expiryDate\":null,\"enabled\":1,\"parentId\":null,\"fields\":{\"48\":{\"102\":{\"type\":\"1\",\"fields\":{\"backgroundImage\":[\"97\"],\"backgroundColor\":\"#000000\",\"linkUrl\":\"\\/contact\",\"header\":\"Drop \\r\\nus \\r\\na \\r\\nline\",\"subtext\":\"Contact Us\",\"fontColor\":\"#efefef\"}}},\"45\":\"<p class=\\\"large\\\">Born in 2004<\\/p>\",\"46\":\"<p class=\\\"large\\\">We are a full-service creative agency with offices in Seattle and Portland. A dedicated team of designers, strategists, developers and account specialists, we create highly-crafted brand experiences that clarify purpose, encourage action, and inspire brand loyalty. We\\u2019d love to get to know you and help tell your story.&nbsp;<\\/p>\",\"10\":{\"103\":{\"type\":\"carousel\",\"enabled\":\"1\",\"fields\":{\"images\":[\"48\",\"49\",\"50\"],\"verticalSpacingLevel\":\"vertical-spacing-2\"}},\"104\":{\"type\":\"twoColumnContent\",\"enabled\":\"1\",\"fields\":{\"backgroundColor\":\"#000000\",\"leftColumn\":\"<p class=\\\"h3 med\\\"><span class=\\\"white\\\">STYLE<br>IS A<br>SIMPLE<br>WAY<br>OF<br>SAYING<br>COMPLEX<br>THINGS<br><\\/span><span class=\\\"blue white\\\">&mdash;JEAN<br>COCTEAU<\\/span><\\/p>\",\"rightColumn\":\"\",\"verticalSpacingLevel\":\"vertical-spacing-2\"}},\"105\":{\"type\":\"twoColumnContent\",\"enabled\":\"1\",\"fields\":{\"backgroundColor\":\"#000000\",\"leftColumn\":\"<p class=\\\"large\\\"><span class=\\\"white\\\">Style is Not a&nbsp;<br>4-letter Word<\\/span><\\/p>\",\"rightColumn\":\"<p class=\\\"large\\\"><span class=\\\"white\\\">In our experience, the brands that are the most magnetic are those which project distinct, memorable and charismatic personalities. These brands place equal emphasis on what they say and how they say it. Some design purists might say that style is merely artificial decoration that should be avoided in favor of logic&mdash;\\u201cform follows function\\u201d and all that. Don\\u2019t get us wrong, we\\u2019re not proponents of style for its own sake, or as ornament applied after an idea has already been defined. Rather, we employ style as an integral and strategic component of our brand-development process. At its best, style can be that magical something about a company or product that pulls people in and transcends the logical. So, to us, style is not a 4-letter word. On the contrary, we embrace it, harnessing its power to cut through the clutter.&nbsp;<\\/span><\\/p>\\r\\n\\r\\n<p class=\\\"large\\\"><span class=\\\"white\\\">And besides, \\u201cstyle\\u201d has five letters.<\\/span><\\/p>\",\"verticalSpacingLevel\":\"vertical-spacing-1\"}},\"106\":{\"type\":\"twoColumnContent\",\"enabled\":\"1\",\"fields\":{\"backgroundColor\":\"#000000\",\"leftColumn\":\"<p class=\\\"large\\\"><span class=\\\"white\\\">We Do<\\/span><\\/p>\",\"rightColumn\":\"<p class=\\\"h2 caps\\\"><a href=\\\"http:\\/\\/turnstyle.studio\\/strategy#entry:55:url\\\">Strategy<\\/a><br><a href=\\\"http:\\/\\/turnstyle.studio\\/identity#entry:56:url\\\">Identity<\\/a><br>Digital<br>Print<br>Packaging<br>Environment<\\/p>\",\"verticalSpacingLevel\":\"vertical-spacing-2\"}},\"107\":{\"type\":\"twoColumnContent\",\"enabled\":\"1\",\"fields\":{\"backgroundColor\":\"#ffffff\",\"leftColumn\":\"<p class=\\\"h3 caps\\\">our<br>clients<br>&<br>industries<\\/p>\\r\\n\\r\\n<p class=\\\"h3 caps\\\"><\\/p>\",\"rightColumn\":\"\",\"verticalSpacingLevel\":\"vertical-spacing-1\"}},\"108\":{\"type\":\"twoColumnContent\",\"enabled\":\"1\",\"fields\":{\"backgroundColor\":\"#ffffff\",\"leftColumn\":\"<p><span class=\\\"gray\\\">Industry<\\/span><\\/p>\\r\\n\\r\\n<p class=\\\"h3 caps\\\">teague<br>nike<br>starbucks<br>microsoft<br>amazon<br>aiga<br>nordstrom<br>teague<br>nike<\\/p>\\r\\n\\r\\n\\r\\n\\r\\n\\r\\n\\r\\n\\r\\n\\r\\n\\r\\n\\r\\n\\r\\n\\r\\n\\r\\n\\r\\n\\r\\n\\r\\n\\r\\n\\r\\n\\r\\n\\r\\n\\r\\n\\r\\n\\r\\n\\r\\n\\r\\n\\r\\n\\r\\n\\r\\n\\r\\n\\r\\n\\r\\n\\r\\n\\r\\n\\r\\n\\r\\n\\r\\n\\r\\n\\r\\n\\r\\n\\r\\n<p><span class=\\\"gray\\\">Industry<\\/span><\\/p>\\r\\n\\r\\n\\r\\n\\r\\n\\r\\n\\r\\n\\r\\n\\r\\n\\r\\n\\r\\n\\r\\n\\r\\n\\r\\n\\r\\n\\r\\n\\r\\n\\r\\n\\r\\n\\r\\n\\r\\n\\r\\n\\r\\n\\r\\n\\r\\n\\r\\n\\r\\n\\r\\n\\r\\n\\r\\n\\r\\n\\r\\n\\r\\n\\r\\n\\r\\n\\r\\n\\r\\n\\r\\n\\r\\n\\r\\n\\r\\n<p class=\\\"h3 caps\\\">starbucks<br>microsoft<br>amazon<\\/p>\\r\\n\\r\\n\\r\\n\\r\\n\\r\\n\\r\\n\\r\\n\\r\\n\\r\\n\\r\\n\\r\\n\\r\\n\\r\\n\\r\\n\\r\\n\\r\\n\\r\\n\\r\\n\\r\\n\\r\\n\\r\\n\\r\\n\\r\\n\\r\\n\\r\\n\\r\\n\\r\\n\\r\\n\\r\\n\\r\\n\\r\\n\\r\\n\\r\\n\\r\\n\\r\\n\\r\\n\\r\\n\\r\\n\\r\\n\\r\\n<p><span class=\\\"gray\\\">Industry<\\/span><\\/p>\\r\\n\\r\\n\\r\\n\\r\\n\\r\\n\\r\\n\\r\\n\\r\\n\\r\\n\\r\\n\\r\\n\\r\\n\\r\\n\\r\\n\\r\\n\\r\\n\\r\\n\\r\\n\\r\\n\\r\\n\\r\\n\\r\\n\\r\\n\\r\\n\\r\\n\\r\\n\\r\\n\\r\\n\\r\\n\\r\\n\\r\\n\\r\\n\\r\\n\\r\\n\\r\\n\\r\\n\\r\\n\\r\\n\\r\\n\\r\\n<p class=\\\"h3 caps\\\">starbucks<br>microsoft<\\/p>\",\"rightColumn\":\"<p>Industry<br><\\/p>\\r\\n\\r\\n<p class=\\\"h3 caps\\\">starbucks<br>microsoft<br>amazon<\\/p>\\r\\n\\r\\n\\r\\n\\r\\n\\r\\n\\r\\n\\r\\n\\r\\n\\r\\n\\r\\n\\r\\n\\r\\n\\r\\n\\r\\n\\r\\n\\r\\n\\r\\n\\r\\n\\r\\n\\r\\n\\r\\n\\r\\n\\r\\n\\r\\n\\r\\n\\r\\n\\r\\n\\r\\n\\r\\n\\r\\n\\r\\n\\r\\n\\r\\n\\r\\n\\r\\n\\r\\n\\r\\n\\r\\n\\r\\n\\r\\n<p><span class=\\\"gray\\\">Industry<\\/span><\\/p>\\r\\n\\r\\n\\r\\n\\r\\n\\r\\n\\r\\n\\r\\n\\r\\n\\r\\n\\r\\n\\r\\n\\r\\n\\r\\n\\r\\n\\r\\n\\r\\n\\r\\n\\r\\n\\r\\n\\r\\n\\r\\n\\r\\n\\r\\n\\r\\n\\r\\n\\r\\n\\r\\n\\r\\n\\r\\n\\r\\n\\r\\n\\r\\n\\r\\n\\r\\n\\r\\n\\r\\n\\r\\n\\r\\n\\r\\n\\r\\n<p class=\\\"h3 caps\\\">teague<br>nike<br>starbucks<br>microsoft<br>amazon<br>aiga<br>nordstrom<br>teague<br>nike<\\/p>\\r\\n\\r\\n\\r\\n\\r\\n\\r\\n\\r\\n\\r\\n\\r\\n\\r\\n\\r\\n\\r\\n\\r\\n\\r\\n\\r\\n\\r\\n\\r\\n\\r\\n\\r\\n\\r\\n\\r\\n\\r\\n\\r\\n\\r\\n\\r\\n\\r\\n\\r\\n\\r\\n\\r\\n\\r\\n\\r\\n\\r\\n\\r\\n\\r\\n\\r\\n\\r\\n\\r\\n\\r\\n\\r\\n\\r\\n\\r\\n<p><span class=\\\"gray\\\"><br><\\/span><\\/p>\\r\\n\\r\\n\\r\\n\\r\\n\\r\\n\\r\\n\\r\\n\\r\\n\\r\\n\\r\\n\\r\\n\\r\\n\\r\\n\\r\\n\\r\\n\\r\\n\\r\\n\\r\\n\\r\\n\\r\\n\\r\\n\\r\\n\\r\\n\\r\\n\\r\\n\\r\\n\\r\\n\\r\\n\\r\\n\\r\\n\\r\\n\\r\\n\\r\\n\\r\\n\\r\\n\\r\\n\\r\\n\\r\\n<p><span class=\\\"gray\\\">Industry<\\/span><\\/p>\\r\\n\\r\\n\\r\\n\\r\\n\\r\\n\\r\\n\\r\\n\\r\\n\\r\\n\\r\\n\\r\\n\\r\\n\\r\\n\\r\\n\\r\\n\\r\\n\\r\\n\\r\\n\\r\\n\\r\\n\\r\\n\\r\\n\\r\\n\\r\\n\\r\\n\\r\\n\\r\\n\\r\\n\\r\\n\\r\\n\\r\\n\\r\\n\\r\\n\\r\\n\\r\\n\\r\\n\\r\\n\\r\\n\\r\\n\\r\\n<p class=\\\"h3 caps\\\">starbucks<br>microsoft<\\/p>\",\"verticalSpacingLevel\":\"vertical-spacing-1\"}}},\"47\":\"<p>08\\/2016 &mdash; IdN Magazine v23n2<\\/p>\\r\\n\\r\\n<p>06\\/2016 &mdash; Communication Arts Design Annual 2016<\\/p>\\r\\n\\r\\n\\r\\n\\r\\n\\r\\n\\r\\n\\r\\n\\r\\n\\r\\n\\r\\n\\r\\n\\r\\n\\r\\n\\r\\n\\r\\n\\r\\n\\r\\n\\r\\n\\r\\n\\r\\n\\r\\n\\r\\n\\r\\n\\r\\n\\r\\n\\r\\n\\r\\n\\r\\n\\r\\n\\r\\n\\r\\n\\r\\n\\r\\n\\r\\n<p>05\\/2016 &mdash; PRINT Magazine Regional Design Annual 2016<\\/p>\\r\\n\\r\\n\\r\\n\\r\\n\\r\\n\\r\\n\\r\\n\\r\\n\\r\\n\\r\\n\\r\\n\\r\\n\\r\\n\\r\\n\\r\\n\\r\\n\\r\\n\\r\\n\\r\\n\\r\\n\\r\\n\\r\\n\\r\\n\\r\\n\\r\\n\\r\\n\\r\\n\\r\\n\\r\\n\\r\\n\\r\\n\\r\\n\\r\\n\\r\\n<p>03\\/2016 &mdash; Communication Arts Design Annual 2015<\\/p>\\r\\n\\r\\n\\r\\n\\r\\n\\r\\n\\r\\n\\r\\n\\r\\n\\r\\n\\r\\n\\r\\n\\r\\n\\r\\n\\r\\n\\r\\n\\r\\n\\r\\n\\r\\n\\r\\n\\r\\n\\r\\n\\r\\n\\r\\n\\r\\n\\r\\n\\r\\n\\r\\n\\r\\n\\r\\n\\r\\n\\r\\n\\r\\n\\r\\n\\r\\n<p>02\\/2016 &mdash; IdN Magazine v23n2<\\/p>\\r\\n\\r\\n\\r\\n\\r\\n\\r\\n\\r\\n\\r\\n\\r\\n\\r\\n\\r\\n\\r\\n\\r\\n\\r\\n\\r\\n\\r\\n\\r\\n\\r\\n\\r\\n\\r\\n\\r\\n\\r\\n\\r\\n\\r\\n\\r\\n\\r\\n\\r\\n\\r\\n\\r\\n\\r\\n\\r\\n\\r\\n\\r\\n\\r\\n\\r\\n<p>12\\/2015 &mdash; Communication Arts Design Annual 2016<\\/p>\\r\\n\\r\\n\\r\\n\\r\\n\\r\\n\\r\\n\\r\\n\\r\\n\\r\\n\\r\\n\\r\\n\\r\\n\\r\\n\\r\\n\\r\\n\\r\\n\\r\\n\\r\\n\\r\\n\\r\\n\\r\\n\\r\\n\\r\\n\\r\\n\\r\\n\\r\\n\\r\\n\\r\\n\\r\\n\\r\\n\\r\\n\\r\\n\\r\\n\\r\\n<p>10\\/2015 &mdash; PRINT Magazine Regional Design Annual 2016<\\/p>\\r\\n\\r\\n\\r\\n\\r\\n\\r\\n\\r\\n\\r\\n\\r\\n\\r\\n\\r\\n\\r\\n\\r\\n\\r\\n\\r\\n\\r\\n\\r\\n\\r\\n\\r\\n\\r\\n\\r\\n\\r\\n\\r\\n\\r\\n\\r\\n\\r\\n\\r\\n\\r\\n\\r\\n\\r\\n\\r\\n\\r\\n\\r\\n\\r\\n\\r\\n<p>10\\/2015 &mdash; Communication Arts Design Annual 2015<\\/p>\\r\\n\\r\\n\\r\\n\\r\\n\\r\\n\\r\\n\\r\\n\\r\\n\\r\\n\\r\\n\\r\\n\\r\\n\\r\\n\\r\\n\\r\\n\\r\\n\\r\\n\\r\\n\\r\\n\\r\\n\\r\\n\\r\\n\\r\\n\\r\\n\\r\\n\\r\\n\\r\\n\\r\\n\\r\\n\\r\\n\\r\\n\\r\\n\\r\\n\\r\\n<p>06\\/2015 &mdash; PRINT Magazine Regional Design Annual 2016<\\/p>\\r\\n\\r\\n\\r\\n\\r\\n\\r\\n\\r\\n\\r\\n\\r\\n\\r\\n\\r\\n\\r\\n\\r\\n\\r\\n\\r\\n\\r\\n\\r\\n\\r\\n\\r\\n\\r\\n\\r\\n\\r\\n\\r\\n\\r\\n\\r\\n\\r\\n\\r\\n\\r\\n\\r\\n\\r\\n\\r\\n\\r\\n\\r\\n\\r\\n\\r\\n<p>02\\/2015 &mdash; Communication Arts Design Annual 2015<\\/p>\",\"44\":\"MEET\\r\\nOUR\\r\\nTALENTED\\r\\nTEAM\"}}', '2016-11-19 00:16:14', '2016-11-19 00:16:14', '0f0660ab-1701-44e3-a303-f0d5899662d6'),
 ('234', '101', '10', '46', 'en_us', '22', '', '{\"typeId\":\"11\",\"authorId\":null,\"title\":\"Studio\",\"slug\":\"studio\",\"postDate\":1478129954,\"expiryDate\":null,\"enabled\":1,\"parentId\":null,\"fields\":{\"48\":{\"102\":{\"type\":\"1\",\"fields\":{\"backgroundImage\":[\"97\"],\"backgroundColor\":\"#000000\",\"linkUrl\":\"\\/contact\",\"header\":\"Drop \\r\\nus \\r\\na \\r\\nline\",\"subtext\":\"Contact Us\",\"fontColor\":\"#efefef\"}}},\"45\":\"<p class=\\\"large\\\">Born in 2004<\\/p>\",\"46\":\"<p class=\\\"large\\\">We are a full-service creative agency with offices in Seattle and Portland. A dedicated team of designers, strategists, developers and account specialists, we create highly-crafted brand experiences that clarify purpose, encourage action, and inspire brand loyalty. We\\u2019d love to get to know you and help tell your story.&nbsp;<\\/p>\",\"10\":{\"103\":{\"type\":\"carousel\",\"enabled\":\"1\",\"fields\":{\"images\":[\"48\",\"49\",\"50\"],\"verticalSpacingLevel\":\"vertical-spacing-2\"}},\"104\":{\"type\":\"twoColumnContent\",\"enabled\":\"1\",\"fields\":{\"backgroundColor\":\"#000000\",\"leftColumn\":\"<p class=\\\"h3 med\\\"><span class=\\\"white\\\">STYLE<br>IS A<br>SIMPLE<br>WAY<br>OF<br>SAYING<br>COMPLEX<br>THINGS<br><\\/span><span class=\\\"blue white\\\">&mdash;JEAN<br>COCTEAU<\\/span><\\/p>\",\"rightColumn\":\"\",\"verticalSpacingLevel\":\"vertical-spacing-2\"}},\"105\":{\"type\":\"twoColumnContent\",\"enabled\":\"1\",\"fields\":{\"backgroundColor\":\"#000000\",\"leftColumn\":\"<p class=\\\"large\\\"><span class=\\\"white\\\">Style is Not a&nbsp;<br>4-letter Word<\\/span><\\/p>\",\"rightColumn\":\"<p class=\\\"large\\\"><span class=\\\"white\\\">In our experience, the brands that are the most magnetic are those which project distinct, memorable and charismatic personalities. These brands place equal emphasis on what they say and how they say it. Some design purists might say that style is merely artificial decoration that should be avoided in favor of logic&mdash;\\u201cform follows function\\u201d and all that. Don\\u2019t get us wrong, we\\u2019re not proponents of style for its own sake, or as ornament applied after an idea has already been defined. Rather, we employ style as an integral and strategic component of our brand-development process. At its best, style can be that magical something about a company or product that pulls people in and transcends the logical. So, to us, style is not a 4-letter word. On the contrary, we embrace it, harnessing its power to cut through the clutter.&nbsp;<\\/span><\\/p>\\r\\n\\r\\n<p class=\\\"large\\\"><span class=\\\"white\\\">And besides, \\u201cstyle\\u201d has five letters.<\\/span><\\/p>\",\"verticalSpacingLevel\":\"vertical-spacing-1\"}},\"106\":{\"type\":\"twoColumnContent\",\"enabled\":\"1\",\"fields\":{\"backgroundColor\":\"#000000\",\"leftColumn\":\"<p class=\\\"large\\\"><span class=\\\"white\\\">We Do<\\/span><\\/p>\",\"rightColumn\":\"<p class=\\\"h2 caps\\\"><a href=\\\"http:\\/\\/turnstyle.studio\\/strategy#entry:55:url\\\">Strategy<\\/a><br><a href=\\\"http:\\/\\/turnstyle.studio\\/identity#entry:56:url\\\">Identity<\\/a><br>Digital<br>Print<br>Packaging<br>Environment<\\/p>\",\"verticalSpacingLevel\":\"vertical-spacing-2\"}},\"107\":{\"type\":\"twoColumnContent\",\"enabled\":\"1\",\"fields\":{\"backgroundColor\":\"#ffffff\",\"leftColumn\":\"<p class=\\\"h3 caps\\\">our<br>clients<br>&<br>industries<\\/p>\\r\\n\\r\\n<p class=\\\"h3 caps\\\"><\\/p>\",\"rightColumn\":\"<p><img src=\\\"http:\\/\\/turnstyle.studio\\/_ui\\/img\\/cta\\/t-01.gif#asset:154\\\"><\\/p>\",\"verticalSpacingLevel\":\"vertical-spacing-1\"}},\"108\":{\"type\":\"twoColumnContent\",\"enabled\":\"1\",\"fields\":{\"backgroundColor\":\"#ffffff\",\"leftColumn\":\"<p><span class=\\\"gray\\\">Industry<\\/span><\\/p>\\r\\n\\r\\n<p class=\\\"h3 caps\\\">teague<br>nike<br>starbucks<br>microsoft<br>amazon<br>aiga<br>nordstrom<br>teague<br>nike<\\/p>\\r\\n\\r\\n\\r\\n\\r\\n\\r\\n\\r\\n\\r\\n\\r\\n\\r\\n\\r\\n\\r\\n\\r\\n\\r\\n\\r\\n\\r\\n\\r\\n\\r\\n\\r\\n\\r\\n\\r\\n\\r\\n\\r\\n\\r\\n\\r\\n\\r\\n\\r\\n\\r\\n\\r\\n\\r\\n\\r\\n\\r\\n\\r\\n\\r\\n\\r\\n\\r\\n\\r\\n\\r\\n\\r\\n\\r\\n\\r\\n\\r\\n\\r\\n<p><span class=\\\"gray\\\">Industry<\\/span><\\/p>\\r\\n\\r\\n\\r\\n\\r\\n\\r\\n\\r\\n\\r\\n\\r\\n\\r\\n\\r\\n\\r\\n\\r\\n\\r\\n\\r\\n\\r\\n\\r\\n\\r\\n\\r\\n\\r\\n\\r\\n\\r\\n\\r\\n\\r\\n\\r\\n\\r\\n\\r\\n\\r\\n\\r\\n\\r\\n\\r\\n\\r\\n\\r\\n\\r\\n\\r\\n\\r\\n\\r\\n\\r\\n\\r\\n\\r\\n\\r\\n\\r\\n\\r\\n<p class=\\\"h3 caps\\\">starbucks<br>microsoft<br>amazon<\\/p>\\r\\n\\r\\n\\r\\n\\r\\n\\r\\n\\r\\n\\r\\n\\r\\n\\r\\n\\r\\n\\r\\n\\r\\n\\r\\n\\r\\n\\r\\n\\r\\n\\r\\n\\r\\n\\r\\n\\r\\n\\r\\n\\r\\n\\r\\n\\r\\n\\r\\n\\r\\n\\r\\n\\r\\n\\r\\n\\r\\n\\r\\n\\r\\n\\r\\n\\r\\n\\r\\n\\r\\n\\r\\n\\r\\n\\r\\n\\r\\n\\r\\n\\r\\n<p><span class=\\\"gray\\\">Industry<\\/span><\\/p>\\r\\n\\r\\n\\r\\n\\r\\n\\r\\n\\r\\n\\r\\n\\r\\n\\r\\n\\r\\n\\r\\n\\r\\n\\r\\n\\r\\n\\r\\n\\r\\n\\r\\n\\r\\n\\r\\n\\r\\n\\r\\n\\r\\n\\r\\n\\r\\n\\r\\n\\r\\n\\r\\n\\r\\n\\r\\n\\r\\n\\r\\n\\r\\n\\r\\n\\r\\n\\r\\n\\r\\n\\r\\n\\r\\n\\r\\n\\r\\n\\r\\n\\r\\n<p class=\\\"h3 caps\\\">starbucks<br>microsoft<\\/p>\",\"rightColumn\":\"<p>Industry<br><\\/p>\\r\\n\\r\\n<p class=\\\"h3 caps\\\">starbucks<br>microsoft<br>amazon<\\/p>\\r\\n\\r\\n\\r\\n\\r\\n\\r\\n\\r\\n\\r\\n\\r\\n\\r\\n\\r\\n\\r\\n\\r\\n\\r\\n\\r\\n\\r\\n\\r\\n\\r\\n\\r\\n\\r\\n\\r\\n\\r\\n\\r\\n\\r\\n\\r\\n\\r\\n\\r\\n\\r\\n\\r\\n\\r\\n\\r\\n\\r\\n\\r\\n\\r\\n\\r\\n\\r\\n\\r\\n\\r\\n\\r\\n\\r\\n\\r\\n\\r\\n\\r\\n<p><span class=\\\"gray\\\">Industry<\\/span><\\/p>\\r\\n\\r\\n\\r\\n\\r\\n\\r\\n\\r\\n\\r\\n\\r\\n\\r\\n\\r\\n\\r\\n\\r\\n\\r\\n\\r\\n\\r\\n\\r\\n\\r\\n\\r\\n\\r\\n\\r\\n\\r\\n\\r\\n\\r\\n\\r\\n\\r\\n\\r\\n\\r\\n\\r\\n\\r\\n\\r\\n\\r\\n\\r\\n\\r\\n\\r\\n\\r\\n\\r\\n\\r\\n\\r\\n\\r\\n\\r\\n\\r\\n\\r\\n<p class=\\\"h3 caps\\\">teague<br>nike<br>starbucks<br>microsoft<br>amazon<br>aiga<br>nordstrom<br>teague<br>nike<\\/p>\\r\\n\\r\\n\\r\\n\\r\\n\\r\\n\\r\\n\\r\\n\\r\\n\\r\\n\\r\\n\\r\\n\\r\\n\\r\\n\\r\\n\\r\\n\\r\\n\\r\\n\\r\\n\\r\\n\\r\\n\\r\\n\\r\\n\\r\\n\\r\\n\\r\\n\\r\\n\\r\\n\\r\\n\\r\\n\\r\\n\\r\\n\\r\\n\\r\\n\\r\\n\\r\\n\\r\\n\\r\\n\\r\\n\\r\\n\\r\\n\\r\\n\\r\\n<p><span class=\\\"gray\\\"><br><\\/span><\\/p>\\r\\n\\r\\n\\r\\n\\r\\n\\r\\n\\r\\n\\r\\n\\r\\n\\r\\n\\r\\n\\r\\n\\r\\n\\r\\n\\r\\n\\r\\n\\r\\n\\r\\n\\r\\n\\r\\n\\r\\n\\r\\n\\r\\n\\r\\n\\r\\n\\r\\n\\r\\n\\r\\n\\r\\n\\r\\n\\r\\n\\r\\n\\r\\n\\r\\n\\r\\n\\r\\n\\r\\n\\r\\n\\r\\n\\r\\n\\r\\n<p><span class=\\\"gray\\\">Industry<\\/span><\\/p>\\r\\n\\r\\n\\r\\n\\r\\n\\r\\n\\r\\n\\r\\n\\r\\n\\r\\n\\r\\n\\r\\n\\r\\n\\r\\n\\r\\n\\r\\n\\r\\n\\r\\n\\r\\n\\r\\n\\r\\n\\r\\n\\r\\n\\r\\n\\r\\n\\r\\n\\r\\n\\r\\n\\r\\n\\r\\n\\r\\n\\r\\n\\r\\n\\r\\n\\r\\n\\r\\n\\r\\n\\r\\n\\r\\n\\r\\n\\r\\n\\r\\n\\r\\n<p class=\\\"h3 caps\\\">starbucks<br>microsoft<\\/p>\",\"verticalSpacingLevel\":\"vertical-spacing-1\"}}},\"47\":\"<p>08\\/2016 &mdash; IdN Magazine v23n2<\\/p>\\r\\n\\r\\n<p>06\\/2016 &mdash; Communication Arts Design Annual 2016<\\/p>\\r\\n\\r\\n\\r\\n\\r\\n\\r\\n\\r\\n\\r\\n\\r\\n\\r\\n\\r\\n\\r\\n\\r\\n\\r\\n\\r\\n\\r\\n\\r\\n\\r\\n\\r\\n\\r\\n\\r\\n\\r\\n\\r\\n\\r\\n\\r\\n\\r\\n\\r\\n\\r\\n\\r\\n\\r\\n\\r\\n\\r\\n\\r\\n\\r\\n\\r\\n\\r\\n\\r\\n<p>05\\/2016 &mdash; PRINT Magazine Regional Design Annual 2016<\\/p>\\r\\n\\r\\n\\r\\n\\r\\n\\r\\n\\r\\n\\r\\n\\r\\n\\r\\n\\r\\n\\r\\n\\r\\n\\r\\n\\r\\n\\r\\n\\r\\n\\r\\n\\r\\n\\r\\n\\r\\n\\r\\n\\r\\n\\r\\n\\r\\n\\r\\n\\r\\n\\r\\n\\r\\n\\r\\n\\r\\n\\r\\n\\r\\n\\r\\n\\r\\n\\r\\n\\r\\n<p>03\\/2016 &mdash; Communication Arts Design Annual 2015<\\/p>\\r\\n\\r\\n\\r\\n\\r\\n\\r\\n\\r\\n\\r\\n\\r\\n\\r\\n\\r\\n\\r\\n\\r\\n\\r\\n\\r\\n\\r\\n\\r\\n\\r\\n\\r\\n\\r\\n\\r\\n\\r\\n\\r\\n\\r\\n\\r\\n\\r\\n\\r\\n\\r\\n\\r\\n\\r\\n\\r\\n\\r\\n\\r\\n\\r\\n\\r\\n\\r\\n\\r\\n<p>02\\/2016 &mdash; IdN Magazine v23n2<\\/p>\\r\\n\\r\\n\\r\\n\\r\\n\\r\\n\\r\\n\\r\\n\\r\\n\\r\\n\\r\\n\\r\\n\\r\\n\\r\\n\\r\\n\\r\\n\\r\\n\\r\\n\\r\\n\\r\\n\\r\\n\\r\\n\\r\\n\\r\\n\\r\\n\\r\\n\\r\\n\\r\\n\\r\\n\\r\\n\\r\\n\\r\\n\\r\\n\\r\\n\\r\\n\\r\\n\\r\\n<p>12\\/2015 &mdash; Communication Arts Design Annual 2016<\\/p>\\r\\n\\r\\n\\r\\n\\r\\n\\r\\n\\r\\n\\r\\n\\r\\n\\r\\n\\r\\n\\r\\n\\r\\n\\r\\n\\r\\n\\r\\n\\r\\n\\r\\n\\r\\n\\r\\n\\r\\n\\r\\n\\r\\n\\r\\n\\r\\n\\r\\n\\r\\n\\r\\n\\r\\n\\r\\n\\r\\n\\r\\n\\r\\n\\r\\n\\r\\n\\r\\n\\r\\n<p>10\\/2015 &mdash; PRINT Magazine Regional Design Annual 2016<\\/p>\\r\\n\\r\\n\\r\\n\\r\\n\\r\\n\\r\\n\\r\\n\\r\\n\\r\\n\\r\\n\\r\\n\\r\\n\\r\\n\\r\\n\\r\\n\\r\\n\\r\\n\\r\\n\\r\\n\\r\\n\\r\\n\\r\\n\\r\\n\\r\\n\\r\\n\\r\\n\\r\\n\\r\\n\\r\\n\\r\\n\\r\\n\\r\\n\\r\\n\\r\\n\\r\\n\\r\\n<p>10\\/2015 &mdash; Communication Arts Design Annual 2015<\\/p>\\r\\n\\r\\n\\r\\n\\r\\n\\r\\n\\r\\n\\r\\n\\r\\n\\r\\n\\r\\n\\r\\n\\r\\n\\r\\n\\r\\n\\r\\n\\r\\n\\r\\n\\r\\n\\r\\n\\r\\n\\r\\n\\r\\n\\r\\n\\r\\n\\r\\n\\r\\n\\r\\n\\r\\n\\r\\n\\r\\n\\r\\n\\r\\n\\r\\n\\r\\n\\r\\n\\r\\n<p>06\\/2015 &mdash; PRINT Magazine Regional Design Annual 2016<\\/p>\\r\\n\\r\\n\\r\\n\\r\\n\\r\\n\\r\\n\\r\\n\\r\\n\\r\\n\\r\\n\\r\\n\\r\\n\\r\\n\\r\\n\\r\\n\\r\\n\\r\\n\\r\\n\\r\\n\\r\\n\\r\\n\\r\\n\\r\\n\\r\\n\\r\\n\\r\\n\\r\\n\\r\\n\\r\\n\\r\\n\\r\\n\\r\\n\\r\\n\\r\\n\\r\\n\\r\\n<p>02\\/2015 &mdash; Communication Arts Design Annual 2015<\\/p>\",\"44\":\"MEET\\r\\nOUR\\r\\nTALENTED\\r\\nTEAM\"}}', '2016-11-19 00:16:37', '2016-11-19 00:16:37', '7620fd23-d8c8-40a6-b647-faae2773784b'),
 ('235', '101', '10', '46', 'en_us', '23', '', '{\"typeId\":\"11\",\"authorId\":null,\"title\":\"Studio\",\"slug\":\"studio\",\"postDate\":1478129954,\"expiryDate\":null,\"enabled\":1,\"parentId\":null,\"fields\":{\"48\":{\"102\":{\"type\":\"1\",\"fields\":{\"backgroundImage\":[\"97\"],\"backgroundColor\":\"#000000\",\"linkUrl\":\"\\/contact\",\"header\":\"Drop \\r\\nus \\r\\na \\r\\nline\",\"subtext\":\"Contact Us\",\"fontColor\":\"#efefef\"}}},\"45\":\"<p class=\\\"large\\\">Born in 2004<\\/p>\",\"46\":\"<p class=\\\"large\\\">We are a full-service creative agency with offices in Seattle and Portland. A dedicated team of designers, strategists, developers and account specialists, we create highly-crafted brand experiences that clarify purpose, encourage action, and inspire brand loyalty. We\\u2019d love to get to know you and help tell your story.&nbsp;<\\/p>\",\"10\":{\"103\":{\"type\":\"carousel\",\"enabled\":\"1\",\"fields\":{\"images\":[\"48\",\"49\",\"50\"],\"verticalSpacingLevel\":\"vertical-spacing-2\"}},\"104\":{\"type\":\"twoColumnContent\",\"enabled\":\"1\",\"fields\":{\"backgroundColor\":\"#000000\",\"leftColumn\":\"<p class=\\\"h3 med\\\"><span class=\\\"white\\\">STYLE<br>IS A<br>SIMPLE<br>WAY<br>OF<br>SAYING<br>COMPLEX<br>THINGS<br><\\/span><span class=\\\"blue white\\\">&mdash;JEAN<br>COCTEAU<\\/span><\\/p>\",\"rightColumn\":\"\",\"verticalSpacingLevel\":\"vertical-spacing-2\"}},\"105\":{\"type\":\"twoColumnContent\",\"enabled\":\"1\",\"fields\":{\"backgroundColor\":\"#000000\",\"leftColumn\":\"<p class=\\\"large\\\"><span class=\\\"white\\\">Style is Not a&nbsp;<br>4-letter Word<\\/span><\\/p>\",\"rightColumn\":\"<p class=\\\"large\\\"><span class=\\\"white\\\">In our experience, the brands that are the most magnetic are those which project distinct, memorable and charismatic personalities. These brands place equal emphasis on what they say and how they say it. Some design purists might say that style is merely artificial decoration that should be avoided in favor of logic&mdash;\\u201cform follows function\\u201d and all that. Don\\u2019t get us wrong, we\\u2019re not proponents of style for its own sake, or as ornament applied after an idea has already been defined. Rather, we employ style as an integral and strategic component of our brand-development process. At its best, style can be that magical something about a company or product that pulls people in and transcends the logical. So, to us, style is not a 4-letter word. On the contrary, we embrace it, harnessing its power to cut through the clutter.&nbsp;<\\/span><\\/p>\\r\\n\\r\\n<p class=\\\"large\\\"><span class=\\\"white\\\">And besides, \\u201cstyle\\u201d has five letters.<\\/span><\\/p>\",\"verticalSpacingLevel\":\"vertical-spacing-1\"}},\"106\":{\"type\":\"twoColumnContent\",\"enabled\":\"1\",\"fields\":{\"backgroundColor\":\"#000000\",\"leftColumn\":\"<p class=\\\"large\\\"><span class=\\\"white\\\">We Do<\\/span><\\/p>\",\"rightColumn\":\"<p class=\\\"h2 caps\\\"><a href=\\\"http:\\/\\/turnstyle.studio\\/strategy#entry:55:url\\\">Strategy<\\/a><br><a href=\\\"http:\\/\\/turnstyle.studio\\/identity#entry:56:url\\\">Identity<\\/a><br>Digital<br>Print<br>Packaging<br>Environment<\\/p>\",\"verticalSpacingLevel\":\"vertical-spacing-2\"}},\"107\":{\"type\":\"twoColumnContent\",\"enabled\":\"1\",\"fields\":{\"backgroundColor\":\"#ffffff\",\"leftColumn\":\"<p class=\\\"h3 caps\\\">our<br>clients<br>&<br>industries<\\/p>\\r\\n\\r\\n<p class=\\\"h3 caps\\\"><\\/p>\",\"rightColumn\":\"<p><img src=\\\"http:\\/\\/turnstyle.studio\\/_ui\\/img\\/cta\\/t-01.gif#asset:154:url\\\"><\\/p>\",\"verticalSpacingLevel\":\"vertical-spacing-1\"}},\"108\":{\"type\":\"twoColumnContent\",\"enabled\":\"1\",\"fields\":{\"backgroundColor\":\"#ffffff\",\"leftColumn\":\"<p><span class=\\\"gray\\\">Industry<\\/span><\\/p>\\r\\n\\r\\n<p class=\\\"h3 caps\\\">teague<br>nike<br>starbucks<br>microsoft<br>amazon<br>aiga<br>nordstrom<br>teague<br>nike<\\/p>\\r\\n\\r\\n\\r\\n\\r\\n\\r\\n\\r\\n\\r\\n\\r\\n\\r\\n\\r\\n\\r\\n\\r\\n\\r\\n\\r\\n\\r\\n\\r\\n\\r\\n\\r\\n\\r\\n\\r\\n\\r\\n\\r\\n\\r\\n\\r\\n\\r\\n\\r\\n\\r\\n\\r\\n\\r\\n\\r\\n\\r\\n\\r\\n\\r\\n\\r\\n\\r\\n\\r\\n\\r\\n\\r\\n\\r\\n\\r\\n\\r\\n\\r\\n\\r\\n\\r\\n<p><span class=\\\"gray\\\">Industry<\\/span><\\/p>\\r\\n\\r\\n\\r\\n\\r\\n\\r\\n\\r\\n\\r\\n\\r\\n\\r\\n\\r\\n\\r\\n\\r\\n\\r\\n\\r\\n\\r\\n\\r\\n\\r\\n\\r\\n\\r\\n\\r\\n\\r\\n\\r\\n\\r\\n\\r\\n\\r\\n\\r\\n\\r\\n\\r\\n\\r\\n\\r\\n\\r\\n\\r\\n\\r\\n\\r\\n\\r\\n\\r\\n\\r\\n\\r\\n\\r\\n\\r\\n\\r\\n\\r\\n\\r\\n\\r\\n<p class=\\\"h3 caps\\\">starbucks<br>microsoft<br>amazon<\\/p>\\r\\n\\r\\n\\r\\n\\r\\n\\r\\n\\r\\n\\r\\n\\r\\n\\r\\n\\r\\n\\r\\n\\r\\n\\r\\n\\r\\n\\r\\n\\r\\n\\r\\n\\r\\n\\r\\n\\r\\n\\r\\n\\r\\n\\r\\n\\r\\n\\r\\n\\r\\n\\r\\n\\r\\n\\r\\n\\r\\n\\r\\n\\r\\n\\r\\n\\r\\n\\r\\n\\r\\n\\r\\n\\r\\n\\r\\n\\r\\n\\r\\n\\r\\n\\r\\n\\r\\n<p><span class=\\\"gray\\\">Industry<\\/span><\\/p>\\r\\n\\r\\n\\r\\n\\r\\n\\r\\n\\r\\n\\r\\n\\r\\n\\r\\n\\r\\n\\r\\n\\r\\n\\r\\n\\r\\n\\r\\n\\r\\n\\r\\n\\r\\n\\r\\n\\r\\n\\r\\n\\r\\n\\r\\n\\r\\n\\r\\n\\r\\n\\r\\n\\r\\n\\r\\n\\r\\n\\r\\n\\r\\n\\r\\n\\r\\n\\r\\n\\r\\n\\r\\n\\r\\n\\r\\n\\r\\n\\r\\n\\r\\n\\r\\n\\r\\n<p class=\\\"h3 caps\\\">starbucks<br>microsoft<\\/p>\",\"rightColumn\":\"<p>Industry<br><\\/p>\\r\\n\\r\\n<p class=\\\"h3 caps\\\">starbucks<br>microsoft<br>amazon<\\/p>\\r\\n\\r\\n\\r\\n\\r\\n\\r\\n\\r\\n\\r\\n\\r\\n\\r\\n\\r\\n\\r\\n\\r\\n\\r\\n\\r\\n\\r\\n\\r\\n\\r\\n\\r\\n\\r\\n\\r\\n\\r\\n\\r\\n\\r\\n\\r\\n\\r\\n\\r\\n\\r\\n\\r\\n\\r\\n\\r\\n\\r\\n\\r\\n\\r\\n\\r\\n\\r\\n\\r\\n\\r\\n\\r\\n\\r\\n\\r\\n\\r\\n\\r\\n\\r\\n\\r\\n<p><span class=\\\"gray\\\">Industry<\\/span><\\/p>\\r\\n\\r\\n\\r\\n\\r\\n\\r\\n\\r\\n\\r\\n\\r\\n\\r\\n\\r\\n\\r\\n\\r\\n\\r\\n\\r\\n\\r\\n\\r\\n\\r\\n\\r\\n\\r\\n\\r\\n\\r\\n\\r\\n\\r\\n\\r\\n\\r\\n\\r\\n\\r\\n\\r\\n\\r\\n\\r\\n\\r\\n\\r\\n\\r\\n\\r\\n\\r\\n\\r\\n\\r\\n\\r\\n\\r\\n\\r\\n\\r\\n\\r\\n\\r\\n\\r\\n<p class=\\\"h3 caps\\\">teague<br>nike<br>starbucks<br>microsoft<br>amazon<br>aiga<br>nordstrom<br>teague<br>nike<\\/p>\\r\\n\\r\\n\\r\\n\\r\\n\\r\\n\\r\\n\\r\\n\\r\\n\\r\\n\\r\\n\\r\\n\\r\\n\\r\\n\\r\\n\\r\\n\\r\\n\\r\\n\\r\\n\\r\\n\\r\\n\\r\\n\\r\\n\\r\\n\\r\\n\\r\\n\\r\\n\\r\\n\\r\\n\\r\\n\\r\\n\\r\\n\\r\\n\\r\\n\\r\\n\\r\\n\\r\\n\\r\\n\\r\\n\\r\\n\\r\\n\\r\\n\\r\\n\\r\\n\\r\\n<p><span class=\\\"gray\\\"><br><\\/span><\\/p>\\r\\n\\r\\n\\r\\n\\r\\n\\r\\n\\r\\n\\r\\n\\r\\n\\r\\n\\r\\n\\r\\n\\r\\n\\r\\n\\r\\n\\r\\n\\r\\n\\r\\n\\r\\n\\r\\n\\r\\n\\r\\n\\r\\n\\r\\n\\r\\n\\r\\n\\r\\n\\r\\n\\r\\n\\r\\n\\r\\n\\r\\n\\r\\n\\r\\n\\r\\n\\r\\n\\r\\n\\r\\n\\r\\n\\r\\n\\r\\n\\r\\n\\r\\n<p><span class=\\\"gray\\\">Industry<\\/span><\\/p>\\r\\n\\r\\n\\r\\n\\r\\n\\r\\n\\r\\n\\r\\n\\r\\n\\r\\n\\r\\n\\r\\n\\r\\n\\r\\n\\r\\n\\r\\n\\r\\n\\r\\n\\r\\n\\r\\n\\r\\n\\r\\n\\r\\n\\r\\n\\r\\n\\r\\n\\r\\n\\r\\n\\r\\n\\r\\n\\r\\n\\r\\n\\r\\n\\r\\n\\r\\n\\r\\n\\r\\n\\r\\n\\r\\n\\r\\n\\r\\n\\r\\n\\r\\n\\r\\n\\r\\n<p class=\\\"h3 caps\\\">starbucks<br>microsoft<\\/p>\",\"verticalSpacingLevel\":\"vertical-spacing-1\"}}},\"47\":\"<p>08\\/2016 &mdash; IdN Magazine v23n2<\\/p>\\r\\n\\r\\n<p>06\\/2016 &mdash; Communication Arts Design Annual 2016<\\/p>\\r\\n\\r\\n\\r\\n\\r\\n\\r\\n\\r\\n\\r\\n\\r\\n\\r\\n\\r\\n\\r\\n\\r\\n\\r\\n\\r\\n\\r\\n\\r\\n\\r\\n\\r\\n\\r\\n\\r\\n\\r\\n\\r\\n\\r\\n\\r\\n\\r\\n\\r\\n\\r\\n\\r\\n\\r\\n\\r\\n\\r\\n\\r\\n\\r\\n\\r\\n\\r\\n\\r\\n\\r\\n\\r\\n<p>05\\/2016 &mdash; PRINT Magazine Regional Design Annual 2016<\\/p>\\r\\n\\r\\n\\r\\n\\r\\n\\r\\n\\r\\n\\r\\n\\r\\n\\r\\n\\r\\n\\r\\n\\r\\n\\r\\n\\r\\n\\r\\n\\r\\n\\r\\n\\r\\n\\r\\n\\r\\n\\r\\n\\r\\n\\r\\n\\r\\n\\r\\n\\r\\n\\r\\n\\r\\n\\r\\n\\r\\n\\r\\n\\r\\n\\r\\n\\r\\n\\r\\n\\r\\n\\r\\n\\r\\n<p>03\\/2016 &mdash; Communication Arts Design Annual 2015<\\/p>\\r\\n\\r\\n\\r\\n\\r\\n\\r\\n\\r\\n\\r\\n\\r\\n\\r\\n\\r\\n\\r\\n\\r\\n\\r\\n\\r\\n\\r\\n\\r\\n\\r\\n\\r\\n\\r\\n\\r\\n\\r\\n\\r\\n\\r\\n\\r\\n\\r\\n\\r\\n\\r\\n\\r\\n\\r\\n\\r\\n\\r\\n\\r\\n\\r\\n\\r\\n\\r\\n\\r\\n\\r\\n\\r\\n<p>02\\/2016 &mdash; IdN Magazine v23n2<\\/p>\\r\\n\\r\\n\\r\\n\\r\\n\\r\\n\\r\\n\\r\\n\\r\\n\\r\\n\\r\\n\\r\\n\\r\\n\\r\\n\\r\\n\\r\\n\\r\\n\\r\\n\\r\\n\\r\\n\\r\\n\\r\\n\\r\\n\\r\\n\\r\\n\\r\\n\\r\\n\\r\\n\\r\\n\\r\\n\\r\\n\\r\\n\\r\\n\\r\\n\\r\\n\\r\\n\\r\\n\\r\\n\\r\\n<p>12\\/2015 &mdash; Communication Arts Design Annual 2016<\\/p>\\r\\n\\r\\n\\r\\n\\r\\n\\r\\n\\r\\n\\r\\n\\r\\n\\r\\n\\r\\n\\r\\n\\r\\n\\r\\n\\r\\n\\r\\n\\r\\n\\r\\n\\r\\n\\r\\n\\r\\n\\r\\n\\r\\n\\r\\n\\r\\n\\r\\n\\r\\n\\r\\n\\r\\n\\r\\n\\r\\n\\r\\n\\r\\n\\r\\n\\r\\n\\r\\n\\r\\n\\r\\n\\r\\n<p>10\\/2015 &mdash; PRINT Magazine Regional Design Annual 2016<\\/p>\\r\\n\\r\\n\\r\\n\\r\\n\\r\\n\\r\\n\\r\\n\\r\\n\\r\\n\\r\\n\\r\\n\\r\\n\\r\\n\\r\\n\\r\\n\\r\\n\\r\\n\\r\\n\\r\\n\\r\\n\\r\\n\\r\\n\\r\\n\\r\\n\\r\\n\\r\\n\\r\\n\\r\\n\\r\\n\\r\\n\\r\\n\\r\\n\\r\\n\\r\\n\\r\\n\\r\\n\\r\\n\\r\\n<p>10\\/2015 &mdash; Communication Arts Design Annual 2015<\\/p>\\r\\n\\r\\n\\r\\n\\r\\n\\r\\n\\r\\n\\r\\n\\r\\n\\r\\n\\r\\n\\r\\n\\r\\n\\r\\n\\r\\n\\r\\n\\r\\n\\r\\n\\r\\n\\r\\n\\r\\n\\r\\n\\r\\n\\r\\n\\r\\n\\r\\n\\r\\n\\r\\n\\r\\n\\r\\n\\r\\n\\r\\n\\r\\n\\r\\n\\r\\n\\r\\n\\r\\n\\r\\n\\r\\n<p>06\\/2015 &mdash; PRINT Magazine Regional Design Annual 2016<\\/p>\\r\\n\\r\\n\\r\\n\\r\\n\\r\\n\\r\\n\\r\\n\\r\\n\\r\\n\\r\\n\\r\\n\\r\\n\\r\\n\\r\\n\\r\\n\\r\\n\\r\\n\\r\\n\\r\\n\\r\\n\\r\\n\\r\\n\\r\\n\\r\\n\\r\\n\\r\\n\\r\\n\\r\\n\\r\\n\\r\\n\\r\\n\\r\\n\\r\\n\\r\\n\\r\\n\\r\\n\\r\\n\\r\\n<p>02\\/2015 &mdash; Communication Arts Design Annual 2015<\\/p>\",\"44\":\"MEET\\r\\nOUR\\r\\nTALENTED\\r\\nTEAM\"}}', '2016-11-19 00:16:57', '2016-11-19 00:16:57', '480e0e80-06b5-45ce-94bb-042a8d21facb'),
 ('236', '101', '10', '46', 'en_us', '24', '', '{\"typeId\":\"11\",\"authorId\":null,\"title\":\"Studio\",\"slug\":\"studio\",\"postDate\":1478129954,\"expiryDate\":null,\"enabled\":1,\"parentId\":null,\"fields\":{\"48\":{\"102\":{\"type\":\"1\",\"fields\":{\"backgroundImage\":[\"97\"],\"backgroundColor\":\"#000000\",\"linkUrl\":\"\\/contact\",\"header\":\"Drop \\r\\nus \\r\\na \\r\\nline\",\"subtext\":\"Contact Us\",\"fontColor\":\"#efefef\"}}},\"45\":\"<p class=\\\"large\\\">Born in 2004<\\/p>\",\"46\":\"<p class=\\\"large\\\">We are a full-service creative agency with offices in Seattle and Portland. A dedicated team of designers, strategists, developers and account specialists, we create highly-crafted brand experiences that clarify purpose, encourage action, and inspire brand loyalty. We\\u2019d love to get to know you and help tell your story.&nbsp;<\\/p>\",\"10\":{\"103\":{\"type\":\"carousel\",\"enabled\":\"1\",\"fields\":{\"images\":[\"48\",\"49\",\"50\"],\"verticalSpacingLevel\":\"vertical-spacing-2\"}},\"104\":{\"type\":\"twoColumnContent\",\"enabled\":\"1\",\"fields\":{\"backgroundColor\":\"#000000\",\"leftColumn\":\"<p class=\\\"h3 med\\\"><span class=\\\"white\\\">STYLE<br>IS A<br>SIMPLE<br>WAY<br>OF<br>SAYING<br>COMPLEX<br>THINGS<br><\\/span><span class=\\\"blue white\\\">&mdash;JEAN<br>COCTEAU<\\/span><\\/p>\",\"rightColumn\":\"<p><img src=\\\"http:\\/\\/turnstyle.studio\\/_ui\\/img\\/cta\\/t-01.gif#asset:154\\\"><\\/p>\",\"verticalSpacingLevel\":\"vertical-spacing-2\"}},\"105\":{\"type\":\"twoColumnContent\",\"enabled\":\"1\",\"fields\":{\"backgroundColor\":\"#000000\",\"leftColumn\":\"<p class=\\\"large\\\"><span class=\\\"white\\\">Style is Not a&nbsp;<br>4-letter Word<\\/span><\\/p>\",\"rightColumn\":\"<p class=\\\"large\\\"><span class=\\\"white\\\">In our experience, the brands that are the most magnetic are those which project distinct, memorable and charismatic personalities. These brands place equal emphasis on what they say and how they say it. Some design purists might say that style is merely artificial decoration that should be avoided in favor of logic&mdash;\\u201cform follows function\\u201d and all that. Don\\u2019t get us wrong, we\\u2019re not proponents of style for its own sake, or as ornament applied after an idea has already been defined. Rather, we employ style as an integral and strategic component of our brand-development process. At its best, style can be that magical something about a company or product that pulls people in and transcends the logical. So, to us, style is not a 4-letter word. On the contrary, we embrace it, harnessing its power to cut through the clutter.&nbsp;<\\/span><\\/p>\\r\\n\\r\\n<p class=\\\"large\\\"><span class=\\\"white\\\">And besides, \\u201cstyle\\u201d has five letters.<\\/span><\\/p>\",\"verticalSpacingLevel\":\"vertical-spacing-1\"}},\"106\":{\"type\":\"twoColumnContent\",\"enabled\":\"1\",\"fields\":{\"backgroundColor\":\"#000000\",\"leftColumn\":\"<p class=\\\"large\\\"><span class=\\\"white\\\">We Do<\\/span><\\/p>\",\"rightColumn\":\"<p class=\\\"h2 caps\\\"><a href=\\\"http:\\/\\/turnstyle.studio\\/strategy#entry:55:url\\\">Strategy<\\/a><br><a href=\\\"http:\\/\\/turnstyle.studio\\/identity#entry:56:url\\\">Identity<\\/a><br>Digital<br>Print<br>Packaging<br>Environment<\\/p>\",\"verticalSpacingLevel\":\"vertical-spacing-2\"}},\"107\":{\"type\":\"twoColumnContent\",\"enabled\":\"1\",\"fields\":{\"backgroundColor\":\"#ffffff\",\"leftColumn\":\"<p class=\\\"h3 caps\\\">our<br>clients<br>&<br>industries<\\/p>\\r\\n\\r\\n<p class=\\\"h3 caps\\\"><\\/p>\",\"rightColumn\":\"\",\"verticalSpacingLevel\":\"vertical-spacing-1\"}},\"108\":{\"type\":\"twoColumnContent\",\"enabled\":\"1\",\"fields\":{\"backgroundColor\":\"#ffffff\",\"leftColumn\":\"<p><span class=\\\"gray\\\">Industry<\\/span><\\/p>\\r\\n\\r\\n<p class=\\\"h3 caps\\\">teague<br>nike<br>starbucks<br>microsoft<br>amazon<br>aiga<br>nordstrom<br>teague<br>nike<\\/p>\\r\\n\\r\\n\\r\\n\\r\\n\\r\\n\\r\\n\\r\\n\\r\\n\\r\\n\\r\\n\\r\\n\\r\\n\\r\\n\\r\\n\\r\\n\\r\\n\\r\\n\\r\\n\\r\\n\\r\\n\\r\\n\\r\\n\\r\\n\\r\\n\\r\\n\\r\\n\\r\\n\\r\\n\\r\\n\\r\\n\\r\\n\\r\\n\\r\\n\\r\\n\\r\\n\\r\\n\\r\\n\\r\\n\\r\\n\\r\\n\\r\\n\\r\\n\\r\\n\\r\\n\\r\\n\\r\\n<p><span class=\\\"gray\\\">Industry<\\/span><\\/p>\\r\\n\\r\\n\\r\\n\\r\\n\\r\\n\\r\\n\\r\\n\\r\\n\\r\\n\\r\\n\\r\\n\\r\\n\\r\\n\\r\\n\\r\\n\\r\\n\\r\\n\\r\\n\\r\\n\\r\\n\\r\\n\\r\\n\\r\\n\\r\\n\\r\\n\\r\\n\\r\\n\\r\\n\\r\\n\\r\\n\\r\\n\\r\\n\\r\\n\\r\\n\\r\\n\\r\\n\\r\\n\\r\\n\\r\\n\\r\\n\\r\\n\\r\\n\\r\\n\\r\\n\\r\\n\\r\\n<p class=\\\"h3 caps\\\">starbucks<br>microsoft<br>amazon<\\/p>\\r\\n\\r\\n\\r\\n\\r\\n\\r\\n\\r\\n\\r\\n\\r\\n\\r\\n\\r\\n\\r\\n\\r\\n\\r\\n\\r\\n\\r\\n\\r\\n\\r\\n\\r\\n\\r\\n\\r\\n\\r\\n\\r\\n\\r\\n\\r\\n\\r\\n\\r\\n\\r\\n\\r\\n\\r\\n\\r\\n\\r\\n\\r\\n\\r\\n\\r\\n\\r\\n\\r\\n\\r\\n\\r\\n\\r\\n\\r\\n\\r\\n\\r\\n\\r\\n\\r\\n\\r\\n\\r\\n<p><span class=\\\"gray\\\">Industry<\\/span><\\/p>\\r\\n\\r\\n\\r\\n\\r\\n\\r\\n\\r\\n\\r\\n\\r\\n\\r\\n\\r\\n\\r\\n\\r\\n\\r\\n\\r\\n\\r\\n\\r\\n\\r\\n\\r\\n\\r\\n\\r\\n\\r\\n\\r\\n\\r\\n\\r\\n\\r\\n\\r\\n\\r\\n\\r\\n\\r\\n\\r\\n\\r\\n\\r\\n\\r\\n\\r\\n\\r\\n\\r\\n\\r\\n\\r\\n\\r\\n\\r\\n\\r\\n\\r\\n\\r\\n\\r\\n\\r\\n\\r\\n<p class=\\\"h3 caps\\\">starbucks<br>microsoft<\\/p>\",\"rightColumn\":\"<p>Industry<br><\\/p>\\r\\n\\r\\n<p class=\\\"h3 caps\\\">starbucks<br>microsoft<br>amazon<\\/p>\\r\\n\\r\\n\\r\\n\\r\\n\\r\\n\\r\\n\\r\\n\\r\\n\\r\\n\\r\\n\\r\\n\\r\\n\\r\\n\\r\\n\\r\\n\\r\\n\\r\\n\\r\\n\\r\\n\\r\\n\\r\\n\\r\\n\\r\\n\\r\\n\\r\\n\\r\\n\\r\\n\\r\\n\\r\\n\\r\\n\\r\\n\\r\\n\\r\\n\\r\\n\\r\\n\\r\\n\\r\\n\\r\\n\\r\\n\\r\\n\\r\\n\\r\\n\\r\\n\\r\\n\\r\\n\\r\\n<p><span class=\\\"gray\\\">Industry<\\/span><\\/p>\\r\\n\\r\\n\\r\\n\\r\\n\\r\\n\\r\\n\\r\\n\\r\\n\\r\\n\\r\\n\\r\\n\\r\\n\\r\\n\\r\\n\\r\\n\\r\\n\\r\\n\\r\\n\\r\\n\\r\\n\\r\\n\\r\\n\\r\\n\\r\\n\\r\\n\\r\\n\\r\\n\\r\\n\\r\\n\\r\\n\\r\\n\\r\\n\\r\\n\\r\\n\\r\\n\\r\\n\\r\\n\\r\\n\\r\\n\\r\\n\\r\\n\\r\\n\\r\\n\\r\\n\\r\\n\\r\\n<p class=\\\"h3 caps\\\">teague<br>nike<br>starbucks<br>microsoft<br>amazon<br>aiga<br>nordstrom<br>teague<br>nike<\\/p>\\r\\n\\r\\n\\r\\n\\r\\n\\r\\n\\r\\n\\r\\n\\r\\n\\r\\n\\r\\n\\r\\n\\r\\n\\r\\n\\r\\n\\r\\n\\r\\n\\r\\n\\r\\n\\r\\n\\r\\n\\r\\n\\r\\n\\r\\n\\r\\n\\r\\n\\r\\n\\r\\n\\r\\n\\r\\n\\r\\n\\r\\n\\r\\n\\r\\n\\r\\n\\r\\n\\r\\n\\r\\n\\r\\n\\r\\n\\r\\n\\r\\n\\r\\n\\r\\n\\r\\n\\r\\n\\r\\n<p><span class=\\\"gray\\\"><br><\\/span><\\/p>\\r\\n\\r\\n\\r\\n\\r\\n\\r\\n\\r\\n\\r\\n\\r\\n\\r\\n\\r\\n\\r\\n\\r\\n\\r\\n\\r\\n\\r\\n\\r\\n\\r\\n\\r\\n\\r\\n\\r\\n\\r\\n\\r\\n\\r\\n\\r\\n\\r\\n\\r\\n\\r\\n\\r\\n\\r\\n\\r\\n\\r\\n\\r\\n\\r\\n\\r\\n\\r\\n\\r\\n\\r\\n\\r\\n\\r\\n\\r\\n\\r\\n\\r\\n\\r\\n\\r\\n<p><span class=\\\"gray\\\">Industry<\\/span><\\/p>\\r\\n\\r\\n\\r\\n\\r\\n\\r\\n\\r\\n\\r\\n\\r\\n\\r\\n\\r\\n\\r\\n\\r\\n\\r\\n\\r\\n\\r\\n\\r\\n\\r\\n\\r\\n\\r\\n\\r\\n\\r\\n\\r\\n\\r\\n\\r\\n\\r\\n\\r\\n\\r\\n\\r\\n\\r\\n\\r\\n\\r\\n\\r\\n\\r\\n\\r\\n\\r\\n\\r\\n\\r\\n\\r\\n\\r\\n\\r\\n\\r\\n\\r\\n\\r\\n\\r\\n\\r\\n\\r\\n<p class=\\\"h3 caps\\\">starbucks<br>microsoft<\\/p>\",\"verticalSpacingLevel\":\"vertical-spacing-1\"}}},\"47\":\"<p>08\\/2016 &mdash; IdN Magazine v23n2<\\/p>\\r\\n\\r\\n<p>06\\/2016 &mdash; Communication Arts Design Annual 2016<\\/p>\\r\\n\\r\\n\\r\\n\\r\\n\\r\\n\\r\\n\\r\\n\\r\\n\\r\\n\\r\\n\\r\\n\\r\\n\\r\\n\\r\\n\\r\\n\\r\\n\\r\\n\\r\\n\\r\\n\\r\\n\\r\\n\\r\\n\\r\\n\\r\\n\\r\\n\\r\\n\\r\\n\\r\\n\\r\\n\\r\\n\\r\\n\\r\\n\\r\\n\\r\\n\\r\\n\\r\\n\\r\\n\\r\\n\\r\\n\\r\\n<p>05\\/2016 &mdash; PRINT Magazine Regional Design Annual 2016<\\/p>\\r\\n\\r\\n\\r\\n\\r\\n\\r\\n\\r\\n\\r\\n\\r\\n\\r\\n\\r\\n\\r\\n\\r\\n\\r\\n\\r\\n\\r\\n\\r\\n\\r\\n\\r\\n\\r\\n\\r\\n\\r\\n\\r\\n\\r\\n\\r\\n\\r\\n\\r\\n\\r\\n\\r\\n\\r\\n\\r\\n\\r\\n\\r\\n\\r\\n\\r\\n\\r\\n\\r\\n\\r\\n\\r\\n\\r\\n\\r\\n<p>03\\/2016 &mdash; Communication Arts Design Annual 2015<\\/p>\\r\\n\\r\\n\\r\\n\\r\\n\\r\\n\\r\\n\\r\\n\\r\\n\\r\\n\\r\\n\\r\\n\\r\\n\\r\\n\\r\\n\\r\\n\\r\\n\\r\\n\\r\\n\\r\\n\\r\\n\\r\\n\\r\\n\\r\\n\\r\\n\\r\\n\\r\\n\\r\\n\\r\\n\\r\\n\\r\\n\\r\\n\\r\\n\\r\\n\\r\\n\\r\\n\\r\\n\\r\\n\\r\\n\\r\\n\\r\\n<p>02\\/2016 &mdash; IdN Magazine v23n2<\\/p>\\r\\n\\r\\n\\r\\n\\r\\n\\r\\n\\r\\n\\r\\n\\r\\n\\r\\n\\r\\n\\r\\n\\r\\n\\r\\n\\r\\n\\r\\n\\r\\n\\r\\n\\r\\n\\r\\n\\r\\n\\r\\n\\r\\n\\r\\n\\r\\n\\r\\n\\r\\n\\r\\n\\r\\n\\r\\n\\r\\n\\r\\n\\r\\n\\r\\n\\r\\n\\r\\n\\r\\n\\r\\n\\r\\n\\r\\n\\r\\n<p>12\\/2015 &mdash; Communication Arts Design Annual 2016<\\/p>\\r\\n\\r\\n\\r\\n\\r\\n\\r\\n\\r\\n\\r\\n\\r\\n\\r\\n\\r\\n\\r\\n\\r\\n\\r\\n\\r\\n\\r\\n\\r\\n\\r\\n\\r\\n\\r\\n\\r\\n\\r\\n\\r\\n\\r\\n\\r\\n\\r\\n\\r\\n\\r\\n\\r\\n\\r\\n\\r\\n\\r\\n\\r\\n\\r\\n\\r\\n\\r\\n\\r\\n\\r\\n\\r\\n\\r\\n\\r\\n<p>10\\/2015 &mdash; PRINT Magazine Regional Design Annual 2016<\\/p>\\r\\n\\r\\n\\r\\n\\r\\n\\r\\n\\r\\n\\r\\n\\r\\n\\r\\n\\r\\n\\r\\n\\r\\n\\r\\n\\r\\n\\r\\n\\r\\n\\r\\n\\r\\n\\r\\n\\r\\n\\r\\n\\r\\n\\r\\n\\r\\n\\r\\n\\r\\n\\r\\n\\r\\n\\r\\n\\r\\n\\r\\n\\r\\n\\r\\n\\r\\n\\r\\n\\r\\n\\r\\n\\r\\n\\r\\n\\r\\n<p>10\\/2015 &mdash; Communication Arts Design Annual 2015<\\/p>\\r\\n\\r\\n\\r\\n\\r\\n\\r\\n\\r\\n\\r\\n\\r\\n\\r\\n\\r\\n\\r\\n\\r\\n\\r\\n\\r\\n\\r\\n\\r\\n\\r\\n\\r\\n\\r\\n\\r\\n\\r\\n\\r\\n\\r\\n\\r\\n\\r\\n\\r\\n\\r\\n\\r\\n\\r\\n\\r\\n\\r\\n\\r\\n\\r\\n\\r\\n\\r\\n\\r\\n\\r\\n\\r\\n\\r\\n\\r\\n<p>06\\/2015 &mdash; PRINT Magazine Regional Design Annual 2016<\\/p>\\r\\n\\r\\n\\r\\n\\r\\n\\r\\n\\r\\n\\r\\n\\r\\n\\r\\n\\r\\n\\r\\n\\r\\n\\r\\n\\r\\n\\r\\n\\r\\n\\r\\n\\r\\n\\r\\n\\r\\n\\r\\n\\r\\n\\r\\n\\r\\n\\r\\n\\r\\n\\r\\n\\r\\n\\r\\n\\r\\n\\r\\n\\r\\n\\r\\n\\r\\n\\r\\n\\r\\n\\r\\n\\r\\n\\r\\n\\r\\n<p>02\\/2015 &mdash; Communication Arts Design Annual 2015<\\/p>\",\"44\":\"MEET\\r\\nOUR\\r\\nTALENTED\\r\\nTEAM\"}}', '2016-11-19 00:18:19', '2016-11-19 00:18:19', 'd638f3a0-7512-48ff-8f13-7dcbd2c473db'),
 ('237', '101', '10', '46', 'en_us', '25', '', '{\"typeId\":\"11\",\"authorId\":null,\"title\":\"Studio\",\"slug\":\"studio\",\"postDate\":1478129954,\"expiryDate\":null,\"enabled\":1,\"parentId\":null,\"fields\":{\"48\":{\"102\":{\"type\":\"1\",\"fields\":{\"backgroundImage\":[\"97\"],\"backgroundColor\":\"#000000\",\"linkUrl\":\"\\/contact\",\"header\":\"Drop \\r\\nus \\r\\na \\r\\nline\",\"subtext\":\"Contact Us\",\"fontColor\":\"#efefef\"}}},\"45\":\"<p class=\\\"large\\\">Born in 2004<\\/p>\",\"46\":\"<p class=\\\"large\\\">We are a full-service creative agency with offices in Seattle and Portland. A dedicated team of designers, strategists, developers and account specialists, we create highly-crafted brand experiences that clarify purpose, encourage action, and inspire brand loyalty. We\\u2019d love to get to know you and help tell your story.&nbsp;<\\/p>\",\"10\":{\"103\":{\"type\":\"carousel\",\"enabled\":\"1\",\"fields\":{\"images\":[\"48\",\"49\",\"50\"],\"verticalSpacingLevel\":\"vertical-spacing-2\"}},\"104\":{\"type\":\"twoColumnContent\",\"enabled\":\"1\",\"fields\":{\"backgroundColor\":\"#000000\",\"leftColumn\":\"<p class=\\\"h3 med\\\"><span class=\\\"white\\\">STYLE<br>IS A<br>SIMPLE<br>WAY<br>OF<br>SAYING<br>COMPLEX<br>THINGS<br><\\/span><span class=\\\"blue white\\\">&mdash;JEAN<br>COCTEAU<\\/span><\\/p>\",\"rightColumn\":\"<p class=\\\"large\\\"><span class=\\\"white\\\"><span><\\/span>Style is Not a&nbsp;4-letter Word<span><\\/span><\\/span><\\/p>\\r\\n\\r\\n<p class=\\\"large\\\"><span class=\\\"white\\\"><span><\\/span>In our experience, the brands that are the most magnetic are those which project distinct, memorable and charismatic personalities. These brands place equal emphasis on what they say and how they say it. Some design purists might say that style is merely artificial decoration that should be avoided in favor of logic&mdash;\\u201cform follows function\\u201d and all that. Don\\u2019t get us wrong, we\\u2019re not proponents of style for its own sake, or as ornament applied after an idea has already been defined. Rather, we employ style as an integral and strategic component of our brand-development process. At its best, style can be that magical something about a company or product that pulls people in and transcends the logical. So, to us, style is not a 4-letter word. On the contrary, we embrace it, harnessing its power to cut through the clutter.&nbsp;<\\/span><\\/p>\\r\\n\\r\\n\\r\\n\\r\\n<p class=\\\"large\\\"><span class=\\\"white\\\">And besides, \\u201cstyle\\u201d has five letters.<\\/span><\\/p>\\r\\n\\r\\n\",\"verticalSpacingLevel\":\"vertical-spacing-2\"}},\"106\":{\"type\":\"twoColumnContent\",\"enabled\":\"1\",\"fields\":{\"backgroundColor\":\"#000000\",\"leftColumn\":\"<p class=\\\"large\\\"><span class=\\\"white\\\">We Do<\\/span><\\/p>\",\"rightColumn\":\"<p class=\\\"h2 caps\\\"><a href=\\\"http:\\/\\/turnstyle.studio\\/strategy#entry:55:url\\\">Strategy<\\/a><br><a href=\\\"http:\\/\\/turnstyle.studio\\/identity#entry:56:url\\\">Identity<\\/a><br>Digital<br>Print<br>Packaging<br>Environment<\\/p>\",\"verticalSpacingLevel\":\"vertical-spacing-2\"}},\"107\":{\"type\":\"twoColumnContent\",\"enabled\":\"1\",\"fields\":{\"backgroundColor\":\"#ffffff\",\"leftColumn\":\"<p class=\\\"h3 caps\\\">our<br>clients<br>&<br>industries<\\/p>\\r\\n\\r\\n<p class=\\\"h3 caps\\\"><\\/p>\",\"rightColumn\":\"\",\"verticalSpacingLevel\":\"vertical-spacing-1\"}},\"108\":{\"type\":\"twoColumnContent\",\"enabled\":\"1\",\"fields\":{\"backgroundColor\":\"#ffffff\",\"leftColumn\":\"<p><span class=\\\"gray\\\">Industry<\\/span><\\/p>\\r\\n\\r\\n<p class=\\\"h3 caps\\\">teague<br>nike<br>starbucks<br>microsoft<br>amazon<br>aiga<br>nordstrom<br>teague<br>nike<\\/p>\\r\\n\\r\\n\\r\\n\\r\\n\\r\\n\\r\\n\\r\\n\\r\\n\\r\\n\\r\\n\\r\\n\\r\\n\\r\\n\\r\\n\\r\\n\\r\\n\\r\\n\\r\\n\\r\\n\\r\\n\\r\\n\\r\\n\\r\\n\\r\\n\\r\\n\\r\\n\\r\\n\\r\\n\\r\\n\\r\\n\\r\\n\\r\\n\\r\\n\\r\\n\\r\\n\\r\\n\\r\\n\\r\\n\\r\\n\\r\\n\\r\\n\\r\\n\\r\\n\\r\\n\\r\\n\\r\\n\\r\\n\\r\\n<p><span class=\\\"gray\\\">Industry<\\/span><\\/p>\\r\\n\\r\\n\\r\\n\\r\\n\\r\\n\\r\\n\\r\\n\\r\\n\\r\\n\\r\\n\\r\\n\\r\\n\\r\\n\\r\\n\\r\\n\\r\\n\\r\\n\\r\\n\\r\\n\\r\\n\\r\\n\\r\\n\\r\\n\\r\\n\\r\\n\\r\\n\\r\\n\\r\\n\\r\\n\\r\\n\\r\\n\\r\\n\\r\\n\\r\\n\\r\\n\\r\\n\\r\\n\\r\\n\\r\\n\\r\\n\\r\\n\\r\\n\\r\\n\\r\\n\\r\\n\\r\\n\\r\\n\\r\\n<p class=\\\"h3 caps\\\">starbucks<br>microsoft<br>amazon<\\/p>\\r\\n\\r\\n\\r\\n\\r\\n\\r\\n\\r\\n\\r\\n\\r\\n\\r\\n\\r\\n\\r\\n\\r\\n\\r\\n\\r\\n\\r\\n\\r\\n\\r\\n\\r\\n\\r\\n\\r\\n\\r\\n\\r\\n\\r\\n\\r\\n\\r\\n\\r\\n\\r\\n\\r\\n\\r\\n\\r\\n\\r\\n\\r\\n\\r\\n\\r\\n\\r\\n\\r\\n\\r\\n\\r\\n\\r\\n\\r\\n\\r\\n\\r\\n\\r\\n\\r\\n\\r\\n\\r\\n\\r\\n\\r\\n<p><span class=\\\"gray\\\">Industry<\\/span><\\/p>\\r\\n\\r\\n\\r\\n\\r\\n\\r\\n\\r\\n\\r\\n\\r\\n\\r\\n\\r\\n\\r\\n\\r\\n\\r\\n\\r\\n\\r\\n\\r\\n\\r\\n\\r\\n\\r\\n\\r\\n\\r\\n\\r\\n\\r\\n\\r\\n\\r\\n\\r\\n\\r\\n\\r\\n\\r\\n\\r\\n\\r\\n\\r\\n\\r\\n\\r\\n\\r\\n\\r\\n\\r\\n\\r\\n\\r\\n\\r\\n\\r\\n\\r\\n\\r\\n\\r\\n\\r\\n\\r\\n\\r\\n\\r\\n<p class=\\\"h3 caps\\\">starbucks<br>microsoft<\\/p>\",\"rightColumn\":\"<p>Industry<br><\\/p>\\r\\n\\r\\n<p class=\\\"h3 caps\\\">starbucks<br>microsoft<br>amazon<\\/p>\\r\\n\\r\\n\\r\\n\\r\\n\\r\\n\\r\\n\\r\\n\\r\\n\\r\\n\\r\\n\\r\\n\\r\\n\\r\\n\\r\\n\\r\\n\\r\\n\\r\\n\\r\\n\\r\\n\\r\\n\\r\\n\\r\\n\\r\\n\\r\\n\\r\\n\\r\\n\\r\\n\\r\\n\\r\\n\\r\\n\\r\\n\\r\\n\\r\\n\\r\\n\\r\\n\\r\\n\\r\\n\\r\\n\\r\\n\\r\\n\\r\\n\\r\\n\\r\\n\\r\\n\\r\\n\\r\\n\\r\\n\\r\\n<p><span class=\\\"gray\\\">Industry<\\/span><\\/p>\\r\\n\\r\\n\\r\\n\\r\\n\\r\\n\\r\\n\\r\\n\\r\\n\\r\\n\\r\\n\\r\\n\\r\\n\\r\\n\\r\\n\\r\\n\\r\\n\\r\\n\\r\\n\\r\\n\\r\\n\\r\\n\\r\\n\\r\\n\\r\\n\\r\\n\\r\\n\\r\\n\\r\\n\\r\\n\\r\\n\\r\\n\\r\\n\\r\\n\\r\\n\\r\\n\\r\\n\\r\\n\\r\\n\\r\\n\\r\\n\\r\\n\\r\\n\\r\\n\\r\\n\\r\\n\\r\\n\\r\\n\\r\\n<p class=\\\"h3 caps\\\">teague<br>nike<br>starbucks<br>microsoft<br>amazon<br>aiga<br>nordstrom<br>teague<br>nike<\\/p>\\r\\n\\r\\n\\r\\n\\r\\n\\r\\n\\r\\n\\r\\n\\r\\n\\r\\n\\r\\n\\r\\n\\r\\n\\r\\n\\r\\n\\r\\n\\r\\n\\r\\n\\r\\n\\r\\n\\r\\n\\r\\n\\r\\n\\r\\n\\r\\n\\r\\n\\r\\n\\r\\n\\r\\n\\r\\n\\r\\n\\r\\n\\r\\n\\r\\n\\r\\n\\r\\n\\r\\n\\r\\n\\r\\n\\r\\n\\r\\n\\r\\n\\r\\n\\r\\n\\r\\n\\r\\n\\r\\n\\r\\n\\r\\n<p><span class=\\\"gray\\\"><br><\\/span><\\/p>\\r\\n\\r\\n\\r\\n\\r\\n\\r\\n\\r\\n\\r\\n\\r\\n\\r\\n\\r\\n\\r\\n\\r\\n\\r\\n\\r\\n\\r\\n\\r\\n\\r\\n\\r\\n\\r\\n\\r\\n\\r\\n\\r\\n\\r\\n\\r\\n\\r\\n\\r\\n\\r\\n\\r\\n\\r\\n\\r\\n\\r\\n\\r\\n\\r\\n\\r\\n\\r\\n\\r\\n\\r\\n\\r\\n\\r\\n\\r\\n\\r\\n\\r\\n\\r\\n\\r\\n\\r\\n\\r\\n<p><span class=\\\"gray\\\">Industry<\\/span><\\/p>\\r\\n\\r\\n\\r\\n\\r\\n\\r\\n\\r\\n\\r\\n\\r\\n\\r\\n\\r\\n\\r\\n\\r\\n\\r\\n\\r\\n\\r\\n\\r\\n\\r\\n\\r\\n\\r\\n\\r\\n\\r\\n\\r\\n\\r\\n\\r\\n\\r\\n\\r\\n\\r\\n\\r\\n\\r\\n\\r\\n\\r\\n\\r\\n\\r\\n\\r\\n\\r\\n\\r\\n\\r\\n\\r\\n\\r\\n\\r\\n\\r\\n\\r\\n\\r\\n\\r\\n\\r\\n\\r\\n\\r\\n\\r\\n<p class=\\\"h3 caps\\\">starbucks<br>microsoft<\\/p>\",\"verticalSpacingLevel\":\"vertical-spacing-1\"}}},\"47\":\"<p>08\\/2016 &mdash; IdN Magazine v23n2<\\/p>\\r\\n\\r\\n<p>06\\/2016 &mdash; Communication Arts Design Annual 2016<\\/p>\\r\\n\\r\\n\\r\\n\\r\\n\\r\\n\\r\\n\\r\\n\\r\\n\\r\\n\\r\\n\\r\\n\\r\\n\\r\\n\\r\\n\\r\\n\\r\\n\\r\\n\\r\\n\\r\\n\\r\\n\\r\\n\\r\\n\\r\\n\\r\\n\\r\\n\\r\\n\\r\\n\\r\\n\\r\\n\\r\\n\\r\\n\\r\\n\\r\\n\\r\\n\\r\\n\\r\\n\\r\\n\\r\\n\\r\\n\\r\\n\\r\\n\\r\\n<p>05\\/2016 &mdash; PRINT Magazine Regional Design Annual 2016<\\/p>\\r\\n\\r\\n\\r\\n\\r\\n\\r\\n\\r\\n\\r\\n\\r\\n\\r\\n\\r\\n\\r\\n\\r\\n\\r\\n\\r\\n\\r\\n\\r\\n\\r\\n\\r\\n\\r\\n\\r\\n\\r\\n\\r\\n\\r\\n\\r\\n\\r\\n\\r\\n\\r\\n\\r\\n\\r\\n\\r\\n\\r\\n\\r\\n\\r\\n\\r\\n\\r\\n\\r\\n\\r\\n\\r\\n\\r\\n\\r\\n\\r\\n\\r\\n<p>03\\/2016 &mdash; Communication Arts Design Annual 2015<\\/p>\\r\\n\\r\\n\\r\\n\\r\\n\\r\\n\\r\\n\\r\\n\\r\\n\\r\\n\\r\\n\\r\\n\\r\\n\\r\\n\\r\\n\\r\\n\\r\\n\\r\\n\\r\\n\\r\\n\\r\\n\\r\\n\\r\\n\\r\\n\\r\\n\\r\\n\\r\\n\\r\\n\\r\\n\\r\\n\\r\\n\\r\\n\\r\\n\\r\\n\\r\\n\\r\\n\\r\\n\\r\\n\\r\\n\\r\\n\\r\\n\\r\\n\\r\\n<p>02\\/2016 &mdash; IdN Magazine v23n2<\\/p>\\r\\n\\r\\n\\r\\n\\r\\n\\r\\n\\r\\n\\r\\n\\r\\n\\r\\n\\r\\n\\r\\n\\r\\n\\r\\n\\r\\n\\r\\n\\r\\n\\r\\n\\r\\n\\r\\n\\r\\n\\r\\n\\r\\n\\r\\n\\r\\n\\r\\n\\r\\n\\r\\n\\r\\n\\r\\n\\r\\n\\r\\n\\r\\n\\r\\n\\r\\n\\r\\n\\r\\n\\r\\n\\r\\n\\r\\n\\r\\n\\r\\n\\r\\n<p>12\\/2015 &mdash; Communication Arts Design Annual 2016<\\/p>\\r\\n\\r\\n\\r\\n\\r\\n\\r\\n\\r\\n\\r\\n\\r\\n\\r\\n\\r\\n\\r\\n\\r\\n\\r\\n\\r\\n\\r\\n\\r\\n\\r\\n\\r\\n\\r\\n\\r\\n\\r\\n\\r\\n\\r\\n\\r\\n\\r\\n\\r\\n\\r\\n\\r\\n\\r\\n\\r\\n\\r\\n\\r\\n\\r\\n\\r\\n\\r\\n\\r\\n\\r\\n\\r\\n\\r\\n\\r\\n\\r\\n\\r\\n<p>10\\/2015 &mdash; PRINT Magazine Regional Design Annual 2016<\\/p>\\r\\n\\r\\n\\r\\n\\r\\n\\r\\n\\r\\n\\r\\n\\r\\n\\r\\n\\r\\n\\r\\n\\r\\n\\r\\n\\r\\n\\r\\n\\r\\n\\r\\n\\r\\n\\r\\n\\r\\n\\r\\n\\r\\n\\r\\n\\r\\n\\r\\n\\r\\n\\r\\n\\r\\n\\r\\n\\r\\n\\r\\n\\r\\n\\r\\n\\r\\n\\r\\n\\r\\n\\r\\n\\r\\n\\r\\n\\r\\n\\r\\n\\r\\n<p>10\\/2015 &mdash; Communication Arts Design Annual 2015<\\/p>\\r\\n\\r\\n\\r\\n\\r\\n\\r\\n\\r\\n\\r\\n\\r\\n\\r\\n\\r\\n\\r\\n\\r\\n\\r\\n\\r\\n\\r\\n\\r\\n\\r\\n\\r\\n\\r\\n\\r\\n\\r\\n\\r\\n\\r\\n\\r\\n\\r\\n\\r\\n\\r\\n\\r\\n\\r\\n\\r\\n\\r\\n\\r\\n\\r\\n\\r\\n\\r\\n\\r\\n\\r\\n\\r\\n\\r\\n\\r\\n\\r\\n\\r\\n<p>06\\/2015 &mdash; PRINT Magazine Regional Design Annual 2016<\\/p>\\r\\n\\r\\n\\r\\n\\r\\n\\r\\n\\r\\n\\r\\n\\r\\n\\r\\n\\r\\n\\r\\n\\r\\n\\r\\n\\r\\n\\r\\n\\r\\n\\r\\n\\r\\n\\r\\n\\r\\n\\r\\n\\r\\n\\r\\n\\r\\n\\r\\n\\r\\n\\r\\n\\r\\n\\r\\n\\r\\n\\r\\n\\r\\n\\r\\n\\r\\n\\r\\n\\r\\n\\r\\n\\r\\n\\r\\n\\r\\n\\r\\n\\r\\n<p>02\\/2015 &mdash; Communication Arts Design Annual 2015<\\/p>\",\"44\":\"MEET\\r\\nOUR\\r\\nTALENTED\\r\\nTEAM\"}}', '2016-11-21 20:18:49', '2016-11-21 20:18:49', 'f2288700-1f5f-48fe-8783-8726e14e738c'),
 ('238', '101', '10', '46', 'en_us', '26', '', '{\"typeId\":\"11\",\"authorId\":null,\"title\":\"Studio\",\"slug\":\"studio\",\"postDate\":1478129954,\"expiryDate\":null,\"enabled\":1,\"parentId\":null,\"fields\":{\"48\":{\"102\":{\"type\":\"1\",\"fields\":{\"backgroundImage\":[\"97\"],\"backgroundColor\":\"#000000\",\"linkUrl\":\"\\/contact\",\"header\":\"Drop \\r\\nus \\r\\na \\r\\nline\",\"subtext\":\"Contact Us\",\"fontColor\":\"#efefef\"}}},\"45\":\"<p class=\\\"large\\\">Born in 2004<\\/p>\",\"46\":\"<p class=\\\"large\\\">We are a full-service creative agency with offices in Seattle and Portland. A dedicated team of designers, strategists, developers and account specialists, we create highly-crafted brand experiences that clarify purpose, encourage action, and inspire brand loyalty. We\\u2019d love to get to know you and help tell your story.&nbsp;<\\/p>\",\"10\":{\"103\":{\"type\":\"carousel\",\"enabled\":\"1\",\"fields\":{\"images\":[\"48\",\"49\",\"50\"],\"verticalSpacingLevel\":\"vertical-spacing-2\"}},\"104\":{\"type\":\"twoColumnContent\",\"enabled\":\"1\",\"fields\":{\"backgroundColor\":\"#000000\",\"leftColumn\":\"<p class=\\\"h3 med\\\"><span class=\\\"white\\\">STYLE<br>IS A<br>SIMPLE<br>WAY<br>OF<br>SAYING<br>COMPLEX<br>THINGS<br><\\/span>&mdash;JEAN<br>COCTEAU<\\/p>\",\"rightColumn\":\"<p class=\\\"large\\\"><span class=\\\"white\\\"><span><\\/span>Style is Not a&nbsp;4-letter Word<span><\\/span><\\/span><\\/p>\\r\\n\\r\\n<p class=\\\"large\\\"><span class=\\\"white\\\"><span><\\/span>In our experience, the brands that are the most magnetic are those which project distinct, memorable and charismatic personalities. These brands place equal emphasis on what they say and how they say it. Some design purists might say that style is merely artificial decoration that should be avoided in favor of logic&mdash;\\u201cform follows function\\u201d and all that. Don\\u2019t get us wrong, we\\u2019re not proponents of style for its own sake, or as ornament applied after an idea has already been defined. Rather, we employ style as an integral and strategic component of our brand-development process. At its best, style can be that magical something about a company or product that pulls people in and transcends the logical. So, to us, style is not a 4-letter word. On the contrary, we embrace it, harnessing its power to cut through the clutter.&nbsp;<\\/span><\\/p>\\r\\n\\r\\n\\r\\n\\r\\n\\r\\n\\r\\n<p class=\\\"large\\\"><span class=\\\"white\\\">And besides, \\u201cstyle\\u201d has five letters.<\\/span><\\/p>\",\"verticalSpacingLevel\":\"vertical-spacing-2\"}},\"106\":{\"type\":\"twoColumnContent\",\"enabled\":\"1\",\"fields\":{\"backgroundColor\":\"#000000\",\"leftColumn\":\"<p class=\\\"large\\\"><span class=\\\"white\\\">We Do<\\/span><\\/p>\",\"rightColumn\":\"<p class=\\\"h2 caps\\\"><a href=\\\"http:\\/\\/turnstyle.studio\\/strategy#entry:55:url\\\">Strategy<\\/a><br><a href=\\\"http:\\/\\/turnstyle.studio\\/identity#entry:56:url\\\">Identity<\\/a><br>Digital<br>Print<br>Packaging<br>Environment<\\/p>\",\"verticalSpacingLevel\":\"vertical-spacing-2\"}},\"107\":{\"type\":\"twoColumnContent\",\"enabled\":\"1\",\"fields\":{\"backgroundColor\":\"#ffffff\",\"leftColumn\":\"<p class=\\\"h3 caps\\\">our<br>clients<br>&<br>industries<\\/p>\\r\\n\\r\\n<p class=\\\"h3 caps\\\"><\\/p>\",\"rightColumn\":\"\",\"verticalSpacingLevel\":\"vertical-spacing-1\"}},\"108\":{\"type\":\"twoColumnContent\",\"enabled\":\"1\",\"fields\":{\"backgroundColor\":\"#ffffff\",\"leftColumn\":\"<p><span class=\\\"gray\\\">Industry<\\/span><\\/p>\\r\\n\\r\\n<p class=\\\"h3 caps\\\">teague<br>nike<br>starbucks<br>microsoft<br>amazon<br>aiga<br>nordstrom<br>teague<br>nike<\\/p>\\r\\n\\r\\n\\r\\n\\r\\n\\r\\n\\r\\n\\r\\n\\r\\n\\r\\n\\r\\n\\r\\n\\r\\n\\r\\n\\r\\n\\r\\n\\r\\n\\r\\n\\r\\n\\r\\n\\r\\n\\r\\n\\r\\n\\r\\n\\r\\n\\r\\n\\r\\n\\r\\n\\r\\n\\r\\n\\r\\n\\r\\n\\r\\n\\r\\n\\r\\n\\r\\n\\r\\n\\r\\n\\r\\n\\r\\n\\r\\n\\r\\n\\r\\n\\r\\n\\r\\n\\r\\n\\r\\n\\r\\n\\r\\n\\r\\n\\r\\n<p><span class=\\\"gray\\\">Industry<\\/span><\\/p>\\r\\n\\r\\n\\r\\n\\r\\n\\r\\n\\r\\n\\r\\n\\r\\n\\r\\n\\r\\n\\r\\n\\r\\n\\r\\n\\r\\n\\r\\n\\r\\n\\r\\n\\r\\n\\r\\n\\r\\n\\r\\n\\r\\n\\r\\n\\r\\n\\r\\n\\r\\n\\r\\n\\r\\n\\r\\n\\r\\n\\r\\n\\r\\n\\r\\n\\r\\n\\r\\n\\r\\n\\r\\n\\r\\n\\r\\n\\r\\n\\r\\n\\r\\n\\r\\n\\r\\n\\r\\n\\r\\n\\r\\n\\r\\n\\r\\n\\r\\n<p class=\\\"h3 caps\\\">starbucks<br>microsoft<br>amazon<\\/p>\\r\\n\\r\\n\\r\\n\\r\\n\\r\\n\\r\\n\\r\\n\\r\\n\\r\\n\\r\\n\\r\\n\\r\\n\\r\\n\\r\\n\\r\\n\\r\\n\\r\\n\\r\\n\\r\\n\\r\\n\\r\\n\\r\\n\\r\\n\\r\\n\\r\\n\\r\\n\\r\\n\\r\\n\\r\\n\\r\\n\\r\\n\\r\\n\\r\\n\\r\\n\\r\\n\\r\\n\\r\\n\\r\\n\\r\\n\\r\\n\\r\\n\\r\\n\\r\\n\\r\\n\\r\\n\\r\\n\\r\\n\\r\\n\\r\\n\\r\\n<p><span class=\\\"gray\\\">Industry<\\/span><\\/p>\\r\\n\\r\\n\\r\\n\\r\\n\\r\\n\\r\\n\\r\\n\\r\\n\\r\\n\\r\\n\\r\\n\\r\\n\\r\\n\\r\\n\\r\\n\\r\\n\\r\\n\\r\\n\\r\\n\\r\\n\\r\\n\\r\\n\\r\\n\\r\\n\\r\\n\\r\\n\\r\\n\\r\\n\\r\\n\\r\\n\\r\\n\\r\\n\\r\\n\\r\\n\\r\\n\\r\\n\\r\\n\\r\\n\\r\\n\\r\\n\\r\\n\\r\\n\\r\\n\\r\\n\\r\\n\\r\\n\\r\\n\\r\\n\\r\\n\\r\\n<p class=\\\"h3 caps\\\">starbucks<br>microsoft<\\/p>\",\"rightColumn\":\"<p>Industry<br><\\/p>\\r\\n\\r\\n<p class=\\\"h3 caps\\\">starbucks<br>microsoft<br>amazon<\\/p>\\r\\n\\r\\n\\r\\n\\r\\n\\r\\n\\r\\n\\r\\n\\r\\n\\r\\n\\r\\n\\r\\n\\r\\n\\r\\n\\r\\n\\r\\n\\r\\n\\r\\n\\r\\n\\r\\n\\r\\n\\r\\n\\r\\n\\r\\n\\r\\n\\r\\n\\r\\n\\r\\n\\r\\n\\r\\n\\r\\n\\r\\n\\r\\n\\r\\n\\r\\n\\r\\n\\r\\n\\r\\n\\r\\n\\r\\n\\r\\n\\r\\n\\r\\n\\r\\n\\r\\n\\r\\n\\r\\n\\r\\n\\r\\n\\r\\n\\r\\n<p><span class=\\\"gray\\\">Industry<\\/span><\\/p>\\r\\n\\r\\n\\r\\n\\r\\n\\r\\n\\r\\n\\r\\n\\r\\n\\r\\n\\r\\n\\r\\n\\r\\n\\r\\n\\r\\n\\r\\n\\r\\n\\r\\n\\r\\n\\r\\n\\r\\n\\r\\n\\r\\n\\r\\n\\r\\n\\r\\n\\r\\n\\r\\n\\r\\n\\r\\n\\r\\n\\r\\n\\r\\n\\r\\n\\r\\n\\r\\n\\r\\n\\r\\n\\r\\n\\r\\n\\r\\n\\r\\n\\r\\n\\r\\n\\r\\n\\r\\n\\r\\n\\r\\n\\r\\n\\r\\n\\r\\n<p class=\\\"h3 caps\\\">teague<br>nike<br>starbucks<br>microsoft<br>amazon<br>aiga<br>nordstrom<br>teague<br>nike<\\/p>\\r\\n\\r\\n\\r\\n\\r\\n\\r\\n\\r\\n\\r\\n\\r\\n\\r\\n\\r\\n\\r\\n\\r\\n\\r\\n\\r\\n\\r\\n\\r\\n\\r\\n\\r\\n\\r\\n\\r\\n\\r\\n\\r\\n\\r\\n\\r\\n\\r\\n\\r\\n\\r\\n\\r\\n\\r\\n\\r\\n\\r\\n\\r\\n\\r\\n\\r\\n\\r\\n\\r\\n\\r\\n\\r\\n\\r\\n\\r\\n\\r\\n\\r\\n\\r\\n\\r\\n\\r\\n\\r\\n\\r\\n\\r\\n\\r\\n\\r\\n<p><span class=\\\"gray\\\"><br><\\/span><\\/p>\\r\\n\\r\\n\\r\\n\\r\\n\\r\\n\\r\\n\\r\\n\\r\\n\\r\\n\\r\\n\\r\\n\\r\\n\\r\\n\\r\\n\\r\\n\\r\\n\\r\\n\\r\\n\\r\\n\\r\\n\\r\\n\\r\\n\\r\\n\\r\\n\\r\\n\\r\\n\\r\\n\\r\\n\\r\\n\\r\\n\\r\\n\\r\\n\\r\\n\\r\\n\\r\\n\\r\\n\\r\\n\\r\\n\\r\\n\\r\\n\\r\\n\\r\\n\\r\\n\\r\\n\\r\\n\\r\\n\\r\\n\\r\\n<p><span class=\\\"gray\\\">Industry<\\/span><\\/p>\\r\\n\\r\\n\\r\\n\\r\\n\\r\\n\\r\\n\\r\\n\\r\\n\\r\\n\\r\\n\\r\\n\\r\\n\\r\\n\\r\\n\\r\\n\\r\\n\\r\\n\\r\\n\\r\\n\\r\\n\\r\\n\\r\\n\\r\\n\\r\\n\\r\\n\\r\\n\\r\\n\\r\\n\\r\\n\\r\\n\\r\\n\\r\\n\\r\\n\\r\\n\\r\\n\\r\\n\\r\\n\\r\\n\\r\\n\\r\\n\\r\\n\\r\\n\\r\\n\\r\\n\\r\\n\\r\\n\\r\\n\\r\\n\\r\\n\\r\\n<p class=\\\"h3 caps\\\">starbucks<br>microsoft<\\/p>\",\"verticalSpacingLevel\":\"vertical-spacing-1\"}}},\"47\":\"<p>08\\/2016 &mdash; IdN Magazine v23n2<\\/p>\\r\\n\\r\\n<p>06\\/2016 &mdash; Communication Arts Design Annual 2016<\\/p>\\r\\n\\r\\n\\r\\n\\r\\n\\r\\n\\r\\n\\r\\n\\r\\n\\r\\n\\r\\n\\r\\n\\r\\n\\r\\n\\r\\n\\r\\n\\r\\n\\r\\n\\r\\n\\r\\n\\r\\n\\r\\n\\r\\n\\r\\n\\r\\n\\r\\n\\r\\n\\r\\n\\r\\n\\r\\n\\r\\n\\r\\n\\r\\n\\r\\n\\r\\n\\r\\n\\r\\n\\r\\n\\r\\n\\r\\n\\r\\n\\r\\n\\r\\n\\r\\n\\r\\n<p>05\\/2016 &mdash; PRINT Magazine Regional Design Annual 2016<\\/p>\\r\\n\\r\\n\\r\\n\\r\\n\\r\\n\\r\\n\\r\\n\\r\\n\\r\\n\\r\\n\\r\\n\\r\\n\\r\\n\\r\\n\\r\\n\\r\\n\\r\\n\\r\\n\\r\\n\\r\\n\\r\\n\\r\\n\\r\\n\\r\\n\\r\\n\\r\\n\\r\\n\\r\\n\\r\\n\\r\\n\\r\\n\\r\\n\\r\\n\\r\\n\\r\\n\\r\\n\\r\\n\\r\\n\\r\\n\\r\\n\\r\\n\\r\\n\\r\\n\\r\\n<p>03\\/2016 &mdash; Communication Arts Design Annual 2015<\\/p>\\r\\n\\r\\n\\r\\n\\r\\n\\r\\n\\r\\n\\r\\n\\r\\n\\r\\n\\r\\n\\r\\n\\r\\n\\r\\n\\r\\n\\r\\n\\r\\n\\r\\n\\r\\n\\r\\n\\r\\n\\r\\n\\r\\n\\r\\n\\r\\n\\r\\n\\r\\n\\r\\n\\r\\n\\r\\n\\r\\n\\r\\n\\r\\n\\r\\n\\r\\n\\r\\n\\r\\n\\r\\n\\r\\n\\r\\n\\r\\n\\r\\n\\r\\n\\r\\n\\r\\n<p>02\\/2016 &mdash; IdN Magazine v23n2<\\/p>\\r\\n\\r\\n\\r\\n\\r\\n\\r\\n\\r\\n\\r\\n\\r\\n\\r\\n\\r\\n\\r\\n\\r\\n\\r\\n\\r\\n\\r\\n\\r\\n\\r\\n\\r\\n\\r\\n\\r\\n\\r\\n\\r\\n\\r\\n\\r\\n\\r\\n\\r\\n\\r\\n\\r\\n\\r\\n\\r\\n\\r\\n\\r\\n\\r\\n\\r\\n\\r\\n\\r\\n\\r\\n\\r\\n\\r\\n\\r\\n\\r\\n\\r\\n\\r\\n\\r\\n<p>12\\/2015 &mdash; Communication Arts Design Annual 2016<\\/p>\\r\\n\\r\\n\\r\\n\\r\\n\\r\\n\\r\\n\\r\\n\\r\\n\\r\\n\\r\\n\\r\\n\\r\\n\\r\\n\\r\\n\\r\\n\\r\\n\\r\\n\\r\\n\\r\\n\\r\\n\\r\\n\\r\\n\\r\\n\\r\\n\\r\\n\\r\\n\\r\\n\\r\\n\\r\\n\\r\\n\\r\\n\\r\\n\\r\\n\\r\\n\\r\\n\\r\\n\\r\\n\\r\\n\\r\\n\\r\\n\\r\\n\\r\\n\\r\\n\\r\\n<p>10\\/2015 &mdash; PRINT Magazine Regional Design Annual 2016<\\/p>\\r\\n\\r\\n\\r\\n\\r\\n\\r\\n\\r\\n\\r\\n\\r\\n\\r\\n\\r\\n\\r\\n\\r\\n\\r\\n\\r\\n\\r\\n\\r\\n\\r\\n\\r\\n\\r\\n\\r\\n\\r\\n\\r\\n\\r\\n\\r\\n\\r\\n\\r\\n\\r\\n\\r\\n\\r\\n\\r\\n\\r\\n\\r\\n\\r\\n\\r\\n\\r\\n\\r\\n\\r\\n\\r\\n\\r\\n\\r\\n\\r\\n\\r\\n\\r\\n\\r\\n<p>10\\/2015 &mdash; Communication Arts Design Annual 2015<\\/p>\\r\\n\\r\\n\\r\\n\\r\\n\\r\\n\\r\\n\\r\\n\\r\\n\\r\\n\\r\\n\\r\\n\\r\\n\\r\\n\\r\\n\\r\\n\\r\\n\\r\\n\\r\\n\\r\\n\\r\\n\\r\\n\\r\\n\\r\\n\\r\\n\\r\\n\\r\\n\\r\\n\\r\\n\\r\\n\\r\\n\\r\\n\\r\\n\\r\\n\\r\\n\\r\\n\\r\\n\\r\\n\\r\\n\\r\\n\\r\\n\\r\\n\\r\\n\\r\\n\\r\\n<p>06\\/2015 &mdash; PRINT Magazine Regional Design Annual 2016<\\/p>\\r\\n\\r\\n\\r\\n\\r\\n\\r\\n\\r\\n\\r\\n\\r\\n\\r\\n\\r\\n\\r\\n\\r\\n\\r\\n\\r\\n\\r\\n\\r\\n\\r\\n\\r\\n\\r\\n\\r\\n\\r\\n\\r\\n\\r\\n\\r\\n\\r\\n\\r\\n\\r\\n\\r\\n\\r\\n\\r\\n\\r\\n\\r\\n\\r\\n\\r\\n\\r\\n\\r\\n\\r\\n\\r\\n\\r\\n\\r\\n\\r\\n\\r\\n\\r\\n\\r\\n<p>02\\/2015 &mdash; Communication Arts Design Annual 2015<\\/p>\",\"44\":\"MEET\\r\\nOUR\\r\\nTALENTED\\r\\nTEAM\"}}', '2016-11-21 20:19:56', '2016-11-21 20:19:56', 'c676c9c6-f67e-49a2-a430-5fa4f2f6759f'),
 ('239', '101', '10', '46', 'en_us', '27', '', '{\"typeId\":\"11\",\"authorId\":null,\"title\":\"Studio\",\"slug\":\"studio\",\"postDate\":1478129954,\"expiryDate\":null,\"enabled\":1,\"parentId\":null,\"fields\":{\"48\":{\"102\":{\"type\":\"1\",\"fields\":{\"backgroundImage\":[\"97\"],\"backgroundColor\":\"#000000\",\"linkUrl\":\"\\/contact\",\"header\":\"Drop \\r\\nus \\r\\na \\r\\nline\",\"subtext\":\"Contact Us\",\"fontColor\":\"#efefef\"}}},\"45\":\"<p class=\\\"large\\\">Born in 2004<\\/p>\",\"46\":\"<p class=\\\"large\\\">We are a full-service creative agency with offices in Seattle and Portland. A dedicated team of designers, strategists, developers and account specialists, we create highly-crafted brand experiences that clarify purpose, encourage action, and inspire brand loyalty. We\\u2019d love to get to know you and help tell your story.&nbsp;<\\/p>\",\"10\":{\"103\":{\"type\":\"carousel\",\"enabled\":\"1\",\"fields\":{\"images\":[\"48\",\"49\",\"50\"],\"verticalSpacingLevel\":\"vertical-spacing-2\"}},\"104\":{\"type\":\"twoColumnContent\",\"enabled\":\"1\",\"fields\":{\"backgroundColor\":\"#000000\",\"leftColumn\":\"<p class=\\\"h3 med\\\"><span class=\\\"white\\\">STYLE<br>IS A<br>SIMPLE<br>WAY<br>OF<br>SAYING<br>COMPLEX<br>THINGS<br><\\/span><span class=\\\"blue\\\">&mdash;JEAN<br>COCTEAU<\\/span><\\/p>\",\"rightColumn\":\"<p class=\\\"large\\\"><span class=\\\"white\\\"><span><\\/span>Style is Not a&nbsp;4-letter Word<span><\\/span><\\/span><\\/p>\\r\\n\\r\\n<p class=\\\"large\\\"><span class=\\\"white\\\"><span><\\/span>In our experience, the brands that are the most magnetic are those which project distinct, memorable and charismatic personalities. These brands place equal emphasis on what they say and how they say it. Some design purists might say that style is merely artificial decoration that should be avoided in favor of logic&mdash;\\u201cform follows function\\u201d and all that. Don\\u2019t get us wrong, we\\u2019re not proponents of style for its own sake, or as ornament applied after an idea has already been defined. Rather, we employ style as an integral and strategic component of our brand-development process. At its best, style can be that magical something about a company or product that pulls people in and transcends the logical. So, to us, style is not a 4-letter word. On the contrary, we embrace it, harnessing its power to cut through the clutter.&nbsp;<\\/span><\\/p>\\r\\n\\r\\n\\r\\n\\r\\n\\r\\n\\r\\n\\r\\n\\r\\n<p class=\\\"large\\\"><span class=\\\"white\\\">And besides, \\u201cstyle\\u201d has five letters.<\\/span><\\/p>\",\"verticalSpacingLevel\":\"vertical-spacing-2\"}},\"106\":{\"type\":\"twoColumnContent\",\"enabled\":\"1\",\"fields\":{\"backgroundColor\":\"#000000\",\"leftColumn\":\"<p class=\\\"large\\\"><span class=\\\"white\\\">We Do<\\/span><\\/p>\",\"rightColumn\":\"<p class=\\\"h2 caps\\\"><a href=\\\"http:\\/\\/turnstyle.studio\\/strategy#entry:55:url\\\">Strategy<\\/a><br><a href=\\\"http:\\/\\/turnstyle.studio\\/identity#entry:56:url\\\">Identity<\\/a><br>Digital<br>Print<br>Packaging<br>Environment<\\/p>\",\"verticalSpacingLevel\":\"vertical-spacing-2\"}},\"107\":{\"type\":\"twoColumnContent\",\"enabled\":\"1\",\"fields\":{\"backgroundColor\":\"#ffffff\",\"leftColumn\":\"<p class=\\\"h3 caps\\\">our<br>clients<br>&<br>industries<\\/p>\\r\\n\\r\\n<p class=\\\"h3 caps\\\"><\\/p>\",\"rightColumn\":\"\",\"verticalSpacingLevel\":\"vertical-spacing-1\"}},\"108\":{\"type\":\"twoColumnContent\",\"enabled\":\"1\",\"fields\":{\"backgroundColor\":\"#ffffff\",\"leftColumn\":\"<p><span class=\\\"gray\\\">Industry<\\/span><\\/p>\\r\\n\\r\\n<p class=\\\"h3 caps\\\">teague<br>nike<br>starbucks<br>microsoft<br>amazon<br>aiga<br>nordstrom<br>teague<br>nike<\\/p>\\r\\n\\r\\n\\r\\n\\r\\n\\r\\n\\r\\n\\r\\n\\r\\n\\r\\n\\r\\n\\r\\n\\r\\n\\r\\n\\r\\n\\r\\n\\r\\n\\r\\n\\r\\n\\r\\n\\r\\n\\r\\n\\r\\n\\r\\n\\r\\n\\r\\n\\r\\n\\r\\n\\r\\n\\r\\n\\r\\n\\r\\n\\r\\n\\r\\n\\r\\n\\r\\n\\r\\n\\r\\n\\r\\n\\r\\n\\r\\n\\r\\n\\r\\n\\r\\n\\r\\n\\r\\n\\r\\n\\r\\n\\r\\n\\r\\n\\r\\n\\r\\n\\r\\n<p><span class=\\\"gray\\\">Industry<\\/span><\\/p>\\r\\n\\r\\n\\r\\n\\r\\n\\r\\n\\r\\n\\r\\n\\r\\n\\r\\n\\r\\n\\r\\n\\r\\n\\r\\n\\r\\n\\r\\n\\r\\n\\r\\n\\r\\n\\r\\n\\r\\n\\r\\n\\r\\n\\r\\n\\r\\n\\r\\n\\r\\n\\r\\n\\r\\n\\r\\n\\r\\n\\r\\n\\r\\n\\r\\n\\r\\n\\r\\n\\r\\n\\r\\n\\r\\n\\r\\n\\r\\n\\r\\n\\r\\n\\r\\n\\r\\n\\r\\n\\r\\n\\r\\n\\r\\n\\r\\n\\r\\n\\r\\n\\r\\n<p class=\\\"h3 caps\\\">starbucks<br>microsoft<br>amazon<\\/p>\\r\\n\\r\\n\\r\\n\\r\\n\\r\\n\\r\\n\\r\\n\\r\\n\\r\\n\\r\\n\\r\\n\\r\\n\\r\\n\\r\\n\\r\\n\\r\\n\\r\\n\\r\\n\\r\\n\\r\\n\\r\\n\\r\\n\\r\\n\\r\\n\\r\\n\\r\\n\\r\\n\\r\\n\\r\\n\\r\\n\\r\\n\\r\\n\\r\\n\\r\\n\\r\\n\\r\\n\\r\\n\\r\\n\\r\\n\\r\\n\\r\\n\\r\\n\\r\\n\\r\\n\\r\\n\\r\\n\\r\\n\\r\\n\\r\\n\\r\\n\\r\\n\\r\\n<p><span class=\\\"gray\\\">Industry<\\/span><\\/p>\\r\\n\\r\\n\\r\\n\\r\\n\\r\\n\\r\\n\\r\\n\\r\\n\\r\\n\\r\\n\\r\\n\\r\\n\\r\\n\\r\\n\\r\\n\\r\\n\\r\\n\\r\\n\\r\\n\\r\\n\\r\\n\\r\\n\\r\\n\\r\\n\\r\\n\\r\\n\\r\\n\\r\\n\\r\\n\\r\\n\\r\\n\\r\\n\\r\\n\\r\\n\\r\\n\\r\\n\\r\\n\\r\\n\\r\\n\\r\\n\\r\\n\\r\\n\\r\\n\\r\\n\\r\\n\\r\\n\\r\\n\\r\\n\\r\\n\\r\\n\\r\\n\\r\\n<p class=\\\"h3 caps\\\">starbucks<br>microsoft<\\/p>\",\"rightColumn\":\"<p>Industry<br><\\/p>\\r\\n\\r\\n<p class=\\\"h3 caps\\\">starbucks<br>microsoft<br>amazon<\\/p>\\r\\n\\r\\n\\r\\n\\r\\n\\r\\n\\r\\n\\r\\n\\r\\n\\r\\n\\r\\n\\r\\n\\r\\n\\r\\n\\r\\n\\r\\n\\r\\n\\r\\n\\r\\n\\r\\n\\r\\n\\r\\n\\r\\n\\r\\n\\r\\n\\r\\n\\r\\n\\r\\n\\r\\n\\r\\n\\r\\n\\r\\n\\r\\n\\r\\n\\r\\n\\r\\n\\r\\n\\r\\n\\r\\n\\r\\n\\r\\n\\r\\n\\r\\n\\r\\n\\r\\n\\r\\n\\r\\n\\r\\n\\r\\n\\r\\n\\r\\n\\r\\n\\r\\n<p><span class=\\\"gray\\\">Industry<\\/span><\\/p>\\r\\n\\r\\n\\r\\n\\r\\n\\r\\n\\r\\n\\r\\n\\r\\n\\r\\n\\r\\n\\r\\n\\r\\n\\r\\n\\r\\n\\r\\n\\r\\n\\r\\n\\r\\n\\r\\n\\r\\n\\r\\n\\r\\n\\r\\n\\r\\n\\r\\n\\r\\n\\r\\n\\r\\n\\r\\n\\r\\n\\r\\n\\r\\n\\r\\n\\r\\n\\r\\n\\r\\n\\r\\n\\r\\n\\r\\n\\r\\n\\r\\n\\r\\n\\r\\n\\r\\n\\r\\n\\r\\n\\r\\n\\r\\n\\r\\n\\r\\n\\r\\n\\r\\n<p class=\\\"h3 caps\\\">teague<br>nike<br>starbucks<br>microsoft<br>amazon<br>aiga<br>nordstrom<br>teague<br>nike<\\/p>\\r\\n\\r\\n\\r\\n\\r\\n\\r\\n\\r\\n\\r\\n\\r\\n\\r\\n\\r\\n\\r\\n\\r\\n\\r\\n\\r\\n\\r\\n\\r\\n\\r\\n\\r\\n\\r\\n\\r\\n\\r\\n\\r\\n\\r\\n\\r\\n\\r\\n\\r\\n\\r\\n\\r\\n\\r\\n\\r\\n\\r\\n\\r\\n\\r\\n\\r\\n\\r\\n\\r\\n\\r\\n\\r\\n\\r\\n\\r\\n\\r\\n\\r\\n\\r\\n\\r\\n\\r\\n\\r\\n\\r\\n\\r\\n\\r\\n\\r\\n\\r\\n\\r\\n<p><span class=\\\"gray\\\"><br><\\/span><\\/p>\\r\\n\\r\\n\\r\\n\\r\\n\\r\\n\\r\\n\\r\\n\\r\\n\\r\\n\\r\\n\\r\\n\\r\\n\\r\\n\\r\\n\\r\\n\\r\\n\\r\\n\\r\\n\\r\\n\\r\\n\\r\\n\\r\\n\\r\\n\\r\\n\\r\\n\\r\\n\\r\\n\\r\\n\\r\\n\\r\\n\\r\\n\\r\\n\\r\\n\\r\\n\\r\\n\\r\\n\\r\\n\\r\\n\\r\\n\\r\\n\\r\\n\\r\\n\\r\\n\\r\\n\\r\\n\\r\\n\\r\\n\\r\\n\\r\\n\\r\\n<p><span class=\\\"gray\\\">Industry<\\/span><\\/p>\\r\\n\\r\\n\\r\\n\\r\\n\\r\\n\\r\\n\\r\\n\\r\\n\\r\\n\\r\\n\\r\\n\\r\\n\\r\\n\\r\\n\\r\\n\\r\\n\\r\\n\\r\\n\\r\\n\\r\\n\\r\\n\\r\\n\\r\\n\\r\\n\\r\\n\\r\\n\\r\\n\\r\\n\\r\\n\\r\\n\\r\\n\\r\\n\\r\\n\\r\\n\\r\\n\\r\\n\\r\\n\\r\\n\\r\\n\\r\\n\\r\\n\\r\\n\\r\\n\\r\\n\\r\\n\\r\\n\\r\\n\\r\\n\\r\\n\\r\\n\\r\\n\\r\\n<p class=\\\"h3 caps\\\">starbucks<br>microsoft<\\/p>\",\"verticalSpacingLevel\":\"vertical-spacing-1\"}}},\"47\":\"<p>08\\/2016 &mdash; IdN Magazine v23n2<\\/p>\\r\\n\\r\\n<p>06\\/2016 &mdash; Communication Arts Design Annual 2016<\\/p>\\r\\n\\r\\n\\r\\n\\r\\n\\r\\n\\r\\n\\r\\n\\r\\n\\r\\n\\r\\n\\r\\n\\r\\n\\r\\n\\r\\n\\r\\n\\r\\n\\r\\n\\r\\n\\r\\n\\r\\n\\r\\n\\r\\n\\r\\n\\r\\n\\r\\n\\r\\n\\r\\n\\r\\n\\r\\n\\r\\n\\r\\n\\r\\n\\r\\n\\r\\n\\r\\n\\r\\n\\r\\n\\r\\n\\r\\n\\r\\n\\r\\n\\r\\n\\r\\n\\r\\n\\r\\n\\r\\n<p>05\\/2016 &mdash; PRINT Magazine Regional Design Annual 2016<\\/p>\\r\\n\\r\\n\\r\\n\\r\\n\\r\\n\\r\\n\\r\\n\\r\\n\\r\\n\\r\\n\\r\\n\\r\\n\\r\\n\\r\\n\\r\\n\\r\\n\\r\\n\\r\\n\\r\\n\\r\\n\\r\\n\\r\\n\\r\\n\\r\\n\\r\\n\\r\\n\\r\\n\\r\\n\\r\\n\\r\\n\\r\\n\\r\\n\\r\\n\\r\\n\\r\\n\\r\\n\\r\\n\\r\\n\\r\\n\\r\\n\\r\\n\\r\\n\\r\\n\\r\\n\\r\\n\\r\\n<p>03\\/2016 &mdash; Communication Arts Design Annual 2015<\\/p>\\r\\n\\r\\n\\r\\n\\r\\n\\r\\n\\r\\n\\r\\n\\r\\n\\r\\n\\r\\n\\r\\n\\r\\n\\r\\n\\r\\n\\r\\n\\r\\n\\r\\n\\r\\n\\r\\n\\r\\n\\r\\n\\r\\n\\r\\n\\r\\n\\r\\n\\r\\n\\r\\n\\r\\n\\r\\n\\r\\n\\r\\n\\r\\n\\r\\n\\r\\n\\r\\n\\r\\n\\r\\n\\r\\n\\r\\n\\r\\n\\r\\n\\r\\n\\r\\n\\r\\n\\r\\n\\r\\n<p>02\\/2016 &mdash; IdN Magazine v23n2<\\/p>\\r\\n\\r\\n\\r\\n\\r\\n\\r\\n\\r\\n\\r\\n\\r\\n\\r\\n\\r\\n\\r\\n\\r\\n\\r\\n\\r\\n\\r\\n\\r\\n\\r\\n\\r\\n\\r\\n\\r\\n\\r\\n\\r\\n\\r\\n\\r\\n\\r\\n\\r\\n\\r\\n\\r\\n\\r\\n\\r\\n\\r\\n\\r\\n\\r\\n\\r\\n\\r\\n\\r\\n\\r\\n\\r\\n\\r\\n\\r\\n\\r\\n\\r\\n\\r\\n\\r\\n\\r\\n\\r\\n<p>12\\/2015 &mdash; Communication Arts Design Annual 2016<\\/p>\\r\\n\\r\\n\\r\\n\\r\\n\\r\\n\\r\\n\\r\\n\\r\\n\\r\\n\\r\\n\\r\\n\\r\\n\\r\\n\\r\\n\\r\\n\\r\\n\\r\\n\\r\\n\\r\\n\\r\\n\\r\\n\\r\\n\\r\\n\\r\\n\\r\\n\\r\\n\\r\\n\\r\\n\\r\\n\\r\\n\\r\\n\\r\\n\\r\\n\\r\\n\\r\\n\\r\\n\\r\\n\\r\\n\\r\\n\\r\\n\\r\\n\\r\\n\\r\\n\\r\\n\\r\\n\\r\\n<p>10\\/2015 &mdash; PRINT Magazine Regional Design Annual 2016<\\/p>\\r\\n\\r\\n\\r\\n\\r\\n\\r\\n\\r\\n\\r\\n\\r\\n\\r\\n\\r\\n\\r\\n\\r\\n\\r\\n\\r\\n\\r\\n\\r\\n\\r\\n\\r\\n\\r\\n\\r\\n\\r\\n\\r\\n\\r\\n\\r\\n\\r\\n\\r\\n\\r\\n\\r\\n\\r\\n\\r\\n\\r\\n\\r\\n\\r\\n\\r\\n\\r\\n\\r\\n\\r\\n\\r\\n\\r\\n\\r\\n\\r\\n\\r\\n\\r\\n\\r\\n\\r\\n\\r\\n<p>10\\/2015 &mdash; Communication Arts Design Annual 2015<\\/p>\\r\\n\\r\\n\\r\\n\\r\\n\\r\\n\\r\\n\\r\\n\\r\\n\\r\\n\\r\\n\\r\\n\\r\\n\\r\\n\\r\\n\\r\\n\\r\\n\\r\\n\\r\\n\\r\\n\\r\\n\\r\\n\\r\\n\\r\\n\\r\\n\\r\\n\\r\\n\\r\\n\\r\\n\\r\\n\\r\\n\\r\\n\\r\\n\\r\\n\\r\\n\\r\\n\\r\\n\\r\\n\\r\\n\\r\\n\\r\\n\\r\\n\\r\\n\\r\\n\\r\\n\\r\\n\\r\\n<p>06\\/2015 &mdash; PRINT Magazine Regional Design Annual 2016<\\/p>\\r\\n\\r\\n\\r\\n\\r\\n\\r\\n\\r\\n\\r\\n\\r\\n\\r\\n\\r\\n\\r\\n\\r\\n\\r\\n\\r\\n\\r\\n\\r\\n\\r\\n\\r\\n\\r\\n\\r\\n\\r\\n\\r\\n\\r\\n\\r\\n\\r\\n\\r\\n\\r\\n\\r\\n\\r\\n\\r\\n\\r\\n\\r\\n\\r\\n\\r\\n\\r\\n\\r\\n\\r\\n\\r\\n\\r\\n\\r\\n\\r\\n\\r\\n\\r\\n\\r\\n\\r\\n\\r\\n<p>02\\/2015 &mdash; Communication Arts Design Annual 2015<\\/p>\",\"44\":\"MEET\\r\\nOUR\\r\\nTALENTED\\r\\nTEAM\"}}', '2016-11-21 20:20:38', '2016-11-21 20:20:38', '9d048bc3-2f0f-4e63-888d-c57bb63156dc'),
 ('240', '101', '10', '46', 'en_us', '28', '', '{\"typeId\":\"11\",\"authorId\":null,\"title\":\"Studio\",\"slug\":\"studio\",\"postDate\":1478129954,\"expiryDate\":null,\"enabled\":1,\"parentId\":null,\"fields\":{\"48\":{\"102\":{\"type\":\"1\",\"fields\":{\"backgroundImage\":[\"97\"],\"backgroundColor\":\"#000000\",\"linkUrl\":\"\\/contact\",\"header\":\"Drop \\r\\nus \\r\\na \\r\\nline\",\"subtext\":\"Contact Us\",\"fontColor\":\"#efefef\"}}},\"45\":\"<p class=\\\"large\\\">Born in 2004<\\/p>\",\"46\":\"<p class=\\\"large\\\">We are a full-service creative agency with offices in Seattle and Portland. A dedicated team of designers, strategists, developers and account specialists, we create highly-crafted brand experiences that clarify purpose, encourage action, and inspire brand loyalty. We\\u2019d love to get to know you and help tell your story.&nbsp;<\\/p>\",\"10\":{\"103\":{\"type\":\"carousel\",\"enabled\":\"1\",\"fields\":{\"images\":[\"48\",\"49\",\"50\"],\"verticalSpacingLevel\":\"vertical-spacing-2\"}},\"104\":{\"type\":\"twoColumnContent\",\"enabled\":\"1\",\"fields\":{\"backgroundColor\":\"#000000\",\"leftColumn\":\"<p class=\\\"h3 med\\\"><span class=\\\"white\\\">STYLE<br>IS A<br>SIMPLE<br>WAY<br>OF<br>SAYING<br>COMPLEX<br>THINGS<br><\\/span><span class=\\\"blue\\\">&mdash;JEAN<br>COCTEAU<\\/span><\\/p>\",\"rightColumn\":\"<p class=\\\"large\\\"><span class=\\\"white\\\"><span><\\/span>Style is Not a&nbsp;4-letter Word<span><\\/span><\\/span><\\/p>\\r\\n\\r\\n<p class=\\\"large\\\"><span class=\\\"white\\\"><span><\\/span>In our experience, the brands that are the most magnetic are those which project distinct, memorable and charismatic personalities. These brands place equal emphasis on what they say and how they say it. Some design purists might say that style is merely artificial decoration that should be avoided in favor of logic&mdash;\\u201cform follows function\\u201d and all that. Don\\u2019t get us wrong, we\\u2019re not proponents of style for its own sake, or as ornament applied after an idea has already been defined. Rather, we employ style as an integral and strategic component of our brand-development process. At its best, style can be that magical something about a company or product that pulls people in and transcends the logical. So, to us, style is not a 4-letter word. On the contrary, we embrace it, harnessing its power to cut through the clutter.&nbsp;<\\/span><\\/p>\\r\\n\\r\\n\\r\\n\\r\\n\\r\\n\\r\\n\\r\\n\\r\\n\\r\\n\\r\\n<p class=\\\"large\\\"><span class=\\\"white\\\">And besides, \\u201cstyle\\u201d has five letters.<\\/span><\\/p>\",\"verticalSpacingLevel\":\"vertical-spacing-2\"}},\"106\":{\"type\":\"twoColumnContent\",\"enabled\":\"1\",\"fields\":{\"backgroundColor\":\"#000000\",\"leftColumn\":\"<p class=\\\"large\\\"><span class=\\\"white\\\">We Do<\\/span><\\/p>\",\"rightColumn\":\"<p class=\\\"h2 caps white\\\"><a href=\\\"http:\\/\\/turnstyle.studio\\/strategy\\\">Strategy<\\/a><br><a href=\\\"http:\\/\\/turnstyle.studio\\/identity#entry:56:url\\\">Identity<\\/a><br>Digital<br>Print<br>Packaging<br>Environment<\\/p>\\r\\n\",\"verticalSpacingLevel\":\"vertical-spacing-2\"}},\"107\":{\"type\":\"twoColumnContent\",\"enabled\":\"1\",\"fields\":{\"backgroundColor\":\"#ffffff\",\"leftColumn\":\"<p class=\\\"h3 caps\\\">our<br>clients<br>&<br>industries<\\/p>\\r\\n\\r\\n<p class=\\\"h3 caps\\\"><\\/p>\",\"rightColumn\":\"\",\"verticalSpacingLevel\":\"vertical-spacing-1\"}},\"108\":{\"type\":\"twoColumnContent\",\"enabled\":\"1\",\"fields\":{\"backgroundColor\":\"#ffffff\",\"leftColumn\":\"<p><span class=\\\"gray\\\">Industry<\\/span><\\/p>\\r\\n\\r\\n<p class=\\\"h3 caps\\\">teague<br>nike<br>starbucks<br>microsoft<br>amazon<br>aiga<br>nordstrom<br>teague<br>nike<\\/p>\\r\\n\\r\\n\\r\\n\\r\\n\\r\\n\\r\\n\\r\\n\\r\\n\\r\\n\\r\\n\\r\\n\\r\\n\\r\\n\\r\\n\\r\\n\\r\\n\\r\\n\\r\\n\\r\\n\\r\\n\\r\\n\\r\\n\\r\\n\\r\\n\\r\\n\\r\\n\\r\\n\\r\\n\\r\\n\\r\\n\\r\\n\\r\\n\\r\\n\\r\\n\\r\\n\\r\\n\\r\\n\\r\\n\\r\\n\\r\\n\\r\\n\\r\\n\\r\\n\\r\\n\\r\\n\\r\\n\\r\\n\\r\\n\\r\\n\\r\\n\\r\\n\\r\\n\\r\\n\\r\\n<p><span class=\\\"gray\\\">Industry<\\/span><\\/p>\\r\\n\\r\\n\\r\\n\\r\\n\\r\\n\\r\\n\\r\\n\\r\\n\\r\\n\\r\\n\\r\\n\\r\\n\\r\\n\\r\\n\\r\\n\\r\\n\\r\\n\\r\\n\\r\\n\\r\\n\\r\\n\\r\\n\\r\\n\\r\\n\\r\\n\\r\\n\\r\\n\\r\\n\\r\\n\\r\\n\\r\\n\\r\\n\\r\\n\\r\\n\\r\\n\\r\\n\\r\\n\\r\\n\\r\\n\\r\\n\\r\\n\\r\\n\\r\\n\\r\\n\\r\\n\\r\\n\\r\\n\\r\\n\\r\\n\\r\\n\\r\\n\\r\\n\\r\\n\\r\\n<p class=\\\"h3 caps\\\">starbucks<br>microsoft<br>amazon<\\/p>\\r\\n\\r\\n\\r\\n\\r\\n\\r\\n\\r\\n\\r\\n\\r\\n\\r\\n\\r\\n\\r\\n\\r\\n\\r\\n\\r\\n\\r\\n\\r\\n\\r\\n\\r\\n\\r\\n\\r\\n\\r\\n\\r\\n\\r\\n\\r\\n\\r\\n\\r\\n\\r\\n\\r\\n\\r\\n\\r\\n\\r\\n\\r\\n\\r\\n\\r\\n\\r\\n\\r\\n\\r\\n\\r\\n\\r\\n\\r\\n\\r\\n\\r\\n\\r\\n\\r\\n\\r\\n\\r\\n\\r\\n\\r\\n\\r\\n\\r\\n\\r\\n\\r\\n\\r\\n\\r\\n<p><span class=\\\"gray\\\">Industry<\\/span><\\/p>\\r\\n\\r\\n\\r\\n\\r\\n\\r\\n\\r\\n\\r\\n\\r\\n\\r\\n\\r\\n\\r\\n\\r\\n\\r\\n\\r\\n\\r\\n\\r\\n\\r\\n\\r\\n\\r\\n\\r\\n\\r\\n\\r\\n\\r\\n\\r\\n\\r\\n\\r\\n\\r\\n\\r\\n\\r\\n\\r\\n\\r\\n\\r\\n\\r\\n\\r\\n\\r\\n\\r\\n\\r\\n\\r\\n\\r\\n\\r\\n\\r\\n\\r\\n\\r\\n\\r\\n\\r\\n\\r\\n\\r\\n\\r\\n\\r\\n\\r\\n\\r\\n\\r\\n\\r\\n\\r\\n<p class=\\\"h3 caps\\\">starbucks<br>microsoft<\\/p>\",\"rightColumn\":\"<p>Industry<br><\\/p>\\r\\n\\r\\n<p class=\\\"h3 caps\\\">starbucks<br>microsoft<br>amazon<\\/p>\\r\\n\\r\\n\\r\\n\\r\\n\\r\\n\\r\\n\\r\\n\\r\\n\\r\\n\\r\\n\\r\\n\\r\\n\\r\\n\\r\\n\\r\\n\\r\\n\\r\\n\\r\\n\\r\\n\\r\\n\\r\\n\\r\\n\\r\\n\\r\\n\\r\\n\\r\\n\\r\\n\\r\\n\\r\\n\\r\\n\\r\\n\\r\\n\\r\\n\\r\\n\\r\\n\\r\\n\\r\\n\\r\\n\\r\\n\\r\\n\\r\\n\\r\\n\\r\\n\\r\\n\\r\\n\\r\\n\\r\\n\\r\\n\\r\\n\\r\\n\\r\\n\\r\\n\\r\\n\\r\\n<p><span class=\\\"gray\\\">Industry<\\/span><\\/p>\\r\\n\\r\\n\\r\\n\\r\\n\\r\\n\\r\\n\\r\\n\\r\\n\\r\\n\\r\\n\\r\\n\\r\\n\\r\\n\\r\\n\\r\\n\\r\\n\\r\\n\\r\\n\\r\\n\\r\\n\\r\\n\\r\\n\\r\\n\\r\\n\\r\\n\\r\\n\\r\\n\\r\\n\\r\\n\\r\\n\\r\\n\\r\\n\\r\\n\\r\\n\\r\\n\\r\\n\\r\\n\\r\\n\\r\\n\\r\\n\\r\\n\\r\\n\\r\\n\\r\\n\\r\\n\\r\\n\\r\\n\\r\\n\\r\\n\\r\\n\\r\\n\\r\\n\\r\\n\\r\\n<p class=\\\"h3 caps\\\">teague<br>nike<br>starbucks<br>microsoft<br>amazon<br>aiga<br>nordstrom<br>teague<br>nike<\\/p>\\r\\n\\r\\n\\r\\n\\r\\n\\r\\n\\r\\n\\r\\n\\r\\n\\r\\n\\r\\n\\r\\n\\r\\n\\r\\n\\r\\n\\r\\n\\r\\n\\r\\n\\r\\n\\r\\n\\r\\n\\r\\n\\r\\n\\r\\n\\r\\n\\r\\n\\r\\n\\r\\n\\r\\n\\r\\n\\r\\n\\r\\n\\r\\n\\r\\n\\r\\n\\r\\n\\r\\n\\r\\n\\r\\n\\r\\n\\r\\n\\r\\n\\r\\n\\r\\n\\r\\n\\r\\n\\r\\n\\r\\n\\r\\n\\r\\n\\r\\n\\r\\n\\r\\n\\r\\n\\r\\n<p><span class=\\\"gray\\\"><br><\\/span><\\/p>\\r\\n\\r\\n\\r\\n\\r\\n\\r\\n\\r\\n\\r\\n\\r\\n\\r\\n\\r\\n\\r\\n\\r\\n\\r\\n\\r\\n\\r\\n\\r\\n\\r\\n\\r\\n\\r\\n\\r\\n\\r\\n\\r\\n\\r\\n\\r\\n\\r\\n\\r\\n\\r\\n\\r\\n\\r\\n\\r\\n\\r\\n\\r\\n\\r\\n\\r\\n\\r\\n\\r\\n\\r\\n\\r\\n\\r\\n\\r\\n\\r\\n\\r\\n\\r\\n\\r\\n\\r\\n\\r\\n\\r\\n\\r\\n\\r\\n\\r\\n\\r\\n\\r\\n<p><span class=\\\"gray\\\">Industry<\\/span><\\/p>\\r\\n\\r\\n\\r\\n\\r\\n\\r\\n\\r\\n\\r\\n\\r\\n\\r\\n\\r\\n\\r\\n\\r\\n\\r\\n\\r\\n\\r\\n\\r\\n\\r\\n\\r\\n\\r\\n\\r\\n\\r\\n\\r\\n\\r\\n\\r\\n\\r\\n\\r\\n\\r\\n\\r\\n\\r\\n\\r\\n\\r\\n\\r\\n\\r\\n\\r\\n\\r\\n\\r\\n\\r\\n\\r\\n\\r\\n\\r\\n\\r\\n\\r\\n\\r\\n\\r\\n\\r\\n\\r\\n\\r\\n\\r\\n\\r\\n\\r\\n\\r\\n\\r\\n\\r\\n\\r\\n<p class=\\\"h3 caps\\\">starbucks<br>microsoft<\\/p>\",\"verticalSpacingLevel\":\"vertical-spacing-1\"}}},\"47\":\"<p>08\\/2016 &mdash; IdN Magazine v23n2<\\/p>\\r\\n\\r\\n<p>06\\/2016 &mdash; Communication Arts Design Annual 2016<\\/p>\\r\\n\\r\\n\\r\\n\\r\\n\\r\\n\\r\\n\\r\\n\\r\\n\\r\\n\\r\\n\\r\\n\\r\\n\\r\\n\\r\\n\\r\\n\\r\\n\\r\\n\\r\\n\\r\\n\\r\\n\\r\\n\\r\\n\\r\\n\\r\\n\\r\\n\\r\\n\\r\\n\\r\\n\\r\\n\\r\\n\\r\\n\\r\\n\\r\\n\\r\\n\\r\\n\\r\\n\\r\\n\\r\\n\\r\\n\\r\\n\\r\\n\\r\\n\\r\\n\\r\\n\\r\\n\\r\\n\\r\\n\\r\\n<p>05\\/2016 &mdash; PRINT Magazine Regional Design Annual 2016<\\/p>\\r\\n\\r\\n\\r\\n\\r\\n\\r\\n\\r\\n\\r\\n\\r\\n\\r\\n\\r\\n\\r\\n\\r\\n\\r\\n\\r\\n\\r\\n\\r\\n\\r\\n\\r\\n\\r\\n\\r\\n\\r\\n\\r\\n\\r\\n\\r\\n\\r\\n\\r\\n\\r\\n\\r\\n\\r\\n\\r\\n\\r\\n\\r\\n\\r\\n\\r\\n\\r\\n\\r\\n\\r\\n\\r\\n\\r\\n\\r\\n\\r\\n\\r\\n\\r\\n\\r\\n\\r\\n\\r\\n\\r\\n\\r\\n<p>03\\/2016 &mdash; Communication Arts Design Annual 2015<\\/p>\\r\\n\\r\\n\\r\\n\\r\\n\\r\\n\\r\\n\\r\\n\\r\\n\\r\\n\\r\\n\\r\\n\\r\\n\\r\\n\\r\\n\\r\\n\\r\\n\\r\\n\\r\\n\\r\\n\\r\\n\\r\\n\\r\\n\\r\\n\\r\\n\\r\\n\\r\\n\\r\\n\\r\\n\\r\\n\\r\\n\\r\\n\\r\\n\\r\\n\\r\\n\\r\\n\\r\\n\\r\\n\\r\\n\\r\\n\\r\\n\\r\\n\\r\\n\\r\\n\\r\\n\\r\\n\\r\\n\\r\\n\\r\\n<p>02\\/2016 &mdash; IdN Magazine v23n2<\\/p>\\r\\n\\r\\n\\r\\n\\r\\n\\r\\n\\r\\n\\r\\n\\r\\n\\r\\n\\r\\n\\r\\n\\r\\n\\r\\n\\r\\n\\r\\n\\r\\n\\r\\n\\r\\n\\r\\n\\r\\n\\r\\n\\r\\n\\r\\n\\r\\n\\r\\n\\r\\n\\r\\n\\r\\n\\r\\n\\r\\n\\r\\n\\r\\n\\r\\n\\r\\n\\r\\n\\r\\n\\r\\n\\r\\n\\r\\n\\r\\n\\r\\n\\r\\n\\r\\n\\r\\n\\r\\n\\r\\n\\r\\n\\r\\n<p>12\\/2015 &mdash; Communication Arts Design Annual 2016<\\/p>\\r\\n\\r\\n\\r\\n\\r\\n\\r\\n\\r\\n\\r\\n\\r\\n\\r\\n\\r\\n\\r\\n\\r\\n\\r\\n\\r\\n\\r\\n\\r\\n\\r\\n\\r\\n\\r\\n\\r\\n\\r\\n\\r\\n\\r\\n\\r\\n\\r\\n\\r\\n\\r\\n\\r\\n\\r\\n\\r\\n\\r\\n\\r\\n\\r\\n\\r\\n\\r\\n\\r\\n\\r\\n\\r\\n\\r\\n\\r\\n\\r\\n\\r\\n\\r\\n\\r\\n\\r\\n\\r\\n\\r\\n\\r\\n<p>10\\/2015 &mdash; PRINT Magazine Regional Design Annual 2016<\\/p>\\r\\n\\r\\n\\r\\n\\r\\n\\r\\n\\r\\n\\r\\n\\r\\n\\r\\n\\r\\n\\r\\n\\r\\n\\r\\n\\r\\n\\r\\n\\r\\n\\r\\n\\r\\n\\r\\n\\r\\n\\r\\n\\r\\n\\r\\n\\r\\n\\r\\n\\r\\n\\r\\n\\r\\n\\r\\n\\r\\n\\r\\n\\r\\n\\r\\n\\r\\n\\r\\n\\r\\n\\r\\n\\r\\n\\r\\n\\r\\n\\r\\n\\r\\n\\r\\n\\r\\n\\r\\n\\r\\n\\r\\n\\r\\n<p>10\\/2015 &mdash; Communication Arts Design Annual 2015<\\/p>\\r\\n\\r\\n\\r\\n\\r\\n\\r\\n\\r\\n\\r\\n\\r\\n\\r\\n\\r\\n\\r\\n\\r\\n\\r\\n\\r\\n\\r\\n\\r\\n\\r\\n\\r\\n\\r\\n\\r\\n\\r\\n\\r\\n\\r\\n\\r\\n\\r\\n\\r\\n\\r\\n\\r\\n\\r\\n\\r\\n\\r\\n\\r\\n\\r\\n\\r\\n\\r\\n\\r\\n\\r\\n\\r\\n\\r\\n\\r\\n\\r\\n\\r\\n\\r\\n\\r\\n\\r\\n\\r\\n\\r\\n\\r\\n<p>06\\/2015 &mdash; PRINT Magazine Regional Design Annual 2016<\\/p>\\r\\n\\r\\n\\r\\n\\r\\n\\r\\n\\r\\n\\r\\n\\r\\n\\r\\n\\r\\n\\r\\n\\r\\n\\r\\n\\r\\n\\r\\n\\r\\n\\r\\n\\r\\n\\r\\n\\r\\n\\r\\n\\r\\n\\r\\n\\r\\n\\r\\n\\r\\n\\r\\n\\r\\n\\r\\n\\r\\n\\r\\n\\r\\n\\r\\n\\r\\n\\r\\n\\r\\n\\r\\n\\r\\n\\r\\n\\r\\n\\r\\n\\r\\n\\r\\n\\r\\n\\r\\n\\r\\n\\r\\n\\r\\n<p>02\\/2015 &mdash; Communication Arts Design Annual 2015<\\/p>\",\"44\":\"MEET\\r\\nOUR\\r\\nTALENTED\\r\\nTEAM\"}}', '2016-11-21 20:33:03', '2016-11-21 20:33:03', '79f0f440-7a8d-4700-8678-79e28b34b7d4'),
 ('241', '101', '10', '46', 'en_us', '29', '', '{\"typeId\":\"11\",\"authorId\":null,\"title\":\"Studio\",\"slug\":\"studio\",\"postDate\":1478129954,\"expiryDate\":null,\"enabled\":1,\"parentId\":null,\"fields\":{\"48\":{\"102\":{\"type\":\"1\",\"fields\":{\"backgroundImage\":[\"97\"],\"backgroundColor\":\"#000000\",\"linkUrl\":\"\\/contact\",\"header\":\"Drop \\r\\nus \\r\\na \\r\\nline\",\"subtext\":\"Contact Us\",\"fontColor\":\"#efefef\"}}},\"45\":\"<p class=\\\"large\\\">Born in 2004<\\/p>\",\"46\":\"<p class=\\\"large\\\">We are a full-service creative agency with offices in Seattle and Portland. A dedicated team of designers, strategists, developers and account specialists, we create highly-crafted brand experiences that clarify purpose, encourage action, and inspire brand loyalty. We\\u2019d love to get to know you and help tell your story.&nbsp;<\\/p>\",\"10\":{\"103\":{\"type\":\"carousel\",\"enabled\":\"1\",\"fields\":{\"images\":[\"159\",\"158\",\"160\"],\"verticalSpacingLevel\":\"vertical-spacing-2\"}},\"104\":{\"type\":\"twoColumnContent\",\"enabled\":\"1\",\"fields\":{\"backgroundColor\":\"#000000\",\"leftColumn\":\"<p class=\\\"h3 med\\\"><span class=\\\"white\\\">STYLE<br>IS A<br>SIMPLE<br>WAY<br>OF<br>SAYING<br>COMPLEX<br>THINGS<br><\\/span><span class=\\\"blue\\\">&mdash;JEAN<br>COCTEAU<\\/span><\\/p>\",\"rightColumn\":\"<p class=\\\"large\\\"><span class=\\\"white\\\"><span><\\/span>Style is Not a&nbsp;4-letter Word<span><\\/span><\\/span><\\/p>\\r\\n\\r\\n<p class=\\\"large\\\"><span class=\\\"white\\\"><span><\\/span>In our experience, the brands that are the most magnetic are those which project distinct, memorable and charismatic personalities. These brands place equal emphasis on what they say and how they say it. Some design purists might say that style is merely artificial decoration that should be avoided in favor of logic&mdash;\\u201cform follows function\\u201d and all that. Don\\u2019t get us wrong, we\\u2019re not proponents of style for its own sake, or as ornament applied after an idea has already been defined. Rather, we employ style as an integral and strategic component of our brand-development process. At its best, style can be that magical something about a company or product that pulls people in and transcends the logical. So, to us, style is not a 4-letter word. On the contrary, we embrace it, harnessing its power to cut through the clutter.&nbsp;<\\/span><\\/p>\\r\\n\\r\\n\\r\\n\\r\\n\\r\\n\\r\\n\\r\\n\\r\\n\\r\\n\\r\\n\\r\\n\\r\\n<p class=\\\"large\\\"><span class=\\\"white\\\">And besides, \\u201cstyle\\u201d has five letters.<\\/span><\\/p>\",\"verticalSpacingLevel\":\"vertical-spacing-2\"}},\"106\":{\"type\":\"twoColumnContent\",\"enabled\":\"1\",\"fields\":{\"backgroundColor\":\"#000000\",\"leftColumn\":\"<p class=\\\"large\\\"><span class=\\\"white\\\">We Do<\\/span><\\/p>\",\"rightColumn\":\"<p class=\\\"h2 caps white\\\"><a href=\\\"http:\\/\\/turnstyle.studio\\/strategy\\\">Strategy<\\/a><br><a href=\\\"http:\\/\\/turnstyle.studio\\/identity#entry:56:url\\\">Identity<\\/a><br>Digital<br>Print<br>Packaging<br>Environment<\\/p>\",\"verticalSpacingLevel\":\"vertical-spacing-2\"}},\"107\":{\"type\":\"twoColumnContent\",\"enabled\":\"1\",\"fields\":{\"backgroundColor\":\"#ffffff\",\"leftColumn\":\"<p class=\\\"h3 caps\\\">our<br>clients<br>&<br>industries<\\/p>\\r\\n\\r\\n<p class=\\\"h3 caps\\\"><\\/p>\",\"rightColumn\":\"\",\"verticalSpacingLevel\":\"vertical-spacing-1\"}},\"108\":{\"type\":\"twoColumnContent\",\"enabled\":\"1\",\"fields\":{\"backgroundColor\":\"#ffffff\",\"leftColumn\":\"<p><span class=\\\"gray\\\">Industry<\\/span><\\/p>\\r\\n\\r\\n<p class=\\\"h3 caps\\\">teague<br>nike<br>starbucks<br>microsoft<br>amazon<br>aiga<br>nordstrom<br>teague<br>nike<\\/p>\\r\\n\\r\\n\\r\\n\\r\\n\\r\\n\\r\\n\\r\\n\\r\\n\\r\\n\\r\\n\\r\\n\\r\\n\\r\\n\\r\\n\\r\\n\\r\\n\\r\\n\\r\\n\\r\\n\\r\\n\\r\\n\\r\\n\\r\\n\\r\\n\\r\\n\\r\\n\\r\\n\\r\\n\\r\\n\\r\\n\\r\\n\\r\\n\\r\\n\\r\\n\\r\\n\\r\\n\\r\\n\\r\\n\\r\\n\\r\\n\\r\\n\\r\\n\\r\\n\\r\\n\\r\\n\\r\\n\\r\\n\\r\\n\\r\\n\\r\\n\\r\\n\\r\\n\\r\\n\\r\\n\\r\\n\\r\\n<p><span class=\\\"gray\\\">Industry<\\/span><\\/p>\\r\\n\\r\\n\\r\\n\\r\\n\\r\\n\\r\\n\\r\\n\\r\\n\\r\\n\\r\\n\\r\\n\\r\\n\\r\\n\\r\\n\\r\\n\\r\\n\\r\\n\\r\\n\\r\\n\\r\\n\\r\\n\\r\\n\\r\\n\\r\\n\\r\\n\\r\\n\\r\\n\\r\\n\\r\\n\\r\\n\\r\\n\\r\\n\\r\\n\\r\\n\\r\\n\\r\\n\\r\\n\\r\\n\\r\\n\\r\\n\\r\\n\\r\\n\\r\\n\\r\\n\\r\\n\\r\\n\\r\\n\\r\\n\\r\\n\\r\\n\\r\\n\\r\\n\\r\\n\\r\\n\\r\\n\\r\\n<p class=\\\"h3 caps\\\">starbucks<br>microsoft<br>amazon<\\/p>\\r\\n\\r\\n\\r\\n\\r\\n\\r\\n\\r\\n\\r\\n\\r\\n\\r\\n\\r\\n\\r\\n\\r\\n\\r\\n\\r\\n\\r\\n\\r\\n\\r\\n\\r\\n\\r\\n\\r\\n\\r\\n\\r\\n\\r\\n\\r\\n\\r\\n\\r\\n\\r\\n\\r\\n\\r\\n\\r\\n\\r\\n\\r\\n\\r\\n\\r\\n\\r\\n\\r\\n\\r\\n\\r\\n\\r\\n\\r\\n\\r\\n\\r\\n\\r\\n\\r\\n\\r\\n\\r\\n\\r\\n\\r\\n\\r\\n\\r\\n\\r\\n\\r\\n\\r\\n\\r\\n\\r\\n\\r\\n<p><span class=\\\"gray\\\">Industry<\\/span><\\/p>\\r\\n\\r\\n\\r\\n\\r\\n\\r\\n\\r\\n\\r\\n\\r\\n\\r\\n\\r\\n\\r\\n\\r\\n\\r\\n\\r\\n\\r\\n\\r\\n\\r\\n\\r\\n\\r\\n\\r\\n\\r\\n\\r\\n\\r\\n\\r\\n\\r\\n\\r\\n\\r\\n\\r\\n\\r\\n\\r\\n\\r\\n\\r\\n\\r\\n\\r\\n\\r\\n\\r\\n\\r\\n\\r\\n\\r\\n\\r\\n\\r\\n\\r\\n\\r\\n\\r\\n\\r\\n\\r\\n\\r\\n\\r\\n\\r\\n\\r\\n\\r\\n\\r\\n\\r\\n\\r\\n\\r\\n\\r\\n<p class=\\\"h3 caps\\\">starbucks<br>microsoft<\\/p>\",\"rightColumn\":\"<p>Industry<br><\\/p>\\r\\n\\r\\n<p class=\\\"h3 caps\\\">starbucks<br>microsoft<br>amazon<\\/p>\\r\\n\\r\\n\\r\\n\\r\\n\\r\\n\\r\\n\\r\\n\\r\\n\\r\\n\\r\\n\\r\\n\\r\\n\\r\\n\\r\\n\\r\\n\\r\\n\\r\\n\\r\\n\\r\\n\\r\\n\\r\\n\\r\\n\\r\\n\\r\\n\\r\\n\\r\\n\\r\\n\\r\\n\\r\\n\\r\\n\\r\\n\\r\\n\\r\\n\\r\\n\\r\\n\\r\\n\\r\\n\\r\\n\\r\\n\\r\\n\\r\\n\\r\\n\\r\\n\\r\\n\\r\\n\\r\\n\\r\\n\\r\\n\\r\\n\\r\\n\\r\\n\\r\\n\\r\\n\\r\\n\\r\\n\\r\\n<p><span class=\\\"gray\\\">Industry<\\/span><\\/p>\\r\\n\\r\\n\\r\\n\\r\\n\\r\\n\\r\\n\\r\\n\\r\\n\\r\\n\\r\\n\\r\\n\\r\\n\\r\\n\\r\\n\\r\\n\\r\\n\\r\\n\\r\\n\\r\\n\\r\\n\\r\\n\\r\\n\\r\\n\\r\\n\\r\\n\\r\\n\\r\\n\\r\\n\\r\\n\\r\\n\\r\\n\\r\\n\\r\\n\\r\\n\\r\\n\\r\\n\\r\\n\\r\\n\\r\\n\\r\\n\\r\\n\\r\\n\\r\\n\\r\\n\\r\\n\\r\\n\\r\\n\\r\\n\\r\\n\\r\\n\\r\\n\\r\\n\\r\\n\\r\\n\\r\\n\\r\\n<p class=\\\"h3 caps\\\">teague<br>nike<br>starbucks<br>microsoft<br>amazon<br>aiga<br>nordstrom<br>teague<br>nike<\\/p>\\r\\n\\r\\n\\r\\n\\r\\n\\r\\n\\r\\n\\r\\n\\r\\n\\r\\n\\r\\n\\r\\n\\r\\n\\r\\n\\r\\n\\r\\n\\r\\n\\r\\n\\r\\n\\r\\n\\r\\n\\r\\n\\r\\n\\r\\n\\r\\n\\r\\n\\r\\n\\r\\n\\r\\n\\r\\n\\r\\n\\r\\n\\r\\n\\r\\n\\r\\n\\r\\n\\r\\n\\r\\n\\r\\n\\r\\n\\r\\n\\r\\n\\r\\n\\r\\n\\r\\n\\r\\n\\r\\n\\r\\n\\r\\n\\r\\n\\r\\n\\r\\n\\r\\n\\r\\n\\r\\n\\r\\n\\r\\n<p><span class=\\\"gray\\\"><br><\\/span><\\/p>\\r\\n\\r\\n\\r\\n\\r\\n\\r\\n\\r\\n\\r\\n\\r\\n\\r\\n\\r\\n\\r\\n\\r\\n\\r\\n\\r\\n\\r\\n\\r\\n\\r\\n\\r\\n\\r\\n\\r\\n\\r\\n\\r\\n\\r\\n\\r\\n\\r\\n\\r\\n\\r\\n\\r\\n\\r\\n\\r\\n\\r\\n\\r\\n\\r\\n\\r\\n\\r\\n\\r\\n\\r\\n\\r\\n\\r\\n\\r\\n\\r\\n\\r\\n\\r\\n\\r\\n\\r\\n\\r\\n\\r\\n\\r\\n\\r\\n\\r\\n\\r\\n\\r\\n\\r\\n\\r\\n<p><span class=\\\"gray\\\">Industry<\\/span><\\/p>\\r\\n\\r\\n\\r\\n\\r\\n\\r\\n\\r\\n\\r\\n\\r\\n\\r\\n\\r\\n\\r\\n\\r\\n\\r\\n\\r\\n\\r\\n\\r\\n\\r\\n\\r\\n\\r\\n\\r\\n\\r\\n\\r\\n\\r\\n\\r\\n\\r\\n\\r\\n\\r\\n\\r\\n\\r\\n\\r\\n\\r\\n\\r\\n\\r\\n\\r\\n\\r\\n\\r\\n\\r\\n\\r\\n\\r\\n\\r\\n\\r\\n\\r\\n\\r\\n\\r\\n\\r\\n\\r\\n\\r\\n\\r\\n\\r\\n\\r\\n\\r\\n\\r\\n\\r\\n\\r\\n\\r\\n\\r\\n<p class=\\\"h3 caps\\\">starbucks<br>microsoft<\\/p>\",\"verticalSpacingLevel\":\"vertical-spacing-1\"}}},\"47\":\"<p>08\\/2016 &mdash; IdN Magazine v23n2<\\/p>\\r\\n\\r\\n<p>06\\/2016 &mdash; Communication Arts Design Annual 2016<\\/p>\\r\\n\\r\\n\\r\\n\\r\\n\\r\\n\\r\\n\\r\\n\\r\\n\\r\\n\\r\\n\\r\\n\\r\\n\\r\\n\\r\\n\\r\\n\\r\\n\\r\\n\\r\\n\\r\\n\\r\\n\\r\\n\\r\\n\\r\\n\\r\\n\\r\\n\\r\\n\\r\\n\\r\\n\\r\\n\\r\\n\\r\\n\\r\\n\\r\\n\\r\\n\\r\\n\\r\\n\\r\\n\\r\\n\\r\\n\\r\\n\\r\\n\\r\\n\\r\\n\\r\\n\\r\\n\\r\\n\\r\\n\\r\\n\\r\\n\\r\\n<p>05\\/2016 &mdash; PRINT Magazine Regional Design Annual 2016<\\/p>\\r\\n\\r\\n\\r\\n\\r\\n\\r\\n\\r\\n\\r\\n\\r\\n\\r\\n\\r\\n\\r\\n\\r\\n\\r\\n\\r\\n\\r\\n\\r\\n\\r\\n\\r\\n\\r\\n\\r\\n\\r\\n\\r\\n\\r\\n\\r\\n\\r\\n\\r\\n\\r\\n\\r\\n\\r\\n\\r\\n\\r\\n\\r\\n\\r\\n\\r\\n\\r\\n\\r\\n\\r\\n\\r\\n\\r\\n\\r\\n\\r\\n\\r\\n\\r\\n\\r\\n\\r\\n\\r\\n\\r\\n\\r\\n\\r\\n\\r\\n<p>03\\/2016 &mdash; Communication Arts Design Annual 2015<\\/p>\\r\\n\\r\\n\\r\\n\\r\\n\\r\\n\\r\\n\\r\\n\\r\\n\\r\\n\\r\\n\\r\\n\\r\\n\\r\\n\\r\\n\\r\\n\\r\\n\\r\\n\\r\\n\\r\\n\\r\\n\\r\\n\\r\\n\\r\\n\\r\\n\\r\\n\\r\\n\\r\\n\\r\\n\\r\\n\\r\\n\\r\\n\\r\\n\\r\\n\\r\\n\\r\\n\\r\\n\\r\\n\\r\\n\\r\\n\\r\\n\\r\\n\\r\\n\\r\\n\\r\\n\\r\\n\\r\\n\\r\\n\\r\\n\\r\\n\\r\\n<p>02\\/2016 &mdash; IdN Magazine v23n2<\\/p>\\r\\n\\r\\n\\r\\n\\r\\n\\r\\n\\r\\n\\r\\n\\r\\n\\r\\n\\r\\n\\r\\n\\r\\n\\r\\n\\r\\n\\r\\n\\r\\n\\r\\n\\r\\n\\r\\n\\r\\n\\r\\n\\r\\n\\r\\n\\r\\n\\r\\n\\r\\n\\r\\n\\r\\n\\r\\n\\r\\n\\r\\n\\r\\n\\r\\n\\r\\n\\r\\n\\r\\n\\r\\n\\r\\n\\r\\n\\r\\n\\r\\n\\r\\n\\r\\n\\r\\n\\r\\n\\r\\n\\r\\n\\r\\n\\r\\n\\r\\n<p>12\\/2015 &mdash; Communication Arts Design Annual 2016<\\/p>\\r\\n\\r\\n\\r\\n\\r\\n\\r\\n\\r\\n\\r\\n\\r\\n\\r\\n\\r\\n\\r\\n\\r\\n\\r\\n\\r\\n\\r\\n\\r\\n\\r\\n\\r\\n\\r\\n\\r\\n\\r\\n\\r\\n\\r\\n\\r\\n\\r\\n\\r\\n\\r\\n\\r\\n\\r\\n\\r\\n\\r\\n\\r\\n\\r\\n\\r\\n\\r\\n\\r\\n\\r\\n\\r\\n\\r\\n\\r\\n\\r\\n\\r\\n\\r\\n\\r\\n\\r\\n\\r\\n\\r\\n\\r\\n\\r\\n\\r\\n<p>10\\/2015 &mdash; PRINT Magazine Regional Design Annual 2016<\\/p>\\r\\n\\r\\n\\r\\n\\r\\n\\r\\n\\r\\n\\r\\n\\r\\n\\r\\n\\r\\n\\r\\n\\r\\n\\r\\n\\r\\n\\r\\n\\r\\n\\r\\n\\r\\n\\r\\n\\r\\n\\r\\n\\r\\n\\r\\n\\r\\n\\r\\n\\r\\n\\r\\n\\r\\n\\r\\n\\r\\n\\r\\n\\r\\n\\r\\n\\r\\n\\r\\n\\r\\n\\r\\n\\r\\n\\r\\n\\r\\n\\r\\n\\r\\n\\r\\n\\r\\n\\r\\n\\r\\n\\r\\n\\r\\n\\r\\n\\r\\n<p>10\\/2015 &mdash; Communication Arts Design Annual 2015<\\/p>\\r\\n\\r\\n\\r\\n\\r\\n\\r\\n\\r\\n\\r\\n\\r\\n\\r\\n\\r\\n\\r\\n\\r\\n\\r\\n\\r\\n\\r\\n\\r\\n\\r\\n\\r\\n\\r\\n\\r\\n\\r\\n\\r\\n\\r\\n\\r\\n\\r\\n\\r\\n\\r\\n\\r\\n\\r\\n\\r\\n\\r\\n\\r\\n\\r\\n\\r\\n\\r\\n\\r\\n\\r\\n\\r\\n\\r\\n\\r\\n\\r\\n\\r\\n\\r\\n\\r\\n\\r\\n\\r\\n\\r\\n\\r\\n\\r\\n\\r\\n<p>06\\/2015 &mdash; PRINT Magazine Regional Design Annual 2016<\\/p>\\r\\n\\r\\n\\r\\n\\r\\n\\r\\n\\r\\n\\r\\n\\r\\n\\r\\n\\r\\n\\r\\n\\r\\n\\r\\n\\r\\n\\r\\n\\r\\n\\r\\n\\r\\n\\r\\n\\r\\n\\r\\n\\r\\n\\r\\n\\r\\n\\r\\n\\r\\n\\r\\n\\r\\n\\r\\n\\r\\n\\r\\n\\r\\n\\r\\n\\r\\n\\r\\n\\r\\n\\r\\n\\r\\n\\r\\n\\r\\n\\r\\n\\r\\n\\r\\n\\r\\n\\r\\n\\r\\n\\r\\n\\r\\n\\r\\n\\r\\n<p>02\\/2015 &mdash; Communication Arts Design Annual 2015<\\/p>\",\"44\":\"MEET\\r\\nOUR\\r\\nTALENTED\\r\\nTEAM\"}}', '2016-11-21 20:34:34', '2016-11-21 20:34:34', '01ceb993-ae54-4f4e-a2cd-d52bd7284df5'),
 ('242', '101', '10', '46', 'en_us', '30', '', '{\"typeId\":\"11\",\"authorId\":null,\"title\":\"Studio\",\"slug\":\"studio\",\"postDate\":1478129954,\"expiryDate\":null,\"enabled\":1,\"parentId\":null,\"fields\":{\"48\":{\"102\":{\"type\":\"1\",\"fields\":{\"backgroundImage\":[\"97\"],\"backgroundColor\":\"#000000\",\"linkUrl\":\"\\/contact\",\"header\":\"Drop \\r\\nus \\r\\na \\r\\nline\",\"subtext\":\"Contact Us\",\"fontColor\":\"#efefef\"}}},\"45\":\"<p class=\\\"large\\\">Born in 2004<\\/p>\",\"46\":\"<p class=\\\"large\\\">We are a full-service creative agency with offices in Seattle and Portland. A dedicated team of designers, strategists, developers and account specialists, we create highly-crafted brand experiences that clarify purpose, encourage action, and inspire brand loyalty. We\\u2019d love to get to know you and help tell your story.&nbsp;<\\/p>\",\"10\":{\"103\":{\"type\":\"carousel\",\"enabled\":\"1\",\"fields\":{\"images\":[\"159\",\"158\",\"160\"],\"verticalSpacingLevel\":\"vertical-spacing-2\"}},\"104\":{\"type\":\"twoColumnContent\",\"enabled\":\"1\",\"fields\":{\"backgroundColor\":\"#000000\",\"leftColumn\":\"<p class=\\\"h3 med\\\"><span class=\\\"white\\\">STYLE<br>IS A<br>SIMPLE<br>WAY<br>OF<br>SAYING<br>COMPLEX<br>THINGS<br><\\/span><span class=\\\"blue\\\">&mdash;JEAN<br>COCTEAU<\\/span><\\/p>\",\"rightColumn\":\"<p class=\\\"large\\\"><span class=\\\"white\\\"><span><\\/span>Style is Not a&nbsp;4-letter Word<span><\\/span><\\/span><\\/p>\\r\\n\\r\\n<p class=\\\"large\\\"><span class=\\\"white\\\"><span><\\/span>In our experience, the brands that are the most magnetic are those which project distinct, memorable and charismatic personalities. These brands place equal emphasis on what they say and how they say it. Some design purists might say that style is merely artificial decoration that should be avoided in favor of logic&mdash;\\u201cform follows function\\u201d and all that. Don\\u2019t get us wrong, we\\u2019re not proponents of style for its own sake, or as ornament applied after an idea has already been defined. Rather, we employ style as an integral and strategic component of our brand-development process. At its best, style can be that magical something about a company or product that pulls people in and transcends the logical. So, to us, style is not a 4-letter word. On the contrary, we embrace it, harnessing its power to cut through the clutter.&nbsp;<\\/span><\\/p>\\r\\n\\r\\n\\r\\n\\r\\n\\r\\n\\r\\n\\r\\n\\r\\n\\r\\n\\r\\n\\r\\n\\r\\n\\r\\n\\r\\n<p class=\\\"large\\\"><span class=\\\"white\\\">And besides, \\u201cstyle\\u201d has five letters.<\\/span><\\/p>\",\"verticalSpacingLevel\":\"vertical-spacing-2\"}},\"106\":{\"type\":\"twoColumnContent\",\"enabled\":\"1\",\"fields\":{\"backgroundColor\":\"#000000\",\"leftColumn\":\"<p class=\\\"large\\\"><span class=\\\"white\\\">We Do<\\/span><\\/p>\",\"rightColumn\":\"<p class=\\\"h2 caps white\\\"><a href=\\\"http:\\/\\/turnstyle.studio\\/strategy\\\">Strategy<\\/a><br><a href=\\\"http:\\/\\/turnstyle.studio\\/identity#entry:56:url\\\">Identity<\\/a><br>Digital<br>Print<br>Packaging<br>Environment<\\/p>\",\"verticalSpacingLevel\":\"vertical-spacing-2\"}},\"107\":{\"type\":\"twoColumnContent\",\"enabled\":\"1\",\"fields\":{\"backgroundColor\":\"#ffffff\",\"leftColumn\":\"<p class=\\\"h3 caps\\\">our<br>clients<br>&<br>industries<\\/p>\\r\\n\\r\\n<p class=\\\"h3 caps\\\"><\\/p>\",\"rightColumn\":\"\",\"verticalSpacingLevel\":\"vertical-spacing-1\"}},\"108\":{\"type\":\"twoColumnContent\",\"enabled\":\"1\",\"fields\":{\"backgroundColor\":\"#ffffff\",\"leftColumn\":\"<p><span class=\\\"gray\\\">Industry<\\/span><\\/p>\\r\\n\\r\\n<p class=\\\"h3 caps\\\">teague<br>nike<br>starbucks<br>microsoft<br>amazon<br>aiga<br>nordstrom<br>teague<br>nike<\\/p>\\r\\n\\r\\n\\r\\n\\r\\n\\r\\n\\r\\n\\r\\n\\r\\n\\r\\n\\r\\n\\r\\n\\r\\n\\r\\n\\r\\n\\r\\n\\r\\n\\r\\n\\r\\n\\r\\n\\r\\n\\r\\n\\r\\n\\r\\n\\r\\n\\r\\n\\r\\n\\r\\n\\r\\n\\r\\n\\r\\n\\r\\n\\r\\n\\r\\n\\r\\n\\r\\n\\r\\n\\r\\n\\r\\n\\r\\n\\r\\n\\r\\n\\r\\n\\r\\n\\r\\n\\r\\n\\r\\n\\r\\n\\r\\n\\r\\n\\r\\n\\r\\n\\r\\n\\r\\n\\r\\n\\r\\n\\r\\n\\r\\n\\r\\n<p><span class=\\\"gray\\\">Industry<\\/span><\\/p>\\r\\n\\r\\n\\r\\n\\r\\n\\r\\n\\r\\n\\r\\n\\r\\n\\r\\n\\r\\n\\r\\n\\r\\n\\r\\n\\r\\n\\r\\n\\r\\n\\r\\n\\r\\n\\r\\n\\r\\n\\r\\n\\r\\n\\r\\n\\r\\n\\r\\n\\r\\n\\r\\n\\r\\n\\r\\n\\r\\n\\r\\n\\r\\n\\r\\n\\r\\n\\r\\n\\r\\n\\r\\n\\r\\n\\r\\n\\r\\n\\r\\n\\r\\n\\r\\n\\r\\n\\r\\n\\r\\n\\r\\n\\r\\n\\r\\n\\r\\n\\r\\n\\r\\n\\r\\n\\r\\n\\r\\n\\r\\n\\r\\n\\r\\n<p class=\\\"h3 caps\\\">starbucks<br>microsoft<br>amazon<\\/p>\\r\\n\\r\\n\\r\\n\\r\\n\\r\\n\\r\\n\\r\\n\\r\\n\\r\\n\\r\\n\\r\\n\\r\\n\\r\\n\\r\\n\\r\\n\\r\\n\\r\\n\\r\\n\\r\\n\\r\\n\\r\\n\\r\\n\\r\\n\\r\\n\\r\\n\\r\\n\\r\\n\\r\\n\\r\\n\\r\\n\\r\\n\\r\\n\\r\\n\\r\\n\\r\\n\\r\\n\\r\\n\\r\\n\\r\\n\\r\\n\\r\\n\\r\\n\\r\\n\\r\\n\\r\\n\\r\\n\\r\\n\\r\\n\\r\\n\\r\\n\\r\\n\\r\\n\\r\\n\\r\\n\\r\\n\\r\\n\\r\\n\\r\\n<p><span class=\\\"gray\\\">Industry<\\/span><\\/p>\\r\\n\\r\\n\\r\\n\\r\\n\\r\\n\\r\\n\\r\\n\\r\\n\\r\\n\\r\\n\\r\\n\\r\\n\\r\\n\\r\\n\\r\\n\\r\\n\\r\\n\\r\\n\\r\\n\\r\\n\\r\\n\\r\\n\\r\\n\\r\\n\\r\\n\\r\\n\\r\\n\\r\\n\\r\\n\\r\\n\\r\\n\\r\\n\\r\\n\\r\\n\\r\\n\\r\\n\\r\\n\\r\\n\\r\\n\\r\\n\\r\\n\\r\\n\\r\\n\\r\\n\\r\\n\\r\\n\\r\\n\\r\\n\\r\\n\\r\\n\\r\\n\\r\\n\\r\\n\\r\\n\\r\\n\\r\\n\\r\\n\\r\\n<p class=\\\"h3 caps\\\">starbucks<br>microsoft<\\/p>\",\"rightColumn\":\"<p>Industry<br><\\/p>\\r\\n\\r\\n<p class=\\\"h3 caps\\\">starbucks<br>microsoft<br>amazon<\\/p>\\r\\n\\r\\n\\r\\n\\r\\n\\r\\n\\r\\n\\r\\n\\r\\n\\r\\n\\r\\n\\r\\n\\r\\n\\r\\n\\r\\n\\r\\n\\r\\n\\r\\n\\r\\n\\r\\n\\r\\n\\r\\n\\r\\n\\r\\n\\r\\n\\r\\n\\r\\n\\r\\n\\r\\n\\r\\n\\r\\n\\r\\n\\r\\n\\r\\n\\r\\n\\r\\n\\r\\n\\r\\n\\r\\n\\r\\n\\r\\n\\r\\n\\r\\n\\r\\n\\r\\n\\r\\n\\r\\n\\r\\n\\r\\n\\r\\n\\r\\n\\r\\n\\r\\n\\r\\n\\r\\n\\r\\n\\r\\n\\r\\n\\r\\n<p><span class=\\\"gray\\\">Industry<\\/span><\\/p>\\r\\n\\r\\n\\r\\n\\r\\n\\r\\n\\r\\n\\r\\n\\r\\n\\r\\n\\r\\n\\r\\n\\r\\n\\r\\n\\r\\n\\r\\n\\r\\n\\r\\n\\r\\n\\r\\n\\r\\n\\r\\n\\r\\n\\r\\n\\r\\n\\r\\n\\r\\n\\r\\n\\r\\n\\r\\n\\r\\n\\r\\n\\r\\n\\r\\n\\r\\n\\r\\n\\r\\n\\r\\n\\r\\n\\r\\n\\r\\n\\r\\n\\r\\n\\r\\n\\r\\n\\r\\n\\r\\n\\r\\n\\r\\n\\r\\n\\r\\n\\r\\n\\r\\n\\r\\n\\r\\n\\r\\n\\r\\n\\r\\n\\r\\n<p class=\\\"h3 caps\\\">teague<br>nike<br>starbucks<br>microsoft<br>amazon<br>aiga<br>nordstrom<br>teague<br>nike<\\/p>\\r\\n\\r\\n\\r\\n\\r\\n\\r\\n\\r\\n\\r\\n\\r\\n\\r\\n\\r\\n\\r\\n\\r\\n\\r\\n\\r\\n\\r\\n\\r\\n\\r\\n\\r\\n\\r\\n\\r\\n\\r\\n\\r\\n\\r\\n\\r\\n\\r\\n\\r\\n\\r\\n\\r\\n\\r\\n\\r\\n\\r\\n\\r\\n\\r\\n\\r\\n\\r\\n\\r\\n\\r\\n\\r\\n\\r\\n\\r\\n\\r\\n\\r\\n\\r\\n\\r\\n\\r\\n\\r\\n\\r\\n\\r\\n\\r\\n\\r\\n\\r\\n\\r\\n\\r\\n\\r\\n\\r\\n\\r\\n\\r\\n\\r\\n<p><span class=\\\"gray\\\"><br><\\/span><\\/p>\\r\\n\\r\\n\\r\\n\\r\\n\\r\\n\\r\\n\\r\\n\\r\\n\\r\\n\\r\\n\\r\\n\\r\\n\\r\\n\\r\\n\\r\\n\\r\\n\\r\\n\\r\\n\\r\\n\\r\\n\\r\\n\\r\\n\\r\\n\\r\\n\\r\\n\\r\\n\\r\\n\\r\\n\\r\\n\\r\\n\\r\\n\\r\\n\\r\\n\\r\\n\\r\\n\\r\\n\\r\\n\\r\\n\\r\\n\\r\\n\\r\\n\\r\\n\\r\\n\\r\\n\\r\\n\\r\\n\\r\\n\\r\\n\\r\\n\\r\\n\\r\\n\\r\\n\\r\\n\\r\\n\\r\\n\\r\\n<p><span class=\\\"gray\\\">Industry<\\/span><\\/p>\\r\\n\\r\\n\\r\\n\\r\\n\\r\\n\\r\\n\\r\\n\\r\\n\\r\\n\\r\\n\\r\\n\\r\\n\\r\\n\\r\\n\\r\\n\\r\\n\\r\\n\\r\\n\\r\\n\\r\\n\\r\\n\\r\\n\\r\\n\\r\\n\\r\\n\\r\\n\\r\\n\\r\\n\\r\\n\\r\\n\\r\\n\\r\\n\\r\\n\\r\\n\\r\\n\\r\\n\\r\\n\\r\\n\\r\\n\\r\\n\\r\\n\\r\\n\\r\\n\\r\\n\\r\\n\\r\\n\\r\\n\\r\\n\\r\\n\\r\\n\\r\\n\\r\\n\\r\\n\\r\\n\\r\\n\\r\\n\\r\\n\\r\\n<p class=\\\"h3 caps\\\">starbucks<br>microsoft<\\/p>\",\"verticalSpacingLevel\":\"vertical-spacing-1\"}}},\"47\":\"<p>08\\/2016 &mdash; IdN Magazine v23n2<\\/p>\\r\\n\\r\\n<p>06\\/2016 &mdash; Communication Arts Design Annual 2016<\\/p>\\r\\n\\r\\n\\r\\n\\r\\n\\r\\n\\r\\n\\r\\n\\r\\n\\r\\n\\r\\n\\r\\n\\r\\n\\r\\n\\r\\n\\r\\n\\r\\n\\r\\n\\r\\n\\r\\n\\r\\n\\r\\n\\r\\n\\r\\n\\r\\n\\r\\n\\r\\n\\r\\n\\r\\n\\r\\n\\r\\n\\r\\n\\r\\n\\r\\n\\r\\n\\r\\n\\r\\n\\r\\n\\r\\n\\r\\n\\r\\n\\r\\n\\r\\n\\r\\n\\r\\n\\r\\n\\r\\n\\r\\n\\r\\n\\r\\n\\r\\n\\r\\n\\r\\n<p>05\\/2016 &mdash; PRINT Magazine Regional Design Annual 2016<\\/p>\\r\\n\\r\\n\\r\\n\\r\\n\\r\\n\\r\\n\\r\\n\\r\\n\\r\\n\\r\\n\\r\\n\\r\\n\\r\\n\\r\\n\\r\\n\\r\\n\\r\\n\\r\\n\\r\\n\\r\\n\\r\\n\\r\\n\\r\\n\\r\\n\\r\\n\\r\\n\\r\\n\\r\\n\\r\\n\\r\\n\\r\\n\\r\\n\\r\\n\\r\\n\\r\\n\\r\\n\\r\\n\\r\\n\\r\\n\\r\\n\\r\\n\\r\\n\\r\\n\\r\\n\\r\\n\\r\\n\\r\\n\\r\\n\\r\\n\\r\\n\\r\\n\\r\\n<p>03\\/2016 &mdash; Communication Arts Design Annual 2015<\\/p>\\r\\n\\r\\n\\r\\n\\r\\n\\r\\n\\r\\n\\r\\n\\r\\n\\r\\n\\r\\n\\r\\n\\r\\n\\r\\n\\r\\n\\r\\n\\r\\n\\r\\n\\r\\n\\r\\n\\r\\n\\r\\n\\r\\n\\r\\n\\r\\n\\r\\n\\r\\n\\r\\n\\r\\n\\r\\n\\r\\n\\r\\n\\r\\n\\r\\n\\r\\n\\r\\n\\r\\n\\r\\n\\r\\n\\r\\n\\r\\n\\r\\n\\r\\n\\r\\n\\r\\n\\r\\n\\r\\n\\r\\n\\r\\n\\r\\n\\r\\n\\r\\n\\r\\n<p>02\\/2016 &mdash; IdN Magazine v23n2<\\/p>\\r\\n\\r\\n\\r\\n\\r\\n\\r\\n\\r\\n\\r\\n\\r\\n\\r\\n\\r\\n\\r\\n\\r\\n\\r\\n\\r\\n\\r\\n\\r\\n\\r\\n\\r\\n\\r\\n\\r\\n\\r\\n\\r\\n\\r\\n\\r\\n\\r\\n\\r\\n\\r\\n\\r\\n\\r\\n\\r\\n\\r\\n\\r\\n\\r\\n\\r\\n\\r\\n\\r\\n\\r\\n\\r\\n\\r\\n\\r\\n\\r\\n\\r\\n\\r\\n\\r\\n\\r\\n\\r\\n\\r\\n\\r\\n\\r\\n\\r\\n\\r\\n\\r\\n<p>12\\/2015 &mdash; Communication Arts Design Annual 2016<\\/p>\\r\\n\\r\\n\\r\\n\\r\\n\\r\\n\\r\\n\\r\\n\\r\\n\\r\\n\\r\\n\\r\\n\\r\\n\\r\\n\\r\\n\\r\\n\\r\\n\\r\\n\\r\\n\\r\\n\\r\\n\\r\\n\\r\\n\\r\\n\\r\\n\\r\\n\\r\\n\\r\\n\\r\\n\\r\\n\\r\\n\\r\\n\\r\\n\\r\\n\\r\\n\\r\\n\\r\\n\\r\\n\\r\\n\\r\\n\\r\\n\\r\\n\\r\\n\\r\\n\\r\\n\\r\\n\\r\\n\\r\\n\\r\\n\\r\\n\\r\\n\\r\\n\\r\\n<p>10\\/2015 &mdash; PRINT Magazine Regional Design Annual 2016<\\/p>\\r\\n\\r\\n\\r\\n\\r\\n\\r\\n\\r\\n\\r\\n\\r\\n\\r\\n\\r\\n\\r\\n\\r\\n\\r\\n\\r\\n\\r\\n\\r\\n\\r\\n\\r\\n\\r\\n\\r\\n\\r\\n\\r\\n\\r\\n\\r\\n\\r\\n\\r\\n\\r\\n\\r\\n\\r\\n\\r\\n\\r\\n\\r\\n\\r\\n\\r\\n\\r\\n\\r\\n\\r\\n\\r\\n\\r\\n\\r\\n\\r\\n\\r\\n\\r\\n\\r\\n\\r\\n\\r\\n\\r\\n\\r\\n\\r\\n\\r\\n\\r\\n\\r\\n<p>10\\/2015 &mdash; Communication Arts Design Annual 2015<\\/p>\\r\\n\\r\\n\\r\\n\\r\\n\\r\\n\\r\\n\\r\\n\\r\\n\\r\\n\\r\\n\\r\\n\\r\\n\\r\\n\\r\\n\\r\\n\\r\\n\\r\\n\\r\\n\\r\\n\\r\\n\\r\\n\\r\\n\\r\\n\\r\\n\\r\\n\\r\\n\\r\\n\\r\\n\\r\\n\\r\\n\\r\\n\\r\\n\\r\\n\\r\\n\\r\\n\\r\\n\\r\\n\\r\\n\\r\\n\\r\\n\\r\\n\\r\\n\\r\\n\\r\\n\\r\\n\\r\\n\\r\\n\\r\\n\\r\\n\\r\\n\\r\\n\\r\\n<p>06\\/2015 &mdash; PRINT Magazine Regional Design Annual 2016<\\/p>\\r\\n\\r\\n\\r\\n\\r\\n\\r\\n\\r\\n\\r\\n\\r\\n\\r\\n\\r\\n\\r\\n\\r\\n\\r\\n\\r\\n\\r\\n\\r\\n\\r\\n\\r\\n\\r\\n\\r\\n\\r\\n\\r\\n\\r\\n\\r\\n\\r\\n\\r\\n\\r\\n\\r\\n\\r\\n\\r\\n\\r\\n\\r\\n\\r\\n\\r\\n\\r\\n\\r\\n\\r\\n\\r\\n\\r\\n\\r\\n\\r\\n\\r\\n\\r\\n\\r\\n\\r\\n\\r\\n\\r\\n\\r\\n\\r\\n\\r\\n\\r\\n\\r\\n<p>02\\/2015 &mdash; Communication Arts Design Annual 2015<\\/p>\",\"44\":\"MEET\\r\\nOUR\\r\\nTALENTED\\r\\nTEAM\"}}', '2016-11-21 20:38:47', '2016-11-21 20:38:47', 'aba32e51-7a67-49e0-8d94-59bfe51c9c40'),
 ('243', '101', '10', '1', 'en_us', '31', '', '{\"typeId\":\"11\",\"authorId\":null,\"title\":\"Studio\",\"slug\":\"studio\",\"postDate\":1478129954,\"expiryDate\":null,\"enabled\":1,\"parentId\":null,\"fields\":{\"48\":{\"102\":{\"type\":\"1\",\"fields\":{\"backgroundImage\":[\"97\"],\"backgroundColor\":\"#000000\",\"linkUrl\":\"\\/contact\",\"header\":\"Drop \\r\\nus \\r\\na \\r\\nline\",\"subtext\":\"Contact Us\",\"fontColor\":\"#efefef\"}}},\"45\":\"<p class=\\\"large\\\"><br><\\/p>\",\"46\":\"<p class=\\\"large\\\">Born in 2004<\\/p><p>We are a full-service creative agency with offices in Seattle and Portland. A dedicated team of designers, strategists, developers and account specialists, we create highly-crafted brand experiences that clarify purpose, encourage action, and inspire brand loyalty. We\\u2019d love to get to know you and help tell your story.&nbsp;<\\/p>\",\"10\":{\"103\":{\"type\":\"carousel\",\"enabled\":\"1\",\"fields\":{\"images\":[\"159\",\"158\",\"160\"],\"verticalSpacingLevel\":\"vertical-spacing-2\"}},\"104\":{\"type\":\"twoColumnContent\",\"enabled\":\"1\",\"fields\":{\"backgroundColor\":\"#000000\",\"leftColumn\":\"<p class=\\\"h3 med\\\"><span class=\\\"white\\\">STYLE<br>IS A<br>SIMPLE<br>WAY<br>OF<br>SAYING<br>COMPLEX<br>THINGS<br><\\/span><span class=\\\"blue\\\">&mdash;JEAN<br>COCTEAU<\\/span><\\/p>\",\"rightColumn\":\"<p class=\\\"large\\\"><span class=\\\"white\\\"><span><\\/span>Style is Not a&nbsp;4-letter Word<span><\\/span><\\/span><\\/p>\\r\\n\\r\\n<p class=\\\"large\\\"><span class=\\\"white\\\"><span><\\/span>In our experience, the brands that are the most magnetic are those which project distinct, memorable and charismatic personalities. These brands place equal emphasis on what they say and how they say it. Some design purists might say that style is merely artificial decoration that should be avoided in favor of logic&mdash;\\u201cform follows function\\u201d and all that. Don\\u2019t get us wrong, we\\u2019re not proponents of style for its own sake, or as ornament applied after an idea has already been defined. Rather, we employ style as an integral and strategic component of our brand-development process. At its best, style can be that magical something about a company or product that pulls people in and transcends the logical. So, to us, style is not a 4-letter word. On the contrary, we embrace it, harnessing its power to cut through the clutter.&nbsp;<\\/span><\\/p>\\r\\n\\r\\n\\r\\n\\r\\n\\r\\n\\r\\n\\r\\n\\r\\n\\r\\n\\r\\n\\r\\n\\r\\n\\r\\n\\r\\n\\r\\n\\r\\n<p class=\\\"large\\\"><span class=\\\"white\\\">And besides, \\u201cstyle\\u201d has five letters.<\\/span><\\/p>\",\"verticalSpacingLevel\":\"vertical-spacing-2\"}},\"106\":{\"type\":\"twoColumnContent\",\"enabled\":\"1\",\"fields\":{\"backgroundColor\":\"#000000\",\"leftColumn\":\"<p class=\\\"large\\\"><span class=\\\"white\\\">We Do<\\/span><\\/p>\",\"rightColumn\":\"<p class=\\\"h2 caps white\\\"><a href=\\\"http:\\/\\/turnstyle.studio\\/strategy\\\">Strategy<\\/a><br><a href=\\\"http:\\/\\/turnstyle.studio\\/identity#entry:56:url\\\">Identity<\\/a><br>Digital<br>Print<br>Packaging<br>Environment<\\/p>\",\"verticalSpacingLevel\":\"vertical-spacing-2\"}},\"107\":{\"type\":\"twoColumnContent\",\"enabled\":\"1\",\"fields\":{\"backgroundColor\":\"#ffffff\",\"leftColumn\":\"<p class=\\\"h3 caps\\\">our<br>clients<br>&<br>industries<\\/p>\\r\\n\\r\\n<p class=\\\"h3 caps\\\"><\\/p>\",\"rightColumn\":\"\",\"verticalSpacingLevel\":\"vertical-spacing-1\"}},\"108\":{\"type\":\"twoColumnContent\",\"enabled\":\"1\",\"fields\":{\"backgroundColor\":\"#ffffff\",\"leftColumn\":\"<p><span class=\\\"gray\\\">Industry<\\/span><\\/p>\\r\\n\\r\\n<p class=\\\"h3 caps\\\">teague<br>nike<br>starbucks<br>microsoft<br>amazon<br>aiga<br>nordstrom<br>teague<br>nike<\\/p>\\r\\n\\r\\n\\r\\n\\r\\n\\r\\n\\r\\n\\r\\n\\r\\n\\r\\n\\r\\n\\r\\n\\r\\n\\r\\n\\r\\n\\r\\n\\r\\n\\r\\n\\r\\n\\r\\n\\r\\n\\r\\n\\r\\n\\r\\n\\r\\n\\r\\n\\r\\n\\r\\n\\r\\n\\r\\n\\r\\n\\r\\n\\r\\n\\r\\n\\r\\n\\r\\n\\r\\n\\r\\n\\r\\n\\r\\n\\r\\n\\r\\n\\r\\n\\r\\n\\r\\n\\r\\n\\r\\n\\r\\n\\r\\n\\r\\n\\r\\n\\r\\n\\r\\n\\r\\n\\r\\n\\r\\n\\r\\n\\r\\n\\r\\n\\r\\n\\r\\n<p><span class=\\\"gray\\\">Industry<\\/span><\\/p>\\r\\n\\r\\n\\r\\n\\r\\n\\r\\n\\r\\n\\r\\n\\r\\n\\r\\n\\r\\n\\r\\n\\r\\n\\r\\n\\r\\n\\r\\n\\r\\n\\r\\n\\r\\n\\r\\n\\r\\n\\r\\n\\r\\n\\r\\n\\r\\n\\r\\n\\r\\n\\r\\n\\r\\n\\r\\n\\r\\n\\r\\n\\r\\n\\r\\n\\r\\n\\r\\n\\r\\n\\r\\n\\r\\n\\r\\n\\r\\n\\r\\n\\r\\n\\r\\n\\r\\n\\r\\n\\r\\n\\r\\n\\r\\n\\r\\n\\r\\n\\r\\n\\r\\n\\r\\n\\r\\n\\r\\n\\r\\n\\r\\n\\r\\n\\r\\n\\r\\n<p class=\\\"h3 caps\\\">starbucks<br>microsoft<br>amazon<\\/p>\\r\\n\\r\\n\\r\\n\\r\\n\\r\\n\\r\\n\\r\\n\\r\\n\\r\\n\\r\\n\\r\\n\\r\\n\\r\\n\\r\\n\\r\\n\\r\\n\\r\\n\\r\\n\\r\\n\\r\\n\\r\\n\\r\\n\\r\\n\\r\\n\\r\\n\\r\\n\\r\\n\\r\\n\\r\\n\\r\\n\\r\\n\\r\\n\\r\\n\\r\\n\\r\\n\\r\\n\\r\\n\\r\\n\\r\\n\\r\\n\\r\\n\\r\\n\\r\\n\\r\\n\\r\\n\\r\\n\\r\\n\\r\\n\\r\\n\\r\\n\\r\\n\\r\\n\\r\\n\\r\\n\\r\\n\\r\\n\\r\\n\\r\\n\\r\\n\\r\\n<p><span class=\\\"gray\\\">Industry<\\/span><\\/p>\\r\\n\\r\\n\\r\\n\\r\\n\\r\\n\\r\\n\\r\\n\\r\\n\\r\\n\\r\\n\\r\\n\\r\\n\\r\\n\\r\\n\\r\\n\\r\\n\\r\\n\\r\\n\\r\\n\\r\\n\\r\\n\\r\\n\\r\\n\\r\\n\\r\\n\\r\\n\\r\\n\\r\\n\\r\\n\\r\\n\\r\\n\\r\\n\\r\\n\\r\\n\\r\\n\\r\\n\\r\\n\\r\\n\\r\\n\\r\\n\\r\\n\\r\\n\\r\\n\\r\\n\\r\\n\\r\\n\\r\\n\\r\\n\\r\\n\\r\\n\\r\\n\\r\\n\\r\\n\\r\\n\\r\\n\\r\\n\\r\\n\\r\\n\\r\\n\\r\\n<p class=\\\"h3 caps\\\">starbucks<br>microsoft<\\/p>\",\"rightColumn\":\"<p>Industry<br><\\/p>\\r\\n\\r\\n<p class=\\\"h3 caps\\\">starbucks<br>microsoft<br>amazon<\\/p>\\r\\n\\r\\n\\r\\n\\r\\n\\r\\n\\r\\n\\r\\n\\r\\n\\r\\n\\r\\n\\r\\n\\r\\n\\r\\n\\r\\n\\r\\n\\r\\n\\r\\n\\r\\n\\r\\n\\r\\n\\r\\n\\r\\n\\r\\n\\r\\n\\r\\n\\r\\n\\r\\n\\r\\n\\r\\n\\r\\n\\r\\n\\r\\n\\r\\n\\r\\n\\r\\n\\r\\n\\r\\n\\r\\n\\r\\n\\r\\n\\r\\n\\r\\n\\r\\n\\r\\n\\r\\n\\r\\n\\r\\n\\r\\n\\r\\n\\r\\n\\r\\n\\r\\n\\r\\n\\r\\n\\r\\n\\r\\n\\r\\n\\r\\n\\r\\n\\r\\n<p><span class=\\\"gray\\\">Industry<\\/span><\\/p>\\r\\n\\r\\n\\r\\n\\r\\n\\r\\n\\r\\n\\r\\n\\r\\n\\r\\n\\r\\n\\r\\n\\r\\n\\r\\n\\r\\n\\r\\n\\r\\n\\r\\n\\r\\n\\r\\n\\r\\n\\r\\n\\r\\n\\r\\n\\r\\n\\r\\n\\r\\n\\r\\n\\r\\n\\r\\n\\r\\n\\r\\n\\r\\n\\r\\n\\r\\n\\r\\n\\r\\n\\r\\n\\r\\n\\r\\n\\r\\n\\r\\n\\r\\n\\r\\n\\r\\n\\r\\n\\r\\n\\r\\n\\r\\n\\r\\n\\r\\n\\r\\n\\r\\n\\r\\n\\r\\n\\r\\n\\r\\n\\r\\n\\r\\n\\r\\n\\r\\n<p class=\\\"h3 caps\\\">teague<br>nike<br>starbucks<br>microsoft<br>amazon<br>aiga<br>nordstrom<br>teague<br>nike<\\/p>\\r\\n\\r\\n\\r\\n\\r\\n\\r\\n\\r\\n\\r\\n\\r\\n\\r\\n\\r\\n\\r\\n\\r\\n\\r\\n\\r\\n\\r\\n\\r\\n\\r\\n\\r\\n\\r\\n\\r\\n\\r\\n\\r\\n\\r\\n\\r\\n\\r\\n\\r\\n\\r\\n\\r\\n\\r\\n\\r\\n\\r\\n\\r\\n\\r\\n\\r\\n\\r\\n\\r\\n\\r\\n\\r\\n\\r\\n\\r\\n\\r\\n\\r\\n\\r\\n\\r\\n\\r\\n\\r\\n\\r\\n\\r\\n\\r\\n\\r\\n\\r\\n\\r\\n\\r\\n\\r\\n\\r\\n\\r\\n\\r\\n\\r\\n\\r\\n\\r\\n<p><span class=\\\"gray\\\"><br><\\/span><\\/p>\\r\\n\\r\\n\\r\\n\\r\\n\\r\\n\\r\\n\\r\\n\\r\\n\\r\\n\\r\\n\\r\\n\\r\\n\\r\\n\\r\\n\\r\\n\\r\\n\\r\\n\\r\\n\\r\\n\\r\\n\\r\\n\\r\\n\\r\\n\\r\\n\\r\\n\\r\\n\\r\\n\\r\\n\\r\\n\\r\\n\\r\\n\\r\\n\\r\\n\\r\\n\\r\\n\\r\\n\\r\\n\\r\\n\\r\\n\\r\\n\\r\\n\\r\\n\\r\\n\\r\\n\\r\\n\\r\\n\\r\\n\\r\\n\\r\\n\\r\\n\\r\\n\\r\\n\\r\\n\\r\\n\\r\\n\\r\\n\\r\\n\\r\\n<p><span class=\\\"gray\\\">Industry<\\/span><\\/p>\\r\\n\\r\\n\\r\\n\\r\\n\\r\\n\\r\\n\\r\\n\\r\\n\\r\\n\\r\\n\\r\\n\\r\\n\\r\\n\\r\\n\\r\\n\\r\\n\\r\\n\\r\\n\\r\\n\\r\\n\\r\\n\\r\\n\\r\\n\\r\\n\\r\\n\\r\\n\\r\\n\\r\\n\\r\\n\\r\\n\\r\\n\\r\\n\\r\\n\\r\\n\\r\\n\\r\\n\\r\\n\\r\\n\\r\\n\\r\\n\\r\\n\\r\\n\\r\\n\\r\\n\\r\\n\\r\\n\\r\\n\\r\\n\\r\\n\\r\\n\\r\\n\\r\\n\\r\\n\\r\\n\\r\\n\\r\\n\\r\\n\\r\\n\\r\\n\\r\\n<p class=\\\"h3 caps\\\">starbucks<br>microsoft<\\/p>\",\"verticalSpacingLevel\":\"vertical-spacing-1\"}}},\"47\":\"<p>08\\/2016 &mdash; IdN Magazine v23n2<\\/p>\\r\\n\\r\\n<p>06\\/2016 &mdash; Communication Arts Design Annual 2016<\\/p>\\r\\n\\r\\n\\r\\n\\r\\n\\r\\n\\r\\n\\r\\n\\r\\n\\r\\n\\r\\n\\r\\n\\r\\n\\r\\n\\r\\n\\r\\n\\r\\n\\r\\n\\r\\n\\r\\n\\r\\n\\r\\n\\r\\n\\r\\n\\r\\n\\r\\n\\r\\n\\r\\n\\r\\n\\r\\n\\r\\n\\r\\n\\r\\n\\r\\n\\r\\n\\r\\n\\r\\n\\r\\n\\r\\n\\r\\n\\r\\n\\r\\n\\r\\n\\r\\n\\r\\n\\r\\n\\r\\n\\r\\n\\r\\n\\r\\n\\r\\n\\r\\n\\r\\n\\r\\n\\r\\n<p>05\\/2016 &mdash; PRINT Magazine Regional Design Annual 2016<\\/p>\\r\\n\\r\\n\\r\\n\\r\\n\\r\\n\\r\\n\\r\\n\\r\\n\\r\\n\\r\\n\\r\\n\\r\\n\\r\\n\\r\\n\\r\\n\\r\\n\\r\\n\\r\\n\\r\\n\\r\\n\\r\\n\\r\\n\\r\\n\\r\\n\\r\\n\\r\\n\\r\\n\\r\\n\\r\\n\\r\\n\\r\\n\\r\\n\\r\\n\\r\\n\\r\\n\\r\\n\\r\\n\\r\\n\\r\\n\\r\\n\\r\\n\\r\\n\\r\\n\\r\\n\\r\\n\\r\\n\\r\\n\\r\\n\\r\\n\\r\\n\\r\\n\\r\\n\\r\\n\\r\\n<p>03\\/2016 &mdash; Communication Arts Design Annual 2015<\\/p>\\r\\n\\r\\n\\r\\n\\r\\n\\r\\n\\r\\n\\r\\n\\r\\n\\r\\n\\r\\n\\r\\n\\r\\n\\r\\n\\r\\n\\r\\n\\r\\n\\r\\n\\r\\n\\r\\n\\r\\n\\r\\n\\r\\n\\r\\n\\r\\n\\r\\n\\r\\n\\r\\n\\r\\n\\r\\n\\r\\n\\r\\n\\r\\n\\r\\n\\r\\n\\r\\n\\r\\n\\r\\n\\r\\n\\r\\n\\r\\n\\r\\n\\r\\n\\r\\n\\r\\n\\r\\n\\r\\n\\r\\n\\r\\n\\r\\n\\r\\n\\r\\n\\r\\n\\r\\n\\r\\n<p>02\\/2016 &mdash; IdN Magazine v23n2<\\/p>\\r\\n\\r\\n\\r\\n\\r\\n\\r\\n\\r\\n\\r\\n\\r\\n\\r\\n\\r\\n\\r\\n\\r\\n\\r\\n\\r\\n\\r\\n\\r\\n\\r\\n\\r\\n\\r\\n\\r\\n\\r\\n\\r\\n\\r\\n\\r\\n\\r\\n\\r\\n\\r\\n\\r\\n\\r\\n\\r\\n\\r\\n\\r\\n\\r\\n\\r\\n\\r\\n\\r\\n\\r\\n\\r\\n\\r\\n\\r\\n\\r\\n\\r\\n\\r\\n\\r\\n\\r\\n\\r\\n\\r\\n\\r\\n\\r\\n\\r\\n\\r\\n\\r\\n\\r\\n\\r\\n<p>12\\/2015 &mdash; Communication Arts Design Annual 2016<\\/p>\\r\\n\\r\\n\\r\\n\\r\\n\\r\\n\\r\\n\\r\\n\\r\\n\\r\\n\\r\\n\\r\\n\\r\\n\\r\\n\\r\\n\\r\\n\\r\\n\\r\\n\\r\\n\\r\\n\\r\\n\\r\\n\\r\\n\\r\\n\\r\\n\\r\\n\\r\\n\\r\\n\\r\\n\\r\\n\\r\\n\\r\\n\\r\\n\\r\\n\\r\\n\\r\\n\\r\\n\\r\\n\\r\\n\\r\\n\\r\\n\\r\\n\\r\\n\\r\\n\\r\\n\\r\\n\\r\\n\\r\\n\\r\\n\\r\\n\\r\\n\\r\\n\\r\\n\\r\\n\\r\\n<p>10\\/2015 &mdash; PRINT Magazine Regional Design Annual 2016<\\/p>\\r\\n\\r\\n\\r\\n\\r\\n\\r\\n\\r\\n\\r\\n\\r\\n\\r\\n\\r\\n\\r\\n\\r\\n\\r\\n\\r\\n\\r\\n\\r\\n\\r\\n\\r\\n\\r\\n\\r\\n\\r\\n\\r\\n\\r\\n\\r\\n\\r\\n\\r\\n\\r\\n\\r\\n\\r\\n\\r\\n\\r\\n\\r\\n\\r\\n\\r\\n\\r\\n\\r\\n\\r\\n\\r\\n\\r\\n\\r\\n\\r\\n\\r\\n\\r\\n\\r\\n\\r\\n\\r\\n\\r\\n\\r\\n\\r\\n\\r\\n\\r\\n\\r\\n\\r\\n\\r\\n<p>10\\/2015 &mdash; Communication Arts Design Annual 2015<\\/p>\\r\\n\\r\\n\\r\\n\\r\\n\\r\\n\\r\\n\\r\\n\\r\\n\\r\\n\\r\\n\\r\\n\\r\\n\\r\\n\\r\\n\\r\\n\\r\\n\\r\\n\\r\\n\\r\\n\\r\\n\\r\\n\\r\\n\\r\\n\\r\\n\\r\\n\\r\\n\\r\\n\\r\\n\\r\\n\\r\\n\\r\\n\\r\\n\\r\\n\\r\\n\\r\\n\\r\\n\\r\\n\\r\\n\\r\\n\\r\\n\\r\\n\\r\\n\\r\\n\\r\\n\\r\\n\\r\\n\\r\\n\\r\\n\\r\\n\\r\\n\\r\\n\\r\\n\\r\\n\\r\\n<p>06\\/2015 &mdash; PRINT Magazine Regional Design Annual 2016<\\/p>\\r\\n\\r\\n\\r\\n\\r\\n\\r\\n\\r\\n\\r\\n\\r\\n\\r\\n\\r\\n\\r\\n\\r\\n\\r\\n\\r\\n\\r\\n\\r\\n\\r\\n\\r\\n\\r\\n\\r\\n\\r\\n\\r\\n\\r\\n\\r\\n\\r\\n\\r\\n\\r\\n\\r\\n\\r\\n\\r\\n\\r\\n\\r\\n\\r\\n\\r\\n\\r\\n\\r\\n\\r\\n\\r\\n\\r\\n\\r\\n\\r\\n\\r\\n\\r\\n\\r\\n\\r\\n\\r\\n\\r\\n\\r\\n\\r\\n\\r\\n\\r\\n\\r\\n\\r\\n\\r\\n<p>02\\/2015 &mdash; Communication Arts Design Annual 2015<\\/p>\",\"44\":\"MEET\\r\\nOUR\\r\\nTALENTED\\r\\nTEAM\"}}', '2016-11-22 00:52:23', '2016-11-22 00:52:23', 'dff512a9-8cf2-462b-a935-63bcb53f3885'),
 ('244', '101', '10', '1', 'en_us', '32', '', '{\"typeId\":\"11\",\"authorId\":null,\"title\":\"Studio\",\"slug\":\"studio\",\"postDate\":1478129954,\"expiryDate\":null,\"enabled\":1,\"parentId\":null,\"fields\":{\"48\":{\"102\":{\"type\":\"1\",\"fields\":{\"backgroundImage\":[\"97\"],\"backgroundColor\":\"#000000\",\"linkUrl\":\"\\/contact\",\"header\":\"Drop \\r\\nus \\r\\na \\r\\nline\",\"subtext\":\"Contact Us\",\"fontColor\":\"#efefef\"}}},\"45\":\"<p class=\\\"large\\\"><br><\\/p>\",\"46\":\"<p class=\\\"large\\\">Born in 2004<\\/p>\\r\\n\\r\\n<p class=\\\"large\\\">We are a full-service creative agency with offices in Seattle and Portland. A dedicated team of designers, strategists, developers and account specialists, we create highly-crafted brand experiences that clarify purpose, encourage action, and inspire brand loyalty. We\\u2019d love to get to know you and help tell your story.&nbsp;<\\/p>\",\"10\":{\"103\":{\"type\":\"carousel\",\"enabled\":\"1\",\"fields\":{\"images\":[\"159\",\"158\",\"160\"],\"verticalSpacingLevel\":\"vertical-spacing-2\"}},\"104\":{\"type\":\"twoColumnContent\",\"enabled\":\"1\",\"fields\":{\"backgroundColor\":\"#000000\",\"leftColumn\":\"<p class=\\\"h3 med\\\"><span class=\\\"white\\\">STYLE<br>IS A<br>SIMPLE<br>WAY<br>OF<br>SAYING<br>COMPLEX<br>THINGS<br><\\/span><span class=\\\"blue\\\">&mdash;JEAN<br>COCTEAU<\\/span><\\/p>\",\"rightColumn\":\"<p class=\\\"large\\\"><span class=\\\"white\\\"><span><\\/span>Style is Not a&nbsp;4-letter Word<span><\\/span><\\/span><\\/p>\\r\\n\\r\\n<p class=\\\"large\\\"><span class=\\\"white\\\"><span><\\/span>In our experience, the brands that are the most magnetic are those which project distinct, memorable and charismatic personalities. These brands place equal emphasis on what they say and how they say it. Some design purists might say that style is merely artificial decoration that should be avoided in favor of logic&mdash;\\u201cform follows function\\u201d and all that. Don\\u2019t get us wrong, we\\u2019re not proponents of style for its own sake, or as ornament applied after an idea has already been defined. Rather, we employ style as an integral and strategic component of our brand-development process. At its best, style can be that magical something about a company or product that pulls people in and transcends the logical. So, to us, style is not a 4-letter word. On the contrary, we embrace it, harnessing its power to cut through the clutter.&nbsp;<\\/span><\\/p>\\r\\n\\r\\n\\r\\n\\r\\n\\r\\n\\r\\n\\r\\n\\r\\n\\r\\n\\r\\n\\r\\n\\r\\n\\r\\n\\r\\n\\r\\n\\r\\n\\r\\n\\r\\n<p class=\\\"large\\\"><span class=\\\"white\\\">And besides, \\u201cstyle\\u201d has five letters.<\\/span><\\/p>\",\"verticalSpacingLevel\":\"vertical-spacing-2\"}},\"106\":{\"type\":\"twoColumnContent\",\"enabled\":\"1\",\"fields\":{\"backgroundColor\":\"#000000\",\"leftColumn\":\"<p class=\\\"large\\\"><span class=\\\"white\\\">We Do<\\/span><\\/p>\",\"rightColumn\":\"<p class=\\\"h2 caps white\\\"><a href=\\\"http:\\/\\/turnstyle.studio\\/strategy\\\">Strategy<\\/a><br><a href=\\\"http:\\/\\/turnstyle.studio\\/identity#entry:56:url\\\">Identity<\\/a><br>Digital<br>Print<br>Packaging<br>Environment<\\/p>\",\"verticalSpacingLevel\":\"vertical-spacing-2\"}},\"107\":{\"type\":\"twoColumnContent\",\"enabled\":\"1\",\"fields\":{\"backgroundColor\":\"#ffffff\",\"leftColumn\":\"<p class=\\\"h3 caps\\\">our<br>clients<br>&<br>industries<\\/p>\\r\\n\\r\\n<p class=\\\"h3 caps\\\"><\\/p>\",\"rightColumn\":\"\",\"verticalSpacingLevel\":\"vertical-spacing-1\"}},\"108\":{\"type\":\"twoColumnContent\",\"enabled\":\"1\",\"fields\":{\"backgroundColor\":\"#ffffff\",\"leftColumn\":\"<p><span class=\\\"gray\\\">Industry<\\/span><\\/p>\\r\\n\\r\\n<p class=\\\"h3 caps\\\">teague<br>nike<br>starbucks<br>microsoft<br>amazon<br>aiga<br>nordstrom<br>teague<br>nike<\\/p>\\r\\n\\r\\n\\r\\n\\r\\n\\r\\n\\r\\n\\r\\n\\r\\n\\r\\n\\r\\n\\r\\n\\r\\n\\r\\n\\r\\n\\r\\n\\r\\n\\r\\n\\r\\n\\r\\n\\r\\n\\r\\n\\r\\n\\r\\n\\r\\n\\r\\n\\r\\n\\r\\n\\r\\n\\r\\n\\r\\n\\r\\n\\r\\n\\r\\n\\r\\n\\r\\n\\r\\n\\r\\n\\r\\n\\r\\n\\r\\n\\r\\n\\r\\n\\r\\n\\r\\n\\r\\n\\r\\n\\r\\n\\r\\n\\r\\n\\r\\n\\r\\n\\r\\n\\r\\n\\r\\n\\r\\n\\r\\n\\r\\n\\r\\n\\r\\n\\r\\n\\r\\n\\r\\n<p><span class=\\\"gray\\\">Industry<\\/span><\\/p>\\r\\n\\r\\n\\r\\n\\r\\n\\r\\n\\r\\n\\r\\n\\r\\n\\r\\n\\r\\n\\r\\n\\r\\n\\r\\n\\r\\n\\r\\n\\r\\n\\r\\n\\r\\n\\r\\n\\r\\n\\r\\n\\r\\n\\r\\n\\r\\n\\r\\n\\r\\n\\r\\n\\r\\n\\r\\n\\r\\n\\r\\n\\r\\n\\r\\n\\r\\n\\r\\n\\r\\n\\r\\n\\r\\n\\r\\n\\r\\n\\r\\n\\r\\n\\r\\n\\r\\n\\r\\n\\r\\n\\r\\n\\r\\n\\r\\n\\r\\n\\r\\n\\r\\n\\r\\n\\r\\n\\r\\n\\r\\n\\r\\n\\r\\n\\r\\n\\r\\n\\r\\n\\r\\n<p class=\\\"h3 caps\\\">starbucks<br>microsoft<br>amazon<\\/p>\\r\\n\\r\\n\\r\\n\\r\\n\\r\\n\\r\\n\\r\\n\\r\\n\\r\\n\\r\\n\\r\\n\\r\\n\\r\\n\\r\\n\\r\\n\\r\\n\\r\\n\\r\\n\\r\\n\\r\\n\\r\\n\\r\\n\\r\\n\\r\\n\\r\\n\\r\\n\\r\\n\\r\\n\\r\\n\\r\\n\\r\\n\\r\\n\\r\\n\\r\\n\\r\\n\\r\\n\\r\\n\\r\\n\\r\\n\\r\\n\\r\\n\\r\\n\\r\\n\\r\\n\\r\\n\\r\\n\\r\\n\\r\\n\\r\\n\\r\\n\\r\\n\\r\\n\\r\\n\\r\\n\\r\\n\\r\\n\\r\\n\\r\\n\\r\\n\\r\\n\\r\\n\\r\\n<p><span class=\\\"gray\\\">Industry<\\/span><\\/p>\\r\\n\\r\\n\\r\\n\\r\\n\\r\\n\\r\\n\\r\\n\\r\\n\\r\\n\\r\\n\\r\\n\\r\\n\\r\\n\\r\\n\\r\\n\\r\\n\\r\\n\\r\\n\\r\\n\\r\\n\\r\\n\\r\\n\\r\\n\\r\\n\\r\\n\\r\\n\\r\\n\\r\\n\\r\\n\\r\\n\\r\\n\\r\\n\\r\\n\\r\\n\\r\\n\\r\\n\\r\\n\\r\\n\\r\\n\\r\\n\\r\\n\\r\\n\\r\\n\\r\\n\\r\\n\\r\\n\\r\\n\\r\\n\\r\\n\\r\\n\\r\\n\\r\\n\\r\\n\\r\\n\\r\\n\\r\\n\\r\\n\\r\\n\\r\\n\\r\\n\\r\\n\\r\\n<p class=\\\"h3 caps\\\">starbucks<br>microsoft<\\/p>\",\"rightColumn\":\"<p>Industry<br><\\/p>\\r\\n\\r\\n<p class=\\\"h3 caps\\\">starbucks<br>microsoft<br>amazon<\\/p>\\r\\n\\r\\n\\r\\n\\r\\n\\r\\n\\r\\n\\r\\n\\r\\n\\r\\n\\r\\n\\r\\n\\r\\n\\r\\n\\r\\n\\r\\n\\r\\n\\r\\n\\r\\n\\r\\n\\r\\n\\r\\n\\r\\n\\r\\n\\r\\n\\r\\n\\r\\n\\r\\n\\r\\n\\r\\n\\r\\n\\r\\n\\r\\n\\r\\n\\r\\n\\r\\n\\r\\n\\r\\n\\r\\n\\r\\n\\r\\n\\r\\n\\r\\n\\r\\n\\r\\n\\r\\n\\r\\n\\r\\n\\r\\n\\r\\n\\r\\n\\r\\n\\r\\n\\r\\n\\r\\n\\r\\n\\r\\n\\r\\n\\r\\n\\r\\n\\r\\n\\r\\n\\r\\n<p><span class=\\\"gray\\\">Industry<\\/span><\\/p>\\r\\n\\r\\n\\r\\n\\r\\n\\r\\n\\r\\n\\r\\n\\r\\n\\r\\n\\r\\n\\r\\n\\r\\n\\r\\n\\r\\n\\r\\n\\r\\n\\r\\n\\r\\n\\r\\n\\r\\n\\r\\n\\r\\n\\r\\n\\r\\n\\r\\n\\r\\n\\r\\n\\r\\n\\r\\n\\r\\n\\r\\n\\r\\n\\r\\n\\r\\n\\r\\n\\r\\n\\r\\n\\r\\n\\r\\n\\r\\n\\r\\n\\r\\n\\r\\n\\r\\n\\r\\n\\r\\n\\r\\n\\r\\n\\r\\n\\r\\n\\r\\n\\r\\n\\r\\n\\r\\n\\r\\n\\r\\n\\r\\n\\r\\n\\r\\n\\r\\n\\r\\n\\r\\n<p class=\\\"h3 caps\\\">teague<br>nike<br>starbucks<br>microsoft<br>amazon<br>aiga<br>nordstrom<br>teague<br>nike<\\/p>\\r\\n\\r\\n\\r\\n\\r\\n\\r\\n\\r\\n\\r\\n\\r\\n\\r\\n\\r\\n\\r\\n\\r\\n\\r\\n\\r\\n\\r\\n\\r\\n\\r\\n\\r\\n\\r\\n\\r\\n\\r\\n\\r\\n\\r\\n\\r\\n\\r\\n\\r\\n\\r\\n\\r\\n\\r\\n\\r\\n\\r\\n\\r\\n\\r\\n\\r\\n\\r\\n\\r\\n\\r\\n\\r\\n\\r\\n\\r\\n\\r\\n\\r\\n\\r\\n\\r\\n\\r\\n\\r\\n\\r\\n\\r\\n\\r\\n\\r\\n\\r\\n\\r\\n\\r\\n\\r\\n\\r\\n\\r\\n\\r\\n\\r\\n\\r\\n\\r\\n\\r\\n\\r\\n<p><span class=\\\"gray\\\"><br><\\/span><\\/p>\\r\\n\\r\\n\\r\\n\\r\\n\\r\\n\\r\\n\\r\\n\\r\\n\\r\\n\\r\\n\\r\\n\\r\\n\\r\\n\\r\\n\\r\\n\\r\\n\\r\\n\\r\\n\\r\\n\\r\\n\\r\\n\\r\\n\\r\\n\\r\\n\\r\\n\\r\\n\\r\\n\\r\\n\\r\\n\\r\\n\\r\\n\\r\\n\\r\\n\\r\\n\\r\\n\\r\\n\\r\\n\\r\\n\\r\\n\\r\\n\\r\\n\\r\\n\\r\\n\\r\\n\\r\\n\\r\\n\\r\\n\\r\\n\\r\\n\\r\\n\\r\\n\\r\\n\\r\\n\\r\\n\\r\\n\\r\\n\\r\\n\\r\\n\\r\\n\\r\\n<p><span class=\\\"gray\\\">Industry<\\/span><\\/p>\\r\\n\\r\\n\\r\\n\\r\\n\\r\\n\\r\\n\\r\\n\\r\\n\\r\\n\\r\\n\\r\\n\\r\\n\\r\\n\\r\\n\\r\\n\\r\\n\\r\\n\\r\\n\\r\\n\\r\\n\\r\\n\\r\\n\\r\\n\\r\\n\\r\\n\\r\\n\\r\\n\\r\\n\\r\\n\\r\\n\\r\\n\\r\\n\\r\\n\\r\\n\\r\\n\\r\\n\\r\\n\\r\\n\\r\\n\\r\\n\\r\\n\\r\\n\\r\\n\\r\\n\\r\\n\\r\\n\\r\\n\\r\\n\\r\\n\\r\\n\\r\\n\\r\\n\\r\\n\\r\\n\\r\\n\\r\\n\\r\\n\\r\\n\\r\\n\\r\\n\\r\\n\\r\\n<p class=\\\"h3 caps\\\">starbucks<br>microsoft<\\/p>\",\"verticalSpacingLevel\":\"vertical-spacing-1\"}}},\"47\":\"<p>08\\/2016 &mdash; IdN Magazine v23n2<\\/p>\\r\\n\\r\\n<p>06\\/2016 &mdash; Communication Arts Design Annual 2016<\\/p>\\r\\n\\r\\n\\r\\n\\r\\n\\r\\n\\r\\n\\r\\n\\r\\n\\r\\n\\r\\n\\r\\n\\r\\n\\r\\n\\r\\n\\r\\n\\r\\n\\r\\n\\r\\n\\r\\n\\r\\n\\r\\n\\r\\n\\r\\n\\r\\n\\r\\n\\r\\n\\r\\n\\r\\n\\r\\n\\r\\n\\r\\n\\r\\n\\r\\n\\r\\n\\r\\n\\r\\n\\r\\n\\r\\n\\r\\n\\r\\n\\r\\n\\r\\n\\r\\n\\r\\n\\r\\n\\r\\n\\r\\n\\r\\n\\r\\n\\r\\n\\r\\n\\r\\n\\r\\n\\r\\n\\r\\n\\r\\n<p>05\\/2016 &mdash; PRINT Magazine Regional Design Annual 2016<\\/p>\\r\\n\\r\\n\\r\\n\\r\\n\\r\\n\\r\\n\\r\\n\\r\\n\\r\\n\\r\\n\\r\\n\\r\\n\\r\\n\\r\\n\\r\\n\\r\\n\\r\\n\\r\\n\\r\\n\\r\\n\\r\\n\\r\\n\\r\\n\\r\\n\\r\\n\\r\\n\\r\\n\\r\\n\\r\\n\\r\\n\\r\\n\\r\\n\\r\\n\\r\\n\\r\\n\\r\\n\\r\\n\\r\\n\\r\\n\\r\\n\\r\\n\\r\\n\\r\\n\\r\\n\\r\\n\\r\\n\\r\\n\\r\\n\\r\\n\\r\\n\\r\\n\\r\\n\\r\\n\\r\\n\\r\\n\\r\\n<p>03\\/2016 &mdash; Communication Arts Design Annual 2015<\\/p>\\r\\n\\r\\n\\r\\n\\r\\n\\r\\n\\r\\n\\r\\n\\r\\n\\r\\n\\r\\n\\r\\n\\r\\n\\r\\n\\r\\n\\r\\n\\r\\n\\r\\n\\r\\n\\r\\n\\r\\n\\r\\n\\r\\n\\r\\n\\r\\n\\r\\n\\r\\n\\r\\n\\r\\n\\r\\n\\r\\n\\r\\n\\r\\n\\r\\n\\r\\n\\r\\n\\r\\n\\r\\n\\r\\n\\r\\n\\r\\n\\r\\n\\r\\n\\r\\n\\r\\n\\r\\n\\r\\n\\r\\n\\r\\n\\r\\n\\r\\n\\r\\n\\r\\n\\r\\n\\r\\n\\r\\n\\r\\n<p>02\\/2016 &mdash; IdN Magazine v23n2<\\/p>\\r\\n\\r\\n\\r\\n\\r\\n\\r\\n\\r\\n\\r\\n\\r\\n\\r\\n\\r\\n\\r\\n\\r\\n\\r\\n\\r\\n\\r\\n\\r\\n\\r\\n\\r\\n\\r\\n\\r\\n\\r\\n\\r\\n\\r\\n\\r\\n\\r\\n\\r\\n\\r\\n\\r\\n\\r\\n\\r\\n\\r\\n\\r\\n\\r\\n\\r\\n\\r\\n\\r\\n\\r\\n\\r\\n\\r\\n\\r\\n\\r\\n\\r\\n\\r\\n\\r\\n\\r\\n\\r\\n\\r\\n\\r\\n\\r\\n\\r\\n\\r\\n\\r\\n\\r\\n\\r\\n\\r\\n\\r\\n<p>12\\/2015 &mdash; Communication Arts Design Annual 2016<\\/p>\\r\\n\\r\\n\\r\\n\\r\\n\\r\\n\\r\\n\\r\\n\\r\\n\\r\\n\\r\\n\\r\\n\\r\\n\\r\\n\\r\\n\\r\\n\\r\\n\\r\\n\\r\\n\\r\\n\\r\\n\\r\\n\\r\\n\\r\\n\\r\\n\\r\\n\\r\\n\\r\\n\\r\\n\\r\\n\\r\\n\\r\\n\\r\\n\\r\\n\\r\\n\\r\\n\\r\\n\\r\\n\\r\\n\\r\\n\\r\\n\\r\\n\\r\\n\\r\\n\\r\\n\\r\\n\\r\\n\\r\\n\\r\\n\\r\\n\\r\\n\\r\\n\\r\\n\\r\\n\\r\\n\\r\\n\\r\\n<p>10\\/2015 &mdash; PRINT Magazine Regional Design Annual 2016<\\/p>\\r\\n\\r\\n\\r\\n\\r\\n\\r\\n\\r\\n\\r\\n\\r\\n\\r\\n\\r\\n\\r\\n\\r\\n\\r\\n\\r\\n\\r\\n\\r\\n\\r\\n\\r\\n\\r\\n\\r\\n\\r\\n\\r\\n\\r\\n\\r\\n\\r\\n\\r\\n\\r\\n\\r\\n\\r\\n\\r\\n\\r\\n\\r\\n\\r\\n\\r\\n\\r\\n\\r\\n\\r\\n\\r\\n\\r\\n\\r\\n\\r\\n\\r\\n\\r\\n\\r\\n\\r\\n\\r\\n\\r\\n\\r\\n\\r\\n\\r\\n\\r\\n\\r\\n\\r\\n\\r\\n\\r\\n\\r\\n<p>10\\/2015 &mdash; Communication Arts Design Annual 2015<\\/p>\\r\\n\\r\\n\\r\\n\\r\\n\\r\\n\\r\\n\\r\\n\\r\\n\\r\\n\\r\\n\\r\\n\\r\\n\\r\\n\\r\\n\\r\\n\\r\\n\\r\\n\\r\\n\\r\\n\\r\\n\\r\\n\\r\\n\\r\\n\\r\\n\\r\\n\\r\\n\\r\\n\\r\\n\\r\\n\\r\\n\\r\\n\\r\\n\\r\\n\\r\\n\\r\\n\\r\\n\\r\\n\\r\\n\\r\\n\\r\\n\\r\\n\\r\\n\\r\\n\\r\\n\\r\\n\\r\\n\\r\\n\\r\\n\\r\\n\\r\\n\\r\\n\\r\\n\\r\\n\\r\\n\\r\\n\\r\\n<p>06\\/2015 &mdash; PRINT Magazine Regional Design Annual 2016<\\/p>\\r\\n\\r\\n\\r\\n\\r\\n\\r\\n\\r\\n\\r\\n\\r\\n\\r\\n\\r\\n\\r\\n\\r\\n\\r\\n\\r\\n\\r\\n\\r\\n\\r\\n\\r\\n\\r\\n\\r\\n\\r\\n\\r\\n\\r\\n\\r\\n\\r\\n\\r\\n\\r\\n\\r\\n\\r\\n\\r\\n\\r\\n\\r\\n\\r\\n\\r\\n\\r\\n\\r\\n\\r\\n\\r\\n\\r\\n\\r\\n\\r\\n\\r\\n\\r\\n\\r\\n\\r\\n\\r\\n\\r\\n\\r\\n\\r\\n\\r\\n\\r\\n\\r\\n\\r\\n\\r\\n\\r\\n\\r\\n<p>02\\/2015 &mdash; Communication Arts Design Annual 2015<\\/p>\",\"44\":\"MEET\\r\\nOUR\\r\\nTALENTED\\r\\nTEAM\"}}', '2016-11-22 00:53:05', '2016-11-22 00:53:05', '19c78c07-9b96-4949-b985-62f73d96d9ad'),
 ('245', '101', '10', '46', 'en_us', '33', '', '{\"typeId\":\"11\",\"authorId\":null,\"title\":\"Studio\",\"slug\":\"studio\",\"postDate\":1478129954,\"expiryDate\":null,\"enabled\":1,\"parentId\":null,\"fields\":{\"48\":{\"102\":{\"type\":\"1\",\"fields\":{\"backgroundImage\":[\"97\"],\"backgroundColor\":\"#000000\",\"linkUrl\":\"\\/contact\",\"header\":\"Drop \\r\\nus \\r\\na \\r\\nline\",\"subtext\":\"Contact Us\",\"fontColor\":\"#efefef\"}}},\"46\":\"<p class=\\\"large\\\">Born in 2004<\\/p>\\r\\n\\r\\n<p class=\\\"large\\\">We are a full-service creative agency with offices in Seattle and Portland. A dedicated team of designers, strategists, developers and account specialists, we create highly-crafted brand experiences that clarify purpose, encourage action, and inspire brand loyalty. We\\u2019d love to get to know you and help tell your story.&nbsp;<\\/p>\",\"10\":{\"103\":{\"type\":\"carousel\",\"enabled\":\"1\",\"fields\":{\"images\":[\"159\",\"158\",\"160\"],\"verticalSpacingLevel\":\"vertical-spacing-2\"}},\"104\":{\"type\":\"twoColumnContent\",\"enabled\":\"1\",\"fields\":{\"backgroundColor\":\"#000000\",\"leftColumn\":\"<p class=\\\"h3 med\\\"><span class=\\\"white\\\">STYLE<br>IS A<br>SIMPLE<br>WAY<br>OF<br>SAYING<br>COMPLEX<br>THINGS<br><\\/span><span class=\\\"blue\\\">&mdash;JEAN<br>COCTEAU<\\/span><\\/p>\",\"rightColumn\":\"<p class=\\\"large\\\"><span class=\\\"white\\\"><span><\\/span>Style is Not a&nbsp;4-letter Word<span><\\/span><\\/span><\\/p>\\r\\n\\r\\n<p class=\\\"large\\\"><span class=\\\"white\\\"><span><\\/span>In our experience, the brands that are the most magnetic are those which project distinct, memorable and charismatic personalities. These brands place equal emphasis on what they say and how they say it. Some design purists might say that style is merely artificial decoration that should be avoided in favor of logic&mdash;\\u201cform follows function\\u201d and all that. Don\\u2019t get us wrong, we\\u2019re not proponents of style for its own sake, or as ornament applied after an idea has already been defined. Rather, we employ style as an integral and strategic component of our brand-development process. At its best, style can be that magical something about a company or product that pulls people in and transcends the logical. So, to us, style is not a 4-letter word. On the contrary, we embrace it, harnessing its power to cut through the clutter.&nbsp;<\\/span><\\/p>\\r\\n\\r\\n\\r\\n\\r\\n\\r\\n\\r\\n\\r\\n\\r\\n\\r\\n\\r\\n\\r\\n\\r\\n\\r\\n\\r\\n\\r\\n\\r\\n\\r\\n\\r\\n\\r\\n\\r\\n\\r\\n\\r\\n<p class=\\\"large\\\"><span class=\\\"white\\\">And besides, \\u201cstyle\\u201d has five letters.<\\/span><\\/p>\",\"verticalSpacingLevel\":\"vertical-spacing-2\"}},\"106\":{\"type\":\"twoColumnContent\",\"enabled\":\"1\",\"fields\":{\"backgroundColor\":\"#000000\",\"leftColumn\":\"<p class=\\\"large\\\"><span class=\\\"white\\\">We Do<\\/span><\\/p>\",\"rightColumn\":\"<p class=\\\"h2 caps white\\\"><a href=\\\"http:\\/\\/turnstyle.studio\\/strategy\\\">Strategy<\\/a><br><a href=\\\"http:\\/\\/turnstyle.studio\\/identity#entry:56:url\\\">Identity<\\/a><br>Digital<br>Print<br>Packaging<br>Environment<\\/p>\",\"verticalSpacingLevel\":\"vertical-spacing-2\"}},\"107\":{\"type\":\"twoColumnContent\",\"enabled\":\"1\",\"fields\":{\"backgroundColor\":\"#ffffff\",\"leftColumn\":\"<p class=\\\"h3 caps\\\">OUR<br>CLIENTS<br>&<br>INDUSTRIES<\\/p>\\r\\n\\r\\n<p class=\\\"h3 caps\\\"><\\/p>\",\"rightColumn\":\"\",\"verticalSpacingLevel\":\"vertical-spacing-1\"}},\"108\":{\"type\":\"twoColumnContent\",\"enabled\":\"1\",\"fields\":{\"backgroundColor\":\"#ffffff\",\"leftColumn\":\"<p class=\\\"large\\\"><span class=\\\"gray\\\">Industry<\\/span><\\/p>\\r\\n<p class=\\\"h3 caps\\\">TEAGUE<br>NIKE<br>STARBUCKS<br>MICROSOFT<br>AMAZON<br>AIGA<br>NORDSTROM<br>TEAGUE<br>NIKE<\\/p>\\r\\n\\r\\n<p class=\\\"large\\\"><span class=\\\"gray\\\">Industry<\\/span><\\/p>\\r\\n<p class=\\\"h3 caps\\\">TEAGUE<br>NIKE<br>STARBUCKS<br>MICROSOFT<br>AMAZON<br>AIGA<br>NORDSTROM<br>TEAGUE<br>NIKE<\\/p>\\r\\n\\r\\n<p class=\\\"large\\\"><span class=\\\"gray\\\">Industry<\\/span><\\/p>\\r\\n<p class=\\\"h3 caps\\\">TEAGUE<br>NIKE<br>STARBUCKS<br>MICROSOFT<br>AMAZON<br>AIGA<br>NORDSTROM<br>TEAGUE<br>NIKE<\\/p>\\r\\n\\r\\n\",\"rightColumn\":\"<p class=\\\"large\\\"><span class=\\\"gray\\\">Industry<\\/span><\\/p>\\r\\n<p class=\\\"h3 caps\\\">TEAGUE<br>NIKE<br>STARBUCKS<br>MICROSOFT<br>AMAZON<br>AIGA<br>NORDSTROM<br>TEAGUE<br>NIKE<\\/p>\\r\\n\\r\\n<p class=\\\"large\\\"><span class=\\\"gray\\\">Industry<\\/span><\\/p>\\r\\n<p class=\\\"h3 caps\\\">TEAGUE<br>NIKE<br>STARBUCKS<br>MICROSOFT<br>AMAZON<br>AIGA<br>NORDSTROM<br>TEAGUE<br>NIKE<\\/p>\\r\\n\\r\\n<p class=\\\"large\\\"><span class=\\\"gray\\\">Industry<\\/span><\\/p>\\r\\n<p class=\\\"h3 caps\\\">TEAGUE<br>NIKE<br>STARBUCKS<br>MICROSOFT<br>AMAZON<br>AIGA<br>NORDSTROM<br>TEAGUE<br>NIKE<\\/p>\",\"verticalSpacingLevel\":\"vertical-spacing-1\"}}},\"47\":\"<p class=\\\"large\\\">08\\/2016 &mdash; IdN Magazine v23n2<\\/p>\\r\\n\\r\\n<p class=\\\"large\\\">06\\/2016 &mdash; Communication Arts Design Annual 2016<\\/p>\\r\\n\\r\\n\\r\\n\\r\\n\\r\\n\\r\\n\\r\\n\\r\\n\\r\\n\\r\\n\\r\\n\\r\\n\\r\\n\\r\\n\\r\\n\\r\\n\\r\\n\\r\\n\\r\\n\\r\\n\\r\\n\\r\\n\\r\\n\\r\\n\\r\\n\\r\\n\\r\\n\\r\\n\\r\\n\\r\\n\\r\\n\\r\\n\\r\\n\\r\\n\\r\\n\\r\\n\\r\\n\\r\\n\\r\\n\\r\\n\\r\\n\\r\\n\\r\\n\\r\\n\\r\\n\\r\\n\\r\\n\\r\\n\\r\\n\\r\\n\\r\\n\\r\\n\\r\\n\\r\\n\\r\\n\\r\\n\\r\\n\\r\\n\\r\\n\\r\\n<p class=\\\"large\\\">05\\/2016 &mdash; PRINT Magazine Regional Design Annual 2016<\\/p>\\r\\n\\r\\n\\r\\n\\r\\n\\r\\n\\r\\n\\r\\n\\r\\n\\r\\n\\r\\n\\r\\n\\r\\n\\r\\n\\r\\n\\r\\n\\r\\n\\r\\n\\r\\n\\r\\n\\r\\n\\r\\n\\r\\n\\r\\n\\r\\n\\r\\n\\r\\n\\r\\n\\r\\n\\r\\n\\r\\n\\r\\n\\r\\n\\r\\n\\r\\n\\r\\n\\r\\n\\r\\n\\r\\n\\r\\n\\r\\n\\r\\n\\r\\n\\r\\n\\r\\n\\r\\n\\r\\n\\r\\n\\r\\n\\r\\n\\r\\n\\r\\n\\r\\n\\r\\n\\r\\n\\r\\n\\r\\n\\r\\n\\r\\n\\r\\n\\r\\n<p class=\\\"large\\\">03\\/2016 &mdash; Communication Arts Design Annual 2015<\\/p>\\r\\n\\r\\n\\r\\n\\r\\n\\r\\n\\r\\n\\r\\n\\r\\n\\r\\n\\r\\n\\r\\n\\r\\n\\r\\n\\r\\n\\r\\n\\r\\n\\r\\n\\r\\n\\r\\n\\r\\n\\r\\n\\r\\n\\r\\n\\r\\n\\r\\n\\r\\n\\r\\n\\r\\n\\r\\n\\r\\n\\r\\n\\r\\n\\r\\n\\r\\n\\r\\n\\r\\n\\r\\n\\r\\n\\r\\n\\r\\n\\r\\n\\r\\n\\r\\n\\r\\n\\r\\n\\r\\n\\r\\n\\r\\n\\r\\n\\r\\n\\r\\n\\r\\n\\r\\n\\r\\n\\r\\n\\r\\n\\r\\n\\r\\n\\r\\n\\r\\n<p class=\\\"large\\\">02\\/2016 &mdash; IdN Magazine v23n2<\\/p>\\r\\n\\r\\n\\r\\n\\r\\n\\r\\n\\r\\n\\r\\n\\r\\n\\r\\n\\r\\n\\r\\n\\r\\n\\r\\n\\r\\n\\r\\n\\r\\n\\r\\n\\r\\n\\r\\n\\r\\n\\r\\n\\r\\n\\r\\n\\r\\n\\r\\n\\r\\n\\r\\n\\r\\n\\r\\n\\r\\n\\r\\n\\r\\n\\r\\n\\r\\n\\r\\n\\r\\n\\r\\n\\r\\n\\r\\n\\r\\n\\r\\n\\r\\n\\r\\n\\r\\n\\r\\n\\r\\n\\r\\n\\r\\n\\r\\n\\r\\n\\r\\n\\r\\n\\r\\n\\r\\n\\r\\n\\r\\n\\r\\n\\r\\n\\r\\n\\r\\n<p class=\\\"large\\\">12\\/2015 &mdash; Communication Arts Design Annual 2016<\\/p>\\r\\n\\r\\n\\r\\n\\r\\n\\r\\n\\r\\n\\r\\n\\r\\n\\r\\n\\r\\n\\r\\n\\r\\n\\r\\n\\r\\n\\r\\n\\r\\n\\r\\n\\r\\n\\r\\n\\r\\n\\r\\n\\r\\n\\r\\n\\r\\n\\r\\n\\r\\n\\r\\n\\r\\n\\r\\n\\r\\n\\r\\n\\r\\n\\r\\n\\r\\n\\r\\n\\r\\n\\r\\n\\r\\n\\r\\n\\r\\n\\r\\n\\r\\n\\r\\n\\r\\n\\r\\n\\r\\n\\r\\n\\r\\n\\r\\n\\r\\n\\r\\n\\r\\n\\r\\n\\r\\n\\r\\n\\r\\n\\r\\n\\r\\n\\r\\n\\r\\n<p class=\\\"large\\\">10\\/2015 &mdash; PRINT Magazine Regional Design Annual 2016<\\/p>\\r\\n\\r\\n\\r\\n\\r\\n\\r\\n\\r\\n\\r\\n\\r\\n\\r\\n\\r\\n\\r\\n\\r\\n\\r\\n\\r\\n\\r\\n\\r\\n\\r\\n\\r\\n\\r\\n\\r\\n\\r\\n\\r\\n\\r\\n\\r\\n\\r\\n\\r\\n\\r\\n\\r\\n\\r\\n\\r\\n\\r\\n\\r\\n\\r\\n\\r\\n\\r\\n\\r\\n\\r\\n\\r\\n\\r\\n\\r\\n\\r\\n\\r\\n\\r\\n\\r\\n\\r\\n\\r\\n\\r\\n\\r\\n\\r\\n\\r\\n\\r\\n\\r\\n\\r\\n\\r\\n\\r\\n\\r\\n\\r\\n\\r\\n\\r\\n\\r\\n<p class=\\\"large\\\">10\\/2015 &mdash; Communication Arts Design Annual 2015<\\/p>\\r\\n\\r\\n\\r\\n\\r\\n\\r\\n\\r\\n\\r\\n\\r\\n\\r\\n\\r\\n\\r\\n\\r\\n\\r\\n\\r\\n\\r\\n\\r\\n\\r\\n\\r\\n\\r\\n\\r\\n\\r\\n\\r\\n\\r\\n\\r\\n\\r\\n\\r\\n\\r\\n\\r\\n\\r\\n\\r\\n\\r\\n\\r\\n\\r\\n\\r\\n\\r\\n\\r\\n\\r\\n\\r\\n\\r\\n\\r\\n\\r\\n\\r\\n\\r\\n\\r\\n\\r\\n\\r\\n\\r\\n\\r\\n\\r\\n\\r\\n\\r\\n\\r\\n\\r\\n\\r\\n\\r\\n\\r\\n\\r\\n\\r\\n\\r\\n\\r\\n<p class=\\\"large\\\">06\\/2015 &mdash; PRINT Magazine Regional Design Annual 2016<\\/p>\\r\\n\\r\\n\\r\\n\\r\\n\\r\\n\\r\\n\\r\\n\\r\\n\\r\\n\\r\\n\\r\\n\\r\\n\\r\\n\\r\\n\\r\\n\\r\\n\\r\\n\\r\\n\\r\\n\\r\\n\\r\\n\\r\\n\\r\\n\\r\\n\\r\\n\\r\\n\\r\\n\\r\\n\\r\\n\\r\\n\\r\\n\\r\\n\\r\\n\\r\\n\\r\\n\\r\\n\\r\\n\\r\\n\\r\\n\\r\\n\\r\\n\\r\\n\\r\\n\\r\\n\\r\\n\\r\\n\\r\\n\\r\\n\\r\\n\\r\\n\\r\\n\\r\\n\\r\\n\\r\\n\\r\\n\\r\\n\\r\\n\\r\\n\\r\\n\\r\\n<p class=\\\"large\\\">02\\/2015 &mdash; Communication Arts Design Annual 2015<\\/p>\",\"44\":\"MEET\\r\\nOUR\\r\\nTALENTED\\r\\nTEAM\"}}', '2016-11-22 19:34:54', '2016-11-22 19:34:54', '0e36ec19-7028-4ce7-96e8-62ff366ae315'),
 ('246', '101', '10', '46', 'en_us', '34', '', '{\"typeId\":\"11\",\"authorId\":null,\"title\":\"Studio\",\"slug\":\"studio\",\"postDate\":1478129954,\"expiryDate\":null,\"enabled\":1,\"parentId\":null,\"fields\":{\"48\":{\"102\":{\"type\":\"1\",\"fields\":{\"backgroundImage\":[\"97\"],\"backgroundColor\":\"#000000\",\"linkUrl\":\"\\/contact\",\"header\":\"Drop \\r\\nus \\r\\na \\r\\nline\",\"subtext\":\"Contact Us\",\"fontColor\":\"#efefef\"}}},\"46\":\"<p class=\\\"large\\\">Born in 2004<\\/p>\\r\\n\\r\\n<p class=\\\"large\\\">We are a full-service creative agency with offices in Seattle and Portland. A dedicated team of designers, strategists, developers and account specialists, we create highly-crafted brand experiences that clarify purpose, encourage action, and inspire brand loyalty. We\\u2019d love to get to know you and help tell your story.&nbsp;<\\/p>\",\"10\":{\"103\":{\"type\":\"carousel\",\"enabled\":\"1\",\"fields\":{\"images\":[\"159\",\"158\",\"160\"],\"verticalSpacingLevel\":\"vertical-spacing-2\"}},\"104\":{\"type\":\"twoColumnContent\",\"enabled\":\"1\",\"fields\":{\"backgroundColor\":\"#000000\",\"leftColumn\":\"<p class=\\\"h3 med\\\"><span class=\\\"white\\\">STYLE<br>IS A<br>SIMPLE<br>WAY<br>OF<br>SAYING<br>COMPLEX<br>THINGS<br><\\/span><span class=\\\"blue\\\">&mdash;JEAN<br>COCTEAU<\\/span><\\/p>\",\"rightColumn\":\"<p class=\\\"large\\\"><span class=\\\"white\\\"><span><\\/span>Style is Not a&nbsp;4-letter Word<span><\\/span><\\/span><\\/p>\\r\\n\\r\\n<p class=\\\"large\\\"><span class=\\\"white\\\"><span><\\/span>In our experience, the brands that are the most magnetic are those which project distinct, memorable and charismatic personalities. These brands place equal emphasis on what they say and how they say it. Some design purists might say that style is merely artificial decoration that should be avoided in favor of logic&mdash;\\u201cform follows function\\u201d and all that. Don\\u2019t get us wrong, we\\u2019re not proponents of style for its own sake, or as ornament applied after an idea has already been defined. Rather, we employ style as an integral and strategic component of our brand-development process. At its best, style can be that magical something about a company or product that pulls people in and transcends the logical. So, to us, style is not a 4-letter word. On the contrary, we embrace it, harnessing its power to cut through the clutter.&nbsp;<\\/span><\\/p>\\r\\n\\r\\n\\r\\n\\r\\n\\r\\n\\r\\n\\r\\n\\r\\n\\r\\n\\r\\n\\r\\n\\r\\n\\r\\n\\r\\n\\r\\n\\r\\n\\r\\n\\r\\n\\r\\n\\r\\n\\r\\n\\r\\n\\r\\n\\r\\n<p class=\\\"large\\\"><span class=\\\"white\\\">And besides, \\u201cstyle\\u201d has five letters.<\\/span><\\/p>\",\"verticalSpacingLevel\":\"vertical-spacing-2\"}},\"106\":{\"type\":\"twoColumnContent\",\"enabled\":\"1\",\"fields\":{\"backgroundColor\":\"#000000\",\"leftColumn\":\"<p class=\\\"large\\\"><span class=\\\"white\\\">We Do<\\/span><\\/p>\",\"rightColumn\":\"<p class=\\\"h2 caps white\\\"><a href=\\\"http:\\/\\/turnstyle.studio\\/strategy\\\">Strategy<\\/a><br><a href=\\\"http:\\/\\/turnstyle.studio\\/identity#entry:56:url\\\">Identity<\\/a><br>Digital<br>Print<br>Packaging<br>Environment<\\/p>\",\"verticalSpacingLevel\":\"vertical-spacing-2\"}},\"107\":{\"type\":\"twoColumnContent\",\"enabled\":\"1\",\"fields\":{\"backgroundColor\":\"#ffffff\",\"leftColumn\":\"<p class=\\\"h3 caps\\\">OUR<br>CLIENTS<br>&<br>INDUSTRIES<\\/p>\\r\\n\\r\\n<p class=\\\"h3 caps\\\"><\\/p>\",\"rightColumn\":\"\",\"verticalSpacingLevel\":\"vertical-spacing-1\"}},\"108\":{\"type\":\"twoColumnContent\",\"enabled\":\"1\",\"fields\":{\"backgroundColor\":\"#ffffff\",\"leftColumn\":\"<p class=\\\"large\\\"><span class=\\\"gray\\\">Industry<\\/span><\\/p>\\r\\n\\r\\n<p class=\\\"h3 caps\\\">TEAGUE<br>NIKE<br>STARBUCKS<br>MICROSOFT<br>AMAZON<br>AIGA<br>NORDSTROM<br>TEAGUE<br>NIKE<\\/p>\\r\\n\\r\\n\\r\\n\\r\\n<p class=\\\"large\\\"><span class=\\\"gray\\\">Industry<\\/span><\\/p>\\r\\n\\r\\n\\r\\n\\r\\n<p class=\\\"h3 caps\\\">TEAGUE<br>NIKE<br>STARBUCKS<br>MICROSOFT<br>AMAZON<br>AIGA<br>NORDSTROM<br>TEAGUE<br>NIKE<\\/p>\\r\\n\\r\\n\\r\\n\\r\\n<p class=\\\"large\\\"><span class=\\\"gray\\\">Industry<\\/span><\\/p>\\r\\n\\r\\n\\r\\n\\r\\n<p class=\\\"h3 caps\\\">TEAGUE<br>NIKE<br>STARBUCKS<br>MICROSOFT<br>AMAZON<br>AIGA<br>NORDSTROM<br>TEAGUE<br>NIKE<\\/p>\",\"rightColumn\":\"<p class=\\\"large\\\"><span class=\\\"gray\\\">Industry<\\/span><\\/p>\\r\\n\\r\\n<p class=\\\"h3 caps\\\">TEAGUE<br>NIKE<br>STARBUCKS<br>MICROSOFT<br>AMAZON<br>AIGA<br>NORDSTROM<br>TEAGUE<br>NIKE<\\/p>\\r\\n\\r\\n\\r\\n\\r\\n<p class=\\\"large\\\"><span class=\\\"gray\\\">Industry<\\/span><\\/p>\\r\\n\\r\\n\\r\\n\\r\\n<p class=\\\"h3 caps\\\">TEAGUE<br>NIKE<br>STARBUCKS<br>MICROSOFT<br>AMAZON<br>AIGA<br>NORDSTROM<br>TEAGUE<br>NIKE<\\/p>\\r\\n\\r\\n\\r\\n\\r\\n<p class=\\\"large\\\"><span class=\\\"gray\\\">Industry<\\/span><\\/p>\\r\\n\\r\\n\\r\\n\\r\\n<p class=\\\"h3 caps\\\">TEAGUE<br>NIKE<br>STARBUCKS<br>MICROSOFT<br>AMAZON<br>AIGA<br>NORDSTROM<br>TEAGUE<br>NIKE<\\/p>\",\"verticalSpacingLevel\":\"vertical-spacing-1\"}}},\"47\":\"<p class=\\\"large\\\">08\\/2016 &mdash; IdN Magazine v23n2<\\/p>\\r\\n\\r\\n<p class=\\\"large\\\">06\\/2016 &mdash; Communication Arts Design Annual 2016<\\/p>\\r\\n\\r\\n\\r\\n\\r\\n\\r\\n\\r\\n\\r\\n\\r\\n\\r\\n\\r\\n\\r\\n\\r\\n\\r\\n\\r\\n\\r\\n\\r\\n\\r\\n\\r\\n\\r\\n\\r\\n\\r\\n\\r\\n\\r\\n\\r\\n\\r\\n\\r\\n\\r\\n\\r\\n\\r\\n\\r\\n\\r\\n\\r\\n\\r\\n\\r\\n\\r\\n\\r\\n\\r\\n\\r\\n\\r\\n\\r\\n\\r\\n\\r\\n\\r\\n\\r\\n\\r\\n\\r\\n\\r\\n\\r\\n\\r\\n\\r\\n\\r\\n\\r\\n\\r\\n\\r\\n\\r\\n\\r\\n\\r\\n\\r\\n\\r\\n\\r\\n\\r\\n\\r\\n<p class=\\\"large\\\">05\\/2016 &mdash; PRINT Magazine Regional Design Annual 2016<\\/p>\\r\\n\\r\\n\\r\\n\\r\\n\\r\\n\\r\\n\\r\\n\\r\\n\\r\\n\\r\\n\\r\\n\\r\\n\\r\\n\\r\\n\\r\\n\\r\\n\\r\\n\\r\\n\\r\\n\\r\\n\\r\\n\\r\\n\\r\\n\\r\\n\\r\\n\\r\\n\\r\\n\\r\\n\\r\\n\\r\\n\\r\\n\\r\\n\\r\\n\\r\\n\\r\\n\\r\\n\\r\\n\\r\\n\\r\\n\\r\\n\\r\\n\\r\\n\\r\\n\\r\\n\\r\\n\\r\\n\\r\\n\\r\\n\\r\\n\\r\\n\\r\\n\\r\\n\\r\\n\\r\\n\\r\\n\\r\\n\\r\\n\\r\\n\\r\\n\\r\\n\\r\\n\\r\\n<p class=\\\"large\\\">03\\/2016 &mdash; Communication Arts Design Annual 2015<\\/p>\\r\\n\\r\\n\\r\\n\\r\\n\\r\\n\\r\\n\\r\\n\\r\\n\\r\\n\\r\\n\\r\\n\\r\\n\\r\\n\\r\\n\\r\\n\\r\\n\\r\\n\\r\\n\\r\\n\\r\\n\\r\\n\\r\\n\\r\\n\\r\\n\\r\\n\\r\\n\\r\\n\\r\\n\\r\\n\\r\\n\\r\\n\\r\\n\\r\\n\\r\\n\\r\\n\\r\\n\\r\\n\\r\\n\\r\\n\\r\\n\\r\\n\\r\\n\\r\\n\\r\\n\\r\\n\\r\\n\\r\\n\\r\\n\\r\\n\\r\\n\\r\\n\\r\\n\\r\\n\\r\\n\\r\\n\\r\\n\\r\\n\\r\\n\\r\\n\\r\\n\\r\\n\\r\\n<p class=\\\"large\\\">02\\/2016 &mdash; IdN Magazine v23n2<\\/p>\\r\\n\\r\\n\\r\\n\\r\\n\\r\\n\\r\\n\\r\\n\\r\\n\\r\\n\\r\\n\\r\\n\\r\\n\\r\\n\\r\\n\\r\\n\\r\\n\\r\\n\\r\\n\\r\\n\\r\\n\\r\\n\\r\\n\\r\\n\\r\\n\\r\\n\\r\\n\\r\\n\\r\\n\\r\\n\\r\\n\\r\\n\\r\\n\\r\\n\\r\\n\\r\\n\\r\\n\\r\\n\\r\\n\\r\\n\\r\\n\\r\\n\\r\\n\\r\\n\\r\\n\\r\\n\\r\\n\\r\\n\\r\\n\\r\\n\\r\\n\\r\\n\\r\\n\\r\\n\\r\\n\\r\\n\\r\\n\\r\\n\\r\\n\\r\\n\\r\\n\\r\\n\\r\\n<p class=\\\"large\\\">12\\/2015 &mdash; Communication Arts Design Annual 2016<\\/p>\\r\\n\\r\\n\\r\\n\\r\\n\\r\\n\\r\\n\\r\\n\\r\\n\\r\\n\\r\\n\\r\\n\\r\\n\\r\\n\\r\\n\\r\\n\\r\\n\\r\\n\\r\\n\\r\\n\\r\\n\\r\\n\\r\\n\\r\\n\\r\\n\\r\\n\\r\\n\\r\\n\\r\\n\\r\\n\\r\\n\\r\\n\\r\\n\\r\\n\\r\\n\\r\\n\\r\\n\\r\\n\\r\\n\\r\\n\\r\\n\\r\\n\\r\\n\\r\\n\\r\\n\\r\\n\\r\\n\\r\\n\\r\\n\\r\\n\\r\\n\\r\\n\\r\\n\\r\\n\\r\\n\\r\\n\\r\\n\\r\\n\\r\\n\\r\\n\\r\\n\\r\\n\\r\\n<p class=\\\"large\\\">10\\/2015 &mdash; PRINT Magazine Regional Design Annual 2016<\\/p>\\r\\n\\r\\n\\r\\n\\r\\n\\r\\n\\r\\n\\r\\n\\r\\n\\r\\n\\r\\n\\r\\n\\r\\n\\r\\n\\r\\n\\r\\n\\r\\n\\r\\n\\r\\n\\r\\n\\r\\n\\r\\n\\r\\n\\r\\n\\r\\n\\r\\n\\r\\n\\r\\n\\r\\n\\r\\n\\r\\n\\r\\n\\r\\n\\r\\n\\r\\n\\r\\n\\r\\n\\r\\n\\r\\n\\r\\n\\r\\n\\r\\n\\r\\n\\r\\n\\r\\n\\r\\n\\r\\n\\r\\n\\r\\n\\r\\n\\r\\n\\r\\n\\r\\n\\r\\n\\r\\n\\r\\n\\r\\n\\r\\n\\r\\n\\r\\n\\r\\n\\r\\n\\r\\n<p class=\\\"large\\\">10\\/2015 &mdash; Communication Arts Design Annual 2015<\\/p>\\r\\n\\r\\n\\r\\n\\r\\n\\r\\n\\r\\n\\r\\n\\r\\n\\r\\n\\r\\n\\r\\n\\r\\n\\r\\n\\r\\n\\r\\n\\r\\n\\r\\n\\r\\n\\r\\n\\r\\n\\r\\n\\r\\n\\r\\n\\r\\n\\r\\n\\r\\n\\r\\n\\r\\n\\r\\n\\r\\n\\r\\n\\r\\n\\r\\n\\r\\n\\r\\n\\r\\n\\r\\n\\r\\n\\r\\n\\r\\n\\r\\n\\r\\n\\r\\n\\r\\n\\r\\n\\r\\n\\r\\n\\r\\n\\r\\n\\r\\n\\r\\n\\r\\n\\r\\n\\r\\n\\r\\n\\r\\n\\r\\n\\r\\n\\r\\n\\r\\n\\r\\n\\r\\n<p class=\\\"large\\\">06\\/2015 &mdash; PRINT Magazine Regional Design Annual 2016<\\/p>\\r\\n\\r\\n\\r\\n\\r\\n\\r\\n\\r\\n\\r\\n\\r\\n\\r\\n\\r\\n\\r\\n\\r\\n\\r\\n\\r\\n\\r\\n\\r\\n\\r\\n\\r\\n\\r\\n\\r\\n\\r\\n\\r\\n\\r\\n\\r\\n\\r\\n\\r\\n\\r\\n\\r\\n\\r\\n\\r\\n\\r\\n\\r\\n\\r\\n\\r\\n\\r\\n\\r\\n\\r\\n\\r\\n\\r\\n\\r\\n\\r\\n\\r\\n\\r\\n\\r\\n\\r\\n\\r\\n\\r\\n\\r\\n\\r\\n\\r\\n\\r\\n\\r\\n\\r\\n\\r\\n\\r\\n\\r\\n\\r\\n\\r\\n\\r\\n\\r\\n\\r\\n\\r\\n<p class=\\\"large\\\">02\\/2015 &mdash; Communication Arts Design Annual 2015<\\/p>\",\"44\":\"MEET\\r\\nOUR\\r\\nTALENTED\\r\\nTEAM\"}}', '2016-11-22 19:35:25', '2016-11-22 19:35:25', 'dc00b4df-5ae8-4b4a-8900-8f9a10699389'),
 ('249', '101', '10', '46', 'en_us', '35', '', '{\"typeId\":\"11\",\"authorId\":null,\"title\":\"Studio\",\"slug\":\"studio\",\"postDate\":1478129954,\"expiryDate\":null,\"enabled\":1,\"parentId\":null,\"fields\":{\"48\":{\"102\":{\"type\":\"1\",\"fields\":{\"backgroundImage\":[\"97\"],\"backgroundColor\":\"#000000\",\"linkUrl\":\"\\/contact\",\"header\":\"Drop \\r\\nus \\r\\na \\r\\nline\",\"subtext\":\"Contact Us\",\"fontColor\":\"#efefef\"}}},\"46\":\"<p class=\\\"large\\\">Born in 2004<\\/p>\\r\\n\\r\\n<p class=\\\"large\\\">We are a full-service creative agency with offices in Seattle and Portland. A dedicated team of designers, strategists, developers and account specialists, we create highly-crafted brand experiences that clarify purpose, encourage action, and inspire brand loyalty. We\\u2019d love to get to know you and help tell your story.&nbsp;<\\/p>\",\"10\":{\"103\":{\"type\":\"carousel\",\"enabled\":\"1\",\"fields\":{\"images\":[\"159\",\"158\",\"166\",\"160\"],\"verticalSpacingLevel\":\"vertical-spacing-2\"}},\"104\":{\"type\":\"twoColumnContent\",\"enabled\":\"1\",\"fields\":{\"backgroundColor\":\"#000000\",\"leftColumn\":\"<p class=\\\"h3 med\\\"><span class=\\\"white\\\">STYLE<br>IS A<br>SIMPLE<br>WAY<br>OF<br>SAYING<br>COMPLEX<br>THINGS<br><\\/span><span class=\\\"blue\\\">&mdash;JEAN<br>COCTEAU<\\/span><\\/p>\",\"rightColumn\":\"<p class=\\\"large\\\"><span class=\\\"white\\\"><span><\\/span>Style is Not a&nbsp;4-letter Word<span><\\/span><\\/span><\\/p>\\r\\n\\r\\n<p class=\\\"large\\\"><span class=\\\"white\\\"><span><\\/span>In our experience, the brands that are the most magnetic are those which project distinct, memorable and charismatic personalities. These brands place equal emphasis on what they say and how they say it. Some design purists might say that style is merely artificial decoration that should be avoided in favor of logic&mdash;\\u201cform follows function\\u201d and all that. Don\\u2019t get us wrong, we\\u2019re not proponents of style for its own sake, or as ornament applied after an idea has already been defined. Rather, we employ style as an integral and strategic component of our brand-development process. At its best, style can be that magical something about a company or product that pulls people in and transcends the logical. So, to us, style is not a 4-letter word. On the contrary, we embrace it, harnessing its power to cut through the clutter.&nbsp;<\\/span><\\/p>\\r\\n\\r\\n\\r\\n\\r\\n\\r\\n\\r\\n\\r\\n\\r\\n\\r\\n\\r\\n\\r\\n\\r\\n\\r\\n\\r\\n\\r\\n\\r\\n\\r\\n\\r\\n\\r\\n\\r\\n\\r\\n\\r\\n\\r\\n\\r\\n\\r\\n\\r\\n<p class=\\\"large\\\"><span class=\\\"white\\\">And besides, \\u201cstyle\\u201d has five letters.<\\/span><\\/p>\",\"verticalSpacingLevel\":\"vertical-spacing-2\"}},\"106\":{\"type\":\"twoColumnContent\",\"enabled\":\"1\",\"fields\":{\"backgroundColor\":\"#000000\",\"leftColumn\":\"<p class=\\\"large\\\"><span class=\\\"white\\\">We Do<\\/span><\\/p>\",\"rightColumn\":\"<p class=\\\"h2 caps white\\\"><a href=\\\"http:\\/\\/turnstyle.studio\\/strategy\\\">Strategy<\\/a><br><a href=\\\"http:\\/\\/turnstyle.studio\\/identity#entry:56:url\\\">Identity<\\/a><br>Digital<br>Print<br>Packaging<br>Environment<\\/p>\",\"verticalSpacingLevel\":\"vertical-spacing-2\"}},\"107\":{\"type\":\"twoColumnContent\",\"enabled\":\"1\",\"fields\":{\"backgroundColor\":\"#ffffff\",\"leftColumn\":\"<p class=\\\"h3 caps\\\">OUR<br>CLIENTS<br>&<br>INDUSTRIES<\\/p>\\r\\n\\r\\n<p class=\\\"h3 caps\\\"><\\/p>\",\"rightColumn\":\"\",\"verticalSpacingLevel\":\"vertical-spacing-1\"}},\"108\":{\"type\":\"twoColumnContent\",\"enabled\":\"1\",\"fields\":{\"backgroundColor\":\"#ffffff\",\"leftColumn\":\"<p class=\\\"large\\\"><span class=\\\"gray\\\">Industry<\\/span><\\/p>\\r\\n\\r\\n<p class=\\\"h3 caps\\\">TEAGUE<br>NIKE<br>STARBUCKS<br>MICROSOFT<br>AMAZON<br>AIGA<br>NORDSTROM<br>TEAGUE<br>NIKE<\\/p>\\r\\n\\r\\n\\r\\n\\r\\n\\r\\n\\r\\n<p class=\\\"large\\\"><span class=\\\"gray\\\">Industry<\\/span><\\/p>\\r\\n\\r\\n\\r\\n\\r\\n\\r\\n\\r\\n<p class=\\\"h3 caps\\\">TEAGUE<br>NIKE<br>STARBUCKS<br>MICROSOFT<br>AMAZON<br>AIGA<br>NORDSTROM<br>TEAGUE<br>NIKE<\\/p>\\r\\n\\r\\n\\r\\n\\r\\n\\r\\n\\r\\n<p class=\\\"large\\\"><span class=\\\"gray\\\">Industry<\\/span><\\/p>\\r\\n\\r\\n\\r\\n\\r\\n\\r\\n\\r\\n<p class=\\\"h3 caps\\\">TEAGUE<br>NIKE<br>STARBUCKS<br>MICROSOFT<br>AMAZON<br>AIGA<br>NORDSTROM<br>TEAGUE<br>NIKE<\\/p>\",\"rightColumn\":\"<p class=\\\"large\\\"><span class=\\\"gray\\\">Industry<\\/span><\\/p>\\r\\n\\r\\n<p class=\\\"h3 caps\\\">TEAGUE<br>NIKE<br>STARBUCKS<br>MICROSOFT<br>AMAZON<br>AIGA<br>NORDSTROM<br>TEAGUE<br>NIKE<\\/p>\\r\\n\\r\\n\\r\\n\\r\\n\\r\\n\\r\\n<p class=\\\"large\\\"><span class=\\\"gray\\\">Industry<\\/span><\\/p>\\r\\n\\r\\n\\r\\n\\r\\n\\r\\n\\r\\n<p class=\\\"h3 caps\\\">TEAGUE<br>NIKE<br>STARBUCKS<br>MICROSOFT<br>AMAZON<br>AIGA<br>NORDSTROM<br>TEAGUE<br>NIKE<\\/p>\\r\\n\\r\\n\\r\\n\\r\\n\\r\\n\\r\\n<p class=\\\"large\\\"><span class=\\\"gray\\\">Industry<\\/span><\\/p>\\r\\n\\r\\n\\r\\n\\r\\n\\r\\n\\r\\n<p class=\\\"h3 caps\\\">TEAGUE<br>NIKE<br>STARBUCKS<br>MICROSOFT<br>AMAZON<br>AIGA<br>NORDSTROM<br>TEAGUE<br>NIKE<\\/p>\",\"verticalSpacingLevel\":\"vertical-spacing-1\"}}},\"47\":\"<p class=\\\"large\\\">08\\/2016 &mdash; IdN Magazine v23n2<\\/p>\\r\\n\\r\\n<p class=\\\"large\\\">06\\/2016 &mdash; Communication Arts Design Annual 2016<\\/p>\\r\\n\\r\\n\\r\\n\\r\\n\\r\\n\\r\\n\\r\\n\\r\\n\\r\\n\\r\\n\\r\\n\\r\\n\\r\\n\\r\\n\\r\\n\\r\\n\\r\\n\\r\\n\\r\\n\\r\\n\\r\\n\\r\\n\\r\\n\\r\\n\\r\\n\\r\\n\\r\\n\\r\\n\\r\\n\\r\\n\\r\\n\\r\\n\\r\\n\\r\\n\\r\\n\\r\\n\\r\\n\\r\\n\\r\\n\\r\\n\\r\\n\\r\\n\\r\\n\\r\\n\\r\\n\\r\\n\\r\\n\\r\\n\\r\\n\\r\\n\\r\\n\\r\\n\\r\\n\\r\\n\\r\\n\\r\\n\\r\\n\\r\\n\\r\\n\\r\\n\\r\\n\\r\\n\\r\\n\\r\\n<p class=\\\"large\\\">05\\/2016 &mdash; PRINT Magazine Regional Design Annual 2016<\\/p>\\r\\n\\r\\n\\r\\n\\r\\n\\r\\n\\r\\n\\r\\n\\r\\n\\r\\n\\r\\n\\r\\n\\r\\n\\r\\n\\r\\n\\r\\n\\r\\n\\r\\n\\r\\n\\r\\n\\r\\n\\r\\n\\r\\n\\r\\n\\r\\n\\r\\n\\r\\n\\r\\n\\r\\n\\r\\n\\r\\n\\r\\n\\r\\n\\r\\n\\r\\n\\r\\n\\r\\n\\r\\n\\r\\n\\r\\n\\r\\n\\r\\n\\r\\n\\r\\n\\r\\n\\r\\n\\r\\n\\r\\n\\r\\n\\r\\n\\r\\n\\r\\n\\r\\n\\r\\n\\r\\n\\r\\n\\r\\n\\r\\n\\r\\n\\r\\n\\r\\n\\r\\n\\r\\n\\r\\n\\r\\n<p class=\\\"large\\\">03\\/2016 &mdash; Communication Arts Design Annual 2015<\\/p>\\r\\n\\r\\n\\r\\n\\r\\n\\r\\n\\r\\n\\r\\n\\r\\n\\r\\n\\r\\n\\r\\n\\r\\n\\r\\n\\r\\n\\r\\n\\r\\n\\r\\n\\r\\n\\r\\n\\r\\n\\r\\n\\r\\n\\r\\n\\r\\n\\r\\n\\r\\n\\r\\n\\r\\n\\r\\n\\r\\n\\r\\n\\r\\n\\r\\n\\r\\n\\r\\n\\r\\n\\r\\n\\r\\n\\r\\n\\r\\n\\r\\n\\r\\n\\r\\n\\r\\n\\r\\n\\r\\n\\r\\n\\r\\n\\r\\n\\r\\n\\r\\n\\r\\n\\r\\n\\r\\n\\r\\n\\r\\n\\r\\n\\r\\n\\r\\n\\r\\n\\r\\n\\r\\n\\r\\n\\r\\n<p class=\\\"large\\\">02\\/2016 &mdash; IdN Magazine v23n2<\\/p>\\r\\n\\r\\n\\r\\n\\r\\n\\r\\n\\r\\n\\r\\n\\r\\n\\r\\n\\r\\n\\r\\n\\r\\n\\r\\n\\r\\n\\r\\n\\r\\n\\r\\n\\r\\n\\r\\n\\r\\n\\r\\n\\r\\n\\r\\n\\r\\n\\r\\n\\r\\n\\r\\n\\r\\n\\r\\n\\r\\n\\r\\n\\r\\n\\r\\n\\r\\n\\r\\n\\r\\n\\r\\n\\r\\n\\r\\n\\r\\n\\r\\n\\r\\n\\r\\n\\r\\n\\r\\n\\r\\n\\r\\n\\r\\n\\r\\n\\r\\n\\r\\n\\r\\n\\r\\n\\r\\n\\r\\n\\r\\n\\r\\n\\r\\n\\r\\n\\r\\n\\r\\n\\r\\n\\r\\n\\r\\n<p class=\\\"large\\\">12\\/2015 &mdash; Communication Arts Design Annual 2016<\\/p>\\r\\n\\r\\n\\r\\n\\r\\n\\r\\n\\r\\n\\r\\n\\r\\n\\r\\n\\r\\n\\r\\n\\r\\n\\r\\n\\r\\n\\r\\n\\r\\n\\r\\n\\r\\n\\r\\n\\r\\n\\r\\n\\r\\n\\r\\n\\r\\n\\r\\n\\r\\n\\r\\n\\r\\n\\r\\n\\r\\n\\r\\n\\r\\n\\r\\n\\r\\n\\r\\n\\r\\n\\r\\n\\r\\n\\r\\n\\r\\n\\r\\n\\r\\n\\r\\n\\r\\n\\r\\n\\r\\n\\r\\n\\r\\n\\r\\n\\r\\n\\r\\n\\r\\n\\r\\n\\r\\n\\r\\n\\r\\n\\r\\n\\r\\n\\r\\n\\r\\n\\r\\n\\r\\n\\r\\n\\r\\n<p class=\\\"large\\\">10\\/2015 &mdash; PRINT Magazine Regional Design Annual 2016<\\/p>\\r\\n\\r\\n\\r\\n\\r\\n\\r\\n\\r\\n\\r\\n\\r\\n\\r\\n\\r\\n\\r\\n\\r\\n\\r\\n\\r\\n\\r\\n\\r\\n\\r\\n\\r\\n\\r\\n\\r\\n\\r\\n\\r\\n\\r\\n\\r\\n\\r\\n\\r\\n\\r\\n\\r\\n\\r\\n\\r\\n\\r\\n\\r\\n\\r\\n\\r\\n\\r\\n\\r\\n\\r\\n\\r\\n\\r\\n\\r\\n\\r\\n\\r\\n\\r\\n\\r\\n\\r\\n\\r\\n\\r\\n\\r\\n\\r\\n\\r\\n\\r\\n\\r\\n\\r\\n\\r\\n\\r\\n\\r\\n\\r\\n\\r\\n\\r\\n\\r\\n\\r\\n\\r\\n\\r\\n\\r\\n<p class=\\\"large\\\">10\\/2015 &mdash; Communication Arts Design Annual 2015<\\/p>\\r\\n\\r\\n\\r\\n\\r\\n\\r\\n\\r\\n\\r\\n\\r\\n\\r\\n\\r\\n\\r\\n\\r\\n\\r\\n\\r\\n\\r\\n\\r\\n\\r\\n\\r\\n\\r\\n\\r\\n\\r\\n\\r\\n\\r\\n\\r\\n\\r\\n\\r\\n\\r\\n\\r\\n\\r\\n\\r\\n\\r\\n\\r\\n\\r\\n\\r\\n\\r\\n\\r\\n\\r\\n\\r\\n\\r\\n\\r\\n\\r\\n\\r\\n\\r\\n\\r\\n\\r\\n\\r\\n\\r\\n\\r\\n\\r\\n\\r\\n\\r\\n\\r\\n\\r\\n\\r\\n\\r\\n\\r\\n\\r\\n\\r\\n\\r\\n\\r\\n\\r\\n\\r\\n\\r\\n\\r\\n<p class=\\\"large\\\">06\\/2015 &mdash; PRINT Magazine Regional Design Annual 2016<\\/p>\\r\\n\\r\\n\\r\\n\\r\\n\\r\\n\\r\\n\\r\\n\\r\\n\\r\\n\\r\\n\\r\\n\\r\\n\\r\\n\\r\\n\\r\\n\\r\\n\\r\\n\\r\\n\\r\\n\\r\\n\\r\\n\\r\\n\\r\\n\\r\\n\\r\\n\\r\\n\\r\\n\\r\\n\\r\\n\\r\\n\\r\\n\\r\\n\\r\\n\\r\\n\\r\\n\\r\\n\\r\\n\\r\\n\\r\\n\\r\\n\\r\\n\\r\\n\\r\\n\\r\\n\\r\\n\\r\\n\\r\\n\\r\\n\\r\\n\\r\\n\\r\\n\\r\\n\\r\\n\\r\\n\\r\\n\\r\\n\\r\\n\\r\\n\\r\\n\\r\\n\\r\\n\\r\\n\\r\\n\\r\\n<p class=\\\"large\\\">02\\/2015 &mdash; Communication Arts Design Annual 2015<\\/p>\",\"44\":\"MEET\\r\\nOUR\\r\\nTALENTED\\r\\nTEAM\"}}', '2016-11-22 20:42:26', '2016-11-22 20:42:26', 'f12725b5-4316-493d-b061-668fb81ebed9'),
 ('250', '15', '3', '1', 'en_us', '75', '', '{\"typeId\":\"3\",\"authorId\":\"1\",\"title\":\"Justin Golmer\",\"slug\":\"justin-golmer-promo\",\"postDate\":1476391140,\"expiryDate\":null,\"enabled\":1,\"parentId\":null,\"fields\":{\"14\":[{\"col1\":\"Recogonition\",\"col2\":\"Print Regional Design Annual 2015\"}],\"3\":[\"12\"],\"29\":\"#efefef\",\"9\":\"Wake up\\r\\nStyle\\r\\nshoot\\r\\ndo it all\\r\\nagain\",\"7\":[\"26\"],\"4\":\"#ffae96\",\"8\":\"<p class=\\\"large\\\">Justin Gollmer, one of our go-to photography partners, asked us design a ten-year retrospective promotional brochure. Wake, Style, Shoot, Do It All Again is a collection of images highlighting his work behind, beside, and around the camera. The brochure is divided into four sections that blur the lines between Gollmer\\u2019s personal and commercial work: people, action, travel, and product. Short sheets bound to the exterior provide thumbnail image guides to each section with captions for each image.<\\/p>\",\"10\":{\"28\":{\"type\":\"largeImage\",\"enabled\":\"1\",\"fields\":{\"image\":[\"138\"],\"layoutOptions\":\"full-width\",\"verticalSpacingLevel\":\"vertical-spacing-0\"}},\"41\":{\"type\":\"video\",\"enabled\":\"1\",\"fields\":{\"vimeoVideoId\":\"172827555\",\"autoplay\":\"1\",\"framed\":\"1\"}},\"31\":{\"type\":\"insetImage\",\"enabled\":\"1\",\"fields\":{\"image\":[\"30\"],\"imageWidth\":\"50\",\"verticalSpacingLevel\":\"vertical-spacing-2\",\"backgroundColor\":\"#d6ff2e\"}},\"53\":{\"type\":\"video\",\"enabled\":\"1\",\"fields\":{\"vimeoVideoId\":\"172827555\",\"autoplay\":\"1\",\"framed\":\"\"}},\"134\":{\"type\":\"imageWithDescription\",\"enabled\":\"1\",\"fields\":{\"position\":\"left\",\"image\":[\"30\"],\"imageWidth\":\"50\",\"description\":\"<p>Subtitle<\\/p>\\r\\n\\r\\n<p>Donec id elit non mi porta gravida at eget metus. Fusce dapibus, tellus ac cursus commodo, tortor mauris condimentum nibh, ut fermentum massa justo sit amet risus. Etiam porta sem malesuada magna mollis euismod. Lorem ipsum dolor sit.<\\/p>\",\"verticalSpacingLevel\":\"vertical-spacing-1\",\"backgroundColor\":\"#ffffff\"}},\"32\":{\"type\":\"imageWithDescription\",\"enabled\":\"1\",\"fields\":{\"position\":\"right\",\"image\":[\"30\"],\"imageWidth\":\"50\",\"description\":\"<p class=\\\"large\\\">Subtitle<\\/p>\\r\\n\\r\\n<p class=\\\"large\\\">Donec id elit non mi porta gravida at eget metus. Fusce dapibus, tellus ac cursus commodo, tortor mauris condimentum nibh, ut fermentum massa justo sit amet risus. Etiam porta sem malesuada magna mollis euismod. Lorem ipsum dolor sit.<\\/p>\",\"verticalSpacingLevel\":\"vertical-spacing-2\",\"backgroundColor\":\"#f5f5f5\"}},\"37\":{\"type\":\"twoUpImages\",\"enabled\":\"1\",\"fields\":{\"leftImage\":[\"35\"],\"rightImage\":[\"36\"],\"verticalSpacingLevel\":\"vertical-spacing-2\"}},\"38\":{\"type\":\"centeredText\",\"enabled\":\"1\",\"fields\":{\"text\":\"<p class=\\\"large\\\"><span class=\\\"white\\\">Donec sed odio dui. Nullam quis risus eget urna mollis ornare vel eu leo. Praesent commodo cursus magna, vel scelerisque nisl consectetur et. Cras mattis consectetur purus sit amet fermentum. Maecenas sed diam eget risus varius blandit sit amet non magna. Praesent commodo cursus magna, vel scelerisque nisl consectetur et.<\\/span><\\/p>\",\"verticalSpacingLevel\":\"vertical-spacing-4\",\"backgroundColor\":\"#0000ff\"}},\"42\":{\"type\":\"video\",\"enabled\":\"1\",\"fields\":{\"vimeoVideoId\":\"172827555\",\"autoplay\":\"\",\"framed\":\"1\"}},\"52\":{\"type\":\"carousel\",\"enabled\":\"1\",\"fields\":{\"images\":[\"48\",\"30\",\"50\",\"35\"],\"verticalSpacingLevel\":\"vertical-spacing-2\"}}},\"6\":\"Photography Promo\",\"5\":[\"21\"]}}', '2016-11-22 21:54:50', '2016-11-22 21:54:50', '1b5f542c-f382-4631-b234-a6912e4bb2da'),
 ('251', '15', '3', '1', 'en_us', '76', '', '{\"typeId\":\"3\",\"authorId\":\"1\",\"title\":\"Justin Golmer\",\"slug\":\"justin-golmer-promo\",\"postDate\":1476391140,\"expiryDate\":null,\"enabled\":1,\"parentId\":null,\"fields\":{\"14\":[{\"col1\":\"Recogonition\",\"col2\":\"Print Regional Design Annual 2015\"}],\"3\":[\"12\"],\"29\":\"#efefef\",\"9\":\"Wake up\\r\\nStyle\\r\\nshoot\\r\\ndo it all\\r\\nagain\",\"7\":[\"26\"],\"4\":\"#ffae96\",\"8\":\"<p class=\\\"large\\\">Justin Gollmer, one of our go-to photography partners, asked us design a ten-year retrospective promotional brochure. Wake, Style, Shoot, Do It All Again is a collection of images highlighting his work behind, beside, and around the camera. The brochure is divided into four sections that blur the lines between Gollmer\\u2019s personal and commercial work: people, action, travel, and product. Short sheets bound to the exterior provide thumbnail image guides to each section with captions for each image.<\\/p>\",\"10\":{\"28\":{\"type\":\"largeImage\",\"enabled\":\"1\",\"fields\":{\"image\":[\"138\"],\"layoutOptions\":\"full-width\",\"verticalSpacingLevel\":\"vertical-spacing-0\"}},\"41\":{\"type\":\"video\",\"enabled\":\"1\",\"fields\":{\"vimeoVideoId\":\"172827555\",\"autoplay\":\"1\",\"framed\":\"1\"}},\"31\":{\"type\":\"insetImage\",\"enabled\":\"1\",\"fields\":{\"image\":[\"30\"],\"imageWidth\":\"50\",\"verticalSpacingLevel\":\"vertical-spacing-2\",\"backgroundColor\":\"#d6ff2e\"}},\"53\":{\"type\":\"video\",\"enabled\":\"1\",\"fields\":{\"vimeoVideoId\":\"172827555\",\"autoplay\":\"1\",\"framed\":\"\"}},\"134\":{\"type\":\"imageWithDescription\",\"enabled\":\"1\",\"fields\":{\"position\":\"left\",\"image\":[\"30\"],\"imageWidth\":\"50\",\"description\":\"<p>Subtitle<\\/p>\\r\\n\\r\\n<p>Donec id elit non mi porta gravida at eget metus. Fusce dapibus, tellus ac cursus commodo, tortor mauris condimentum nibh, ut fermentum massa justo sit amet risus. Etiam porta sem malesuada magna mollis euismod. Lorem ipsum dolor sit.<\\/p>\",\"verticalSpacingLevel\":\"vertical-spacing-1\",\"backgroundColor\":\"#ffffff\"}},\"32\":{\"type\":\"imageWithDescription\",\"enabled\":\"1\",\"fields\":{\"position\":\"right\",\"image\":[\"30\"],\"imageWidth\":\"50\",\"description\":\"<p class=\\\"large\\\">Subtitle<\\/p>\\r\\n\\r\\n<p class=\\\"large\\\">Donec id elit non mi porta gravida at eget metus. Fusce dapibus, tellus ac cursus commodo, tortor mauris condimentum nibh, ut fermentum massa justo sit amet risus. Etiam porta sem malesuada magna mollis euismod. Lorem ipsum dolor sit.<\\/p>\",\"verticalSpacingLevel\":\"vertical-spacing-2\",\"backgroundColor\":\"#f5f5f5\"}},\"37\":{\"type\":\"twoUpImages\",\"enabled\":\"1\",\"fields\":{\"leftImage\":[\"35\"],\"rightImage\":[\"36\"],\"verticalSpacingLevel\":\"vertical-spacing-2\"}},\"38\":{\"type\":\"centeredText\",\"enabled\":\"1\",\"fields\":{\"text\":\"<p class=\\\"large\\\"><span class=\\\"white\\\">Donec sed odio dui. Nullam quis risus eget urna mollis ornare vel eu leo. Praesent commodo cursus magna, vel scelerisque nisl consectetur et. Cras mattis consectetur purus sit amet fermentum. Maecenas sed diam eget risus varius blandit sit amet non magna. Praesent commodo cursus magna, vel scelerisque nisl consectetur et.<\\/span><\\/p>\",\"verticalSpacingLevel\":\"vertical-spacing-4\",\"backgroundColor\":\"#0000ff\"}},\"42\":{\"type\":\"video\",\"enabled\":\"1\",\"fields\":{\"vimeoVideoId\":\"172827555\",\"autoplay\":\"\",\"framed\":\"1\"}},\"52\":{\"type\":\"carousel\",\"enabled\":\"1\",\"fields\":{\"images\":[\"48\",\"30\",\"50\",\"35\"],\"verticalSpacingLevel\":\"vertical-spacing-2\"}}},\"6\":\"Photography Promo\",\"5\":[\"170\"]}}', '2016-11-22 21:55:02', '2016-11-22 21:55:02', '5a4936da-e842-499b-a56d-fb1e85ddd475'),
 ('252', '122', '2', '1', 'en_us', '10', '', '{\"typeId\":\"2\",\"authorId\":\"1\",\"title\":\"Turnstyle Principal Serves as Juror for Communication Arts Design Annual\",\"slug\":\"turnstyle-principal-serves-as-juror-for-communication-arts-design-annual\",\"postDate\":1478209620,\"expiryDate\":null,\"enabled\":1,\"parentId\":null,\"fields\":{\"48\":{\"125\":{\"type\":\"1\",\"fields\":{\"backgroundImage\":\"\",\"backgroundColor\":\"#ffae96\",\"linkUrl\":\"\\/journal\",\"header\":\"I\\r\\nWanna\\r\\nRead\\r\\nMore\",\"subtext\":\"Our Journal\",\"fontColor\":\"#ffffff\"}}},\"29\":\"#daff00\",\"7\":[\"172\"],\"4\":\"#000000\",\"54\":[\"111\"],\"10\":{\"123\":{\"type\":\"centeredText\",\"enabled\":\"1\",\"fields\":{\"text\":\"<p>Turnstyle principal and creative director Steven Watson was invited to serve as a juror for Communication Arts magazine\\u2019s 56th Annual Design Competition. Communication Arts is a professional journal for designers, art directors, design firms, corporate design departments, agencies and everyone involved in visual communications. The CA Design Annual, published each September,&nbsp;is one of the most respected competitions in our industry.&nbsp;<\\/p>\\r\\n\\r\\n<p>Of the 4,083 entries to the 56th Design Annual, only 153 were accepted, representing the work of 141 designers, design firms and in-house design departments, making the Design Annual the most exclusive major design competition in the world. Entries were selected on the basis of creative excellence and quality of execution.<\\/p>\",\"verticalSpacingLevel\":\"vertical-spacing-1\",\"backgroundColor\":\"#000000\"}},\"124\":{\"type\":\"insetImage\",\"enabled\":\"1\",\"fields\":{\"image\":[\"120\"],\"imageWidth\":\"50\",\"verticalSpacingLevel\":\"vertical-spacing-1\",\"backgroundColor\":\"#ffffff\"}},\"126\":{\"type\":\"centeredText\",\"enabled\":\"1\",\"fields\":{\"text\":\"<p>Steve screened entries along with five other jurors: Kelly Bjork (VSA Partners), Dora Drimalas (Hybrid-Design), Jay Fletcher (J Fletcher Deisgn), Jeffrey Keyton (MTV), and Jean Coyne (executive editor of Communication Arts magazine). It was an honor to be asked to participate alongside such accomplished fellow jurors.<\\/p>\\r\\n\\r\\n<p>In the column that accompanies the design competition, Steve was asked for his point of view on the entries and the design trends they represent. He replied that \\u201ctechnology will continue to change how we consume media, images, and messages. But the underlying principles of design will always be relevant in communicating effectively, regardless of how the future evolves.\\u201d<\\/p>\",\"verticalSpacingLevel\":\"vertical-spacing-1\",\"backgroundColor\":\"#000000\"}}},\"5\":[\"168\"]}}', '2016-11-22 21:58:43', '2016-11-22 21:58:43', 'e1a7a931-9826-403c-b6c0-33fb4e1ca7d7'),
 ('253', '118', '2', '1', 'en_us', '3', '', '{\"typeId\":\"2\",\"authorId\":\"1\",\"title\":\"We\'re Building Our Own Building\",\"slug\":\"were-building-our-own-building\",\"postDate\":1478209380,\"expiryDate\":null,\"enabled\":1,\"parentId\":null,\"fields\":{\"48\":\"\",\"29\":\"#000000\",\"7\":[\"173\"],\"4\":\"#000000\",\"54\":[\"111\"],\"10\":{\"119\":{\"type\":\"centeredText\",\"enabled\":\"1\",\"fields\":{\"text\":\"<p>Together with our brand strategy partners at&nbsp;<a href=\\\"http:\\/\\/stokestrategy.com\\/\\\">Stoke,<\\/a>&nbsp;Turnstyle is breaking ground on a new 5,000 sq. foot office in August 2016. The building will serve as home for 20+ strategists, designers and developers. Located on Canal Street, the park-side project borders the Burke-Gilman Trail and overlooks the Fremont Cut waterway. &nbsp;<\\/p>\\r\\n\\r\\n<p>\\\"The firms continue to grow, and our need for space was at odds with the long-term lease trends of Seattle,\\u201d said Stoke partner Erin Quick. \\u201cIt makes good financial sense for the businesses, and for the firms\\u2019 practices. We\\u2019re creating a unique place where creative thinkers can do their best work, and clients can collaborate with us in new and different ways.\\u201d<\\/p>\\r\\n\\r\\n\\r\\n\\r\\n\\r\\n\\r\\n<p>On the street level, a cafe-style collaboration space serves as a foundation to two levels with open-floor studios and meeting space. Designed with 16\\u2019 floor-to-ceiling windows, the plan takes advantage of the views over the trail and canal.<\\/p>\\r\\n\\r\\n\\r\\n\\r\\n\\r\\n\\r\\n<p>\\u201cThe work areas will be bathed with natural light. An open atrium at the center creates visual interest, with the benefit of passive solar design,\\u201d said Ben Graham, partner at Turnstyle. \\u201cIt\'s a design-friendly environment that makes the best of our open, collaborative work style.\\u201d&nbsp;<\\/p>\\r\\n\\r\\n\\r\\n\\r\\n\\r\\n\\r\\n<p>\\u201cThe commercial office market is racing, and the long-term value for buyers in Seattle looks good,\\u201d noted Graham. \\u201cAs the business environment accelerates, having a place that minimizes our commutes, offers easy access to downtown, with everyday access to great restaurants, and enhances mobility options on the Burke-Gilman Trail \\u2013 all with a deck and a view \\u2013 seemed like a winning combination.\\u201d<\\/p>\\r\\n\\r\\n\\r\\n\\r\\n\\r\\n\\r\\n<p>The architecture was led by award-winning&nbsp;<a href=\\\"http:\\/\\/heliotropearchitects.com\\/\\\">Heliotrope,<\\/a>&nbsp;of Ballard. Seattle\\u2019s&nbsp;<a href=\\\"http:\\/\\/westernventures.com\\/\\\">Western Ventures<\\/a>serves as the general contractor.<\\/p>\\r\\n\\r\\n\\r\\n\\r\\n\\r\\n\\r\\n<p>Construction is targeted for completion in June, 2017.<\\/p>\",\"verticalSpacingLevel\":\"vertical-spacing-0\",\"backgroundColor\":\"#000000\"}}},\"5\":[\"167\"]}}', '2016-11-22 22:03:36', '2016-11-22 22:03:36', 'a7515dee-d202-44e2-877f-3c37ce8deb26'),
 ('254', '112', '2', '1', 'en_us', '5', '', '{\"typeId\":\"2\",\"authorId\":\"1\",\"title\":\"Turnstyle Featured in IdN Magazine\",\"slug\":\"turnstyle-featured-in-idn-magazine\",\"postDate\":1478208900,\"expiryDate\":null,\"enabled\":1,\"parentId\":null,\"fields\":{\"48\":\"\",\"29\":\"#000000\",\"7\":[\"174\"],\"4\":\"#000000\",\"54\":[\"109\"],\"10\":{\"115\":{\"type\":\"centeredText\",\"enabled\":\"1\",\"fields\":{\"text\":\"<p>Lorem ipsum dolor sit amet, consectetur adipiscing elit. Integer posuere erat a ante venenatis dapibus posuere velit aliquet. Donec ullamcorper nulla non metus auctor fringilla. Nulla vitae elit libero, a pharetra augue. Fusce dapibus, tellus ac cursus commodo, tortor mauris condimentum nibh, ut fermentum massa justo sit amet risus. Etiam porta sem malesuada magna mollis euismod.<\\/p>\",\"verticalSpacingLevel\":\"vertical-spacing-1\",\"backgroundColor\":\"#000000\"}},\"116\":{\"type\":\"carousel\",\"enabled\":\"1\",\"fields\":{\"images\":[\"48\",\"49\",\"50\"],\"verticalSpacingLevel\":\"vertical-spacing-2\"}}},\"5\":[\"169\"]}}', '2016-11-22 22:04:12', '2016-11-22 22:04:12', '6d7f632a-f124-4aeb-ab21-48b6f8f7d8f6'),
 ('255', '122', '2', '46', 'en_us', '11', '', '{\"typeId\":\"2\",\"authorId\":\"1\",\"title\":\"Turnstyle Principal Juror for Comm Arts Design Annual\",\"slug\":\"turnstyle-principal-serves-as-juror-for-communication-arts-design-annual\",\"postDate\":1478209620,\"expiryDate\":null,\"enabled\":1,\"parentId\":null,\"fields\":{\"48\":{\"125\":{\"type\":\"1\",\"fields\":{\"backgroundImage\":\"\",\"backgroundColor\":\"#ffae96\",\"linkUrl\":\"\\/journal\",\"header\":\"I\\r\\nWanna\\r\\nRead\\r\\nMore\",\"subtext\":\"Our Journal\",\"fontColor\":\"#ffffff\"}}},\"29\":\"#daff00\",\"7\":[\"172\"],\"4\":\"#000000\",\"54\":[\"111\"],\"10\":{\"123\":{\"type\":\"centeredText\",\"enabled\":\"1\",\"fields\":{\"text\":\"<p>Turnstyle principal and creative director Steven Watson was invited to serve as a juror for Communication Arts magazine\\u2019s 56th Annual Design Competition. Communication Arts is a professional journal for designers, art directors, design firms, corporate design departments, agencies and everyone involved in visual communications. The CA Design Annual, published each September,&nbsp;is one of the most respected competitions in our industry.&nbsp;<\\/p>\\r\\n<p>Of the 4,083 entries to the 56th Design Annual, only 153 were accepted, representing the work of 141 designers, design firms and in-house design departments, making the Design Annual the most exclusive major design competition in the world. Entries were selected on the basis of creative excellence and quality of execution.<\\/p>\",\"verticalSpacingLevel\":\"vertical-spacing-1\",\"backgroundColor\":\"#000000\"}},\"124\":{\"type\":\"insetImage\",\"enabled\":\"1\",\"fields\":{\"image\":[\"120\"],\"imageWidth\":\"50\",\"verticalSpacingLevel\":\"vertical-spacing-1\",\"backgroundColor\":\"#ffffff\"}},\"126\":{\"type\":\"centeredText\",\"enabled\":\"1\",\"fields\":{\"text\":\"<p>Steve screened entries along with five other jurors: Kelly Bjork (VSA Partners), Dora Drimalas (Hybrid-Design), Jay Fletcher (J Fletcher Deisgn), Jeffrey Keyton (MTV), and Jean Coyne (executive editor of Communication Arts magazine). It was an honor to be asked to participate alongside such accomplished fellow jurors.<\\/p>\\r\\n<p>In the column that accompanies the design competition, Steve was asked for his point of view on the entries and the design trends they represent. He replied that \\u201ctechnology will continue to change how we consume media, images, and messages. But the underlying principles of design will always be relevant in communicating effectively, regardless of how the future evolves.\\u201d<\\/p>\",\"verticalSpacingLevel\":\"vertical-spacing-1\",\"backgroundColor\":\"#000000\"}}},\"5\":[\"168\"]}}', '2016-11-22 22:23:44', '2016-11-22 22:23:44', 'baa6f5a0-d925-4901-a7f1-929c9b037910'),
 ('256', '15', '3', '1', 'en_us', '77', '', '{\"typeId\":\"3\",\"authorId\":\"1\",\"title\":\"Justin Golmer\",\"slug\":\"justin-golmer-promo\",\"postDate\":1476391140,\"expiryDate\":null,\"enabled\":1,\"parentId\":null,\"fields\":{\"14\":[{\"col1\":\"Recogonition\",\"col2\":\"Print Regional Design Annual 2015\"}],\"3\":[\"12\"],\"29\":\"#efefef\",\"9\":\"Wake up\\r\\nStyle\\r\\nshoot\\r\\ndo it all\\r\\nagain\",\"7\":[\"177\"],\"4\":\"#ffae96\",\"8\":\"<p class=\\\"large\\\">Justin Gollmer, one of our go-to photography partners, asked us design a ten-year retrospective promotional brochure. Wake, Style, Shoot, Do It All Again is a collection of images highlighting his work behind, beside, and around the camera. The brochure is divided into four sections that blur the lines between Gollmer\\u2019s personal and commercial work: people, action, travel, and product. Short sheets bound to the exterior provide thumbnail image guides to each section with captions for each image.<\\/p>\",\"10\":{\"28\":{\"type\":\"largeImage\",\"enabled\":\"1\",\"fields\":{\"image\":[\"178\"],\"layoutOptions\":\"full-width\",\"verticalSpacingLevel\":\"vertical-spacing-0\"}},\"41\":{\"type\":\"video\",\"enabled\":\"1\",\"fields\":{\"vimeoVideoId\":\"172827555\",\"autoplay\":\"1\",\"framed\":\"1\"}},\"31\":{\"type\":\"insetImage\",\"enabled\":\"1\",\"fields\":{\"image\":[\"179\"],\"imageWidth\":\"50\",\"verticalSpacingLevel\":\"vertical-spacing-2\",\"backgroundColor\":\"#d6ff2e\"}},\"53\":{\"type\":\"video\",\"enabled\":\"1\",\"fields\":{\"vimeoVideoId\":\"172827555\",\"autoplay\":\"1\",\"framed\":\"\"}},\"134\":{\"type\":\"imageWithDescription\",\"enabled\":\"1\",\"fields\":{\"position\":\"left\",\"image\":[\"180\"],\"imageWidth\":\"50\",\"description\":\"<p>Subtitle<\\/p>\\r\\n<p>Donec id elit non mi porta gravida at eget metus. Fusce dapibus, tellus ac cursus commodo, tortor mauris condimentum nibh, ut fermentum massa justo sit amet risus. Etiam porta sem malesuada magna mollis euismod. Lorem ipsum dolor sit.<\\/p>\",\"verticalSpacingLevel\":\"vertical-spacing-1\",\"backgroundColor\":\"#ffffff\"}},\"32\":{\"type\":\"imageWithDescription\",\"enabled\":\"1\",\"fields\":{\"position\":\"right\",\"image\":[\"180\"],\"imageWidth\":\"50\",\"description\":\"<p class=\\\"large\\\">Subtitle<\\/p>\\r\\n<p class=\\\"large\\\">Donec id elit non mi porta gravida at eget metus. Fusce dapibus, tellus ac cursus commodo, tortor mauris condimentum nibh, ut fermentum massa justo sit amet risus. Etiam porta sem malesuada magna mollis euismod. Lorem ipsum dolor sit.<\\/p>\",\"verticalSpacingLevel\":\"vertical-spacing-2\",\"backgroundColor\":\"#f5f5f5\"}},\"37\":{\"type\":\"twoUpImages\",\"enabled\":\"1\",\"fields\":{\"leftImage\":[\"181\"],\"rightImage\":[\"182\"],\"verticalSpacingLevel\":\"vertical-spacing-2\"}},\"38\":{\"type\":\"centeredText\",\"enabled\":\"1\",\"fields\":{\"text\":\"<p class=\\\"large\\\"><span class=\\\"white\\\">Donec sed odio dui. Nullam quis risus eget urna mollis ornare vel eu leo. Praesent commodo cursus magna, vel scelerisque nisl consectetur et. Cras mattis consectetur purus sit amet fermentum. Maecenas sed diam eget risus varius blandit sit amet non magna. Praesent commodo cursus magna, vel scelerisque nisl consectetur et.<\\/span><\\/p>\",\"verticalSpacingLevel\":\"vertical-spacing-4\",\"backgroundColor\":\"#0000ff\"}},\"42\":{\"type\":\"video\",\"enabled\":\"1\",\"fields\":{\"vimeoVideoId\":\"172827555\",\"autoplay\":\"\",\"framed\":\"1\"}},\"52\":{\"type\":\"carousel\",\"enabled\":\"1\",\"fields\":{\"images\":[\"183\"],\"verticalSpacingLevel\":\"vertical-spacing-2\"}}},\"6\":\"Photography Promo\",\"5\":[\"168\"]}}', '2016-11-22 22:36:43', '2016-11-22 22:36:43', '925e6538-678a-4365-928a-c3e0f1574ea1'),
 ('257', '15', '3', '1', 'en_us', '78', '', '{\"typeId\":\"3\",\"authorId\":\"1\",\"title\":\"Justin Golmer\",\"slug\":\"justin-golmer-promo\",\"postDate\":1476391140,\"expiryDate\":null,\"enabled\":1,\"parentId\":null,\"fields\":{\"14\":[{\"col1\":\"Recogonition\",\"col2\":\"Print Regional Design Annual 2015\"}],\"3\":[\"12\"],\"29\":\"#efefef\",\"9\":\"Wake up\\r\\nStyle\\r\\nshoot\\r\\ndo it all\\r\\nagain\",\"7\":[\"177\"],\"4\":\"#ffae96\",\"8\":\"<p class=\\\"large\\\">Justin Gollmer, one of our go-to photography partners, asked us design a ten-year retrospective promotional brochure. Wake, Style, Shoot, Do It All Again is a collection of images highlighting his work behind, beside, and around the camera. The brochure is divided into four sections that blur the lines between Gollmer\\u2019s personal and commercial work: people, action, travel, and product. Short sheets bound to the exterior provide thumbnail image guides to each section with captions for each image.<\\/p>\",\"62\":[\"184\"],\"10\":{\"28\":{\"type\":\"largeImage\",\"enabled\":\"1\",\"fields\":{\"image\":[\"177\"],\"layoutOptions\":\"full-width\",\"verticalSpacingLevel\":\"vertical-spacing-0\"}},\"41\":{\"type\":\"video\",\"enabled\":\"1\",\"fields\":{\"vimeoVideoId\":\"172827555\",\"autoplay\":\"1\",\"framed\":\"1\"}},\"31\":{\"type\":\"insetImage\",\"enabled\":\"1\",\"fields\":{\"image\":[\"179\"],\"imageWidth\":\"50\",\"verticalSpacingLevel\":\"vertical-spacing-2\",\"backgroundColor\":\"#d6ff2e\"}},\"53\":{\"type\":\"video\",\"enabled\":\"1\",\"fields\":{\"vimeoVideoId\":\"172827555\",\"autoplay\":\"1\",\"framed\":\"\"}},\"134\":{\"type\":\"imageWithDescription\",\"enabled\":\"1\",\"fields\":{\"position\":\"left\",\"image\":[\"179\"],\"imageWidth\":\"50\",\"description\":\"<p>Subtitle<\\/p>\\r\\n<p>Donec id elit non mi porta gravida at eget metus. Fusce dapibus, tellus ac cursus commodo, tortor mauris condimentum nibh, ut fermentum massa justo sit amet risus. Etiam porta sem malesuada magna mollis euismod. Lorem ipsum dolor sit.<\\/p>\",\"verticalSpacingLevel\":\"vertical-spacing-1\",\"backgroundColor\":\"#ffffff\"}},\"32\":{\"type\":\"imageWithDescription\",\"enabled\":\"1\",\"fields\":{\"position\":\"right\",\"image\":[\"179\"],\"imageWidth\":\"50\",\"description\":\"<p class=\\\"large\\\">Subtitle<\\/p>\\r\\n<p class=\\\"large\\\">Donec id elit non mi porta gravida at eget metus. Fusce dapibus, tellus ac cursus commodo, tortor mauris condimentum nibh, ut fermentum massa justo sit amet risus. Etiam porta sem malesuada magna mollis euismod. Lorem ipsum dolor sit.<\\/p>\",\"verticalSpacingLevel\":\"vertical-spacing-2\",\"backgroundColor\":\"#f5f5f5\"}},\"37\":{\"type\":\"twoUpImages\",\"enabled\":\"1\",\"fields\":{\"leftImage\":[\"179\"],\"rightImage\":[\"179\"],\"verticalSpacingLevel\":\"vertical-spacing-2\"}},\"38\":{\"type\":\"centeredText\",\"enabled\":\"1\",\"fields\":{\"text\":\"<p class=\\\"large\\\"><span class=\\\"white\\\">Donec sed odio dui. Nullam quis risus eget urna mollis ornare vel eu leo. Praesent commodo cursus magna, vel scelerisque nisl consectetur et. Cras mattis consectetur purus sit amet fermentum. Maecenas sed diam eget risus varius blandit sit amet non magna. Praesent commodo cursus magna, vel scelerisque nisl consectetur et.<\\/span><\\/p>\",\"verticalSpacingLevel\":\"vertical-spacing-4\",\"backgroundColor\":\"#0000ff\"}},\"42\":{\"type\":\"video\",\"enabled\":\"1\",\"fields\":{\"vimeoVideoId\":\"172827555\",\"autoplay\":\"\",\"framed\":\"1\"}},\"52\":{\"type\":\"carousel\",\"enabled\":\"1\",\"fields\":{\"images\":[\"179\"],\"verticalSpacingLevel\":\"vertical-spacing-2\"}}},\"6\":\"Photography Promo\"}}', '2016-11-22 22:48:11', '2016-11-22 22:48:11', '85fb2730-d56f-4177-9009-2eec052d71c9'),
 ('258', '16', '3', '1', 'en_us', '34', '', '{\"typeId\":\"3\",\"authorId\":\"1\",\"title\":\"Oiselle\",\"slug\":\"oiselle-identity\",\"postDate\":1476391140,\"expiryDate\":null,\"enabled\":1,\"parentId\":null,\"fields\":{\"14\":\"\",\"3\":[\"10\",\"11\",\"12\",\"14\"],\"29\":\"#efefef\",\"9\":\"AN\\r\\nINFUSION\\r\\nOF\\r\\nNEW\\r\\nENERGY\",\"7\":[\"185\"],\"4\":\"#ff5822\",\"8\":\"<p class=\\\"large\\\">As they prepared to open their first bricks and mortar store, Oiselle&mdash;a pioneer in women\\u2019s running and athletic fashion&mdash;had a mature brand that needed an infusion of new energy. Turnstyle worked with the Oiselle team to establish an updated identity system and then applied it to a huge range of customer touch points, coordinated to deliver, install and deploy in concert with their store opening in Seattle\\u2019s University Village in the summer of 2015.<\\/p>\",\"62\":\"\",\"10\":{\"137\":{\"type\":\"largeImage\",\"enabled\":\"1\",\"fields\":{\"image\":\"\",\"layoutOptions\":\"framed\",\"verticalSpacingLevel\":\"vertical-spacing-0\"}},\"140\":{\"type\":\"largeImage\",\"enabled\":\"1\",\"fields\":{\"image\":\"\",\"layoutOptions\":\"framed\",\"verticalSpacingLevel\":\"vertical-spacing-1\"}},\"141\":{\"type\":\"insetImage\",\"enabled\":\"1\",\"fields\":{\"image\":\"\",\"imageWidth\":\"50\",\"verticalSpacingLevel\":\"vertical-spacing-2\",\"backgroundColor\":\"#000000\"}},\"142\":{\"type\":\"imageWithDescription\",\"enabled\":\"1\",\"fields\":{\"position\":\"right\",\"image\":\"\",\"imageWidth\":\"100\",\"description\":\"<p class=\\\"large\\\">Donec id elit non mi porta gravida at eget metus. Duis mollis, est non commodo luctus, nisi erat porttitor ligula, eget lacinia odio sem nec elit. Maecenas sed diam eget risus varius blandit sit amet non magna. Morbi leo risus, porta ac consectetur ac, vestibulum at eros.<\\/p>\",\"verticalSpacingLevel\":\"vertical-spacing-2\",\"backgroundColor\":\"#afafaf\"}},\"143\":{\"type\":\"twoUpImages\",\"enabled\":\"1\",\"fields\":{\"leftImage\":\"\",\"rightImage\":\"\",\"verticalSpacingLevel\":\"vertical-spacing-4\"}},\"144\":{\"type\":\"centeredText\",\"enabled\":\"1\",\"fields\":{\"text\":\"<p class=\\\"large\\\">Donec id elit non mi porta gravida at eget metus. Duis mollis, est non commodo luctus, nisi erat porttitor ligula, eget lacinia odio sem nec elit. Maecenas sed diam eget risus varius blandit sit amet non magna. Morbi leo risus, porta ac consectetur ac, vestibulum at eros.<\\/p>\\r\\n<p class=\\\"large\\\"><\\/p>\",\"verticalSpacingLevel\":\"vertical-spacing-4\",\"backgroundColor\":\"#efefef\"}},\"145\":{\"type\":\"imageWithDescription\",\"enabled\":\"1\",\"fields\":{\"position\":\"left\",\"image\":\"\",\"imageWidth\":\"50\",\"description\":\"<p class=\\\"large\\\">Donec id elit non mi porta gravida at eget metus. Duis mollis, est non commodo luctus, nisi erat porttitor ligula, eget lacinia odio sem nec elit. Maecenas sed diam eget risus varius blandit sit amet non magna. Morbi leo risus, porta ac consectetur ac, vestibulum at eros.<\\/p>\\r\\n<p class=\\\"large\\\"><\\/p>\",\"verticalSpacingLevel\":\"vertical-spacing-2\",\"backgroundColor\":\"#ff5822\"}}},\"6\":\"Brand Identity System\"}}', '2016-11-22 22:50:49', '2016-11-22 22:50:49', 'd845f90c-7f0c-4f20-8062-02c1f230cb71'),
 ('259', '16', '3', '1', 'en_us', '35', '', '{\"typeId\":\"3\",\"authorId\":\"1\",\"title\":\"Oiselle\",\"slug\":\"oiselle-identity\",\"postDate\":1476391140,\"expiryDate\":null,\"enabled\":1,\"parentId\":null,\"fields\":{\"14\":\"\",\"3\":[\"10\",\"11\",\"12\",\"14\"],\"29\":\"#efefef\",\"9\":\"AN\\r\\nINFUSION\\r\\nOF\\r\\nNEW\\r\\nENERGY\",\"7\":[\"185\"],\"4\":\"#ff5822\",\"8\":\"<p class=\\\"large\\\">As they prepared to open their first bricks and mortar store, Oiselle&mdash;a pioneer in women\\u2019s running and athletic fashion&mdash;had a mature brand that needed an infusion of new energy. Turnstyle worked with the Oiselle team to establish an updated identity system and then applied it to a huge range of customer touch points, coordinated to deliver, install and deploy in concert with their store opening in Seattle\\u2019s University Village in the summer of 2015.<\\/p>\",\"62\":\"\",\"10\":{\"137\":{\"type\":\"largeImage\",\"enabled\":\"1\",\"fields\":{\"image\":[\"185\"],\"layoutOptions\":\"framed\",\"verticalSpacingLevel\":\"vertical-spacing-0\"}},\"140\":{\"type\":\"largeImage\",\"enabled\":\"1\",\"fields\":{\"image\":[\"185\"],\"layoutOptions\":\"framed\",\"verticalSpacingLevel\":\"vertical-spacing-1\"}},\"141\":{\"type\":\"insetImage\",\"enabled\":\"1\",\"fields\":{\"image\":[\"186\"],\"imageWidth\":\"50\",\"verticalSpacingLevel\":\"vertical-spacing-2\",\"backgroundColor\":\"#000000\"}},\"142\":{\"type\":\"imageWithDescription\",\"enabled\":\"1\",\"fields\":{\"position\":\"right\",\"image\":[\"186\"],\"imageWidth\":\"100\",\"description\":\"<p class=\\\"large\\\">Donec id elit non mi porta gravida at eget metus. Duis mollis, est non commodo luctus, nisi erat porttitor ligula, eget lacinia odio sem nec elit. Maecenas sed diam eget risus varius blandit sit amet non magna. Morbi leo risus, porta ac consectetur ac, vestibulum at eros.<\\/p>\",\"verticalSpacingLevel\":\"vertical-spacing-2\",\"backgroundColor\":\"#afafaf\"}},\"143\":{\"type\":\"twoUpImages\",\"enabled\":\"1\",\"fields\":{\"leftImage\":[\"186\"],\"rightImage\":[\"186\"],\"verticalSpacingLevel\":\"vertical-spacing-4\"}},\"144\":{\"type\":\"centeredText\",\"enabled\":\"1\",\"fields\":{\"text\":\"<p class=\\\"large\\\">Donec id elit non mi porta gravida at eget metus. Duis mollis, est non commodo luctus, nisi erat porttitor ligula, eget lacinia odio sem nec elit. Maecenas sed diam eget risus varius blandit sit amet non magna. Morbi leo risus, porta ac consectetur ac, vestibulum at eros.<\\/p>\\r\\n<p class=\\\"large\\\"><\\/p>\",\"verticalSpacingLevel\":\"vertical-spacing-4\",\"backgroundColor\":\"#efefef\"}},\"145\":{\"type\":\"imageWithDescription\",\"enabled\":\"1\",\"fields\":{\"position\":\"left\",\"image\":[\"186\"],\"imageWidth\":\"50\",\"description\":\"<p class=\\\"large\\\">Donec id elit non mi porta gravida at eget metus. Duis mollis, est non commodo luctus, nisi erat porttitor ligula, eget lacinia odio sem nec elit. Maecenas sed diam eget risus varius blandit sit amet non magna. Morbi leo risus, porta ac consectetur ac, vestibulum at eros.<\\/p>\\r\\n<p class=\\\"large\\\"><\\/p>\",\"verticalSpacingLevel\":\"vertical-spacing-2\",\"backgroundColor\":\"#ff5822\"}}},\"6\":\"Brand Identity System\"}}', '2016-11-22 22:51:34', '2016-11-22 22:51:34', '2287f6e4-ab50-4207-ac20-3f225a04426d'),
 ('260', '122', '2', '1', 'en_us', '12', '', '{\"typeId\":\"2\",\"authorId\":\"1\",\"title\":\"Turnstyle Principal Juror for Comm Arts Design Annual\",\"slug\":\"turnstyle-principal-serves-as-juror-for-communication-arts-design-annual\",\"postDate\":1478209620,\"expiryDate\":null,\"enabled\":1,\"parentId\":null,\"fields\":{\"48\":{\"125\":{\"type\":\"1\",\"fields\":{\"backgroundImage\":\"\",\"backgroundColor\":\"#ffae96\",\"linkUrl\":\"\\/journal\",\"header\":\"I\\r\\nWanna\\r\\nRead\\r\\nMore\",\"subtext\":\"Our Journal\",\"fontColor\":\"#ffffff\"}}},\"29\":\"#daff00\",\"7\":[\"187\"],\"4\":\"#000000\",\"54\":[\"111\"],\"10\":{\"123\":{\"type\":\"centeredText\",\"enabled\":\"1\",\"fields\":{\"text\":\"<p>Turnstyle principal and creative director Steven Watson was invited to serve as a juror for Communication Arts magazine\\u2019s 56th Annual Design Competition. Communication Arts is a professional journal for designers, art directors, design firms, corporate design departments, agencies and everyone involved in visual communications. The CA Design Annual, published each September,&nbsp;is one of the most respected competitions in our industry.&nbsp;<\\/p>\\r\\n<p>Of the 4,083 entries to the 56th Design Annual, only 153 were accepted, representing the work of 141 designers, design firms and in-house design departments, making the Design Annual the most exclusive major design competition in the world. Entries were selected on the basis of creative excellence and quality of execution.<\\/p>\",\"verticalSpacingLevel\":\"vertical-spacing-1\",\"backgroundColor\":\"#000000\"}},\"124\":{\"type\":\"insetImage\",\"enabled\":\"1\",\"fields\":{\"image\":\"\",\"imageWidth\":\"50\",\"verticalSpacingLevel\":\"vertical-spacing-1\",\"backgroundColor\":\"#ffffff\"}},\"126\":{\"type\":\"centeredText\",\"enabled\":\"1\",\"fields\":{\"text\":\"<p>Steve screened entries along with five other jurors: Kelly Bjork (VSA Partners), Dora Drimalas (Hybrid-Design), Jay Fletcher (J Fletcher Deisgn), Jeffrey Keyton (MTV), and Jean Coyne (executive editor of Communication Arts magazine). It was an honor to be asked to participate alongside such accomplished fellow jurors.<\\/p>\\r\\n<p>In the column that accompanies the design competition, Steve was asked for his point of view on the entries and the design trends they represent. He replied that \\u201ctechnology will continue to change how we consume media, images, and messages. But the underlying principles of design will always be relevant in communicating effectively, regardless of how the future evolves.\\u201d<\\/p>\",\"verticalSpacingLevel\":\"vertical-spacing-1\",\"backgroundColor\":\"#000000\"}}}}}', '2016-11-22 22:52:49', '2016-11-22 22:52:49', 'a05dcaea-ca9e-46b6-9fc5-36da3d063153'),
 ('261', '122', '2', '1', 'en_us', '13', '', '{\"typeId\":\"2\",\"authorId\":\"1\",\"title\":\"Turnstyle Principal Juror for Comm Arts Design Annual\",\"slug\":\"turnstyle-principal-serves-as-juror-for-communication-arts-design-annual\",\"postDate\":1478209620,\"expiryDate\":null,\"enabled\":1,\"parentId\":null,\"fields\":{\"48\":{\"125\":{\"type\":\"1\",\"fields\":{\"backgroundImage\":\"\",\"backgroundColor\":\"#ffae96\",\"linkUrl\":\"\\/journal\",\"header\":\"I\\r\\nWanna\\r\\nRead\\r\\nMore\",\"subtext\":\"Our Journal\",\"fontColor\":\"#ffffff\"}}},\"29\":\"#daff00\",\"7\":[\"187\"],\"4\":\"#000000\",\"54\":[\"111\"],\"62\":[\"188\"],\"10\":{\"123\":{\"type\":\"centeredText\",\"enabled\":\"1\",\"fields\":{\"text\":\"<p>Turnstyle principal and creative director Steven Watson was invited to serve as a juror for Communication Arts magazine\\u2019s 56th Annual Design Competition. Communication Arts is a professional journal for designers, art directors, design firms, corporate design departments, agencies and everyone involved in visual communications. The CA Design Annual, published each September,&nbsp;is one of the most respected competitions in our industry.&nbsp;<\\/p>\\r\\n<p>Of the 4,083 entries to the 56th Design Annual, only 153 were accepted, representing the work of 141 designers, design firms and in-house design departments, making the Design Annual the most exclusive major design competition in the world. Entries were selected on the basis of creative excellence and quality of execution.<\\/p>\",\"verticalSpacingLevel\":\"vertical-spacing-1\",\"backgroundColor\":\"#000000\"}},\"124\":{\"type\":\"insetImage\",\"enabled\":\"1\",\"fields\":{\"image\":\"\",\"imageWidth\":\"50\",\"verticalSpacingLevel\":\"vertical-spacing-1\",\"backgroundColor\":\"#ffffff\"}},\"126\":{\"type\":\"centeredText\",\"enabled\":\"1\",\"fields\":{\"text\":\"<p>Steve screened entries along with five other jurors: Kelly Bjork (VSA Partners), Dora Drimalas (Hybrid-Design), Jay Fletcher (J Fletcher Deisgn), Jeffrey Keyton (MTV), and Jean Coyne (executive editor of Communication Arts magazine). It was an honor to be asked to participate alongside such accomplished fellow jurors.<\\/p>\\r\\n<p>In the column that accompanies the design competition, Steve was asked for his point of view on the entries and the design trends they represent. He replied that \\u201ctechnology will continue to change how we consume media, images, and messages. But the underlying principles of design will always be relevant in communicating effectively, regardless of how the future evolves.\\u201d<\\/p>\",\"verticalSpacingLevel\":\"vertical-spacing-1\",\"backgroundColor\":\"#000000\"}}}}}', '2016-11-22 22:53:48', '2016-11-22 22:53:48', 'd120fef3-cae3-4474-a17f-9ff793cb313f'),
 ('262', '16', '3', '1', 'en_us', '36', '', '{\"typeId\":\"3\",\"authorId\":\"1\",\"title\":\"Oiselle\",\"slug\":\"oiselle-identity\",\"postDate\":1476391140,\"expiryDate\":null,\"enabled\":1,\"parentId\":null,\"fields\":{\"14\":\"\",\"3\":[\"10\",\"11\",\"12\",\"14\"],\"29\":\"#efefef\",\"9\":\"AN\\r\\nINFUSION\\r\\nOF\\r\\nNEW\\r\\nENERGY\",\"7\":[\"185\"],\"4\":\"#ff5822\",\"8\":\"<p class=\\\"large\\\">As they prepared to open their first bricks and mortar store, Oiselle&mdash;a pioneer in women\\u2019s running and athletic fashion&mdash;had a mature brand that needed an infusion of new energy. Turnstyle worked with the Oiselle team to establish an updated identity system and then applied it to a huge range of customer touch points, coordinated to deliver, install and deploy in concert with their store opening in Seattle\\u2019s University Village in the summer of 2015.<\\/p>\",\"62\":[\"189\"],\"10\":{\"137\":{\"type\":\"largeImage\",\"enabled\":\"1\",\"fields\":{\"image\":[\"185\"],\"layoutOptions\":\"framed\",\"verticalSpacingLevel\":\"vertical-spacing-0\"}},\"140\":{\"type\":\"largeImage\",\"enabled\":\"1\",\"fields\":{\"image\":[\"185\"],\"layoutOptions\":\"framed\",\"verticalSpacingLevel\":\"vertical-spacing-1\"}},\"141\":{\"type\":\"insetImage\",\"enabled\":\"1\",\"fields\":{\"image\":[\"186\"],\"imageWidth\":\"50\",\"verticalSpacingLevel\":\"vertical-spacing-2\",\"backgroundColor\":\"#000000\"}},\"142\":{\"type\":\"imageWithDescription\",\"enabled\":\"1\",\"fields\":{\"position\":\"right\",\"image\":[\"186\"],\"imageWidth\":\"100\",\"description\":\"<p class=\\\"large\\\">Donec id elit non mi porta gravida at eget metus. Duis mollis, est non commodo luctus, nisi erat porttitor ligula, eget lacinia odio sem nec elit. Maecenas sed diam eget risus varius blandit sit amet non magna. Morbi leo risus, porta ac consectetur ac, vestibulum at eros.<\\/p>\",\"verticalSpacingLevel\":\"vertical-spacing-2\",\"backgroundColor\":\"#afafaf\"}},\"143\":{\"type\":\"twoUpImages\",\"enabled\":\"1\",\"fields\":{\"leftImage\":[\"186\"],\"rightImage\":[\"186\"],\"verticalSpacingLevel\":\"vertical-spacing-4\"}},\"144\":{\"type\":\"centeredText\",\"enabled\":\"1\",\"fields\":{\"text\":\"<p class=\\\"large\\\">Donec id elit non mi porta gravida at eget metus. Duis mollis, est non commodo luctus, nisi erat porttitor ligula, eget lacinia odio sem nec elit. Maecenas sed diam eget risus varius blandit sit amet non magna. Morbi leo risus, porta ac consectetur ac, vestibulum at eros.<\\/p>\\r\\n<p class=\\\"large\\\"><\\/p>\",\"verticalSpacingLevel\":\"vertical-spacing-4\",\"backgroundColor\":\"#efefef\"}},\"145\":{\"type\":\"imageWithDescription\",\"enabled\":\"1\",\"fields\":{\"position\":\"left\",\"image\":[\"186\"],\"imageWidth\":\"50\",\"description\":\"<p class=\\\"large\\\">Donec id elit non mi porta gravida at eget metus. Duis mollis, est non commodo luctus, nisi erat porttitor ligula, eget lacinia odio sem nec elit. Maecenas sed diam eget risus varius blandit sit amet non magna. Morbi leo risus, porta ac consectetur ac, vestibulum at eros.<\\/p>\\r\\n<p class=\\\"large\\\"><\\/p>\",\"verticalSpacingLevel\":\"vertical-spacing-2\",\"backgroundColor\":\"#ff5822\"}}},\"6\":\"Brand Identity System\"}}', '2016-11-22 23:09:55', '2016-11-22 23:09:55', 'bf993148-8c0b-461d-aeb3-c2b8ec8a9c69'),
 ('263', '118', '2', '1', 'en_us', '4', '', '{\"typeId\":\"2\",\"authorId\":\"1\",\"title\":\"We\'re Building Our Own Building\",\"slug\":\"were-building-our-own-building\",\"postDate\":1478209380,\"expiryDate\":null,\"enabled\":1,\"parentId\":null,\"fields\":{\"48\":\"\",\"29\":\"#000000\",\"7\":[\"190\"],\"4\":\"#000000\",\"54\":[\"111\"],\"62\":\"\",\"10\":{\"119\":{\"type\":\"centeredText\",\"enabled\":\"1\",\"fields\":{\"text\":\"<p>Together with our brand strategy partners at&nbsp;<a href=\\\"http:\\/\\/stokestrategy.com\\/\\\">Stoke,<\\/a>&nbsp;Turnstyle is breaking ground on a new 5,000 sq. foot office in August 2016. The building will serve as home for 20+ strategists, designers and developers. Located on Canal Street, the park-side project borders the Burke-Gilman Trail and overlooks the Fremont Cut waterway. &nbsp;<\\/p>\\r\\n<p>\\\"The firms continue to grow, and our need for space was at odds with the long-term lease trends of Seattle,\\u201d said Stoke partner Erin Quick. \\u201cIt makes good financial sense for the businesses, and for the firms\\u2019 practices. We\\u2019re creating a unique place where creative thinkers can do their best work, and clients can collaborate with us in new and different ways.\\u201d<\\/p>\\r\\n<p>On the street level, a cafe-style collaboration space serves as a foundation to two levels with open-floor studios and meeting space. Designed with 16\\u2019 floor-to-ceiling windows, the plan takes advantage of the views over the trail and canal.<\\/p>\\r\\n<p>\\u201cThe work areas will be bathed with natural light. An open atrium at the center creates visual interest, with the benefit of passive solar design,\\u201d said Ben Graham, partner at Turnstyle. \\u201cIt\'s a design-friendly environment that makes the best of our open, collaborative work style.\\u201d&nbsp;<\\/p>\\r\\n<p>\\u201cThe commercial office market is racing, and the long-term value for buyers in Seattle looks good,\\u201d noted Graham. \\u201cAs the business environment accelerates, having a place that minimizes our commutes, offers easy access to downtown, with everyday access to great restaurants, and enhances mobility options on the Burke-Gilman Trail \\u2013 all with a deck and a view \\u2013 seemed like a winning combination.\\u201d<\\/p>\\r\\n<p>The architecture was led by award-winning&nbsp;<a href=\\\"http:\\/\\/heliotropearchitects.com\\/\\\">Heliotrope,<\\/a>&nbsp;of Ballard. Seattle\\u2019s&nbsp;<a href=\\\"http:\\/\\/westernventures.com\\/\\\">Western Ventures<\\/a>serves as the general contractor.<\\/p>\\r\\n<p>Construction is targeted for completion in June, 2017.<\\/p>\",\"verticalSpacingLevel\":\"vertical-spacing-0\",\"backgroundColor\":\"#000000\"}}}}}', '2016-11-22 23:35:14', '2016-11-22 23:35:14', '65f4e383-39c9-48f4-a39d-a700b068f526'),
 ('264', '118', '2', '1', 'en_us', '5', '', '{\"typeId\":\"2\",\"authorId\":\"1\",\"title\":\"We\'re Building Our Own Building\",\"slug\":\"were-building-our-own-building\",\"postDate\":1478209380,\"expiryDate\":null,\"enabled\":1,\"parentId\":null,\"fields\":{\"48\":\"\",\"29\":\"#000000\",\"7\":[\"190\"],\"4\":\"#000000\",\"54\":[\"111\"],\"62\":[\"191\"],\"10\":{\"119\":{\"type\":\"centeredText\",\"enabled\":\"1\",\"fields\":{\"text\":\"<p>Together with our brand strategy partners at&nbsp;<a href=\\\"http:\\/\\/stokestrategy.com\\/\\\">Stoke,<\\/a>&nbsp;Turnstyle is breaking ground on a new 5,000 sq. foot office in August 2016. The building will serve as home for 20+ strategists, designers and developers. Located on Canal Street, the park-side project borders the Burke-Gilman Trail and overlooks the Fremont Cut waterway. &nbsp;<\\/p>\\r\\n<p>\\\"The firms continue to grow, and our need for space was at odds with the long-term lease trends of Seattle,\\u201d said Stoke partner Erin Quick. \\u201cIt makes good financial sense for the businesses, and for the firms\\u2019 practices. We\\u2019re creating a unique place where creative thinkers can do their best work, and clients can collaborate with us in new and different ways.\\u201d<\\/p>\\r\\n<p>On the street level, a cafe-style collaboration space serves as a foundation to two levels with open-floor studios and meeting space. Designed with 16\\u2019 floor-to-ceiling windows, the plan takes advantage of the views over the trail and canal.<\\/p>\\r\\n<p>\\u201cThe work areas will be bathed with natural light. An open atrium at the center creates visual interest, with the benefit of passive solar design,\\u201d said Ben Graham, partner at Turnstyle. \\u201cIt\'s a design-friendly environment that makes the best of our open, collaborative work style.\\u201d&nbsp;<\\/p>\\r\\n<p>\\u201cThe commercial office market is racing, and the long-term value for buyers in Seattle looks good,\\u201d noted Graham. \\u201cAs the business environment accelerates, having a place that minimizes our commutes, offers easy access to downtown, with everyday access to great restaurants, and enhances mobility options on the Burke-Gilman Trail \\u2013 all with a deck and a view \\u2013 seemed like a winning combination.\\u201d<\\/p>\\r\\n<p>The architecture was led by award-winning&nbsp;<a href=\\\"http:\\/\\/heliotropearchitects.com\\/\\\">Heliotrope,<\\/a>&nbsp;of Ballard. Seattle\\u2019s&nbsp;<a href=\\\"http:\\/\\/westernventures.com\\/\\\">Western Ventures<\\/a>serves as the general contractor.<\\/p>\\r\\n<p>Construction is targeted for completion in June, 2017.<\\/p>\",\"verticalSpacingLevel\":\"vertical-spacing-0\",\"backgroundColor\":\"#000000\"}}}}}', '2016-11-22 23:35:32', '2016-11-22 23:35:32', '6c18df45-eedf-4942-b4e3-3225883725d2'),
 ('265', '44', '6', '1', 'en_us', '2', '', '{\"typeId\":null,\"authorId\":null,\"title\":\"Journal\",\"slug\":\"journal\",\"postDate\":1476834521,\"expiryDate\":null,\"enabled\":1,\"parentId\":null,\"fields\":{\"48\":{\"new1\":{\"type\":\"1\",\"fields\":{\"backgroundImage\":\"\",\"backgroundColor\":\"#3c00ff\",\"linkUrl\":\"\\/work\",\"header\":\"See \\r\\nOur\\r\\nWork\",\"subtext\":\"\",\"fontColor\":\"#000000\"}}}}}', '2016-11-22 23:47:09', '2016-11-22 23:47:09', '77b991c3-86db-4456-9301-5aa12a52c240'),
 ('266', '122', '2', '1', 'en_us', '14', '', '{\"typeId\":\"2\",\"authorId\":\"1\",\"title\":\"Turnstyle Principal Juror for Comm Arts Design Annual\",\"slug\":\"turnstyle-principal-serves-as-juror-for-communication-arts-design-annual\",\"postDate\":1478209620,\"expiryDate\":null,\"enabled\":1,\"parentId\":null,\"fields\":{\"48\":{\"125\":{\"type\":\"1\",\"fields\":{\"backgroundImage\":\"\",\"backgroundColor\":\"#ffae96\",\"linkUrl\":\"\\/journal\",\"header\":\"I\\r\\nWanna\\r\\nRead\\r\\nMore\",\"subtext\":\"Our Journal\",\"fontColor\":\"#ffffff\"}}},\"29\":\"#daff00\",\"7\":[\"187\"],\"4\":\"#000000\",\"54\":[\"111\"],\"62\":[\"188\"],\"10\":{\"123\":{\"type\":\"centeredText\",\"enabled\":\"1\",\"fields\":{\"text\":\"<p>Turnstyle principal and creative director Steven Watson was invited to serve as a juror for Communication Arts magazine\\u2019s 56th Annual Design Competition. Communication Arts is a professional journal for designers, art directors, design firms, corporate design departments, agencies and everyone involved in visual communications. The CA Design Annual, published each September,&nbsp;is one of the most respected competitions in our industry.&nbsp;<\\/p>\\r\\n<p>Of the 4,083 entries to the 56th Design Annual, only 153 were accepted, representing the work of 141 designers, design firms and in-house design departments, making the Design Annual the most exclusive major design competition in the world. Entries were selected on the basis of creative excellence and quality of execution.<\\/p>\",\"verticalSpacingLevel\":\"vertical-spacing-1\",\"backgroundColor\":\"#000000\"}},\"124\":{\"type\":\"insetImage\",\"enabled\":\"1\",\"fields\":{\"image\":[\"193\"],\"imageWidth\":\"50\",\"verticalSpacingLevel\":\"vertical-spacing-1\",\"backgroundColor\":\"#ffffff\"}},\"126\":{\"type\":\"centeredText\",\"enabled\":\"1\",\"fields\":{\"text\":\"<p>Steve screened entries along with five other jurors: Kelly Bjork (VSA Partners), Dora Drimalas (Hybrid-Design), Jay Fletcher (J Fletcher Deisgn), Jeffrey Keyton (MTV), and Jean Coyne (executive editor of Communication Arts magazine). It was an honor to be asked to participate alongside such accomplished fellow jurors.<\\/p>\\r\\n<p>In the column that accompanies the design competition, Steve was asked for his point of view on the entries and the design trends they represent. He replied that \\u201ctechnology will continue to change how we consume media, images, and messages. But the underlying principles of design will always be relevant in communicating effectively, regardless of how the future evolves.\\u201d<\\/p>\",\"verticalSpacingLevel\":\"vertical-spacing-1\",\"backgroundColor\":\"#000000\"}}}}}', '2016-11-22 23:55:21', '2016-11-22 23:55:21', '71ee2e94-5c47-404a-9621-de55f86ecea2'),
 ('267', '122', '2', '1', 'en_us', '15', '', '{\"typeId\":\"2\",\"authorId\":\"1\",\"title\":\"Turnstyle Principal Juror for Comm Arts Design Annual\",\"slug\":\"turnstyle-principal-serves-as-juror-for-communication-arts-design-annual\",\"postDate\":1478209620,\"expiryDate\":null,\"enabled\":1,\"parentId\":null,\"fields\":{\"48\":{\"125\":{\"type\":\"1\",\"fields\":{\"backgroundImage\":\"\",\"backgroundColor\":\"#ffae96\",\"linkUrl\":\"\\/journal\",\"header\":\"I\\r\\nWanna\\r\\nRead\\r\\nMore\",\"subtext\":\"Our Journal\",\"fontColor\":\"#ffffff\"}}},\"29\":\"#daff00\",\"7\":[\"187\"],\"4\":\"#000000\",\"54\":[\"111\"],\"62\":[\"188\"],\"10\":{\"123\":{\"type\":\"centeredText\",\"enabled\":\"1\",\"fields\":{\"text\":\"<p>Turnstyle principal and creative director Steven Watson was invited to serve as a juror for Communication Arts magazine\\u2019s 56th Annual Design Competition. Communication Arts is a professional journal for designers, art directors, design firms, corporate design departments, agencies and everyone involved in visual communications. The CA Design Annual, published each September,&nbsp;is one of the most respected competitions in our industry.&nbsp;<\\/p>\\r\\n<p>Of the 4,083 entries to the 56th Design Annual, only 153 were accepted, representing the work of 141 designers, design firms and in-house design departments, making the Design Annual the most exclusive major design competition in the world. Entries were selected on the basis of creative excellence and quality of execution.<\\/p>\",\"verticalSpacingLevel\":\"vertical-spacing-1\",\"backgroundColor\":\"#ffffff\"}},\"124\":{\"type\":\"insetImage\",\"enabled\":\"1\",\"fields\":{\"image\":[\"193\"],\"imageWidth\":\"50\",\"verticalSpacingLevel\":\"vertical-spacing-1\",\"backgroundColor\":\"#ffffff\"}},\"126\":{\"type\":\"centeredText\",\"enabled\":\"1\",\"fields\":{\"text\":\"<p>Steve screened entries along with five other jurors: Kelly Bjork (VSA Partners), Dora Drimalas (Hybrid-Design), Jay Fletcher (J Fletcher Deisgn), Jeffrey Keyton (MTV), and Jean Coyne (executive editor of Communication Arts magazine). It was an honor to be asked to participate alongside such accomplished fellow jurors.<\\/p>\\r\\n<p>In the column that accompanies the design competition, Steve was asked for his point of view on the entries and the design trends they represent. He replied that \\u201ctechnology will continue to change how we consume media, images, and messages. But the underlying principles of design will always be relevant in communicating effectively, regardless of how the future evolves.\\u201d<\\/p>\",\"verticalSpacingLevel\":\"vertical-spacing-1\",\"backgroundColor\":\"#000000\"}}}}}', '2016-11-23 00:06:42', '2016-11-23 00:06:42', 'c0eb96c7-850a-4075-9fd6-24473c08ca57'),
 ('268', '122', '2', '1', 'en_us', '16', '', '{\"typeId\":\"2\",\"authorId\":\"1\",\"title\":\"Communication Arts Design Annual\",\"slug\":\"turnstyle-principal-serves-as-juror-for-communication-arts-design-annual\",\"postDate\":1478209620,\"expiryDate\":null,\"enabled\":1,\"parentId\":null,\"fields\":{\"48\":{\"125\":{\"type\":\"1\",\"fields\":{\"backgroundImage\":\"\",\"backgroundColor\":\"#ffae96\",\"linkUrl\":\"\\/journal\",\"header\":\"I\\r\\nWanna\\r\\nRead\\r\\nMore\",\"subtext\":\"Our Journal\",\"fontColor\":\"#ffffff\"}}},\"29\":\"#daff00\",\"7\":[\"187\"],\"4\":\"#000000\",\"54\":[\"111\"],\"62\":[\"188\"],\"10\":{\"123\":{\"type\":\"centeredText\",\"enabled\":\"1\",\"fields\":{\"text\":\"<p>Turnstyle principal and creative director Steven Watson was invited to serve as a juror for Communication Arts magazine\\u2019s 56th Annual Design Competition. Communication Arts is a professional journal for designers, art directors, design firms, corporate design departments, agencies and everyone involved in visual communications. The CA Design Annual, published each September,&nbsp;is one of the most respected competitions in our industry.&nbsp;<\\/p>\\r\\n<p>Of the 4,083 entries to the 56th Design Annual, only 153 were accepted, representing the work of 141 designers, design firms and in-house design departments, making the Design Annual the most exclusive major design competition in the world. Entries were selected on the basis of creative excellence and quality of execution.<\\/p>\",\"verticalSpacingLevel\":\"vertical-spacing-1\",\"backgroundColor\":\"#ffffff\"}},\"124\":{\"type\":\"insetImage\",\"enabled\":\"1\",\"fields\":{\"image\":[\"193\"],\"imageWidth\":\"50\",\"verticalSpacingLevel\":\"vertical-spacing-1\",\"backgroundColor\":\"#ffffff\"}},\"126\":{\"type\":\"centeredText\",\"enabled\":\"1\",\"fields\":{\"text\":\"<p>Steve screened entries along with five other jurors: Kelly Bjork (VSA Partners), Dora Drimalas (Hybrid-Design), Jay Fletcher (J Fletcher Deisgn), Jeffrey Keyton (MTV), and Jean Coyne (executive editor of Communication Arts magazine). It was an honor to be asked to participate alongside such accomplished fellow jurors.<\\/p>\\r\\n<p>In the column that accompanies the design competition, Steve was asked for his point of view on the entries and the design trends they represent. He replied that \\u201ctechnology will continue to change how we consume media, images, and messages. But the underlying principles of design will always be relevant in communicating effectively, regardless of how the future evolves.\\u201d<\\/p>\",\"verticalSpacingLevel\":\"vertical-spacing-1\",\"backgroundColor\":\"#000000\"}}}}}', '2016-11-23 00:07:52', '2016-11-23 00:07:52', 'd23e18bc-6dea-4732-8af5-92c8ceae162d'),
 ('269', '122', '2', '1', 'en_us', '17', '', '{\"typeId\":\"2\",\"authorId\":\"1\",\"title\":\"Comm Arts Design Annual\",\"slug\":\"turnstyle-principal-serves-as-juror-for-communication-arts-design-annual\",\"postDate\":1478209620,\"expiryDate\":null,\"enabled\":1,\"parentId\":null,\"fields\":{\"48\":{\"125\":{\"type\":\"1\",\"fields\":{\"backgroundImage\":\"\",\"backgroundColor\":\"#ffae96\",\"linkUrl\":\"\\/journal\",\"header\":\"I\\r\\nWanna\\r\\nRead\\r\\nMore\",\"subtext\":\"Our Journal\",\"fontColor\":\"#ffffff\"}}},\"29\":\"#daff00\",\"7\":[\"187\"],\"4\":\"#000000\",\"54\":[\"111\"],\"62\":[\"188\"],\"10\":{\"123\":{\"type\":\"centeredText\",\"enabled\":\"1\",\"fields\":{\"text\":\"<p>Turnstyle principal and creative director Steven Watson was invited to serve as a juror for Communication Arts magazine\\u2019s 56th Annual Design Competition. Communication Arts is a professional journal for designers, art directors, design firms, corporate design departments, agencies and everyone involved in visual communications. The CA Design Annual, published each September,&nbsp;is one of the most respected competitions in our industry.&nbsp;<\\/p>\\r\\n<p>Of the 4,083 entries to the 56th Design Annual, only 153 were accepted, representing the work of 141 designers, design firms and in-house design departments, making the Design Annual the most exclusive major design competition in the world. Entries were selected on the basis of creative excellence and quality of execution.<\\/p>\",\"verticalSpacingLevel\":\"vertical-spacing-1\",\"backgroundColor\":\"#ffffff\"}},\"124\":{\"type\":\"insetImage\",\"enabled\":\"1\",\"fields\":{\"image\":[\"193\"],\"imageWidth\":\"50\",\"verticalSpacingLevel\":\"vertical-spacing-1\",\"backgroundColor\":\"#ffffff\"}},\"126\":{\"type\":\"centeredText\",\"enabled\":\"1\",\"fields\":{\"text\":\"<p>Steve screened entries along with five other jurors: Kelly Bjork (VSA Partners), Dora Drimalas (Hybrid-Design), Jay Fletcher (J Fletcher Deisgn), Jeffrey Keyton (MTV), and Jean Coyne (executive editor of Communication Arts magazine). It was an honor to be asked to participate alongside such accomplished fellow jurors.<\\/p>\\r\\n<p>In the column that accompanies the design competition, Steve was asked for his point of view on the entries and the design trends they represent. He replied that \\u201ctechnology will continue to change how we consume media, images, and messages. But the underlying principles of design will always be relevant in communicating effectively, regardless of how the future evolves.\\u201d<\\/p>\",\"verticalSpacingLevel\":\"vertical-spacing-1\",\"backgroundColor\":\"#000000\"}}}}}', '2016-11-23 00:08:30', '2016-11-23 00:08:30', 'fb198e6e-8fd2-4def-a7a6-3c837085380c'),
 ('270', '122', '2', '1', 'en_us', '18', '', '{\"typeId\":\"2\",\"authorId\":\"1\",\"title\":\"Comm Arts Design Annual\",\"slug\":\"turnstyle-principal-serves-as-juror-for-communication-arts-design-annual\",\"postDate\":1478209620,\"expiryDate\":null,\"enabled\":1,\"parentId\":null,\"fields\":{\"48\":{\"125\":{\"type\":\"1\",\"fields\":{\"backgroundImage\":\"\",\"backgroundColor\":\"#ffae96\",\"linkUrl\":\"\\/journal\",\"header\":\"I\\r\\nWanna\\r\\nRead\\r\\nMore\",\"subtext\":\"Our Journal\",\"fontColor\":\"#ffffff\"}}},\"29\":\"#daff00\",\"7\":[\"187\"],\"4\":\"#000000\",\"54\":[\"111\"],\"62\":[\"188\"],\"10\":{\"123\":{\"type\":\"centeredText\",\"enabled\":\"1\",\"fields\":{\"text\":\"<p>Turnstyle principal and creative director Steven Watson was invited to serve as a juror for Communication Arts magazine\\u2019s 56th Annual Design Competition. Communication Arts is a professional journal for designers, art directors, design firms, corporate design departments, agencies and everyone involved in visual communications. The CA Design Annual, published each September,&nbsp;is one of the most respected competitions in our industry.&nbsp;<\\/p>\\r\\n<p>Of the 4,083 entries to the 56th Design Annual, only 153 were accepted, representing the work of 141 designers, design firms and in-house design departments, making the Design Annual the most exclusive major design competition in the world. Entries were selected on the basis of creative excellence and quality of execution.<\\/p>\",\"verticalSpacingLevel\":\"vertical-spacing-1\",\"backgroundColor\":\"#ffffff\"}},\"124\":{\"type\":\"insetImage\",\"enabled\":\"1\",\"fields\":{\"image\":[\"193\"],\"imageWidth\":\"50\",\"verticalSpacingLevel\":\"vertical-spacing-1\",\"backgroundColor\":\"#ffffff\"}},\"126\":{\"type\":\"centeredText\",\"enabled\":\"1\",\"fields\":{\"text\":\"<p>Steve screened entries along with five other jurors: Kelly Bjork (VSA Partners), Dora Drimalas (Hybrid-Design), Jay Fletcher (J Fletcher Deisgn), Jeffrey Keyton (MTV), and Jean Coyne (executive editor of Communication Arts magazine). It was an honor to be asked to participate alongside such accomplished fellow jurors.<\\/p>\\r\\n<p>In the column that accompanies the design competition, Steve was asked for his point of view on the entries and the design trends they represent. He replied that \\u201ctechnology will continue to change how we consume media, images, and messages. But the underlying principles of design will always be relevant in communicating effectively, regardless of how the future evolves.\\u201d<\\/p>\",\"verticalSpacingLevel\":\"vertical-spacing-1\",\"backgroundColor\":\"#ffffff\"}}}}}', '2016-11-23 00:13:57', '2016-11-23 00:13:57', '25f4a1e5-0b4e-4c97-9c3a-5f4818382329'),
 ('271', '118', '2', '1', 'en_us', '6', '', '{\"typeId\":\"2\",\"authorId\":\"1\",\"title\":\"We\'re Building Our Own Building\",\"slug\":\"were-building-our-own-building\",\"postDate\":1478209380,\"expiryDate\":null,\"enabled\":1,\"parentId\":null,\"fields\":{\"29\":\"#ffffff\",\"7\":[\"190\"],\"4\":\"#000000\",\"54\":[\"111\"],\"62\":[\"191\"],\"10\":{\"119\":{\"type\":\"centeredText\",\"enabled\":\"1\",\"fields\":{\"text\":\"<p>Together with our brand strategy partners at&nbsp;<a href=\\\"http:\\/\\/stokestrategy.com\\/\\\">Stoke,<\\/a>&nbsp;Turnstyle is breaking ground on a new 5,000 sq. foot office in August 2016. The building will serve as home for 20+ strategists, designers and developers. Located on Canal Street, the park-side project borders the Burke-Gilman Trail and overlooks the Fremont Cut waterway. &nbsp;<\\/p>\\r\\n<p>\\\"The firms continue to grow, and our need for space was at odds with the long-term lease trends of Seattle,\\u201d said Stoke partner Erin Quick. \\u201cIt makes good financial sense for the businesses, and for the firms\\u2019 practices. We\\u2019re creating a unique place where creative thinkers can do their best work, and clients can collaborate with us in new and different ways.\\u201d<\\/p>\\r\\n<p>On the street level, a cafe-style collaboration space serves as a foundation to two levels with open-floor studios and meeting space. Designed with 16\\u2019 floor-to-ceiling windows, the plan takes advantage of the views over the trail and canal.<\\/p>\\r\\n<p>\\u201cThe work areas will be bathed with natural light. An open atrium at the center creates visual interest, with the benefit of passive solar design,\\u201d said Ben Graham, partner at Turnstyle. \\u201cIt\'s a design-friendly environment that makes the best of our open, collaborative work style.\\u201d&nbsp;<\\/p>\\r\\n<p>\\u201cThe commercial office market is racing, and the long-term value for buyers in Seattle looks good,\\u201d noted Graham. \\u201cAs the business environment accelerates, having a place that minimizes our commutes, offers easy access to downtown, with everyday access to great restaurants, and enhances mobility options on the Burke-Gilman Trail \\u2013 all with a deck and a view \\u2013 seemed like a winning combination.\\u201d<\\/p>\\r\\n<p>The architecture was led by award-winning&nbsp;<a href=\\\"http:\\/\\/heliotropearchitects.com\\/\\\">Heliotrope,<\\/a>&nbsp;of Ballard. Seattle\\u2019s&nbsp;<a href=\\\"http:\\/\\/westernventures.com\\/\\\">Western Ventures<\\/a>serves as the general contractor.<\\/p>\\r\\n<p>Construction is targeted for completion in June, 2017.<\\/p>\",\"verticalSpacingLevel\":\"vertical-spacing-0\",\"backgroundColor\":\"#000000\"}}}}}', '2016-11-23 00:14:53', '2016-11-23 00:14:53', '3e64d535-5e40-49c3-9573-f116db3ef83d'),
 ('272', '15', '3', '1', 'en_us', '79', '', '{\"typeId\":\"3\",\"authorId\":\"1\",\"title\":\"Justin Golmer\",\"slug\":\"justin-golmer-promo\",\"postDate\":1476391140,\"expiryDate\":null,\"enabled\":1,\"parentId\":null,\"fields\":{\"14\":[{\"col1\":\"Recogonition\",\"col2\":\"Print Regional Design Annual 2015\"}],\"3\":[\"12\"],\"29\":\"#efefef\",\"9\":\"Wake up\\r\\nStyle\\r\\nshoot\\r\\ndo it all\\r\\nagain\",\"7\":[\"177\"],\"4\":\"#ffae96\",\"8\":\"<p class=\\\"large\\\">Justin Gollmer, one of our go-to photography partners, asked us design a ten-year retrospective promotional brochure. Wake, Style, Shoot, Do It All Again is a collection of images highlighting his work behind, beside, and around the camera. The brochure is divided into four sections that blur the lines between Gollmer\\u2019s personal and commercial work: people, action, travel, and product. Short sheets bound to the exterior provide thumbnail image guides to each section with captions for each image.<\\/p>\",\"62\":[\"184\"],\"10\":{\"28\":{\"type\":\"largeImage\",\"enabled\":\"1\",\"fields\":{\"image\":[\"177\"],\"layoutOptions\":\"full-width\",\"verticalSpacingLevel\":\"vertical-spacing-0\"}},\"41\":{\"type\":\"video\",\"enabled\":\"1\",\"fields\":{\"vimeoVideoId\":\"172827555\",\"autoplay\":\"1\",\"framed\":\"1\"}},\"31\":{\"type\":\"insetImage\",\"enabled\":\"1\",\"fields\":{\"image\":[\"179\"],\"imageWidth\":\"50\",\"verticalSpacingLevel\":\"vertical-spacing-2\",\"backgroundColor\":\"#d6ff2e\"}},\"53\":{\"type\":\"video\",\"enabled\":\"1\",\"fields\":{\"vimeoVideoId\":\"172827555\",\"autoplay\":\"1\",\"framed\":\"\"}},\"134\":{\"type\":\"imageWithDescription\",\"enabled\":\"1\",\"fields\":{\"position\":\"left\",\"image\":[\"179\"],\"imageWidth\":\"50\",\"description\":\"<p>Subtitle<\\/p>\\r\\n<p>Donec id elit non mi porta gravida at eget metus. Fusce dapibus, tellus ac cursus commodo, tortor mauris condimentum nibh, ut fermentum massa justo sit amet risus. Etiam porta sem malesuada magna mollis euismod. Lorem ipsum dolor sit.<\\/p>\",\"verticalSpacingLevel\":\"vertical-spacing-1\",\"backgroundColor\":\"#ffffff\"}},\"32\":{\"type\":\"imageWithDescription\",\"enabled\":\"1\",\"fields\":{\"position\":\"right\",\"image\":[\"179\"],\"imageWidth\":\"50\",\"description\":\"<p class=\\\"large\\\">Subtitle<\\/p>\\r\\n<p class=\\\"large\\\">Donec id elit non mi porta gravida at eget metus. Fusce dapibus, tellus ac cursus commodo, tortor mauris condimentum nibh, ut fermentum massa justo sit amet risus. Etiam porta sem malesuada magna mollis euismod. Lorem ipsum dolor sit.<\\/p>\",\"verticalSpacingLevel\":\"vertical-spacing-2\",\"backgroundColor\":\"#f5f5f5\"}},\"37\":{\"type\":\"twoUpImages\",\"enabled\":\"1\",\"fields\":{\"leftImage\":[\"195\"],\"rightImage\":[\"194\"],\"verticalSpacingLevel\":\"vertical-spacing-2\"}},\"38\":{\"type\":\"centeredText\",\"enabled\":\"1\",\"fields\":{\"text\":\"<p class=\\\"large\\\"><span class=\\\"white\\\">Donec sed odio dui. Nullam quis risus eget urna mollis ornare vel eu leo. Praesent commodo cursus magna, vel scelerisque nisl consectetur et. Cras mattis consectetur purus sit amet fermentum. Maecenas sed diam eget risus varius blandit sit amet non magna. Praesent commodo cursus magna, vel scelerisque nisl consectetur et.<\\/span><\\/p>\",\"verticalSpacingLevel\":\"vertical-spacing-4\",\"backgroundColor\":\"#0000ff\"}},\"42\":{\"type\":\"video\",\"enabled\":\"1\",\"fields\":{\"vimeoVideoId\":\"172827555\",\"autoplay\":\"\",\"framed\":\"1\"}},\"52\":{\"type\":\"carousel\",\"enabled\":\"1\",\"fields\":{\"images\":[\"179\"],\"verticalSpacingLevel\":\"vertical-spacing-2\"}}},\"6\":\"Photography Promo\"}}', '2016-11-23 00:31:38', '2016-11-23 00:31:38', '7535e62a-47ca-4f9b-ad4e-1ffcfaede4a4'),
 ('273', '122', '2', '46', 'en_us', '19', '', '{\"typeId\":\"2\",\"authorId\":\"1\",\"title\":\"Turnstyle Principal Jurors Comm Arts Design Annual\",\"slug\":\"turnstyle-principal-serves-as-juror-for-communication-arts-design-annual\",\"postDate\":1478209620,\"expiryDate\":null,\"enabled\":1,\"parentId\":null,\"fields\":{\"29\":\"#daff00\",\"7\":[\"187\"],\"4\":\"#000000\",\"54\":[\"111\"],\"62\":[\"188\"],\"10\":{\"123\":{\"type\":\"centeredText\",\"enabled\":\"1\",\"fields\":{\"text\":\"<p>Turnstyle principal and creative director Steven Watson was invited to serve as a juror for Communication Arts magazine\\u2019s 56th Annual Design Competition. Communication Arts is a professional journal for designers, art directors, design firms, corporate design departments, agencies and everyone involved in visual communications. The CA Design Annual, published each September,&nbsp;is one of the most respected competitions in our industry.&nbsp;<\\/p>\\r\\n<p>Of the 4,083 entries to the 56th Design Annual, only 153 were accepted, representing the work of 141 designers, design firms and in-house design departments, making the Design Annual the most exclusive major design competition in the world. Entries were selected on the basis of creative excellence and quality of execution.<\\/p>\",\"verticalSpacingLevel\":\"vertical-spacing-1\",\"backgroundColor\":\"#ffffff\"}},\"124\":{\"type\":\"insetImage\",\"enabled\":\"1\",\"fields\":{\"image\":[\"193\"],\"imageWidth\":\"50\",\"verticalSpacingLevel\":\"vertical-spacing-1\",\"backgroundColor\":\"#ffffff\"}},\"126\":{\"type\":\"centeredText\",\"enabled\":\"1\",\"fields\":{\"text\":\"<p>Steve screened entries along with five other jurors: Kelly Bjork (VSA Partners), Dora Drimalas (Hybrid-Design), Jay Fletcher (J Fletcher Deisgn), Jeffrey Keyton (MTV), and Jean Coyne (executive editor of Communication Arts magazine). It was an honor to be asked to participate alongside such accomplished fellow jurors.<\\/p>\\r\\n<p>In the column that accompanies the design competition, Steve was asked for his point of view on the entries and the design trends they represent. He replied that \\u201ctechnology will continue to change how we consume media, images, and messages. But the underlying principles of design will always be relevant in communicating effectively, regardless of how the future evolves.\\u201d<\\/p>\",\"verticalSpacingLevel\":\"vertical-spacing-1\",\"backgroundColor\":\"#ffffff\"}}}}}', '2016-11-23 00:41:05', '2016-11-23 00:41:05', 'a7a02846-2561-4f50-b5cf-7f0c46f7a3fc'),
 ('274', '122', '2', '46', 'en_us', '20', '', '{\"typeId\":\"2\",\"authorId\":\"1\",\"title\":\"Steve Judges CA Design Annual\",\"slug\":\"turnstyle-principal-serves-as-juror-for-communication-arts-design-annual\",\"postDate\":1478209620,\"expiryDate\":null,\"enabled\":1,\"parentId\":null,\"fields\":{\"29\":\"#daff00\",\"7\":[\"187\"],\"4\":\"#000000\",\"54\":[\"111\"],\"62\":[\"188\"],\"10\":{\"123\":{\"type\":\"centeredText\",\"enabled\":\"1\",\"fields\":{\"text\":\"<p>Turnstyle principal and creative director Steven Watson was invited to serve as a juror for Communication Arts magazine\\u2019s 56th Annual Design Competition. Communication Arts is a professional journal for designers, art directors, design firms, corporate design departments, agencies and everyone involved in visual communications. The CA Design Annual, published each September,&nbsp;is one of the most respected competitions in our industry.&nbsp;<\\/p>\\r\\n<p>Of the 4,083 entries to the 56th Design Annual, only 153 were accepted, representing the work of 141 designers, design firms and in-house design departments, making the Design Annual the most exclusive major design competition in the world. Entries were selected on the basis of creative excellence and quality of execution.<\\/p>\",\"verticalSpacingLevel\":\"vertical-spacing-1\",\"backgroundColor\":\"#ffffff\"}},\"124\":{\"type\":\"insetImage\",\"enabled\":\"1\",\"fields\":{\"image\":[\"193\"],\"imageWidth\":\"50\",\"verticalSpacingLevel\":\"vertical-spacing-1\",\"backgroundColor\":\"#ffffff\"}},\"126\":{\"type\":\"centeredText\",\"enabled\":\"1\",\"fields\":{\"text\":\"<p>Steve screened entries along with five other jurors: Kelly Bjork (VSA Partners), Dora Drimalas (Hybrid-Design), Jay Fletcher (J Fletcher Deisgn), Jeffrey Keyton (MTV), and Jean Coyne (executive editor of Communication Arts magazine). It was an honor to be asked to participate alongside such accomplished fellow jurors.<\\/p>\\r\\n<p>In the column that accompanies the design competition, Steve was asked for his point of view on the entries and the design trends they represent. He replied that \\u201ctechnology will continue to change how we consume media, images, and messages. But the underlying principles of design will always be relevant in communicating effectively, regardless of how the future evolves.\\u201d<\\/p>\",\"verticalSpacingLevel\":\"vertical-spacing-1\",\"backgroundColor\":\"#ffffff\"}}}}}', '2016-11-23 00:54:59', '2016-11-23 00:54:59', '1c886b62-f91c-4dd6-9a95-d6de71833a21'),
 ('275', '101', '10', '46', 'en_us', '36', '', '{\"typeId\":\"11\",\"authorId\":null,\"title\":\"Studio\",\"slug\":\"studio\",\"postDate\":1478129954,\"expiryDate\":null,\"enabled\":1,\"parentId\":null,\"fields\":{\"48\":{\"102\":{\"type\":\"1\",\"fields\":{\"backgroundImage\":[\"97\"],\"backgroundColor\":\"#000000\",\"linkUrl\":\"\\/contact\",\"header\":\"Drop \\r\\nus \\r\\na \\r\\nline\",\"subtext\":\"Contact Us\",\"fontColor\":\"#efefef\"}}},\"46\":\"<p class=\\\"large\\\">Born in 2004<\\/p>\\r\\n<p class=\\\"large\\\">We are a full-service creative agency with offices in Seattle and Portland. A dedicated team of designers, strategists, developers and account specialists, we create highly-crafted brand experiences that clarify purpose, encourage action, and inspire brand loyalty. We\\u2019d love to get to know you and help tell your story.&nbsp;<\\/p>\",\"10\":{\"103\":{\"type\":\"carousel\",\"enabled\":\"1\",\"fields\":{\"images\":[\"197\",\"198\",\"196\",\"199\"],\"verticalSpacingLevel\":\"vertical-spacing-2\"}},\"104\":{\"type\":\"twoColumnContent\",\"enabled\":\"1\",\"fields\":{\"backgroundColor\":\"#000000\",\"leftColumn\":\"<p class=\\\"h3 med\\\"><span class=\\\"white\\\">STYLE<br>IS A<br>SIMPLE<br>WAY<br>OF<br>SAYING<br>COMPLEX<br>THINGS<br><\\/span><span class=\\\"blue\\\">&mdash;JEAN<br>COCTEAU<\\/span><\\/p>\",\"rightColumn\":\"<p class=\\\"large\\\"><span class=\\\"white\\\"><span><\\/span>Style is Not a&nbsp;4-letter Word<span><\\/span><\\/span><\\/p>\\r\\n<p class=\\\"large\\\"><span class=\\\"white\\\"><span><\\/span>In our experience, the brands that are the most magnetic are those which project distinct, memorable and charismatic personalities. These brands place equal emphasis on what they say and how they say it. Some design purists might say that style is merely artificial decoration that should be avoided in favor of logic&mdash;\\u201cform follows function\\u201d and all that. Don\\u2019t get us wrong, we\\u2019re not proponents of style for its own sake, or as ornament applied after an idea has already been defined. Rather, we employ style as an integral and strategic component of our brand-development process. At its best, style can be that magical something about a company or product that pulls people in and transcends the logical. So, to us, style is not a 4-letter word. On the contrary, we embrace it, harnessing its power to cut through the clutter.&nbsp;<\\/span><\\/p>\\r\\n<p class=\\\"large\\\"><span class=\\\"white\\\">And besides, \\u201cstyle\\u201d has five letters.<\\/span><\\/p>\",\"verticalSpacingLevel\":\"vertical-spacing-2\"}},\"106\":{\"type\":\"twoColumnContent\",\"enabled\":\"1\",\"fields\":{\"backgroundColor\":\"#000000\",\"leftColumn\":\"<p class=\\\"large\\\"><span class=\\\"white\\\">We Do<\\/span><\\/p>\",\"rightColumn\":\"<p class=\\\"h2 caps white\\\"><a href=\\\"http:\\/\\/turnstyle.studio\\/strategy\\\">Strategy<\\/a><br><a href=\\\"http:\\/\\/turnstyle.studio\\/identity#entry:56:url\\\">Identity<\\/a><br>Digital<br>Print<br>Packaging<br>Environment<\\/p>\",\"verticalSpacingLevel\":\"vertical-spacing-2\"}},\"107\":{\"type\":\"twoColumnContent\",\"enabled\":\"1\",\"fields\":{\"backgroundColor\":\"#ffffff\",\"leftColumn\":\"<p class=\\\"h3 caps\\\">OUR<br>CLIENTS<br>&<br>INDUSTRIES<\\/p>\\r\\n<p class=\\\"h3 caps\\\"><\\/p>\",\"rightColumn\":\"\",\"verticalSpacingLevel\":\"vertical-spacing-1\"}},\"108\":{\"type\":\"twoColumnContent\",\"enabled\":\"1\",\"fields\":{\"backgroundColor\":\"#ffffff\",\"leftColumn\":\"<p class=\\\"large\\\"><span class=\\\"gray\\\">Industry<\\/span><\\/p>\\r\\n<p class=\\\"h3 caps\\\">TEAGUE<br>NIKE<br>STARBUCKS<br>MICROSOFT<br>AMAZON<br>AIGA<br>NORDSTROM<br>TEAGUE<br>NIKE<\\/p>\\r\\n<p class=\\\"large\\\"><span class=\\\"gray\\\">Industry<\\/span><\\/p>\\r\\n<p class=\\\"h3 caps\\\">TEAGUE<br>NIKE<br>STARBUCKS<br>MICROSOFT<br>AMAZON<br>AIGA<br>NORDSTROM<br>TEAGUE<br>NIKE<\\/p>\\r\\n<p class=\\\"large\\\"><span class=\\\"gray\\\">Industry<\\/span><\\/p>\\r\\n<p class=\\\"h3 caps\\\">TEAGUE<br>NIKE<br>STARBUCKS<br>MICROSOFT<br>AMAZON<br>AIGA<br>NORDSTROM<br>TEAGUE<br>NIKE<\\/p>\",\"rightColumn\":\"<p class=\\\"large\\\"><span class=\\\"gray\\\">Industry<\\/span><\\/p>\\r\\n<p class=\\\"h3 caps\\\">TEAGUE<br>NIKE<br>STARBUCKS<br>MICROSOFT<br>AMAZON<br>AIGA<br>NORDSTROM<br>TEAGUE<br>NIKE<\\/p>\\r\\n<p class=\\\"large\\\"><span class=\\\"gray\\\">Industry<\\/span><\\/p>\\r\\n<p class=\\\"h3 caps\\\">TEAGUE<br>NIKE<br>STARBUCKS<br>MICROSOFT<br>AMAZON<br>AIGA<br>NORDSTROM<br>TEAGUE<br>NIKE<\\/p>\\r\\n<p class=\\\"large\\\"><span class=\\\"gray\\\">Industry<\\/span><\\/p>\\r\\n<p class=\\\"h3 caps\\\">TEAGUE<br>NIKE<br>STARBUCKS<br>MICROSOFT<br>AMAZON<br>AIGA<br>NORDSTROM<br>TEAGUE<br>NIKE<\\/p>\",\"verticalSpacingLevel\":\"vertical-spacing-1\"}}},\"47\":\"<p class=\\\"large\\\">08\\/2016 &mdash; IdN Magazine v23n2<\\/p>\\r\\n<p class=\\\"large\\\">06\\/2016 &mdash; Communication Arts Design Annual 2016<\\/p>\\r\\n<p class=\\\"large\\\">05\\/2016 &mdash; PRINT Magazine Regional Design Annual 2016<\\/p>\\r\\n<p class=\\\"large\\\">03\\/2016 &mdash; Communication Arts Design Annual 2015<\\/p>\\r\\n<p class=\\\"large\\\">02\\/2016 &mdash; IdN Magazine v23n2<\\/p>\\r\\n<p class=\\\"large\\\">12\\/2015 &mdash; Communication Arts Design Annual 2016<\\/p>\\r\\n<p class=\\\"large\\\">10\\/2015 &mdash; PRINT Magazine Regional Design Annual 2016<\\/p>\\r\\n<p class=\\\"large\\\">10\\/2015 &mdash; Communication Arts Design Annual 2015<\\/p>\\r\\n<p class=\\\"large\\\">06\\/2015 &mdash; PRINT Magazine Regional Design Annual 2016<\\/p>\\r\\n<p class=\\\"large\\\">02\\/2015 &mdash; Communication Arts Design Annual 2015<\\/p>\",\"44\":\"MEET\\r\\nOUR\\r\\nTALENTED\\r\\nTEAM\"}}', '2016-11-23 00:59:29', '2016-11-23 00:59:29', '0f37092d-010c-45a4-a713-b5bf636f36d4'),
 ('276', '122', '2', '46', 'en_us', '21', '', '{\"typeId\":\"2\",\"authorId\":\"1\",\"title\":\"Steve Judges Comm Arts Design Annual\",\"slug\":\"turnstyle-principal-serves-as-juror-for-communication-arts-design-annual\",\"postDate\":1478209620,\"expiryDate\":null,\"enabled\":1,\"parentId\":null,\"fields\":{\"29\":\"#daff00\",\"7\":[\"187\"],\"4\":\"#000000\",\"54\":[\"111\"],\"62\":[\"188\"],\"10\":{\"123\":{\"type\":\"centeredText\",\"enabled\":\"1\",\"fields\":{\"text\":\"<p>Turnstyle principal and creative director Steven Watson was invited to serve as a juror for Communication Arts magazine\\u2019s 56th Annual Design Competition. Communication Arts is a professional journal for designers, art directors, design firms, corporate design departments, agencies and everyone involved in visual communications. The CA Design Annual, published each September,&nbsp;is one of the most respected competitions in our industry.&nbsp;<\\/p>\\r\\n<p>Of the 4,083 entries to the 56th Design Annual, only 153 were accepted, representing the work of 141 designers, design firms and in-house design departments, making the Design Annual the most exclusive major design competition in the world. Entries were selected on the basis of creative excellence and quality of execution.<\\/p>\",\"verticalSpacingLevel\":\"vertical-spacing-1\",\"backgroundColor\":\"#ffffff\"}},\"124\":{\"type\":\"insetImage\",\"enabled\":\"1\",\"fields\":{\"image\":[\"193\"],\"imageWidth\":\"50\",\"verticalSpacingLevel\":\"vertical-spacing-1\",\"backgroundColor\":\"#ffffff\"}},\"126\":{\"type\":\"centeredText\",\"enabled\":\"1\",\"fields\":{\"text\":\"<p>Steve screened entries along with five other jurors: Kelly Bjork (VSA Partners), Dora Drimalas (Hybrid-Design), Jay Fletcher (J Fletcher Deisgn), Jeffrey Keyton (MTV), and Jean Coyne (executive editor of Communication Arts magazine). It was an honor to be asked to participate alongside such accomplished fellow jurors.<\\/p>\\r\\n<p>In the column that accompanies the design competition, Steve was asked for his point of view on the entries and the design trends they represent. He replied that \\u201ctechnology will continue to change how we consume media, images, and messages. But the underlying principles of design will always be relevant in communicating effectively, regardless of how the future evolves.\\u201d<\\/p>\",\"verticalSpacingLevel\":\"vertical-spacing-1\",\"backgroundColor\":\"#ffffff\"}}}}}', '2016-11-23 01:01:17', '2016-11-23 01:01:17', '59bc2a19-03b7-4d15-a460-d14e306a0f09'),
 ('277', '201', '3', '46', 'en_us', '1', '', '{\"typeId\":null,\"authorId\":\"46\",\"title\":\"Title\",\"slug\":\"title\",\"postDate\":1479938499,\"expiryDate\":null,\"enabled\":1,\"parentId\":null,\"fields\":{\"14\":[{\"col1\":\"\",\"col2\":\"\"}],\"3\":\"\",\"29\":\"#ffffff\",\"9\":\"HERO\\r\\nHEADLINE\\r\\nWITH LINE\\r\\nBREAKS\",\"7\":\"\",\"4\":\"#000000\",\"8\":\"<p>This is a case study guide, which should not be deleted, or overwritten.<\\/p>\",\"62\":\"\",\"10\":{\"new1\":{\"type\":\"insetImage\",\"enabled\":\"1\",\"fields\":{\"image\":[\"200\"],\"imageWidth\":\"75\",\"verticalSpacingLevel\":\"vertical-spacing-0\",\"backgroundColor\":\"#efefef\"}}},\"6\":\"Project Title\"}}', '2016-11-23 22:01:39', '2016-11-23 22:01:39', '0ef60ab0-e854-4b52-a970-2591a006a73b'),
 ('278', '201', '3', '46', 'en_us', '2', '', '{\"typeId\":\"3\",\"authorId\":\"46\",\"title\":\"Turnstyle Case Study Guide\",\"slug\":\"turnstyle-case-study-guide\",\"postDate\":1479938460,\"expiryDate\":null,\"enabled\":1,\"parentId\":null,\"fields\":{\"14\":[{\"col1\":\"\",\"col2\":\"\"}],\"3\":\"\",\"29\":\"#ffffff\",\"9\":\"HERO\\r\\nHEADLINE\\r\\nWITH LINE\\r\\nBREAKS\",\"7\":\"\",\"4\":\"#000000\",\"8\":\"<p>This is a case study guide, which should not be deleted, or overwritten.<\\/p>\",\"62\":\"\",\"10\":{\"202\":{\"type\":\"insetImage\",\"enabled\":\"1\",\"fields\":{\"image\":[\"200\"],\"imageWidth\":\"75\",\"verticalSpacingLevel\":\"vertical-spacing-0\",\"backgroundColor\":\"#efefef\"}}},\"6\":\"Project Title\"}}', '2016-11-23 22:06:04', '2016-11-23 22:06:04', '30d589b0-e31b-4df3-a01f-9e226b1060a2'),
 ('279', '201', '3', '46', 'en_us', '3', '', '{\"typeId\":\"3\",\"authorId\":\"46\",\"title\":\"Turnstyle Case Study Guide\",\"slug\":\"turnstyle-case-study-guide\",\"postDate\":1479938460,\"expiryDate\":null,\"enabled\":1,\"parentId\":null,\"fields\":{\"14\":[{\"col1\":\"\",\"col2\":\"\"}],\"3\":\"\",\"29\":\"#ffffff\",\"9\":\"HERO\\r\\nHEADLINE\\r\\nWITH LINE\\r\\nBREAKS\",\"7\":\"\",\"4\":\"#000000\",\"8\":\"<p>This is a case study guide, which should not be deleted, or overwritten.<\\/p>\",\"62\":[\"203\"],\"10\":{\"202\":{\"type\":\"insetImage\",\"enabled\":\"1\",\"fields\":{\"image\":[\"200\"],\"imageWidth\":\"75\",\"verticalSpacingLevel\":\"vertical-spacing-0\",\"backgroundColor\":\"#efefef\"}}},\"6\":\"Project Title\"}}', '2016-11-23 22:06:32', '2016-11-23 22:06:32', 'fcd4a9b2-8cb4-4a5f-9e7c-d174aa6c40be'),
 ('280', '201', '3', '46', 'en_us', '4', '', '{\"typeId\":\"3\",\"authorId\":\"46\",\"title\":\"Turnstyle Case Study Guide\",\"slug\":\"turnstyle-case-study-guide\",\"postDate\":1479938460,\"expiryDate\":null,\"enabled\":1,\"parentId\":null,\"fields\":{\"14\":[{\"col1\":\"\",\"col2\":\"\"}],\"3\":\"\",\"29\":\"#ffffff\",\"9\":\"HERO\\r\\nHEADLINE\\r\\nWITH LINE\\r\\nBREAKS\",\"7\":\"\",\"4\":\"#000000\",\"8\":\"<p class=\\\"large\\\">This is a case study guide, which should not be deleted, or overwritten.<\\/p>\",\"62\":[\"203\"],\"10\":{\"202\":{\"type\":\"insetImage\",\"enabled\":\"1\",\"fields\":{\"image\":[\"200\"],\"imageWidth\":\"75\",\"verticalSpacingLevel\":\"vertical-spacing-0\",\"backgroundColor\":\"#efefef\"}}},\"6\":\"Project Title\"}}', '2016-11-23 22:08:13', '2016-11-23 22:08:13', '4b8b7d4b-1ebb-4343-8cb5-fd8d140023c3'),
 ('281', '201', '3', '46', 'en_us', '5', '', '{\"typeId\":\"3\",\"authorId\":\"46\",\"title\":\"Turnstyle Case Study Guide\",\"slug\":\"turnstyle-case-study-guide\",\"postDate\":1479938460,\"expiryDate\":null,\"enabled\":1,\"parentId\":null,\"fields\":{\"14\":[{\"col1\":\"\",\"col2\":\"\"}],\"3\":\"\",\"29\":\"#ffffff\",\"9\":\"HERO\\r\\nHEADLINE\\r\\nWITH LINE\\r\\nBREAKS\",\"7\":[\"204\"],\"4\":\"#000000\",\"8\":\"<p class=\\\"large\\\">This is a case study guide, which should not be deleted, or overwritten.<\\/p>\",\"62\":[\"203\"],\"10\":{\"202\":{\"type\":\"insetImage\",\"enabled\":\"1\",\"fields\":{\"image\":[\"200\"],\"imageWidth\":\"75\",\"verticalSpacingLevel\":\"vertical-spacing-0\",\"backgroundColor\":\"#efefef\"}}},\"6\":\"Project Title\"}}', '2016-11-23 22:15:08', '2016-11-23 22:15:08', '99c96d63-6a55-47dd-87a0-a2d797bc72ff'),
 ('282', '201', '3', '46', 'en_us', '6', '', '{\"typeId\":\"3\",\"authorId\":\"46\",\"title\":\"Turnstyle Case Study Guide\",\"slug\":\"turnstyle-case-study-guide\",\"postDate\":1479938460,\"expiryDate\":null,\"enabled\":1,\"parentId\":null,\"fields\":{\"14\":[{\"col1\":\"\",\"col2\":\"\"}],\"3\":\"\",\"29\":\"#ffffff\",\"9\":\"HERO\\r\\nHEADLINE\\r\\nWITH LINE\\r\\nBREAKS\",\"7\":[\"204\"],\"4\":\"#000000\",\"8\":\"<p class=\\\"large\\\">This is a case study guide, which should not be deleted, or overwritten.<\\/p>\",\"62\":[\"203\"],\"10\":{\"new1\":{\"type\":\"centeredText\",\"enabled\":\"1\",\"fields\":{\"text\":\"<p>The color palette is below, shown as an SVG within the Inset Image module. All text should either be OFFWHITE or OFFBLACK.&nbsp;<\\/p>\",\"verticalSpacingLevel\":\"vertical-spacing-1\",\"backgroundColor\":\"#efefef\"}},\"202\":{\"type\":\"insetImage\",\"enabled\":\"1\",\"fields\":{\"image\":[\"200\"],\"imageWidth\":\"75\",\"verticalSpacingLevel\":\"vertical-spacing-1\",\"backgroundColor\":\"#efefef\"}}},\"6\":\"Project Title\"}}', '2016-11-23 22:19:23', '2016-11-23 22:19:23', 'a272e7c7-b514-4c20-a35c-50d5ccd34f67'),
 ('283', '201', '3', '46', 'en_us', '7', '', '{\"typeId\":\"3\",\"authorId\":\"46\",\"title\":\"Turnstyle Case Study Guide\",\"slug\":\"turnstyle-case-study-guide\",\"postDate\":1479938460,\"expiryDate\":null,\"enabled\":1,\"parentId\":null,\"fields\":{\"14\":[{\"col1\":\"Category Heading\",\"col2\":\"Additional Info\"},{\"col1\":\"\",\"col2\":\"\"}],\"3\":[\"9\",\"10\",\"11\",\"12\",\"13\",\"14\"],\"29\":\"#ffffff\",\"9\":\"HERO\\r\\nHEADLINE\\r\\nWITH LINE\\r\\nBREAKS\",\"7\":[\"204\"],\"4\":\"#3c00ff\",\"8\":\"<p class=\\\"large\\\">Welcome to the case study guide! Please don\'t delete me. When the time comes, we can turn me off, but until then I shall exist.&nbsp;<\\/p>\",\"62\":[\"203\"],\"10\":{\"new1\":{\"type\":\"imageWithDescription\",\"enabled\":\"1\",\"fields\":{\"position\":\"right\",\"image\":[\"207\"],\"imageWidth\":\"75\",\"description\":\"<p class=\\\"large\\\">This is the color palette<\\/p>\",\"verticalSpacingLevel\":\"vertical-spacing-1\",\"backgroundColor\":\"#ffffff\"}}},\"6\":\"Project Title\"}}', '2016-11-23 22:31:29', '2016-11-23 22:31:29', '55cab133-bad5-4a48-acb6-a432153f3475'),
 ('284', '201', '3', '46', 'en_us', '8', '', '{\"typeId\":\"3\",\"authorId\":\"46\",\"title\":\"Turnstyle Case Study Guide\",\"slug\":\"turnstyle-case-study-guide\",\"postDate\":1479938460,\"expiryDate\":null,\"enabled\":1,\"parentId\":null,\"fields\":{\"14\":[{\"col1\":\"Category Heading\",\"col2\":\"Additional Info\"},{\"col1\":\"\",\"col2\":\"\"}],\"3\":[\"9\",\"10\",\"11\",\"12\",\"13\",\"14\"],\"29\":\"#ffffff\",\"9\":\"HERO\\r\\nHEADLINE\\r\\nWITH LINE\\r\\nBREAKS\",\"7\":[\"204\"],\"4\":\"#3c00ff\",\"8\":\"<p class=\\\"large\\\">Welcome to the case study guide! Please don\'t delete me. When the time comes, we can turn me off, but until then I shall exist.&nbsp;<\\/p>\",\"62\":[\"203\"],\"10\":{\"208\":{\"type\":\"imageWithDescription\",\"enabled\":\"1\",\"fields\":{\"position\":\"right\",\"image\":[\"209\"],\"imageWidth\":\"75\",\"description\":\"<p class=\\\"large\\\">This is the color palette<\\/p>\",\"verticalSpacingLevel\":\"vertical-spacing-1\",\"backgroundColor\":\"#ffffff\"}}},\"6\":\"Project Title\"}}', '2016-11-23 22:33:57', '2016-11-23 22:33:57', 'c5b92395-81f7-4dc8-a7ce-34666ba5143d'),
 ('285', '201', '3', '46', 'en_us', '9', '', '{\"typeId\":\"3\",\"authorId\":\"46\",\"title\":\"Turnstyle Case Study Guide\",\"slug\":\"turnstyle-case-study-guide\",\"postDate\":1479938460,\"expiryDate\":null,\"enabled\":1,\"parentId\":null,\"fields\":{\"14\":[{\"col1\":\"Category Heading\",\"col2\":\"Additional Info\"},{\"col1\":\"\",\"col2\":\"\"}],\"3\":[\"9\",\"10\",\"11\",\"12\",\"13\",\"14\"],\"29\":\"#ffffff\",\"9\":\"HERO\\r\\nHEADLINE\\r\\nWITH LINE\\r\\nBREAKS\",\"7\":[\"204\"],\"4\":\"#3c00ff\",\"8\":\"<p class=\\\"large\\\">Welcome to the case study guide! Please don\'t delete me. When the time comes, we can turn me off, but until then I shall exist. Within this guide you will find information about the modules, color, typography, image optimization, file naming and more.<\\/p><p class=\\\"large\\\">The area at right is dynamically populated with information from the CMS. The client comes from the title&nbsp;field, and the disciplines can be added one at a time depending on the particular project. Additional fields can be added and customized for things like URLs, Awards &&nbsp;Press, and other things unique to particular projects.<\\/p>\",\"62\":[\"203\"],\"10\":{\"208\":{\"type\":\"imageWithDescription\",\"enabled\":\"1\",\"fields\":{\"position\":\"right\",\"image\":[\"209\"],\"imageWidth\":\"75\",\"description\":\"<p class=\\\"large\\\">This is the color palette. All type on the site is off-white or off-black. When designating a type color for the hero area, select one of those two.<\\/p><p class=\\\"large\\\">Background colors & highlight colors can be uniquely specified based on the color palette of a particular project, or for dramatic effect!<\\/p>\",\"verticalSpacingLevel\":\"vertical-spacing-1\",\"backgroundColor\":\"#efefef\"}}},\"6\":\"Project Title\"}}', '2016-11-23 22:43:54', '2016-11-23 22:43:54', 'a5c714b1-6db8-4e6e-b285-6919f8b8ef8e'),
 ('286', '201', '3', '46', 'en_us', '10', '', '{\"typeId\":\"3\",\"authorId\":\"46\",\"title\":\"Turnstyle Case Study Guide\",\"slug\":\"turnstyle-case-study-guide\",\"postDate\":1479938460,\"expiryDate\":null,\"enabled\":1,\"parentId\":null,\"fields\":{\"14\":[{\"col1\":\"Category Heading\",\"col2\":\"Additional Info\"},{\"col1\":\"\",\"col2\":\"\"}],\"3\":[\"9\",\"10\",\"11\",\"12\",\"13\",\"14\"],\"29\":\"#ffffff\",\"9\":\"HERO\\r\\nHEADLINE\\r\\nWITH LINE\\r\\nBREAKS\",\"7\":[\"204\"],\"4\":\"#3c00ff\",\"8\":\"<p class=\\\"large\\\">Welcome to the case study guide! Please don\'t delete me. When the time comes, we can turn me off, but until then I shall exist. Within this guide you will find information about the modules, color, typography, image optimization, file naming and more.<\\/p>\\r\\n<p class=\\\"large\\\">The area at right is dynamically populated with information from the CMS. The client comes from the title&nbsp;field, and the disciplines can be added one at a time depending on the particular project. Additional fields can be added and customized for things like URLs, Awards &&nbsp;Press, and other things unique to particular projects.<\\/p>\",\"62\":[\"203\"],\"10\":{\"208\":{\"type\":\"imageWithDescription\",\"enabled\":\"1\",\"fields\":{\"position\":\"right\",\"image\":[\"209\"],\"imageWidth\":\"75\",\"description\":\"<p class=\\\"large\\\">This is the color palette. All type on the site is off-white or off-black. When designating a type color for the hero area, select one of those two.<\\/p>\\r\\n<p class=\\\"large\\\">Background colors & highlight colors can be uniquely specified based on the color palette of a particular project, or for dramatic effect!<\\/p>\",\"verticalSpacingLevel\":\"vertical-spacing-1\",\"backgroundColor\":\"#efefef\"}},\"new1\":{\"type\":\"centeredText\",\"enabled\":\"1\",\"fields\":{\"text\":\"<p class=\\\"large\\\"><span class=\\\"white\\\">The Modules (this is the Centered Text module)<\\/span><\\/p><p class=\\\"large\\\"><span class=\\\"white\\\">Below are all the modules in the CMS, with accompanying image sizing and other specs. There are several variables available to each module, some have more than others. You can specify vertical spacing (padding), background color, image\\/text orientation, full width vs framed, etc. Each module has a unique set of components.<\\/span><\\/p>\",\"verticalSpacingLevel\":\"vertical-spacing-3\",\"backgroundColor\":\"#000000\"}}},\"6\":\"Project Title\"}}', '2016-11-23 22:49:35', '2016-11-23 22:49:35', 'a18a68c3-ef96-490f-802c-82b21058c131'),
 ('287', '201', '3', '46', 'en_us', '11', '', '{\"typeId\":\"3\",\"authorId\":\"46\",\"title\":\"Turnstyle Case Study Guide\",\"slug\":\"turnstyle-case-study-guide\",\"postDate\":1479938460,\"expiryDate\":null,\"enabled\":1,\"parentId\":null,\"fields\":{\"14\":[{\"col1\":\"Category Heading\",\"col2\":\"Additional Info\"},{\"col1\":\"\",\"col2\":\"\"}],\"3\":[\"9\",\"10\",\"11\",\"12\",\"13\",\"14\"],\"29\":\"#ffffff\",\"9\":\"HERO\\r\\nHEADLINE\\r\\nWITH LINE\\r\\nBREAKS\",\"7\":[\"204\"],\"4\":\"#3c00ff\",\"8\":\"<p class=\\\"large\\\">Welcome to the case study guide! Please don\'t delete me. When the time comes, we can turn me off, but until then I shall exist. Within this guide you will find information about the modules, color, typography, image optimization, file naming and more.<\\/p>\\r\\n<p class=\\\"large\\\">The area at right is dynamically populated with information from the CMS. The client comes from the title&nbsp;field, and the disciplines can be added one at a time depending on the particular project. Additional fields can be added and customized for things like URLs, Awards &&nbsp;Press, and other things unique to particular projects.<\\/p>\",\"62\":[\"203\"],\"10\":{\"211\":{\"type\":\"centeredText\",\"enabled\":\"1\",\"fields\":{\"text\":\"<p class=\\\"large\\\"><span class=\\\"white\\\">The Modules (this is the Centered Text module)<\\/span><\\/p>\\r\\n<p class=\\\"large\\\"><span class=\\\"white\\\">Below are all the modules in the CMS, with accompanying image sizing and other specs. There are several variables available to each module, some have more than others. You can specify vertical spacing (padding), background color, image\\/text orientation, full width vs framed, etc. Each module has a unique set of components one can set. Image modules have the image sizes specified in the CMS with the associated field.<\\/span><\\/p>\",\"verticalSpacingLevel\":\"vertical-spacing-3\",\"backgroundColor\":\"#000000\"}},\"new1\":{\"type\":\"largeImage\",\"enabled\":\"1\",\"fields\":{\"image\":[\"204\"],\"layoutOptions\":\"full-width\",\"verticalSpacingLevel\":\"vertical-spacing-0\"}},\"208\":{\"type\":\"imageWithDescription\",\"enabled\":\"1\",\"fields\":{\"position\":\"right\",\"image\":[\"209\"],\"imageWidth\":\"75\",\"description\":\"<p class=\\\"large\\\">This is the color palette. All type on the site is off-white or off-black. When designating a type color for the hero area, select one of those two.<\\/p>\\r\\n<p class=\\\"large\\\">Background colors & highlight colors can be uniquely specified based on the color palette of a particular project, or for dramatic effect!<\\/p>\",\"verticalSpacingLevel\":\"vertical-spacing-1\",\"backgroundColor\":\"#efefef\"}}},\"6\":\"Project Title\"}}', '2016-11-23 22:52:02', '2016-11-23 22:52:02', '573755ed-4845-4473-bb86-e5ae99b65c75'),
 ('288', '201', '3', '46', 'en_us', '12', '', '{\"typeId\":\"3\",\"authorId\":\"46\",\"title\":\"Turnstyle Case Study Guide\",\"slug\":\"turnstyle-case-study-guide\",\"postDate\":1479938460,\"expiryDate\":null,\"enabled\":1,\"parentId\":null,\"fields\":{\"14\":[{\"col1\":\"Category Heading\",\"col2\":\"Additional Info\"},{\"col1\":\"\",\"col2\":\"\"}],\"3\":[\"9\",\"10\",\"11\",\"12\",\"13\",\"14\"],\"29\":\"#ffffff\",\"9\":\"HERO\\r\\nHEADLINE\\r\\nWITH LINE\\r\\nBREAKS\",\"7\":[\"204\"],\"4\":\"#3c00ff\",\"8\":\"<p class=\\\"large\\\">Welcome to the case study guide! Please don\'t delete me. When the time comes, we can turn me off, but until then I shall exist. Within this guide you will find information about the modules, color, typography, image optimization, file naming and more.<\\/p>\\r\\n<p class=\\\"large\\\">The area at right is dynamically populated with information from the CMS. The client comes from the title&nbsp;field, and the disciplines can be added one at a time depending on the particular project. Additional fields can be added and customized for things like URLs, Awards &&nbsp;Press, and other things unique to particular projects.<\\/p>\",\"62\":[\"203\"],\"10\":{\"211\":{\"type\":\"centeredText\",\"enabled\":\"1\",\"fields\":{\"text\":\"<p class=\\\"large\\\"><span class=\\\"white\\\">The Modules (this is the Centered Text module)<\\/span><\\/p>\\r\\n<p class=\\\"large\\\"><span class=\\\"white\\\">Below are all the modules in the CMS, with accompanying image sizing and other specs. There are several variables available to each module, some have more than others. You can specify vertical spacing (padding), background color, image\\/text orientation, full width vs framed, etc. Each module has a unique set of components one can set. Image modules have the image sizes specified in the CMS with the associated field.<\\/span><\\/p>\",\"verticalSpacingLevel\":\"vertical-spacing-3\",\"backgroundColor\":\"#000000\"}},\"212\":{\"type\":\"largeImage\",\"enabled\":\"1\",\"fields\":{\"image\":[\"213\"],\"layoutOptions\":\"full-width\",\"verticalSpacingLevel\":\"vertical-spacing-0\"}},\"208\":{\"type\":\"imageWithDescription\",\"enabled\":\"1\",\"fields\":{\"position\":\"right\",\"image\":[\"209\"],\"imageWidth\":\"75\",\"description\":\"<p class=\\\"large\\\">This is the color palette. All type on the site is off-white or off-black. When designating a type color for the hero area, select one of those two.<\\/p>\\r\\n<p class=\\\"large\\\">Background colors & highlight colors can be uniquely specified based on the color palette of a particular project, or for dramatic effect!<\\/p>\",\"verticalSpacingLevel\":\"vertical-spacing-1\",\"backgroundColor\":\"#efefef\"}}},\"6\":\"Project Title\"}}', '2016-11-23 22:55:01', '2016-11-23 22:55:01', 'ee5b1448-a07e-45e3-bc1a-df4a8793d2db'),
 ('289', '201', '3', '46', 'en_us', '13', '', '{\"typeId\":\"3\",\"authorId\":\"46\",\"title\":\"Turnstyle Case Study Guide\",\"slug\":\"turnstyle-case-study-guide\",\"postDate\":1479938460,\"expiryDate\":null,\"enabled\":1,\"parentId\":null,\"fields\":{\"14\":[{\"col1\":\"Category Heading\",\"col2\":\"Additional Info\"},{\"col1\":\"\",\"col2\":\"\"}],\"3\":[\"9\",\"10\",\"11\",\"12\",\"13\",\"14\"],\"29\":\"#ffffff\",\"9\":\"HERO\\r\\nHEADLINE\\r\\nWITH LINE\\r\\nBREAKS\",\"7\":[\"204\"],\"4\":\"#3c00ff\",\"8\":\"<p class=\\\"large\\\">Welcome to the case study guide! Please don\'t delete me. When the time comes, we can turn me off, but until then I shall exist. Within this guide you will find information about the modules, color, typography, image optimization, file naming and more.<\\/p>\\r\\n<p class=\\\"large\\\">The area at right is dynamically populated with information from the CMS. The client comes from the title&nbsp;field, and the disciplines can be added one at a time depending on the particular project. Additional fields can be added and customized for things like URLs, Awards &&nbsp;Press, and other things unique to particular projects.<\\/p>\",\"62\":[\"203\"],\"10\":{\"211\":{\"type\":\"centeredText\",\"enabled\":\"1\",\"fields\":{\"text\":\"<p class=\\\"large\\\"><span class=\\\"white\\\">The Modules (this is the Centered Text module)<\\/span><\\/p>\\r\\n<p class=\\\"large\\\"><span class=\\\"white\\\">Below are all the modules in the CMS, with accompanying image sizing and other specs. There are several variables available to each module, some have more than others. You can specify vertical spacing (padding), background color, image\\/text orientation, full width vs framed, etc. Each module has a unique set of components one can set. Image modules have the image sizes specified in the CMS with the associated field.<\\/span><\\/p>\",\"verticalSpacingLevel\":\"vertical-spacing-3\",\"backgroundColor\":\"#000000\"}},\"212\":{\"type\":\"largeImage\",\"enabled\":\"1\",\"fields\":{\"image\":[\"213\"],\"layoutOptions\":\"full-width\",\"verticalSpacingLevel\":\"vertical-spacing-0\"}},\"new1\":{\"type\":\"insetImage\",\"enabled\":\"1\",\"fields\":{\"image\":[\"214\"],\"imageWidth\":\"75\",\"verticalSpacingLevel\":\"vertical-spacing-1\",\"backgroundColor\":\"#000000\"}},\"new2\":{\"type\":\"imageWithDescription\",\"enabled\":\"1\",\"fields\":{\"position\":\"left\",\"image\":[\"214\"],\"imageWidth\":\"75\",\"description\":\"<p>This is the Image with Description module. The text orientation (left\\/right), background color and&nbsp;vertical spacing is variable.<\\/p>\",\"verticalSpacingLevel\":\"vertical-spacing-1\",\"backgroundColor\":\"#efefef\"}},\"208\":{\"type\":\"imageWithDescription\",\"enabled\":\"1\",\"fields\":{\"position\":\"right\",\"image\":[\"209\"],\"imageWidth\":\"75\",\"description\":\"<p class=\\\"large\\\">This is the color palette. All type on the site is off-white or off-black. When designating a type color for the hero area, select one of those two.<\\/p>\\r\\n<p class=\\\"large\\\">Background colors & highlight colors can be uniquely specified based on the color palette of a particular project, or for dramatic effect!<\\/p>\",\"verticalSpacingLevel\":\"vertical-spacing-1\",\"backgroundColor\":\"#efefef\"}}},\"6\":\"Project Title\"}}', '2016-11-23 23:00:38', '2016-11-23 23:00:38', '0250312f-9273-49b5-ae3a-756c8ec812d2'),
 ('290', '201', '3', '46', 'en_us', '14', '', '{\"typeId\":\"3\",\"authorId\":\"46\",\"title\":\"Turnstyle Case Study Guide\",\"slug\":\"turnstyle-case-study-guide\",\"postDate\":1479938460,\"expiryDate\":null,\"enabled\":1,\"parentId\":null,\"fields\":{\"14\":[{\"col1\":\"Category Heading\",\"col2\":\"Additional Info\"},{\"col1\":\"\",\"col2\":\"\"}],\"3\":[\"9\",\"10\",\"11\",\"12\",\"13\",\"14\"],\"29\":\"#ffffff\",\"9\":\"HERO\\r\\nHEADLINE\\r\\nWITH LINE\\r\\nBREAKS\",\"7\":[\"204\"],\"4\":\"#3c00ff\",\"8\":\"<p class=\\\"large\\\">Welcome to the case study guide! Please don\'t delete me. When the time comes, we can turn me off, but until then I shall exist. Within this guide you will find information about the modules, color, typography, image optimization, file naming and more.<\\/p>\\r\\n<p class=\\\"large\\\">The area at right is dynamically populated with information from the CMS. The client comes from the title&nbsp;field, and the disciplines can be added one at a time depending on the particular project. Additional fields can be added and customized for things like URLs, Awards &&nbsp;Press, and other things unique to particular projects.<\\/p>\",\"62\":[\"203\"],\"10\":{\"211\":{\"type\":\"centeredText\",\"enabled\":\"1\",\"fields\":{\"text\":\"<p class=\\\"large\\\"><span class=\\\"white\\\">The Modules (this is the Centered Text module)<\\/span><\\/p>\\r\\n<p class=\\\"large\\\"><span class=\\\"white\\\">Below are all the modules in the CMS, with accompanying image sizing and other specs. There are several variables available to each module, some have more than others. You can specify vertical spacing (padding), background color, image\\/text orientation, full width vs framed, etc. Each module has a unique set of components one can set. Image modules have the image sizes specified in the CMS with the associated field.<\\/span><\\/p>\",\"verticalSpacingLevel\":\"vertical-spacing-3\",\"backgroundColor\":\"#000000\"}},\"212\":{\"type\":\"largeImage\",\"enabled\":\"1\",\"fields\":{\"image\":[\"213\"],\"layoutOptions\":\"full-width\",\"verticalSpacingLevel\":\"vertical-spacing-0\"}},\"215\":{\"type\":\"insetImage\",\"enabled\":\"1\",\"fields\":{\"image\":[\"214\"],\"imageWidth\":\"50\",\"verticalSpacingLevel\":\"vertical-spacing-3\",\"backgroundColor\":\"#000000\"}},\"216\":{\"type\":\"imageWithDescription\",\"enabled\":\"1\",\"fields\":{\"position\":\"left\",\"image\":[\"214\"],\"imageWidth\":\"75\",\"description\":\"<p>This is the Image with Description module. The text orientation (left\\/right), background color and&nbsp;vertical spacing is variable.<\\/p>\",\"verticalSpacingLevel\":\"vertical-spacing-1\",\"backgroundColor\":\"#efefef\"}},\"new1\":{\"type\":\"twoUpImages\",\"enabled\":\"1\",\"fields\":{\"leftImage\":[\"214\"],\"rightImage\":[\"217\"],\"verticalSpacingLevel\":\"vertical-spacing-1\"}},\"208\":{\"type\":\"imageWithDescription\",\"enabled\":\"1\",\"fields\":{\"position\":\"right\",\"image\":[\"209\"],\"imageWidth\":\"75\",\"description\":\"<p class=\\\"large\\\">This is the color palette. All type on the site is off-white or off-black. When designating a type color for the hero area, select one of those two.<\\/p>\\r\\n<p class=\\\"large\\\">Background colors & highlight colors can be uniquely specified based on the color palette of a particular project, or for dramatic effect!<\\/p>\",\"verticalSpacingLevel\":\"vertical-spacing-1\",\"backgroundColor\":\"#efefef\"}}},\"6\":\"Project Title\"}}', '2016-11-23 23:01:53', '2016-11-23 23:01:53', 'a82fa234-ae2a-47a0-9979-d45cde99fe99'),
 ('291', '201', '3', '46', 'en_us', '15', '', '{\"typeId\":\"3\",\"authorId\":\"46\",\"title\":\"Turnstyle Case Study Guide\",\"slug\":\"turnstyle-case-study-guide\",\"postDate\":1479938460,\"expiryDate\":null,\"enabled\":1,\"parentId\":null,\"fields\":{\"14\":[{\"col1\":\"Category Heading\",\"col2\":\"Additional Info\"},{\"col1\":\"\",\"col2\":\"\"}],\"3\":[\"9\",\"10\",\"11\",\"12\",\"13\",\"14\"],\"29\":\"#ffffff\",\"9\":\"HERO\\r\\nHEADLINE\\r\\nWITH LINE\\r\\nBREAKS\",\"7\":[\"204\"],\"4\":\"#3c00ff\",\"8\":\"<p class=\\\"large\\\">Welcome to the case study guide! Please don\'t delete me. When the time comes, we can turn me off, but until then I shall exist. Within this guide you will find information about the modules, color, typography, image optimization, file naming and more.<\\/p>\\r\\n<p class=\\\"large\\\">The area at right is dynamically populated with information from the CMS. The client comes from the title&nbsp;field, and the disciplines can be added one at a time depending on the particular project. Additional fields can be added and customized for things like URLs, Awards &&nbsp;Press, and other things unique to particular projects.<\\/p>\",\"62\":[\"203\"],\"10\":{\"211\":{\"type\":\"centeredText\",\"enabled\":\"1\",\"fields\":{\"text\":\"<p class=\\\"large\\\"><span class=\\\"white\\\">The Modules (this is the Centered Text module)<\\/span><\\/p>\\r\\n<p class=\\\"large\\\"><span class=\\\"white\\\">Below are all the modules in the CMS, with accompanying image sizing and other specs. There are several variables available to each module, some have more than others. You can specify vertical spacing (padding), background color, image\\/text orientation, full width vs framed, etc. Each module has a unique set of components one can set. Image modules have the image sizes specified in the CMS with the associated field.<\\/span><\\/p>\",\"verticalSpacingLevel\":\"vertical-spacing-3\",\"backgroundColor\":\"#000000\"}},\"212\":{\"type\":\"largeImage\",\"enabled\":\"1\",\"fields\":{\"image\":[\"213\"],\"layoutOptions\":\"full-width\",\"verticalSpacingLevel\":\"vertical-spacing-0\"}},\"new1\":{\"type\":\"largeImage\",\"enabled\":\"1\",\"fields\":{\"image\":[\"213\"],\"layoutOptions\":\"framed\",\"verticalSpacingLevel\":\"vertical-spacing-1\"}},\"215\":{\"type\":\"insetImage\",\"enabled\":\"1\",\"fields\":{\"image\":[\"214\"],\"imageWidth\":\"50\",\"verticalSpacingLevel\":\"vertical-spacing-3\",\"backgroundColor\":\"#000000\"}},\"216\":{\"type\":\"imageWithDescription\",\"enabled\":\"1\",\"fields\":{\"position\":\"left\",\"image\":[\"214\"],\"imageWidth\":\"75\",\"description\":\"<p>This is the Image with Description module. The text orientation (left\\/right), background color and&nbsp;vertical spacing is variable.<\\/p>\",\"verticalSpacingLevel\":\"vertical-spacing-3\",\"backgroundColor\":\"#efefef\"}},\"218\":{\"type\":\"twoUpImages\",\"enabled\":\"1\",\"fields\":{\"leftImage\":[\"214\"],\"rightImage\":[\"217\"],\"verticalSpacingLevel\":\"vertical-spacing-1\"}},\"208\":{\"type\":\"imageWithDescription\",\"enabled\":\"1\",\"fields\":{\"position\":\"right\",\"image\":[\"209\"],\"imageWidth\":\"75\",\"description\":\"<p class=\\\"large\\\">This is the color palette. All type on the site is off-white or off-black. When designating a type color for the hero area, select one of those two.<\\/p>\\r\\n<p class=\\\"large\\\">Background colors & highlight colors can be uniquely specified based on the color palette of a particular project, or for dramatic effect!<\\/p>\",\"verticalSpacingLevel\":\"vertical-spacing-1\",\"backgroundColor\":\"#efefef\"}}},\"6\":\"Project Title\"}}', '2016-11-23 23:04:00', '2016-11-23 23:04:00', 'f4c24459-1cb5-4a4e-8996-c1026a04df13'),
 ('292', '201', '3', '46', 'en_us', '16', '', '{\"typeId\":\"3\",\"authorId\":\"46\",\"title\":\"Turnstyle Case Study Guide\",\"slug\":\"turnstyle-case-study-guide\",\"postDate\":1479938460,\"expiryDate\":null,\"enabled\":1,\"parentId\":null,\"fields\":{\"14\":[{\"col1\":\"Category Heading\",\"col2\":\"Additional Info\"},{\"col1\":\"\",\"col2\":\"\"}],\"3\":[\"9\",\"10\",\"11\",\"12\",\"13\",\"14\"],\"29\":\"#ffffff\",\"9\":\"HERO\\r\\nHEADLINE\\r\\nWITH LINE\\r\\nBREAKS\",\"7\":[\"204\"],\"4\":\"#3c00ff\",\"8\":\"<p class=\\\"large\\\">Welcome to the case study guide! Please don\'t delete me. When the time comes, we can turn me off, but until then I shall exist. Within this guide you will find information about the modules, color, typography, image optimization, file naming and more.<\\/p>\\r\\n<p class=\\\"large\\\">The area at right is dynamically populated with information from the CMS. The client comes from the title&nbsp;field, and the disciplines can be added one at a time depending on the particular project. Additional fields can be added and customized for things like URLs, Awards &&nbsp;Press, and other things unique to particular projects.<\\/p>\",\"62\":[\"203\"],\"10\":{\"211\":{\"type\":\"centeredText\",\"enabled\":\"1\",\"fields\":{\"text\":\"<p class=\\\"large\\\"><span class=\\\"white\\\">The Modules (this is the Centered Text module)<\\/span><\\/p>\\r\\n<p class=\\\"large\\\"><span class=\\\"white\\\">Below are all the modules in the CMS, with accompanying image sizing and other specs. There are several variables available to each module, some have more than others. You can specify vertical spacing (padding), background color, image\\/text orientation, full width vs framed, etc. Each module has a unique set of components one can set. Image modules have the image sizes specified in the CMS with the associated field.<\\/span><\\/p>\",\"verticalSpacingLevel\":\"vertical-spacing-3\",\"backgroundColor\":\"#000000\"}},\"212\":{\"type\":\"largeImage\",\"enabled\":\"1\",\"fields\":{\"image\":[\"213\"],\"layoutOptions\":\"full-width\",\"verticalSpacingLevel\":\"vertical-spacing-0\"}},\"219\":{\"type\":\"largeImage\",\"enabled\":\"1\",\"fields\":{\"image\":[\"213\"],\"layoutOptions\":\"framed\",\"verticalSpacingLevel\":\"vertical-spacing-1\"}},\"215\":{\"type\":\"insetImage\",\"enabled\":\"1\",\"fields\":{\"image\":[\"214\"],\"imageWidth\":\"50\",\"verticalSpacingLevel\":\"vertical-spacing-3\",\"backgroundColor\":\"#000000\"}},\"216\":{\"type\":\"imageWithDescription\",\"enabled\":\"1\",\"fields\":{\"position\":\"left\",\"image\":[\"214\"],\"imageWidth\":\"75\",\"description\":\"<p>This is the Image with Description module. The text orientation (left\\/right), background color and&nbsp;vertical spacing is variable.<\\/p>\",\"verticalSpacingLevel\":\"vertical-spacing-3\",\"backgroundColor\":\"#efefef\"}},\"218\":{\"type\":\"twoUpImages\",\"enabled\":\"1\",\"fields\":{\"leftImage\":[\"214\"],\"rightImage\":[\"217\"],\"verticalSpacingLevel\":\"vertical-spacing-1\"}},\"208\":{\"type\":\"imageWithDescription\",\"enabled\":\"1\",\"fields\":{\"position\":\"right\",\"image\":[\"209\"],\"imageWidth\":\"75\",\"description\":\"<p class=\\\"large\\\">This is the color palette. All type on the site is off-white or off-black. When designating a type color for the hero area, select one of those two.<\\/p>\\r\\n<p class=\\\"large\\\">Background colors & highlight colors can be uniquely specified based on the color palette of a particular project, or for dramatic effect!<\\/p>\",\"verticalSpacingLevel\":\"vertical-spacing-1\",\"backgroundColor\":\"#efefef\"}}},\"6\":\"Project Title\"}}', '2016-11-23 23:04:46', '2016-11-23 23:04:46', '3d3f4504-dcf5-4f29-8aae-762b90ada24a'),
 ('293', '201', '3', '46', 'en_us', '17', '', '{\"typeId\":\"3\",\"authorId\":\"46\",\"title\":\"Turnstyle Case Study Guide\",\"slug\":\"turnstyle-case-study-guide\",\"postDate\":1479938460,\"expiryDate\":null,\"enabled\":1,\"parentId\":null,\"fields\":{\"14\":[{\"col1\":\"Category Heading\",\"col2\":\"Additional Info\"},{\"col1\":\"\",\"col2\":\"\"}],\"3\":[\"9\",\"10\",\"11\",\"12\",\"13\",\"14\"],\"29\":\"#ffffff\",\"9\":\"HERO\\r\\nHEADLINE\\r\\nWITH LINE\\r\\nBREAKS\",\"7\":[\"204\"],\"4\":\"#3c00ff\",\"8\":\"<p class=\\\"large\\\">Welcome to the case study guide! Please don\'t delete me. When the time comes, we can turn me off, but until then I shall exist. Within this guide you will find information about the modules, color, typography, image optimization, file naming and more.<\\/p>\\r\\n<p class=\\\"large\\\">The area at right is dynamically populated with information from the CMS. The client comes from the title&nbsp;field, and the disciplines can be added one at a time depending on the particular project. Additional fields can be added and customized for things like URLs, Awards &&nbsp;Press, and other things unique to particular projects.<\\/p>\",\"62\":[\"203\"],\"10\":{\"211\":{\"type\":\"centeredText\",\"enabled\":\"1\",\"fields\":{\"text\":\"<p class=\\\"large\\\"><span class=\\\"white\\\">The Modules (this is the Centered Text module)<\\/span><\\/p>\\r\\n<p class=\\\"large\\\"><span class=\\\"white\\\">Below are all the modules in the CMS, with accompanying image sizing and other specs. There are several variables available to each module, some have more than others. You can specify vertical spacing (padding), background color, image\\/text orientation, full width vs framed, etc. Each module has a unique set of components one can set. Image modules have the image sizes specified in the CMS with the associated field.<\\/span><\\/p>\",\"verticalSpacingLevel\":\"vertical-spacing-3\",\"backgroundColor\":\"#000000\"}},\"212\":{\"type\":\"largeImage\",\"enabled\":\"1\",\"fields\":{\"image\":[\"213\"],\"layoutOptions\":\"full-width\",\"verticalSpacingLevel\":\"vertical-spacing-0\"}},\"219\":{\"type\":\"largeImage\",\"enabled\":\"1\",\"fields\":{\"image\":[\"213\"],\"layoutOptions\":\"framed\",\"verticalSpacingLevel\":\"vertical-spacing-1\"}},\"215\":{\"type\":\"insetImage\",\"enabled\":\"1\",\"fields\":{\"image\":[\"214\"],\"imageWidth\":\"50\",\"verticalSpacingLevel\":\"vertical-spacing-3\",\"backgroundColor\":\"#000000\"}},\"216\":{\"type\":\"imageWithDescription\",\"enabled\":\"1\",\"fields\":{\"position\":\"left\",\"image\":[\"214\"],\"imageWidth\":\"75\",\"description\":\"<p>This is the Image with Description module. The text orientation (left\\/right), background color and&nbsp;vertical spacing is variable.<\\/p>\",\"verticalSpacingLevel\":\"vertical-spacing-3\",\"backgroundColor\":\"#efefef\"}},\"218\":{\"type\":\"twoUpImages\",\"enabled\":\"1\",\"fields\":{\"leftImage\":[\"221\"],\"rightImage\":[\"217\"],\"verticalSpacingLevel\":\"vertical-spacing-1\"}},\"208\":{\"type\":\"imageWithDescription\",\"enabled\":\"1\",\"fields\":{\"position\":\"right\",\"image\":[\"209\"],\"imageWidth\":\"75\",\"description\":\"<p class=\\\"large\\\">This is the color palette. All type on the site is off-white or off-black. When designating a type color for the hero area, select one of those two.<\\/p>\\r\\n<p class=\\\"large\\\">Background colors & highlight colors can be uniquely specified based on the color palette of a particular project, or for dramatic effect!<\\/p>\",\"verticalSpacingLevel\":\"vertical-spacing-1\",\"backgroundColor\":\"#efefef\"}}},\"6\":\"Project Title\"}}', '2016-11-23 23:06:36', '2016-11-23 23:06:36', 'e855b84c-218e-45e1-b9a6-a00927581e51'),
 ('294', '201', '3', '46', 'en_us', '18', '', '{\"typeId\":\"3\",\"authorId\":\"46\",\"title\":\"Turnstyle Case Study Guide\",\"slug\":\"turnstyle-case-study-guide\",\"postDate\":1479938460,\"expiryDate\":null,\"enabled\":1,\"parentId\":null,\"fields\":{\"14\":[{\"col1\":\"Category Heading\",\"col2\":\"Additional Info\"},{\"col1\":\"\",\"col2\":\"\"}],\"3\":[\"11\",\"12\",\"13\"],\"29\":\"#ffffff\",\"9\":\"HERO\\r\\nHEADLINE\\r\\nWITH LINE\\r\\nBREAKS\",\"7\":[\"204\"],\"4\":\"#3c00ff\",\"8\":\"<p class=\\\"large\\\">Welcome to the case study guide! Please don\'t delete me. When the time comes, we can turn me off, but until then I shall exist. Within this guide you will find information about the modules, color, typography, image optimization, file naming and more.<\\/p>\\r\\n<p class=\\\"large\\\">The area at right is dynamically populated with information from the CMS. The client comes from the title&nbsp;field, and the disciplines can be added one at a time depending on the particular project. Additional fields can be added and customized for things like URLs, Awards &&nbsp;Press, and other things unique to particular projects.<\\/p>\",\"62\":[\"203\"],\"10\":{\"211\":{\"type\":\"centeredText\",\"enabled\":\"1\",\"fields\":{\"text\":\"<p class=\\\"large\\\"><span class=\\\"white\\\">The Modules (this is the Centered Text module)<\\/span><\\/p>\\r\\n<p class=\\\"large\\\"><span class=\\\"white\\\">Below are all the modules in the CMS, with accompanying image sizing and other specs. There are several variables available to each module, some have more than others. You can specify vertical spacing (padding), background color, image\\/text orientation, full width vs framed, etc. Each module has a unique set of components one can set. Image modules have the image sizes specified in the CMS with the associated field.<\\/span><\\/p>\",\"verticalSpacingLevel\":\"vertical-spacing-3\",\"backgroundColor\":\"#000000\"}},\"212\":{\"type\":\"largeImage\",\"enabled\":\"1\",\"fields\":{\"image\":[\"213\"],\"layoutOptions\":\"full-width\",\"verticalSpacingLevel\":\"vertical-spacing-0\"}},\"219\":{\"type\":\"largeImage\",\"enabled\":\"1\",\"fields\":{\"image\":[\"213\"],\"layoutOptions\":\"framed\",\"verticalSpacingLevel\":\"vertical-spacing-1\"}},\"215\":{\"type\":\"insetImage\",\"enabled\":\"1\",\"fields\":{\"image\":[\"214\"],\"imageWidth\":\"50\",\"verticalSpacingLevel\":\"vertical-spacing-3\",\"backgroundColor\":\"#000000\"}},\"216\":{\"type\":\"imageWithDescription\",\"enabled\":\"1\",\"fields\":{\"position\":\"left\",\"image\":[\"214\"],\"imageWidth\":\"75\",\"description\":\"<p>This is the Image with Description module. The text orientation (left\\/right), background color and&nbsp;vertical spacing is variable.<\\/p>\",\"verticalSpacingLevel\":\"vertical-spacing-3\",\"backgroundColor\":\"#efefef\"}},\"218\":{\"type\":\"twoUpImages\",\"enabled\":\"1\",\"fields\":{\"leftImage\":[\"221\"],\"rightImage\":[\"217\"],\"verticalSpacingLevel\":\"vertical-spacing-1\"}},\"new1\":{\"type\":\"centeredText\",\"enabled\":\"1\",\"fields\":{\"text\":\"<p class=\\\"large\\\"><span class=\\\"white\\\">There are also video & carousel modules. The carousel module is being dialed in and spec\'s aren\'t available. It isn\'t something we\'d intended to be a widely used case study&nbsp;component anyway. Keep on scrolling for color, type, file naming, etc.<\\/span><\\/p>\",\"verticalSpacingLevel\":\"vertical-spacing-3\",\"backgroundColor\":\"#000000\"}},\"208\":{\"type\":\"imageWithDescription\",\"enabled\":\"1\",\"fields\":{\"position\":\"right\",\"image\":[\"209\"],\"imageWidth\":\"75\",\"description\":\"<p class=\\\"large\\\">This is the color palette. All type on the site is off-white or off-black. When designating a type color for the hero area, select one of those two.<\\/p>\\r\\n<p class=\\\"large\\\">Background colors & highlight colors can be uniquely specified based on the color palette of a particular project, or for dramatic effect!<\\/p>\",\"verticalSpacingLevel\":\"vertical-spacing-1\",\"backgroundColor\":\"#efefef\"}}},\"6\":\"Project Title\"}}', '2016-11-23 23:16:03', '2016-11-23 23:16:03', '1a6170a6-6863-4d05-b39d-4913aab3143f'),
 ('295', '201', '3', '46', 'en_us', '19', '', '{\"typeId\":\"3\",\"authorId\":\"46\",\"title\":\"Turnstyle Case Study Guide\",\"slug\":\"turnstyle-case-study-guide\",\"postDate\":1479938460,\"expiryDate\":null,\"enabled\":1,\"parentId\":null,\"fields\":{\"14\":[{\"col1\":\"Category Heading\",\"col2\":\"Additional Info\"},{\"col1\":\"\",\"col2\":\"\"}],\"3\":[\"11\",\"12\",\"13\"],\"29\":\"#ffffff\",\"9\":\"HERO\\r\\nHEADLINE\\r\\nWITH LINE\\r\\nBREAKS\",\"7\":[\"204\"],\"4\":\"#3c00ff\",\"8\":\"<p class=\\\"large\\\">Welcome to the case study guide! Please don\'t delete me. When the time comes, we can turn me off, but until then I shall exist. Within this guide you will find information about the modules, color, typography, image optimization, file naming and more.<\\/p>\\r\\n<p class=\\\"large\\\">The area at right is dynamically populated with information from the CMS. The client comes from the title&nbsp;field, and the disciplines can be added one at a time depending on the particular project. Additional fields can be added and customized for things like URLs, Awards &&nbsp;Press, and other things unique to particular projects.<\\/p>\",\"62\":[\"203\"],\"10\":{\"211\":{\"type\":\"centeredText\",\"enabled\":\"1\",\"fields\":{\"text\":\"<p class=\\\"large\\\"><span class=\\\"white\\\">The Modules (this is the Centered Text module)<\\/span><\\/p>\\r\\n<p class=\\\"large\\\"><span class=\\\"white\\\">Below are all the modules in the CMS, with accompanying image sizing and other specs. There are several variables available to each module, some have more than others. You can specify vertical spacing (padding), background color, image\\/text orientation, full width vs framed, etc. Each module has a unique set of components one can set. Image modules have the image sizes specified in the CMS with the associated field.<\\/span><\\/p>\",\"verticalSpacingLevel\":\"vertical-spacing-3\",\"backgroundColor\":\"#000000\"}},\"212\":{\"type\":\"largeImage\",\"enabled\":\"1\",\"fields\":{\"image\":[\"213\"],\"layoutOptions\":\"full-width\",\"verticalSpacingLevel\":\"vertical-spacing-0\"}},\"219\":{\"type\":\"largeImage\",\"enabled\":\"1\",\"fields\":{\"image\":[\"213\"],\"layoutOptions\":\"framed\",\"verticalSpacingLevel\":\"vertical-spacing-1\"}},\"215\":{\"type\":\"insetImage\",\"enabled\":\"1\",\"fields\":{\"image\":[\"214\"],\"imageWidth\":\"50\",\"verticalSpacingLevel\":\"vertical-spacing-3\",\"backgroundColor\":\"#000000\"}},\"216\":{\"type\":\"imageWithDescription\",\"enabled\":\"1\",\"fields\":{\"position\":\"left\",\"image\":[\"214\"],\"imageWidth\":\"75\",\"description\":\"<p>This is the Image with Description module. The text orientation (left\\/right), background color and&nbsp;vertical spacing is variable.<\\/p>\",\"verticalSpacingLevel\":\"vertical-spacing-3\",\"backgroundColor\":\"#efefef\"}},\"218\":{\"type\":\"twoUpImages\",\"enabled\":\"1\",\"fields\":{\"leftImage\":[\"221\"],\"rightImage\":[\"217\"],\"verticalSpacingLevel\":\"vertical-spacing-1\"}},\"222\":{\"type\":\"centeredText\",\"enabled\":\"1\",\"fields\":{\"text\":\"<p class=\\\"large\\\"><span class=\\\"white\\\">There are also video & carousel modules. The carousel module is being dialed in and spec\'s aren\'t available. It isn\'t something we\'d intended to be a widely used case study&nbsp;component anyway. Keep on scrolling for color, type, file naming, etc.<\\/span><\\/p>\",\"verticalSpacingLevel\":\"vertical-spacing-3\",\"backgroundColor\":\"#000000\"}},\"208\":{\"type\":\"imageWithDescription\",\"enabled\":\"1\",\"fields\":{\"position\":\"right\",\"image\":[\"209\"],\"imageWidth\":\"75\",\"description\":\"<p class=\\\"large\\\">Color Palette<\\/p>\\r\\n<p class=\\\"large\\\">All type on the site is off-white or off-black. When designating a type color for the hero area, select one of those two.&nbsp;Background colors & highlight colors can be uniquely specified based on the color palette of a particular project, or for dramatic effect!<\\/p>\",\"verticalSpacingLevel\":\"vertical-spacing-1\",\"backgroundColor\":\"#efefef\"}},\"new1\":{\"type\":\"imageWithDescription\",\"enabled\":\"1\",\"fields\":{\"position\":\"left\",\"image\":[\"223\"],\"imageWidth\":\"75\",\"description\":\"<p class=\\\"large\\\">Image Types<\\/p><p class=\\\"large\\\">The CMS&nbsp;will accept just about any image format (JPG, GIF, PNG, SVG, etc). It is important that our site perform well and look great \\u2013 so there are particular instances where using an SVG may be preferred to a transparent PNG, for icons, logos, etc. The image&nbsp;at left is example of an SVG.<\\/p>\",\"verticalSpacingLevel\":\"vertical-spacing-3\",\"backgroundColor\":\"#ffffff\"}}},\"6\":\"Project Title\"}}', '2016-11-23 23:25:13', '2016-11-23 23:25:13', 'd0c89760-95ca-4a9c-904d-7f947ab3571b'),
 ('296', '201', '3', '46', 'en_us', '20', '', '{\"typeId\":\"3\",\"authorId\":\"46\",\"title\":\"Turnstyle Case Study Guide\",\"slug\":\"turnstyle-case-study-guide\",\"postDate\":1479938460,\"expiryDate\":null,\"enabled\":1,\"parentId\":null,\"fields\":{\"14\":[{\"col1\":\"Category Heading\",\"col2\":\"Additional Info\"},{\"col1\":\"\",\"col2\":\"\"}],\"3\":[\"11\",\"12\",\"13\"],\"29\":\"#ffffff\",\"9\":\"HERO\\r\\nHEADLINE\\r\\nWITH LINE\\r\\nBREAKS\",\"7\":[\"204\"],\"4\":\"#3c00ff\",\"8\":\"<p class=\\\"large\\\">Welcome to the case study guide! Please don\'t delete me. When the time comes, we can turn me off, but until then I shall exist. Within this guide you will find information about the modules, color, typography, image optimization, file naming and more.<\\/p>\\r\\n<p class=\\\"large\\\">The area at right is dynamically populated with information from the CMS. The client comes from the title&nbsp;field, and the disciplines can be added one at a time depending on the particular project. Additional fields can be added and customized for things like URLs, Awards &&nbsp;Press, and other things unique to particular projects.<\\/p>\",\"62\":[\"203\"],\"10\":{\"211\":{\"type\":\"centeredText\",\"enabled\":\"1\",\"fields\":{\"text\":\"<p class=\\\"large\\\"><span class=\\\"white\\\">The Modules (this is the Centered Text module)<\\/span><\\/p>\\r\\n<p class=\\\"large\\\"><span class=\\\"white\\\">Below are all the modules in the CMS, with accompanying image sizing and other specs. There are several variables available to each module, some have more than others. You can specify vertical spacing (padding), background color, image\\/text orientation, full width vs framed, etc. Each module has a unique set of components one can set. Image modules have the image sizes specified in the CMS with the associated field.<\\/span><\\/p>\",\"verticalSpacingLevel\":\"vertical-spacing-3\",\"backgroundColor\":\"#000000\"}},\"212\":{\"type\":\"largeImage\",\"enabled\":\"1\",\"fields\":{\"image\":[\"213\"],\"layoutOptions\":\"full-width\",\"verticalSpacingLevel\":\"vertical-spacing-0\"}},\"219\":{\"type\":\"largeImage\",\"enabled\":\"1\",\"fields\":{\"image\":[\"213\"],\"layoutOptions\":\"framed\",\"verticalSpacingLevel\":\"vertical-spacing-1\"}},\"215\":{\"type\":\"insetImage\",\"enabled\":\"1\",\"fields\":{\"image\":[\"214\"],\"imageWidth\":\"50\",\"verticalSpacingLevel\":\"vertical-spacing-3\",\"backgroundColor\":\"#000000\"}},\"216\":{\"type\":\"imageWithDescription\",\"enabled\":\"1\",\"fields\":{\"position\":\"left\",\"image\":[\"214\"],\"imageWidth\":\"75\",\"description\":\"<p>This is the Image with Description module. The text orientation (left\\/right), background color and&nbsp;vertical spacing is variable.<\\/p>\",\"verticalSpacingLevel\":\"vertical-spacing-3\",\"backgroundColor\":\"#efefef\"}},\"218\":{\"type\":\"twoUpImages\",\"enabled\":\"1\",\"fields\":{\"leftImage\":[\"221\"],\"rightImage\":[\"217\"],\"verticalSpacingLevel\":\"vertical-spacing-1\"}},\"222\":{\"type\":\"centeredText\",\"enabled\":\"1\",\"fields\":{\"text\":\"<p class=\\\"large\\\"><span class=\\\"white\\\">There are also video & carousel modules. The carousel module is being dialed in and spec\'s aren\'t available. It isn\'t something we\'d intended to be a widely used case study&nbsp;component anyway. Keep on scrolling for color, type, file naming, etc.<\\/span><\\/p>\",\"verticalSpacingLevel\":\"vertical-spacing-3\",\"backgroundColor\":\"#000000\"}},\"208\":{\"type\":\"imageWithDescription\",\"enabled\":\"1\",\"fields\":{\"position\":\"right\",\"image\":[\"209\"],\"imageWidth\":\"75\",\"description\":\"<p class=\\\"large\\\">Color Palette<\\/p>\\r\\n<p class=\\\"large\\\">All type on the site is off-white or off-black. When designating a type color for the hero area, select one of those two.&nbsp;Background colors & highlight colors can be uniquely specified based on the color palette of a particular project, or for dramatic effect!<\\/p>\",\"verticalSpacingLevel\":\"vertical-spacing-1\",\"backgroundColor\":\"#efefef\"}},\"224\":{\"type\":\"imageWithDescription\",\"enabled\":\"1\",\"fields\":{\"position\":\"left\",\"image\":[\"223\"],\"imageWidth\":\"75\",\"description\":\"<p class=\\\"large\\\">Image Types<\\/p>\\r\\n<p class=\\\"large\\\">The CMS&nbsp;will accept just about any image format (JPEG, GIF, PNG, SVG, etc). It is important that our site perform well and look great \\u2013 so there are particular instances where using an SVG may be preferred to a transparent PNG, for icons, logos, etc. The image&nbsp;at left is example of an SVG.<\\/p>\",\"verticalSpacingLevel\":\"vertical-spacing-3\",\"backgroundColor\":\"#ffffff\"}},\"new1\":{\"type\":\"imageWithDescription\",\"enabled\":\"1\",\"fields\":{\"position\":\"right\",\"image\":[\"225\"],\"imageWidth\":\"100\",\"description\":\"<p class=\\\"large\\\">Image Optimization<\\/p>\\r\\n<p class=\\\"large\\\">The majority of the images we upload into our CMS will be JPEGs. JPEGs can get large, and we want to keep the file size down to optimize performance. ALL JPEG images should be optimized with the JPEG High preset. The Quality should be set to 60% and Progressive should be checked.<\\/p>\",\"verticalSpacingLevel\":\"vertical-spacing-2\",\"backgroundColor\":\"#ffffff\"}}},\"6\":\"Project Title\"}}', '2016-11-23 23:30:19', '2016-11-23 23:30:19', 'f3cdc971-e53e-4808-a0e1-e88689a696f1'),
 ('297', '201', '3', '46', 'en_us', '21', '', '{\"typeId\":\"3\",\"authorId\":\"46\",\"title\":\"Turnstyle Case Study Guide\",\"slug\":\"turnstyle-case-study-guide\",\"postDate\":1479938460,\"expiryDate\":null,\"enabled\":1,\"parentId\":null,\"fields\":{\"14\":[{\"col1\":\"Category Heading\",\"col2\":\"Additional Info\"},{\"col1\":\"\",\"col2\":\"\"}],\"3\":[\"11\",\"12\",\"13\"],\"29\":\"#ffffff\",\"9\":\"HERO\\r\\nHEADLINE\\r\\nWITH LINE\\r\\nBREAKS\",\"7\":[\"204\"],\"4\":\"#3c00ff\",\"8\":\"<p class=\\\"large\\\">Welcome to the case study guide! Please don\'t delete me. When the time comes, we can turn me off, but until then I shall exist. Within this guide you will find information about the modules, color, typography, image optimization, file naming and more.<\\/p>\\r\\n<p class=\\\"large\\\">The area at right is dynamically populated with information from the CMS. The client comes from the title&nbsp;field, and the disciplines can be added one at a time depending on the particular project. Additional fields can be added and customized for things like URLs, Awards &&nbsp;Press, and other things unique to particular projects.<\\/p>\",\"62\":[\"203\"],\"10\":{\"211\":{\"type\":\"centeredText\",\"enabled\":\"1\",\"fields\":{\"text\":\"<p class=\\\"large\\\"><span class=\\\"white\\\">The Modules (this is the Centered Text module)<\\/span><\\/p>\\r\\n<p class=\\\"large\\\"><span class=\\\"white\\\">Below are all the modules in the CMS, with accompanying image sizing and other specs. There are several variables available to each module, some have more than others. You can specify vertical spacing (padding), background color, image\\/text orientation, full width vs framed, etc. Each module has a unique set of components one can set. Image modules have the image sizes specified in the CMS with the associated field.<\\/span><\\/p>\",\"verticalSpacingLevel\":\"vertical-spacing-3\",\"backgroundColor\":\"#000000\"}},\"212\":{\"type\":\"largeImage\",\"enabled\":\"1\",\"fields\":{\"image\":[\"213\"],\"layoutOptions\":\"full-width\",\"verticalSpacingLevel\":\"vertical-spacing-0\"}},\"219\":{\"type\":\"largeImage\",\"enabled\":\"1\",\"fields\":{\"image\":[\"213\"],\"layoutOptions\":\"framed\",\"verticalSpacingLevel\":\"vertical-spacing-1\"}},\"215\":{\"type\":\"insetImage\",\"enabled\":\"1\",\"fields\":{\"image\":[\"214\"],\"imageWidth\":\"50\",\"verticalSpacingLevel\":\"vertical-spacing-3\",\"backgroundColor\":\"#000000\"}},\"216\":{\"type\":\"imageWithDescription\",\"enabled\":\"1\",\"fields\":{\"position\":\"left\",\"image\":[\"214\"],\"imageWidth\":\"75\",\"description\":\"<p class=\\\"large\\\">This is the Image with Description module. The text orientation (left\\/right), background color and&nbsp;vertical spacing is variable.<\\/p>\",\"verticalSpacingLevel\":\"vertical-spacing-3\",\"backgroundColor\":\"#efefef\"}},\"218\":{\"type\":\"twoUpImages\",\"enabled\":\"1\",\"fields\":{\"leftImage\":[\"221\"],\"rightImage\":[\"217\"],\"verticalSpacingLevel\":\"vertical-spacing-1\"}},\"222\":{\"type\":\"centeredText\",\"enabled\":\"1\",\"fields\":{\"text\":\"<p class=\\\"large\\\"><span class=\\\"white\\\">There are also video & carousel modules. The carousel module is being dialed in and spec\'s aren\'t available. It isn\'t something we\'d intended to be a widely used case study&nbsp;component anyway. Keep on scrolling for color, type, file naming, etc.<\\/span><\\/p>\",\"verticalSpacingLevel\":\"vertical-spacing-3\",\"backgroundColor\":\"#000000\"}},\"208\":{\"type\":\"imageWithDescription\",\"enabled\":\"1\",\"fields\":{\"position\":\"right\",\"image\":[\"209\"],\"imageWidth\":\"75\",\"description\":\"<p class=\\\"large\\\">Color Palette<\\/p>\\r\\n<p class=\\\"large\\\">All type on the site is off-white or off-black. When designating a type color for the hero area, select one of those two.&nbsp;Background colors & highlight colors can be uniquely specified based on the color palette of a particular project, or for dramatic effect!<\\/p>\",\"verticalSpacingLevel\":\"vertical-spacing-2\",\"backgroundColor\":\"#ffffff\"}},\"224\":{\"type\":\"imageWithDescription\",\"enabled\":\"1\",\"fields\":{\"position\":\"left\",\"image\":[\"223\"],\"imageWidth\":\"75\",\"description\":\"<p class=\\\"large\\\">Image Types<\\/p>\\r\\n<p class=\\\"large\\\">The CMS&nbsp;will accept just about any image format (JPEG, GIF, PNG, SVG, etc). It is important that our site perform well and look great \\u2013 so there are particular instances where using an SVG may be preferred to a transparent PNG, for icons, logos, etc. The image&nbsp;at left is example of an SVG.<\\/p>\",\"verticalSpacingLevel\":\"vertical-spacing-2\",\"backgroundColor\":\"#ffffff\"}},\"226\":{\"type\":\"imageWithDescription\",\"enabled\":\"1\",\"fields\":{\"position\":\"right\",\"image\":[\"225\"],\"imageWidth\":\"100\",\"description\":\"<p class=\\\"large\\\">Image Optimization<\\/p>\\r\\n<p class=\\\"large\\\">The majority of the images we upload into our CMS will be JPEGs. JPEGs can get large, and we want to keep the file size down to optimize performance. ALL JPEG images should be optimized with the JPEG High preset. The Quality should be set to 60% and Progressive should be checked.<\\/p>\",\"verticalSpacingLevel\":\"vertical-spacing-2\",\"backgroundColor\":\"#ffffff\"}}},\"6\":\"Project Title\"}}', '2016-11-23 23:31:41', '2016-11-23 23:31:41', '139fd167-d343-4dab-935f-564e4dc40635'),
 ('298', '201', '3', '46', 'en_us', '22', '', '{\"typeId\":\"3\",\"authorId\":\"46\",\"title\":\"Turnstyle Case Study Guide\",\"slug\":\"turnstyle-case-study-guide\",\"postDate\":1479938460,\"expiryDate\":null,\"enabled\":1,\"parentId\":null,\"fields\":{\"14\":[{\"col1\":\"Category Heading\",\"col2\":\"Additional Info\"},{\"col1\":\"\",\"col2\":\"\"}],\"3\":[\"11\",\"12\",\"13\"],\"29\":\"#ffffff\",\"9\":\"HERO\\r\\nHEADLINE\\r\\nWITH LINE\\r\\nBREAKS\",\"7\":[\"204\"],\"4\":\"#3c00ff\",\"8\":\"<p class=\\\"large\\\">Welcome to the case study guide! Please don\'t delete me. When the time comes, we can turn me off, but until then I shall exist. Within this guide you will find information about the modules, color, typography, image optimization, file naming and more.<\\/p>\\r\\n<p class=\\\"large\\\">The area at right is dynamically populated with information from the CMS. The client comes from the title&nbsp;field, and the disciplines can be added one at a time depending on the particular project. Additional fields can be added and customized for things like URLs, Awards &&nbsp;Press, and other things unique to particular projects.<\\/p>\",\"62\":[\"203\"],\"10\":{\"211\":{\"type\":\"centeredText\",\"enabled\":\"1\",\"fields\":{\"text\":\"<p class=\\\"large\\\"><span class=\\\"white\\\">The Modules (this is the Centered Text module)<\\/span><\\/p>\\r\\n<p class=\\\"large\\\"><span class=\\\"white\\\">Below are all the modules in the CMS, with accompanying image sizing and other specs. There are several variables available to each module, some have more than others. You can specify vertical spacing (padding), background color, image\\/text orientation, full width vs framed, etc. Each module has a unique set of components one can set. Image modules have the image sizes specified in the CMS with the associated field.<\\/span><\\/p>\",\"verticalSpacingLevel\":\"vertical-spacing-3\",\"backgroundColor\":\"#000000\"}},\"212\":{\"type\":\"largeImage\",\"enabled\":\"1\",\"fields\":{\"image\":[\"213\"],\"layoutOptions\":\"full-width\",\"verticalSpacingLevel\":\"vertical-spacing-0\"}},\"219\":{\"type\":\"largeImage\",\"enabled\":\"1\",\"fields\":{\"image\":[\"213\"],\"layoutOptions\":\"framed\",\"verticalSpacingLevel\":\"vertical-spacing-1\"}},\"215\":{\"type\":\"insetImage\",\"enabled\":\"1\",\"fields\":{\"image\":[\"214\"],\"imageWidth\":\"50\",\"verticalSpacingLevel\":\"vertical-spacing-3\",\"backgroundColor\":\"#000000\"}},\"216\":{\"type\":\"imageWithDescription\",\"enabled\":\"1\",\"fields\":{\"position\":\"left\",\"image\":[\"214\"],\"imageWidth\":\"75\",\"description\":\"<p class=\\\"large\\\">This is the Image with Description module. The text orientation (left\\/right), background color and&nbsp;vertical spacing is variable.<\\/p>\",\"verticalSpacingLevel\":\"vertical-spacing-3\",\"backgroundColor\":\"#efefef\"}},\"218\":{\"type\":\"twoUpImages\",\"enabled\":\"1\",\"fields\":{\"leftImage\":[\"221\"],\"rightImage\":[\"217\"],\"verticalSpacingLevel\":\"vertical-spacing-1\"}},\"222\":{\"type\":\"centeredText\",\"enabled\":\"1\",\"fields\":{\"text\":\"<p class=\\\"large\\\"><span class=\\\"white\\\">There are also video & carousel modules. The carousel module is being dialed in and spec\'s aren\'t available. It isn\'t something we\'d intended to be a widely used case study&nbsp;component anyway. Keep on scrolling for color, type, file naming, etc.<\\/span><\\/p>\",\"verticalSpacingLevel\":\"vertical-spacing-3\",\"backgroundColor\":\"#000000\"}},\"208\":{\"type\":\"imageWithDescription\",\"enabled\":\"1\",\"fields\":{\"position\":\"right\",\"image\":\"\",\"imageWidth\":\"75\",\"description\":\"<p class=\\\"large\\\">Color Palette<\\/p>\\r\\n<p class=\\\"large\\\">All type on the site is off-white or off-black. When designating a type color for the hero area, select one of those two.&nbsp;Background colors & highlight colors can be uniquely specified based on the color palette of a particular project, or for dramatic effect!<\\/p>\",\"verticalSpacingLevel\":\"vertical-spacing-2\",\"backgroundColor\":\"#ffffff\"}},\"224\":{\"type\":\"imageWithDescription\",\"enabled\":\"1\",\"fields\":{\"position\":\"left\",\"image\":[\"223\"],\"imageWidth\":\"75\",\"description\":\"<p class=\\\"large\\\">Image Types<\\/p>\\r\\n<p class=\\\"large\\\">The CMS&nbsp;will accept just about any image format (JPEG, GIF, PNG, SVG, etc). It is important that our site perform well and look great \\u2013 so there are particular instances where using an SVG may be preferred to a transparent PNG, for icons, logos, etc. The image&nbsp;at left is example of an SVG.<\\/p>\",\"verticalSpacingLevel\":\"vertical-spacing-2\",\"backgroundColor\":\"#ffffff\"}},\"226\":{\"type\":\"imageWithDescription\",\"enabled\":\"1\",\"fields\":{\"position\":\"right\",\"image\":[\"225\"],\"imageWidth\":\"100\",\"description\":\"<p class=\\\"large\\\">Image Optimization<\\/p>\\r\\n<p class=\\\"large\\\">The majority of the images we upload into our CMS will be JPEGs. JPEGs can get large, and we want to keep the file size down to optimize performance. ALL JPEG images should be optimized with the JPEG High preset. The Quality should be set to 60% and Progressive should be checked.<\\/p>\",\"verticalSpacingLevel\":\"vertical-spacing-2\",\"backgroundColor\":\"#ffffff\"}},\"new1\":{\"type\":\"imageWithDescription\",\"enabled\":\"1\",\"fields\":{\"position\":\"left\",\"image\":[\"227\"],\"imageWidth\":\"100\",\"description\":\"<p class=\\\"large\\\">File Naming<\\/p><p class=\\\"large\\\">File naming should be consistent across all entries. For common, required&nbsp;elements, such as the Hero Image and the List Image (thumbnail), a common convention should be adhered to. For all other images, use an appropriate description of the content of the image.&nbsp;<\\/p><p>All file names should be lowercase, with hyphens separating descriptors, followed by a number. Serial and alternate&nbsp;images should use the same name and the next number, -01, -02, etc.<\\/p>\",\"verticalSpacingLevel\":\"vertical-spacing-2\",\"backgroundColor\":\"#ffffff\"}}},\"6\":\"Project Title\"}}', '2016-11-23 23:57:30', '2016-11-23 23:57:30', '79f67d4b-b93a-418d-94f8-f5abb8fbd9d4'),
 ('299', '201', '3', '46', 'en_us', '23', '', '{\"typeId\":\"3\",\"authorId\":\"46\",\"title\":\"Turnstyle Case Study Guide\",\"slug\":\"turnstyle-case-study-guide\",\"postDate\":1479938460,\"expiryDate\":null,\"enabled\":1,\"parentId\":null,\"fields\":{\"14\":[{\"col1\":\"Category Heading\",\"col2\":\"Additional Info\"},{\"col1\":\"\",\"col2\":\"\"}],\"3\":[\"11\",\"12\",\"13\"],\"29\":\"#ffffff\",\"9\":\"HERO\\r\\nHEADLINE\\r\\nWITH LINE\\r\\nBREAKS\",\"7\":[\"204\"],\"4\":\"#3c00ff\",\"8\":\"<p class=\\\"large\\\">Welcome to the case study guide! Please don\'t delete me. When the time comes, we can turn me off, but until then I shall exist. Within this guide you will find information about the modules, color, typography, image optimization, file naming and more.<\\/p>\\r\\n<p class=\\\"large\\\">The area at right is dynamically populated with information from the CMS. The client comes from the title&nbsp;field, and the disciplines can be added one at a time depending on the particular project. Additional fields can be added and customized for things like URLs, Awards &&nbsp;Press, and other things unique to particular projects.<\\/p>\",\"62\":[\"203\"],\"10\":{\"211\":{\"type\":\"centeredText\",\"enabled\":\"1\",\"fields\":{\"text\":\"<p class=\\\"large\\\"><span class=\\\"white\\\">The Modules (this is the Centered Text module)<\\/span><\\/p>\\r\\n<p class=\\\"large\\\"><span class=\\\"white\\\">Below are all the modules in the CMS, with accompanying image sizing and other specs. There are several variables available to each module, some have more than others. You can specify vertical spacing (padding), background color, image\\/text orientation, full width vs framed, etc. Each module has a unique set of components one can set. Image modules have the image sizes specified in the CMS with the associated field.<\\/span><\\/p>\",\"verticalSpacingLevel\":\"vertical-spacing-3\",\"backgroundColor\":\"#000000\"}},\"212\":{\"type\":\"largeImage\",\"enabled\":\"1\",\"fields\":{\"image\":[\"213\"],\"layoutOptions\":\"full-width\",\"verticalSpacingLevel\":\"vertical-spacing-0\"}},\"219\":{\"type\":\"largeImage\",\"enabled\":\"1\",\"fields\":{\"image\":[\"213\"],\"layoutOptions\":\"framed\",\"verticalSpacingLevel\":\"vertical-spacing-1\"}},\"215\":{\"type\":\"insetImage\",\"enabled\":\"1\",\"fields\":{\"image\":[\"214\"],\"imageWidth\":\"50\",\"verticalSpacingLevel\":\"vertical-spacing-3\",\"backgroundColor\":\"#000000\"}},\"216\":{\"type\":\"imageWithDescription\",\"enabled\":\"1\",\"fields\":{\"position\":\"left\",\"image\":[\"214\"],\"imageWidth\":\"75\",\"description\":\"<p class=\\\"large\\\">This is the Image with Description module. The text orientation (left\\/right), background color and&nbsp;vertical spacing is variable.<\\/p>\",\"verticalSpacingLevel\":\"vertical-spacing-3\",\"backgroundColor\":\"#efefef\"}},\"218\":{\"type\":\"twoUpImages\",\"enabled\":\"1\",\"fields\":{\"leftImage\":[\"221\"],\"rightImage\":[\"217\"],\"verticalSpacingLevel\":\"vertical-spacing-1\"}},\"222\":{\"type\":\"centeredText\",\"enabled\":\"1\",\"fields\":{\"text\":\"<p class=\\\"large\\\"><span class=\\\"white\\\">There are also video & carousel modules. The carousel module is being dialed in and spec\'s aren\'t available. It isn\'t something we\'d intended to be a widely used case study&nbsp;component anyway. Keep on scrolling for color, type, file naming, etc.<\\/span><\\/p>\",\"verticalSpacingLevel\":\"vertical-spacing-3\",\"backgroundColor\":\"#000000\"}},\"208\":{\"type\":\"imageWithDescription\",\"enabled\":\"1\",\"fields\":{\"position\":\"right\",\"image\":[\"207\"],\"imageWidth\":\"75\",\"description\":\"<p class=\\\"large\\\">Color Palette<\\/p>\\r\\n<p class=\\\"large\\\">All type on the site is off-white or off-black. When designating a type color for the hero area, select one of those two.&nbsp;Background colors & highlight colors can be uniquely specified based on the color palette of a particular project, or for dramatic effect!<\\/p>\",\"verticalSpacingLevel\":\"vertical-spacing-2\",\"backgroundColor\":\"#ffffff\"}},\"224\":{\"type\":\"imageWithDescription\",\"enabled\":\"1\",\"fields\":{\"position\":\"left\",\"image\":[\"223\"],\"imageWidth\":\"75\",\"description\":\"<p class=\\\"large\\\">Image Types<\\/p>\\r\\n<p class=\\\"large\\\">The CMS&nbsp;will accept just about any image format (JPEG, GIF, PNG, SVG, etc). It is important that our site perform well and look great \\u2013 so there are particular instances where using an SVG may be preferred to a transparent PNG, for icons, logos, etc. The image&nbsp;at left is example of an SVG.<\\/p>\",\"verticalSpacingLevel\":\"vertical-spacing-2\",\"backgroundColor\":\"#ffffff\"}},\"226\":{\"type\":\"imageWithDescription\",\"enabled\":\"1\",\"fields\":{\"position\":\"right\",\"image\":[\"225\"],\"imageWidth\":\"100\",\"description\":\"<p class=\\\"large\\\">Image Optimization<\\/p>\\r\\n<p class=\\\"large\\\">The majority of the images we upload into our CMS will be JPEGs. JPEGs can get large, and we want to keep the file size down to optimize performance. ALL JPEG images should be optimized with the JPEG High preset. The Quality should be set to 60% and Progressive should be checked.<\\/p>\",\"verticalSpacingLevel\":\"vertical-spacing-2\",\"backgroundColor\":\"#ffffff\"}},\"230\":{\"type\":\"imageWithDescription\",\"enabled\":\"1\",\"fields\":{\"position\":\"left\",\"image\":[\"227\"],\"imageWidth\":\"100\",\"description\":\"<p class=\\\"large\\\">File Naming<\\/p>\\r\\n<p class=\\\"large\\\">File naming should be consistent across all entries. For common, required&nbsp;elements, such as the Hero Image and the List Image (thumbnail), a common convention should be adhered to. For all other images, use an appropriate description of the content of the image.&nbsp;<\\/p>\\r\\n<p>All file names should be lowercase, with hyphens separating descriptors, followed by a number. Serial and alternate&nbsp;images should use the same name and the next number, -01, -02, etc.<\\/p>\",\"verticalSpacingLevel\":\"vertical-spacing-2\",\"backgroundColor\":\"#ffffff\"}}},\"6\":\"Project Title\"}}', '2016-11-23 23:58:16', '2016-11-23 23:58:16', '31ab9e3f-4896-4057-8d7b-3dab3d49704f'),
 ('300', '201', '3', '46', 'en_us', '24', '', '{\"typeId\":\"3\",\"authorId\":\"46\",\"title\":\"Turnstyle Case Study Guide\",\"slug\":\"turnstyle-case-study-guide\",\"postDate\":1479938460,\"expiryDate\":null,\"enabled\":1,\"parentId\":null,\"fields\":{\"14\":[{\"col1\":\"Category Heading\",\"col2\":\"Additional Info\"},{\"col1\":\"\",\"col2\":\"\"}],\"3\":[\"11\",\"12\",\"13\"],\"29\":\"#ffffff\",\"9\":\"HERO\\r\\nHEADLINE\\r\\nWITH LINE\\r\\nBREAKS\",\"7\":[\"204\"],\"4\":\"#3c00ff\",\"8\":\"<p class=\\\"large\\\">Welcome to the case study guide! Please don\'t delete me. When the time comes, we can turn me off, but until then I shall exist. Within this guide you will find information about the modules, color, typography, image optimization, file naming and more.<\\/p>\\r\\n<p class=\\\"large\\\">The area at right is dynamically populated with information from the CMS. The client comes from the title&nbsp;field, and the disciplines can be added one at a time depending on the particular project. Additional fields can be added and customized for things like URLs, Awards &&nbsp;Press, and other things unique to particular projects.<\\/p>\",\"62\":[\"203\"],\"10\":{\"211\":{\"type\":\"centeredText\",\"enabled\":\"1\",\"fields\":{\"text\":\"<p class=\\\"large\\\"><span class=\\\"white\\\">The Modules (this is the Centered Text module)<\\/span><\\/p>\\r\\n<p class=\\\"large\\\"><span class=\\\"white\\\">Below are all the modules in the CMS, with accompanying image sizing and other specs. There are several variables available to each module, some have more than others. You can specify vertical spacing (padding), background color, image\\/text orientation, full width vs framed, etc. Each module has a unique set of components one can set. Image modules have the image sizes specified in the CMS with the associated field.<\\/span><\\/p>\",\"verticalSpacingLevel\":\"vertical-spacing-3\",\"backgroundColor\":\"#000000\"}},\"212\":{\"type\":\"largeImage\",\"enabled\":\"1\",\"fields\":{\"image\":[\"213\"],\"layoutOptions\":\"full-width\",\"verticalSpacingLevel\":\"vertical-spacing-0\"}},\"219\":{\"type\":\"largeImage\",\"enabled\":\"1\",\"fields\":{\"image\":[\"213\"],\"layoutOptions\":\"framed\",\"verticalSpacingLevel\":\"vertical-spacing-1\"}},\"215\":{\"type\":\"insetImage\",\"enabled\":\"1\",\"fields\":{\"image\":[\"214\"],\"imageWidth\":\"50\",\"verticalSpacingLevel\":\"vertical-spacing-3\",\"backgroundColor\":\"#000000\"}},\"216\":{\"type\":\"imageWithDescription\",\"enabled\":\"1\",\"fields\":{\"position\":\"left\",\"image\":[\"214\"],\"imageWidth\":\"75\",\"description\":\"<p class=\\\"large\\\">This is the Image with Description module. The text orientation (left\\/right), background color and&nbsp;vertical spacing is variable.<\\/p>\",\"verticalSpacingLevel\":\"vertical-spacing-3\",\"backgroundColor\":\"#efefef\"}},\"218\":{\"type\":\"twoUpImages\",\"enabled\":\"1\",\"fields\":{\"leftImage\":[\"221\"],\"rightImage\":[\"217\"],\"verticalSpacingLevel\":\"vertical-spacing-1\"}},\"222\":{\"type\":\"centeredText\",\"enabled\":\"1\",\"fields\":{\"text\":\"<p class=\\\"large\\\"><span class=\\\"white\\\">There are also video & carousel modules. The carousel module is being dialed in and spec\'s aren\'t available. It isn\'t something we\'d intended to be a widely used case study&nbsp;component anyway. Keep on scrolling for color, type, file naming, etc.<\\/span><\\/p>\",\"verticalSpacingLevel\":\"vertical-spacing-3\",\"backgroundColor\":\"#000000\"}},\"208\":{\"type\":\"imageWithDescription\",\"enabled\":\"1\",\"fields\":{\"position\":\"right\",\"image\":[\"207\"],\"imageWidth\":\"75\",\"description\":\"<p class=\\\"large\\\">Color Palette<\\/p>\\r\\n<p class=\\\"large\\\">All type on the site is off-white or off-black. When designating a type color for the hero area, select one of those two.&nbsp;Background colors & highlight colors can be uniquely specified based on the color palette of a particular project, or for dramatic effect!<\\/p>\",\"verticalSpacingLevel\":\"vertical-spacing-2\",\"backgroundColor\":\"#ffffff\"}},\"224\":{\"type\":\"imageWithDescription\",\"enabled\":\"1\",\"fields\":{\"position\":\"left\",\"image\":[\"223\"],\"imageWidth\":\"75\",\"description\":\"<p class=\\\"large\\\">Image Types<\\/p>\\r\\n<p class=\\\"large\\\">The CMS&nbsp;will accept just about any image format (JPEG, GIF, PNG, SVG, etc). It is important that our site perform well and look great \\u2013 so there are particular instances where using an SVG may be preferred to a transparent PNG, for icons, logos, etc. The image&nbsp;at left is example of an SVG.<\\/p>\",\"verticalSpacingLevel\":\"vertical-spacing-2\",\"backgroundColor\":\"#ffffff\"}},\"226\":{\"type\":\"imageWithDescription\",\"enabled\":\"1\",\"fields\":{\"position\":\"right\",\"image\":[\"225\"],\"imageWidth\":\"100\",\"description\":\"<p class=\\\"large\\\">Image Optimization<\\/p>\\r\\n<p class=\\\"large\\\">The majority of the images we upload into our CMS will be JPEGs. JPEGs can get large, and we want to keep the file size down to optimize performance. ALL JPEG images should be optimized with the JPEG High preset. The Quality should be set to 60% and Progressive should be checked.<\\/p>\",\"verticalSpacingLevel\":\"vertical-spacing-2\",\"backgroundColor\":\"#ffffff\"}},\"230\":{\"type\":\"imageWithDescription\",\"enabled\":\"1\",\"fields\":{\"position\":\"left\",\"image\":[\"227\"],\"imageWidth\":\"75\",\"description\":\"<p class=\\\"large\\\">File Naming<\\/p>\\r\\n<p class=\\\"large\\\">File naming should be consistent across all entries. For common, required&nbsp;elements, such as the Hero Image and the List Image (thumbnail), a common convention should be adhered to. For all other images, use an appropriate description of the content of the image.&nbsp;<\\/p>\\r\\n<p>All file names should be lowercase, with hyphens separating descriptors, followed by a number. Serial and alternate&nbsp;images should use the same name and the next number, -01, -02, etc.<\\/p>\",\"verticalSpacingLevel\":\"vertical-spacing-2\",\"backgroundColor\":\"#ffffff\"}}},\"6\":\"Project Title\"}}', '2016-11-24 00:00:04', '2016-11-24 00:00:04', 'a962e0b1-e8c3-430c-b263-829126f0be43'),
 ('301', '201', '3', '46', 'en_us', '25', '', '{\"typeId\":\"3\",\"authorId\":\"46\",\"title\":\"Turnstyle Case Study Guide\",\"slug\":\"turnstyle-case-study-guide\",\"postDate\":1479938460,\"expiryDate\":null,\"enabled\":1,\"parentId\":null,\"fields\":{\"14\":[{\"col1\":\"Category Heading\",\"col2\":\"Additional Info\"},{\"col1\":\"\",\"col2\":\"\"}],\"3\":[\"11\",\"12\",\"13\"],\"29\":\"#ffffff\",\"9\":\"HERO\\r\\nHEADLINE\\r\\nWITH LINE\\r\\nBREAKS\",\"7\":[\"204\"],\"4\":\"#3c00ff\",\"8\":\"<p class=\\\"large\\\">Welcome to the case study guide! Please don\'t delete me. When the time comes, we can turn me off, but until then I shall exist. Within this guide you will find information about the modules, color, typography, image optimization, file naming and more.<\\/p>\\r\\n<p class=\\\"large\\\">The area at right is dynamically populated with information from the CMS. The client comes from the title&nbsp;field, and the disciplines can be added one at a time depending on the particular project. Additional fields can be added and customized for things like URLs, Awards &&nbsp;Press, and other things unique to particular projects.<\\/p>\",\"62\":[\"203\"],\"10\":{\"211\":{\"type\":\"centeredText\",\"enabled\":\"1\",\"fields\":{\"text\":\"<p class=\\\"large\\\"><span class=\\\"white\\\">The Modules (this is the Centered Text module)<\\/span><\\/p>\\r\\n<p class=\\\"large\\\"><span class=\\\"white\\\">Below are all the modules in the CMS, with accompanying image sizing and other specs. There are several variables available to each module, some have more than others. You can specify vertical spacing (padding), background color, image\\/text orientation, full width vs framed, etc. Each module has a unique set of components one can set. Image modules have the image sizes specified in the CMS with the associated field.<\\/span><\\/p>\",\"verticalSpacingLevel\":\"vertical-spacing-3\",\"backgroundColor\":\"#000000\"}},\"212\":{\"type\":\"largeImage\",\"enabled\":\"1\",\"fields\":{\"image\":[\"213\"],\"layoutOptions\":\"full-width\",\"verticalSpacingLevel\":\"vertical-spacing-0\"}},\"219\":{\"type\":\"largeImage\",\"enabled\":\"1\",\"fields\":{\"image\":[\"213\"],\"layoutOptions\":\"framed\",\"verticalSpacingLevel\":\"vertical-spacing-1\"}},\"215\":{\"type\":\"insetImage\",\"enabled\":\"1\",\"fields\":{\"image\":[\"214\"],\"imageWidth\":\"50\",\"verticalSpacingLevel\":\"vertical-spacing-3\",\"backgroundColor\":\"#000000\"}},\"216\":{\"type\":\"imageWithDescription\",\"enabled\":\"1\",\"fields\":{\"position\":\"left\",\"image\":[\"214\"],\"imageWidth\":\"75\",\"description\":\"<p class=\\\"large\\\">This is the Image with Description module. The text orientation (left\\/right), background color and&nbsp;vertical spacing is variable.<\\/p>\",\"verticalSpacingLevel\":\"vertical-spacing-3\",\"backgroundColor\":\"#efefef\"}},\"218\":{\"type\":\"twoUpImages\",\"enabled\":\"1\",\"fields\":{\"leftImage\":[\"221\"],\"rightImage\":[\"217\"],\"verticalSpacingLevel\":\"vertical-spacing-1\"}},\"222\":{\"type\":\"centeredText\",\"enabled\":\"1\",\"fields\":{\"text\":\"<p class=\\\"large\\\"><span class=\\\"white\\\">There are also video & carousel modules. The carousel module is being dialed in and spec\'s aren\'t available. It isn\'t something we\'d intended to be a widely used case study&nbsp;component anyway. Keep on scrolling for color, type, file naming, etc.<\\/span><\\/p>\",\"verticalSpacingLevel\":\"vertical-spacing-3\",\"backgroundColor\":\"#000000\"}},\"208\":{\"type\":\"imageWithDescription\",\"enabled\":\"1\",\"fields\":{\"position\":\"right\",\"image\":[\"207\"],\"imageWidth\":\"75\",\"description\":\"<p class=\\\"large\\\">Color Palette<\\/p>\\r\\n<p class=\\\"large\\\">All type on the site is off-white or off-black. When designating a type color for the hero area, select one of those two.&nbsp;Background colors & highlight colors can be uniquely specified based on the color palette of a particular project, or for dramatic effect!<\\/p>\",\"verticalSpacingLevel\":\"vertical-spacing-2\",\"backgroundColor\":\"#ffffff\"}},\"224\":{\"type\":\"imageWithDescription\",\"enabled\":\"1\",\"fields\":{\"position\":\"left\",\"image\":[\"223\"],\"imageWidth\":\"75\",\"description\":\"<p class=\\\"large\\\">Image Types<\\/p>\\r\\n<p class=\\\"large\\\">The CMS&nbsp;will accept just about any image format (JPEG, GIF, PNG, SVG, etc). It is important that our site perform well and look great \\u2013 so there are particular instances where using an SVG may be preferred to a transparent PNG, for icons, logos, etc. The image&nbsp;at left is example of an SVG.<\\/p>\",\"verticalSpacingLevel\":\"vertical-spacing-2\",\"backgroundColor\":\"#ffffff\"}},\"226\":{\"type\":\"imageWithDescription\",\"enabled\":\"1\",\"fields\":{\"position\":\"right\",\"image\":[\"225\"],\"imageWidth\":\"100\",\"description\":\"<p class=\\\"large\\\">Image Optimization<\\/p>\\r\\n<p class=\\\"large\\\">The majority of the images we upload into our CMS will be JPEGs. JPEGs can get large, and we want to keep the file size down to optimize performance. ALL JPEG images should be optimized with the JPEG High preset. The Quality should be set to 60% and Progressive should be checked.<\\/p>\",\"verticalSpacingLevel\":\"vertical-spacing-2\",\"backgroundColor\":\"#ffffff\"}},\"230\":{\"type\":\"imageWithDescription\",\"enabled\":\"1\",\"fields\":{\"position\":\"left\",\"image\":[\"227\"],\"imageWidth\":\"75\",\"description\":\"<p class=\\\"large\\\">File Naming<\\/p>\\r\\n<p class=\\\"large\\\">File naming should be consistent across all entries. For common, required&nbsp;elements, such as the Hero Image and the List Image (thumbnail), a common convention should be adhered to. For all other images, use an appropriate description of the content of the image.&nbsp;<\\/p>\\r\\n<p>All file names should be lowercase, with hyphens separating descriptors, followed by a number. Serial and alternate&nbsp;images should use the same name and the next number, -01, -02, etc.<\\/p>\",\"verticalSpacingLevel\":\"vertical-spacing-2\",\"backgroundColor\":\"#ffffff\"}}},\"6\":\"Project Title\"}}', '2016-11-24 00:00:13', '2016-11-24 00:00:13', '7a4f0996-0d1c-4704-ade3-d54f958352a1'),
 ('302', '201', '3', '46', 'en_us', '26', '', '{\"typeId\":\"3\",\"authorId\":\"46\",\"title\":\"Turnstyle Case Study Guide\",\"slug\":\"turnstyle-case-study-guide\",\"postDate\":1479938460,\"expiryDate\":null,\"enabled\":1,\"parentId\":null,\"fields\":{\"14\":[{\"col1\":\"Category Heading\",\"col2\":\"Additional Info\"},{\"col1\":\"\",\"col2\":\"\"}],\"3\":[\"11\",\"12\",\"13\"],\"29\":\"#ffffff\",\"9\":\"HERO\\r\\nHEADLINE\\r\\nWITH LINE\\r\\nBREAKS\",\"7\":[\"204\"],\"4\":\"#3c00ff\",\"8\":\"<p class=\\\"large\\\">Welcome to the case study guide! Please don\'t delete me. When the time comes, we can turn me off, but until then I shall exist. Within this guide you will find information about the modules, color, typography, image optimization, file naming and more.<\\/p>\\r\\n<p class=\\\"large\\\">The area at right is dynamically populated with information from the CMS. The client comes from the title&nbsp;field, and the disciplines can be added one at a time depending on the particular project. Additional fields can be added and customized for things like URLs, Awards &&nbsp;Press, and other things unique to particular projects.<\\/p>\",\"62\":[\"203\"],\"10\":{\"211\":{\"type\":\"centeredText\",\"enabled\":\"1\",\"fields\":{\"text\":\"<p class=\\\"large\\\"><span class=\\\"white\\\">The Modules (this is the Centered Text module)<\\/span><\\/p>\\r\\n<p class=\\\"large\\\"><span class=\\\"white\\\">Below are all the modules in the CMS, with accompanying image sizing and other specs. There are several variables available to each module, some have more than others. You can specify vertical spacing (padding), background color, image\\/text orientation, full width vs framed, etc. Each module has a unique set of components one can set. Image modules have the image sizes specified in the CMS with the associated field.<\\/span><\\/p>\",\"verticalSpacingLevel\":\"vertical-spacing-3\",\"backgroundColor\":\"#000000\"}},\"212\":{\"type\":\"largeImage\",\"enabled\":\"1\",\"fields\":{\"image\":[\"213\"],\"layoutOptions\":\"full-width\",\"verticalSpacingLevel\":\"vertical-spacing-0\"}},\"219\":{\"type\":\"largeImage\",\"enabled\":\"1\",\"fields\":{\"image\":[\"213\"],\"layoutOptions\":\"framed\",\"verticalSpacingLevel\":\"vertical-spacing-1\"}},\"215\":{\"type\":\"insetImage\",\"enabled\":\"1\",\"fields\":{\"image\":[\"214\"],\"imageWidth\":\"50\",\"verticalSpacingLevel\":\"vertical-spacing-3\",\"backgroundColor\":\"#000000\"}},\"216\":{\"type\":\"imageWithDescription\",\"enabled\":\"1\",\"fields\":{\"position\":\"left\",\"image\":[\"214\"],\"imageWidth\":\"75\",\"description\":\"<p class=\\\"large\\\">This is the Image with Description module. The text orientation (left\\/right), background color and&nbsp;vertical spacing is variable.<\\/p>\",\"verticalSpacingLevel\":\"vertical-spacing-3\",\"backgroundColor\":\"#efefef\"}},\"218\":{\"type\":\"twoUpImages\",\"enabled\":\"1\",\"fields\":{\"leftImage\":[\"221\"],\"rightImage\":[\"217\"],\"verticalSpacingLevel\":\"vertical-spacing-1\"}},\"222\":{\"type\":\"centeredText\",\"enabled\":\"1\",\"fields\":{\"text\":\"<p class=\\\"large\\\"><span class=\\\"white\\\">There are also video & carousel modules. The carousel module is being dialed in and spec\'s aren\'t available. It isn\'t something we\'d intended to be a widely used case study&nbsp;component anyway. Keep on scrolling for color, type, file naming, etc.<\\/span><\\/p>\",\"verticalSpacingLevel\":\"vertical-spacing-3\",\"backgroundColor\":\"#000000\"}},\"208\":{\"type\":\"imageWithDescription\",\"enabled\":\"1\",\"fields\":{\"position\":\"right\",\"image\":[\"207\"],\"imageWidth\":\"75\",\"description\":\"<p class=\\\"large\\\">Color Palette<\\/p>\\r\\n<p class=\\\"large\\\">All type on the site is off-white or off-black. When designating a type color for the hero area, select one of those two.&nbsp;Background colors & highlight colors can be uniquely specified based on the color palette of a particular project, or for dramatic effect!<\\/p>\",\"verticalSpacingLevel\":\"vertical-spacing-2\",\"backgroundColor\":\"#ffffff\"}},\"224\":{\"type\":\"imageWithDescription\",\"enabled\":\"1\",\"fields\":{\"position\":\"left\",\"image\":[\"223\"],\"imageWidth\":\"75\",\"description\":\"<p class=\\\"large\\\">Image Types<\\/p>\\r\\n<p class=\\\"large\\\">The CMS&nbsp;will accept just about any image format (JPEG, GIF, PNG, SVG, etc). It is important that our site perform well and look great \\u2013 so there are particular instances where using an SVG may be preferred to a transparent PNG, for icons, logos, etc. The image&nbsp;at left is example of an SVG.<\\/p>\",\"verticalSpacingLevel\":\"vertical-spacing-2\",\"backgroundColor\":\"#ffffff\"}},\"226\":{\"type\":\"imageWithDescription\",\"enabled\":\"1\",\"fields\":{\"position\":\"right\",\"image\":[\"225\"],\"imageWidth\":\"100\",\"description\":\"<p class=\\\"large\\\">Image Optimization<\\/p>\\r\\n<p class=\\\"large\\\">The majority of the images we upload into our CMS will be JPEGs. JPEGs can get large, and we want to keep the file size down to optimize performance. ALL JPEG images should be optimized with the JPEG High preset. The Quality should be set to 60% and Progressive should be checked.<\\/p>\",\"verticalSpacingLevel\":\"vertical-spacing-2\",\"backgroundColor\":\"#ffffff\"}},\"230\":{\"type\":\"imageWithDescription\",\"enabled\":\"1\",\"fields\":{\"position\":\"left\",\"image\":[\"227\"],\"imageWidth\":\"75\",\"description\":\"<p class=\\\"large\\\">File Naming<\\/p>\\r\\n<p class=\\\"large\\\">File naming should be consistent across all entries. For common, required&nbsp;elements, such as the Hero Image and the List Image (thumbnail), a common convention should be adhered to. For all other images, use an appropriate description of the content of the image.&nbsp;<\\/p>\\r\\n<p class=\\\"large\\\">All file names should be lowercase, with hyphens separating descriptors, followed by a number. Serial and alternate&nbsp;images should use the same name and the next number, -01, -02, etc.<\\/p>\",\"verticalSpacingLevel\":\"vertical-spacing-2\",\"backgroundColor\":\"#ffffff\"}}},\"6\":\"Project Title\"}}', '2016-11-24 00:01:20', '2016-11-24 00:01:20', '7e73e50e-c265-437e-8461-7c081ac54a92'),
 ('303', '122', '2', '1', 'en_us', '22', '', '{\"typeId\":\"2\",\"authorId\":\"1\",\"title\":\"Steve Judges Comm Arts Design Annual\",\"slug\":\"steve-judges-comm-arts-design-annual\",\"postDate\":1478209620,\"expiryDate\":null,\"enabled\":1,\"parentId\":null,\"fields\":{\"29\":\"#daff00\",\"7\":[\"187\"],\"4\":\"#000000\",\"54\":[\"111\"],\"62\":[\"188\"],\"10\":{\"123\":{\"type\":\"centeredText\",\"enabled\":\"1\",\"fields\":{\"text\":\"<p>Turnstyle principal and creative director Steven Watson was invited to serve as a juror for Communication Arts magazine\\u2019s 56th Annual Design Competition. Communication Arts is a professional journal for designers, art directors, design firms, corporate design departments, agencies and everyone involved in visual communications. The CA Design Annual, published each September,&nbsp;is one of the most respected competitions in our industry.&nbsp;<\\/p>\\r\\n<p>Of the 4,083 entries to the 56th Design Annual, only 153 were accepted, representing the work of 141 designers, design firms and in-house design departments, making the Design Annual the most exclusive major design competition in the world. Entries were selected on the basis of creative excellence and quality of execution.<\\/p>\",\"verticalSpacingLevel\":\"vertical-spacing-1\",\"backgroundColor\":\"#ffffff\"}},\"124\":{\"type\":\"insetImage\",\"enabled\":\"1\",\"fields\":{\"image\":[\"193\"],\"imageWidth\":\"50\",\"verticalSpacingLevel\":\"vertical-spacing-1\",\"backgroundColor\":\"#ffffff\"}},\"126\":{\"type\":\"centeredText\",\"enabled\":\"1\",\"fields\":{\"text\":\"<p>Steve screened entries along with five other jurors: Kelly Bjork (VSA Partners), Dora Drimalas (Hybrid-Design), Jay Fletcher (J Fletcher Deisgn), Jeffrey Keyton (MTV), and Jean Coyne (executive editor of Communication Arts magazine). It was an honor to be asked to participate alongside such accomplished fellow jurors.<\\/p>\\r\\n<p>In the column that accompanies the design competition, Steve was asked for his point of view on the entries and the design trends they represent. He replied that \\u201ctechnology will continue to change how we consume media, images, and messages. But the underlying principles of design will always be relevant in communicating effectively, regardless of how the future evolves.\\u201d<\\/p>\",\"verticalSpacingLevel\":\"vertical-spacing-1\",\"backgroundColor\":\"#ffffff\"}}}}}', '2016-11-30 00:29:20', '2016-11-30 00:29:20', '61f8705a-b579-4041-8150-a5fe99d1dc16'),
 ('304', '118', '2', '1', 'en_us', '7', '', '{\"typeId\":\"2\",\"authorId\":\"1\",\"title\":\"We\'re Building Our Own Building\",\"slug\":\"were-building-our-own-building\",\"postDate\":1478209380,\"expiryDate\":null,\"enabled\":1,\"parentId\":null,\"fields\":{\"29\":\"#ffffff\",\"7\":[\"190\"],\"4\":\"#000000\",\"54\":[\"111\"],\"62\":[\"191\"],\"10\":{\"119\":{\"type\":\"centeredText\",\"enabled\":\"1\",\"fields\":{\"text\":\"<p>Together with our brand strategy partners at&nbsp;<a href=\\\"http:\\/\\/stokestrategy.com\\/\\\">Stoke,<\\/a>&nbsp;Turnstyle is breaking ground on a new 5,000 sq. foot office in August 2016. The building will serve as home for 20+ strategists, designers and developers. Located on Canal Street, the park-side project borders the Burke-Gilman Trail and overlooks the Fremont Cut waterway. &nbsp;<\\/p>\\r\\n<p>\\\"The firms continue to grow, and our need for space was at odds with the long-term lease trends of Seattle,\\u201d said Stoke partner Erin Quick. \\u201cIt makes good financial sense for the businesses, and for the firms\\u2019 practices. We\\u2019re creating a unique place where creative thinkers can do their best work, and clients can collaborate with us in new and different ways.\\u201d<\\/p>\\r\\n<p>On the street level, a cafe-style collaboration space serves as a foundation to two levels with open-floor studios and meeting space. Designed with 16\\u2019 floor-to-ceiling windows, the plan takes advantage of the views over the trail and canal.<\\/p>\\r\\n<p>\\u201cThe work areas will be bathed with natural light. An open atrium at the center creates visual interest, with the benefit of passive solar design,\\u201d said Ben Graham, partner at Turnstyle. \\u201cIt\'s a design-friendly environment that makes the best of our open, collaborative work style.\\u201d&nbsp;<\\/p>\\r\\n<p>\\u201cThe commercial office market is racing, and the long-term value for buyers in Seattle looks good,\\u201d noted Graham. \\u201cAs the business environment accelerates, having a place that minimizes our commutes, offers easy access to downtown, with everyday access to great restaurants, and enhances mobility options on the Burke-Gilman Trail \\u2013 all with a deck and a view \\u2013 seemed like a winning combination.\\u201d<\\/p>\\r\\n<p>The architecture was led by award-winning&nbsp;<a href=\\\"http:\\/\\/heliotropearchitects.com\\/\\\">Heliotrope,<\\/a>&nbsp;of Ballard. Seattle\\u2019s&nbsp;<a href=\\\"http:\\/\\/westernventures.com\\/\\\">Western Ventures<\\/a>serves as the general contractor.<\\/p>\\r\\n<p>Construction is targeted for completion in June, 2017.<\\/p>\",\"verticalSpacingLevel\":\"vertical-spacing-0\",\"backgroundColor\":\"#ffffff\"}}}}}', '2016-11-30 00:39:42', '2016-11-30 00:39:42', '52814b7d-ad6e-4176-9f86-f2db93bd46fd'),
 ('305', '118', '2', '1', 'en_us', '8', '', '{\"typeId\":\"2\",\"authorId\":\"1\",\"title\":\"We\'re Building Our Own Building\",\"slug\":\"were-building-our-own-building\",\"postDate\":1478209380,\"expiryDate\":null,\"enabled\":1,\"parentId\":null,\"fields\":{\"29\":\"#ffffff\",\"7\":[\"190\"],\"4\":\"#000000\",\"54\":[\"111\"],\"62\":[\"191\"],\"10\":{\"119\":{\"type\":\"centeredText\",\"enabled\":\"1\",\"fields\":{\"text\":\"<p>Together with our brand strategy partners at&nbsp;<a href=\\\"http:\\/\\/stokestrategy.com\\/\\\">Stoke,<\\/a>&nbsp;Turnstyle is breaking ground on a new 5,000 sq. foot office in August 2016. The building will serve as home for 20+ strategists, designers and developers. Located on Canal Street, the park-side project borders the Burke-Gilman Trail and overlooks the Fremont Cut waterway. &nbsp;<\\/p>\\r\\n<p>\\\"The firms continue to grow, and our need for space was at odds with the long-term lease trends of Seattle,\\u201d said Stoke partner Erin Quick. \\u201cIt makes good financial sense for the businesses, and for the firms\\u2019 practices. We\\u2019re creating a unique place where creative thinkers can do their best work, and clients can collaborate with us in new and different ways.\\u201d<\\/p>\\r\\n<p>On the street level, a cafe-style collaboration space serves as a foundation to two levels with open-floor studios and meeting space. Designed with 16\\u2019 floor-to-ceiling windows, the plan takes advantage of the views over the trail and canal.<\\/p>\\r\\n<p>\\u201cThe work areas will be bathed with natural light. An open atrium at the center creates visual interest, with the benefit of passive solar design,\\u201d said Ben Graham, partner at Turnstyle. \\u201cIt\'s a design-friendly environment that makes the best of our open, collaborative work style.\\u201d&nbsp;<\\/p>\\r\\n<p>\\u201cThe commercial office market is racing, and the long-term value for buyers in Seattle looks good,\\u201d noted Graham. \\u201cAs the business environment accelerates, having a place that minimizes our commutes, offers easy access to downtown, with everyday access to great restaurants, and enhances mobility options on the Burke-Gilman Trail \\u2013 all with a deck and a view \\u2013 seemed like a winning combination.\\u201d<\\/p>\\r\\n<p>The architecture was led by award-winning&nbsp;<a href=\\\"http:\\/\\/heliotropearchitects.com\\/\\\">Heliotrope,<\\/a>&nbsp;of Ballard. Seattle\\u2019s&nbsp;<a href=\\\"http:\\/\\/westernventures.com\\/\\\">Western Ventures<\\/a>&nbsp;serves as the general contractor.<\\/p>\\r\\n<p>Construction is targeted for completion in June, 2017.<\\/p>\",\"verticalSpacingLevel\":\"vertical-spacing-2\",\"backgroundColor\":\"#ffffff\"}}}}}', '2016-11-30 00:40:13', '2016-11-30 00:40:13', 'adbd72c0-b6f5-4832-8c49-dc3dd3513a8f'),
 ('306', '118', '2', '1', 'en_us', '9', '', '{\"typeId\":\"2\",\"authorId\":\"1\",\"title\":\"We\'re Building Our Own Building\",\"slug\":\"were-building-our-own-building\",\"postDate\":1478209380,\"expiryDate\":null,\"enabled\":1,\"parentId\":null,\"fields\":{\"29\":\"#ffffff\",\"7\":[\"190\"],\"4\":\"#000000\",\"54\":[\"111\"],\"62\":[\"191\"],\"10\":{\"119\":{\"type\":\"centeredText\",\"enabled\":\"1\",\"fields\":{\"text\":\"<p>Together with our brand strategy partners at&nbsp;<a href=\\\"http:\\/\\/stokestrategy.com\\/\\\">Stoke,<\\/a>&nbsp;Turnstyle is breaking ground on a new 5,000 sq. foot office in August 2016. The building will serve as home for 20+ strategists, designers and developers. Located on Canal Street, the park-side project borders the Burke-Gilman Trail and overlooks the Fremont Cut waterway. &nbsp;<\\/p>\\r\\n<p>\\\"The firms continue to grow, and our need for space was at odds with the long-term lease trends of Seattle,\\u201d said Stoke partner Erin Quick. \\u201cIt makes good financial sense for the businesses, and for the firms\\u2019 practices. We\\u2019re creating a unique place where creative thinkers can do their best work, and clients can collaborate with us in new and different ways.\\u201d<\\/p>\\r\\n<p>On the street level, a cafe-style collaboration space serves as a foundation to two levels with open-floor studios and meeting space. Designed with 16\\u2019 floor-to-ceiling windows, the plan takes advantage of the views over the trail and canal.<\\/p>\\r\\n<p>\\u201cThe work areas will be bathed with natural light. An open atrium at the center creates visual interest, with the benefit of passive solar design,\\u201d said Ben Graham, partner at Turnstyle. \\u201cIt\'s a design-friendly environment that makes the best of our open, collaborative work style.\\u201d&nbsp;<\\/p>\\r\\n<p>\\u201cThe commercial office market is racing, and the long-term value for buyers in Seattle looks good,\\u201d noted Graham. \\u201cAs the business environment accelerates, having a place that minimizes our commutes, offers easy access to downtown, with everyday access to great restaurants, and enhances mobility options on the Burke-Gilman Trail \\u2013 all with a deck and a view \\u2013 seemed like a winning combination.\\u201d<\\/p>\\r\\n<p>The architecture was led by award-winning&nbsp;<a href=\\\"http:\\/\\/heliotropearchitects.com\\/\\\">Heliotrope,<\\/a>&nbsp;of Ballard. Seattle\\u2019s&nbsp;<a href=\\\"http:\\/\\/westernventures.com\\/\\\">Western Ventures<\\/a>&nbsp;serves as the general contractor.<\\/p>\\r\\n<p>Construction is targeted for completion in June, 2017.<\\/p>\",\"verticalSpacingLevel\":\"vertical-spacing-4\",\"backgroundColor\":\"#ffffff\"}}}}}', '2016-11-30 00:41:12', '2016-11-30 00:41:12', '748bf48c-d294-48b0-897e-a6cba43c8d8e'),
 ('307', '112', '2', '1', 'en_us', '6', '', '{\"typeId\":\"2\",\"authorId\":\"1\",\"title\":\"Turnstyle Featured in IdN Magazine\",\"slug\":\"turnstyle-featured-in-idn-magazine\",\"postDate\":1478208900,\"expiryDate\":null,\"enabled\":1,\"parentId\":null,\"fields\":{\"29\":\"#000000\",\"7\":[\"233\"],\"4\":\"#000000\",\"54\":[\"109\"],\"62\":\"\",\"10\":{\"115\":{\"type\":\"centeredText\",\"enabled\":\"1\",\"fields\":{\"text\":\"<p>Lorem ipsum dolor sit amet, consectetur adipiscing elit. Integer posuere erat a ante venenatis dapibus posuere velit aliquet. Donec ullamcorper nulla non metus auctor fringilla. Nulla vitae elit libero, a pharetra augue. Fusce dapibus, tellus ac cursus commodo, tortor mauris condimentum nibh, ut fermentum massa justo sit amet risus. Etiam porta sem malesuada magna mollis euismod.<\\/p>\",\"verticalSpacingLevel\":\"vertical-spacing-1\",\"backgroundColor\":\"#ffffff\"}}}}}', '2016-11-30 00:43:38', '2016-11-30 00:43:38', 'eb4db3c7-cb95-469f-9693-85e7c0f1bc8f'),
 ('308', '112', '2', '1', 'en_us', '7', '', '{\"typeId\":\"2\",\"authorId\":\"1\",\"title\":\"Turnstyle Featured in IdN Magazine\",\"slug\":\"turnstyle-featured-in-idn-magazine\",\"postDate\":1478208900,\"expiryDate\":null,\"enabled\":1,\"parentId\":null,\"fields\":{\"29\":\"#000000\",\"7\":[\"233\"],\"4\":\"#000000\",\"54\":[\"109\"],\"62\":[\"234\"],\"10\":{\"115\":{\"type\":\"centeredText\",\"enabled\":\"1\",\"fields\":{\"text\":\"<p>Lorem ipsum dolor sit amet, consectetur adipiscing elit. Integer posuere erat a ante venenatis dapibus posuere velit aliquet. Donec ullamcorper nulla non metus auctor fringilla. Nulla vitae elit libero, a pharetra augue. Fusce dapibus, tellus ac cursus commodo, tortor mauris condimentum nibh, ut fermentum massa justo sit amet risus. Etiam porta sem malesuada magna mollis euismod.<\\/p>\",\"verticalSpacingLevel\":\"vertical-spacing-1\",\"backgroundColor\":\"#ffffff\"}}}}}', '2016-11-30 00:44:56', '2016-11-30 00:44:56', '2e18a6e7-64e5-4c66-b100-ff37ee9fc460'),
 ('309', '112', '2', '1', 'en_us', '8', '', '{\"typeId\":\"2\",\"authorId\":\"1\",\"title\":\"Turnstyle Featured in IdN Magazine\",\"slug\":\"turnstyle-featured-in-idn-magazine\",\"postDate\":1478208900,\"expiryDate\":null,\"enabled\":1,\"parentId\":null,\"fields\":{\"29\":\"#ffffff\",\"7\":[\"233\"],\"4\":\"#000000\",\"54\":[\"109\"],\"62\":[\"234\"],\"10\":{\"115\":{\"type\":\"centeredText\",\"enabled\":\"1\",\"fields\":{\"text\":\"<p>Lorem ipsum dolor sit amet, consectetur adipiscing elit. Integer posuere erat a ante venenatis dapibus posuere velit aliquet. Donec ullamcorper nulla non metus auctor fringilla. Nulla vitae elit libero, a pharetra augue. Fusce dapibus, tellus ac cursus commodo, tortor mauris condimentum nibh, ut fermentum massa justo sit amet risus. Etiam porta sem malesuada magna mollis euismod.<\\/p>\",\"verticalSpacingLevel\":\"vertical-spacing-1\",\"backgroundColor\":\"#ffffff\"}}}}}', '2016-11-30 00:47:15', '2016-11-30 00:47:15', '4d34bae9-af04-4619-81a7-5acefda31cb7'),
 ('310', '201', '3', '1', 'en_us', '27', '', '{\"typeId\":\"3\",\"authorId\":\"46\",\"title\":\"Turnstyle Case Study Guide\",\"slug\":\"turnstyle-case-study-guide\",\"postDate\":1479938460,\"expiryDate\":null,\"enabled\":1,\"parentId\":null,\"fields\":{\"14\":[{\"col1\":\"Category Heading\",\"col2\":\"Additional Info\"},{\"col1\":\"\",\"col2\":\"\"}],\"3\":[\"11\",\"12\",\"13\"],\"29\":\"#ffffff\",\"9\":\"HERO\\r\\nHEADLINE\\r\\nWITH LINE\\r\\nBREAKS\",\"7\":[\"204\"],\"4\":\"#3c00ff\",\"8\":\"<p class=\\\"large\\\">Welcome to the case study guide! Please don\'t delete me. When the time comes, we can turn me off, but until then I shall exist. Within this guide you will find information about the modules, color, typography, image optimization, file naming and more.<\\/p>\\r\\n<p class=\\\"large\\\">The area at right is dynamically populated with information from the CMS. The client comes from the title&nbsp;field, and the disciplines can be added one at a time depending on the particular project. Additional fields can be added and customized for things like URLs, Awards &&nbsp;Press, and other things unique to particular projects.<\\/p>\",\"62\":[\"203\"],\"10\":{\"211\":{\"type\":\"centeredText\",\"enabled\":\"1\",\"fields\":{\"text\":\"<p class=\\\"large\\\"><span class=\\\"white\\\">The Modules (this is the Centered Text module)<\\/span><\\/p>\\r\\n<p class=\\\"large\\\"><span class=\\\"white\\\">Below are all the modules in the CMS, with accompanying image sizing and other specs. There are several variables available to each module, some have more than others. You can specify vertical spacing (padding), background color, image\\/text orientation, full width vs framed, etc. Each module has a unique set of components one can set. Image modules have the image sizes specified in the CMS with the associated field.<\\/span><\\/p>\",\"verticalSpacingLevel\":\"vertical-spacing-3\",\"backgroundColor\":\"#000000\"}},\"212\":{\"type\":\"largeImage\",\"enabled\":\"1\",\"fields\":{\"image\":[\"213\"],\"layoutOptions\":\"full-width\",\"verticalSpacingLevel\":\"vertical-spacing-0\"}},\"219\":{\"type\":\"largeImage\",\"enabled\":\"1\",\"fields\":{\"image\":[\"213\"],\"layoutOptions\":\"framed\",\"verticalSpacingLevel\":\"vertical-spacing-1\"}},\"215\":{\"type\":\"insetImage\",\"enabled\":\"1\",\"fields\":{\"image\":[\"214\"],\"imageWidth\":\"50\",\"verticalSpacingLevel\":\"vertical-spacing-3\",\"backgroundColor\":\"#000000\"}},\"216\":{\"type\":\"imageWithDescription\",\"enabled\":\"1\",\"fields\":{\"position\":\"left\",\"image\":[\"214\"],\"imageWidth\":\"75\",\"description\":\"<p class=\\\"large\\\">This is the Image with Description module. The text orientation (left\\/right), background color and&nbsp;vertical spacing is variable.<\\/p>\",\"verticalSpacingLevel\":\"vertical-spacing-3\",\"backgroundColor\":\"#efefef\"}},\"218\":{\"type\":\"twoUpImages\",\"enabled\":\"1\",\"fields\":{\"leftImage\":[\"221\"],\"rightImage\":[\"217\"],\"verticalSpacingLevel\":\"vertical-spacing-1\"}},\"222\":{\"type\":\"centeredText\",\"enabled\":\"1\",\"fields\":{\"text\":\"<p class=\\\"large\\\"><span class=\\\"white\\\">There are also video & carousel modules. The carousel module is being dialed in and spec\'s aren\'t available. It isn\'t something we\'d intended to be a widely used case study&nbsp;component anyway. Keep on scrolling for color, type, file naming, etc.<\\/span><\\/p>\",\"verticalSpacingLevel\":\"vertical-spacing-3\",\"backgroundColor\":\"#000000\"}},\"new1\":{\"type\":\"video\",\"enabled\":\"1\",\"fields\":{\"vimeoEmbedUrl\":\"https:\\/\\/player.vimeo.com\\/external\\/112934911.sd.mp4?s=a11efd4f0191a7846bc17eeba07e1739e031775d&profile_id=112\",\"autoplay\":\"\",\"framed\":\"\"}},\"208\":{\"type\":\"imageWithDescription\",\"enabled\":\"1\",\"fields\":{\"position\":\"right\",\"image\":[\"207\"],\"imageWidth\":\"75\",\"description\":\"<p class=\\\"large\\\">Color Palette<\\/p>\\r\\n<p class=\\\"large\\\">All type on the site is off-white or off-black. When designating a type color for the hero area, select one of those two.&nbsp;Background colors & highlight colors can be uniquely specified based on the color palette of a particular project, or for dramatic effect!<\\/p>\",\"verticalSpacingLevel\":\"vertical-spacing-2\",\"backgroundColor\":\"#ffffff\"}},\"224\":{\"type\":\"imageWithDescription\",\"enabled\":\"1\",\"fields\":{\"position\":\"left\",\"image\":[\"223\"],\"imageWidth\":\"75\",\"description\":\"<p class=\\\"large\\\">Image Types<\\/p>\\r\\n<p class=\\\"large\\\">The CMS&nbsp;will accept just about any image format (JPEG, GIF, PNG, SVG, etc). It is important that our site perform well and look great \\u2013 so there are particular instances where using an SVG may be preferred to a transparent PNG, for icons, logos, etc. The image&nbsp;at left is example of an SVG.<\\/p>\",\"verticalSpacingLevel\":\"vertical-spacing-2\",\"backgroundColor\":\"#ffffff\"}},\"226\":{\"type\":\"imageWithDescription\",\"enabled\":\"1\",\"fields\":{\"position\":\"right\",\"image\":[\"225\"],\"imageWidth\":\"100\",\"description\":\"<p class=\\\"large\\\">Image Optimization<\\/p>\\r\\n<p class=\\\"large\\\">The majority of the images we upload into our CMS will be JPEGs. JPEGs can get large, and we want to keep the file size down to optimize performance. ALL JPEG images should be optimized with the JPEG High preset. The Quality should be set to 60% and Progressive should be checked.<\\/p>\",\"verticalSpacingLevel\":\"vertical-spacing-2\",\"backgroundColor\":\"#ffffff\"}},\"230\":{\"type\":\"imageWithDescription\",\"enabled\":\"1\",\"fields\":{\"position\":\"left\",\"image\":[\"227\"],\"imageWidth\":\"75\",\"description\":\"<p class=\\\"large\\\">File Naming<\\/p>\\r\\n<p class=\\\"large\\\">File naming should be consistent across all entries. For common, required&nbsp;elements, such as the Hero Image and the List Image (thumbnail), a common convention should be adhered to. For all other images, use an appropriate description of the content of the image.&nbsp;<\\/p>\\r\\n<p class=\\\"large\\\">All file names should be lowercase, with hyphens separating descriptors, followed by a number. Serial and alternate&nbsp;images should use the same name and the next number, -01, -02, etc.<\\/p>\",\"verticalSpacingLevel\":\"vertical-spacing-2\",\"backgroundColor\":\"#ffffff\"}}},\"6\":\"Project Title\"}}', '2016-11-30 20:47:45', '2016-11-30 20:47:45', '15076051-0163-4558-b013-52915b33c410'),
 ('311', '201', '3', '1', 'en_us', '28', '', '{\"typeId\":\"3\",\"authorId\":\"46\",\"title\":\"Turnstyle Case Study Guide\",\"slug\":\"turnstyle-case-study-guide\",\"postDate\":1479938460,\"expiryDate\":null,\"enabled\":1,\"parentId\":null,\"fields\":{\"14\":[{\"col1\":\"Category Heading\",\"col2\":\"Additional Info\"},{\"col1\":\"\",\"col2\":\"\"}],\"3\":[\"11\",\"12\",\"13\"],\"29\":\"#ffffff\",\"9\":\"HERO\\r\\nHEADLINE\\r\\nWITH LINE\\r\\nBREAKS\",\"7\":[\"204\"],\"4\":\"#3c00ff\",\"8\":\"<p class=\\\"large\\\">Welcome to the case study guide! Please don\'t delete me. When the time comes, we can turn me off, but until then I shall exist. Within this guide you will find information about the modules, color, typography, image optimization, file naming and more.<\\/p>\\r\\n<p class=\\\"large\\\">The area at right is dynamically populated with information from the CMS. The client comes from the title&nbsp;field, and the disciplines can be added one at a time depending on the particular project. Additional fields can be added and customized for things like URLs, Awards &&nbsp;Press, and other things unique to particular projects.<\\/p>\",\"62\":[\"203\"],\"10\":{\"211\":{\"type\":\"centeredText\",\"enabled\":\"1\",\"fields\":{\"text\":\"<p class=\\\"large\\\"><span class=\\\"white\\\">The Modules (this is the Centered Text module)<\\/span><\\/p>\\r\\n<p class=\\\"large\\\"><span class=\\\"white\\\">Below are all the modules in the CMS, with accompanying image sizing and other specs. There are several variables available to each module, some have more than others. You can specify vertical spacing (padding), background color, image\\/text orientation, full width vs framed, etc. Each module has a unique set of components one can set. Image modules have the image sizes specified in the CMS with the associated field.<\\/span><\\/p>\",\"verticalSpacingLevel\":\"vertical-spacing-3\",\"backgroundColor\":\"#000000\"}},\"212\":{\"type\":\"largeImage\",\"enabled\":\"1\",\"fields\":{\"image\":[\"213\"],\"layoutOptions\":\"full-width\",\"verticalSpacingLevel\":\"vertical-spacing-0\"}},\"219\":{\"type\":\"largeImage\",\"enabled\":\"1\",\"fields\":{\"image\":[\"213\"],\"layoutOptions\":\"framed\",\"verticalSpacingLevel\":\"vertical-spacing-1\"}},\"215\":{\"type\":\"insetImage\",\"enabled\":\"1\",\"fields\":{\"image\":[\"214\"],\"imageWidth\":\"50\",\"verticalSpacingLevel\":\"vertical-spacing-3\",\"backgroundColor\":\"#000000\"}},\"216\":{\"type\":\"imageWithDescription\",\"enabled\":\"1\",\"fields\":{\"position\":\"left\",\"image\":[\"214\"],\"imageWidth\":\"75\",\"description\":\"<p class=\\\"large\\\">This is the Image with Description module. The text orientation (left\\/right), background color and&nbsp;vertical spacing is variable.<\\/p>\",\"verticalSpacingLevel\":\"vertical-spacing-3\",\"backgroundColor\":\"#efefef\"}},\"218\":{\"type\":\"twoUpImages\",\"enabled\":\"1\",\"fields\":{\"leftImage\":[\"221\"],\"rightImage\":[\"217\"],\"verticalSpacingLevel\":\"vertical-spacing-1\"}},\"222\":{\"type\":\"centeredText\",\"enabled\":\"1\",\"fields\":{\"text\":\"<p class=\\\"large\\\"><span class=\\\"white\\\">There are also video & carousel modules. The carousel module is being dialed in and spec\'s aren\'t available. It isn\'t something we\'d intended to be a widely used case study&nbsp;component anyway. Keep on scrolling for color, type, file naming, etc.<\\/span><\\/p>\",\"verticalSpacingLevel\":\"vertical-spacing-3\",\"backgroundColor\":\"#000000\"}},\"235\":{\"type\":\"video\",\"enabled\":\"1\",\"fields\":{\"vimeoEmbedUrl\":\"https:\\/\\/player.vimeo.com\\/external\\/112934911.sd.mp4?s=a11efd4f0191a7846bc17eeba07e1739e031775d&profile_id=112\",\"posterImage\":[\"236\"],\"autoplay\":\"\",\"framed\":\"\"}},\"208\":{\"type\":\"imageWithDescription\",\"enabled\":\"1\",\"fields\":{\"position\":\"right\",\"image\":[\"207\"],\"imageWidth\":\"75\",\"description\":\"<p class=\\\"large\\\">Color Palette<\\/p>\\r\\n<p class=\\\"large\\\">All type on the site is off-white or off-black. When designating a type color for the hero area, select one of those two.&nbsp;Background colors & highlight colors can be uniquely specified based on the color palette of a particular project, or for dramatic effect!<\\/p>\",\"verticalSpacingLevel\":\"vertical-spacing-2\",\"backgroundColor\":\"#ffffff\"}},\"224\":{\"type\":\"imageWithDescription\",\"enabled\":\"1\",\"fields\":{\"position\":\"left\",\"image\":[\"223\"],\"imageWidth\":\"75\",\"description\":\"<p class=\\\"large\\\">Image Types<\\/p>\\r\\n<p class=\\\"large\\\">The CMS&nbsp;will accept just about any image format (JPEG, GIF, PNG, SVG, etc). It is important that our site perform well and look great \\u2013 so there are particular instances where using an SVG may be preferred to a transparent PNG, for icons, logos, etc. The image&nbsp;at left is example of an SVG.<\\/p>\",\"verticalSpacingLevel\":\"vertical-spacing-2\",\"backgroundColor\":\"#ffffff\"}},\"226\":{\"type\":\"imageWithDescription\",\"enabled\":\"1\",\"fields\":{\"position\":\"right\",\"image\":[\"225\"],\"imageWidth\":\"100\",\"description\":\"<p class=\\\"large\\\">Image Optimization<\\/p>\\r\\n<p class=\\\"large\\\">The majority of the images we upload into our CMS will be JPEGs. JPEGs can get large, and we want to keep the file size down to optimize performance. ALL JPEG images should be optimized with the JPEG High preset. The Quality should be set to 60% and Progressive should be checked.<\\/p>\",\"verticalSpacingLevel\":\"vertical-spacing-2\",\"backgroundColor\":\"#ffffff\"}},\"230\":{\"type\":\"imageWithDescription\",\"enabled\":\"1\",\"fields\":{\"position\":\"left\",\"image\":[\"227\"],\"imageWidth\":\"75\",\"description\":\"<p class=\\\"large\\\">File Naming<\\/p>\\r\\n<p class=\\\"large\\\">File naming should be consistent across all entries. For common, required&nbsp;elements, such as the Hero Image and the List Image (thumbnail), a common convention should be adhered to. For all other images, use an appropriate description of the content of the image.&nbsp;<\\/p>\\r\\n<p class=\\\"large\\\">All file names should be lowercase, with hyphens separating descriptors, followed by a number. Serial and alternate&nbsp;images should use the same name and the next number, -01, -02, etc.<\\/p>\",\"verticalSpacingLevel\":\"vertical-spacing-2\",\"backgroundColor\":\"#ffffff\"}}},\"6\":\"Project Title\"}}', '2016-11-30 21:35:09', '2016-11-30 21:35:09', 'aac6a15e-7761-4c9b-baa4-898a2d4e4bd0'),
 ('312', '201', '3', '1', 'en_us', '29', '', '{\"typeId\":\"3\",\"authorId\":\"46\",\"title\":\"Turnstyle Case Study Guide\",\"slug\":\"turnstyle-case-study-guide\",\"postDate\":1479938460,\"expiryDate\":null,\"enabled\":1,\"parentId\":null,\"fields\":{\"14\":[{\"col1\":\"Category Heading\",\"col2\":\"Additional Info\"},{\"col1\":\"\",\"col2\":\"\"}],\"3\":[\"11\",\"12\",\"13\"],\"29\":\"#ffffff\",\"9\":\"HERO\\r\\nHEADLINE\\r\\nWITH LINE\\r\\nBREAKS\",\"7\":[\"204\"],\"4\":\"#3c00ff\",\"8\":\"<p class=\\\"large\\\">Welcome to the case study guide! Please don\'t delete me. When the time comes, we can turn me off, but until then I shall exist. Within this guide you will find information about the modules, color, typography, image optimization, file naming and more.<\\/p>\\r\\n<p class=\\\"large\\\">The area at right is dynamically populated with information from the CMS. The client comes from the title&nbsp;field, and the disciplines can be added one at a time depending on the particular project. Additional fields can be added and customized for things like URLs, Awards &&nbsp;Press, and other things unique to particular projects.<\\/p>\",\"62\":[\"203\"],\"10\":{\"211\":{\"type\":\"centeredText\",\"enabled\":\"1\",\"fields\":{\"text\":\"<p class=\\\"large\\\"><span class=\\\"white\\\">The Modules (this is the Centered Text module)<\\/span><\\/p>\\r\\n<p class=\\\"large\\\"><span class=\\\"white\\\">Below are all the modules in the CMS, with accompanying image sizing and other specs. There are several variables available to each module, some have more than others. You can specify vertical spacing (padding), background color, image\\/text orientation, full width vs framed, etc. Each module has a unique set of components one can set. Image modules have the image sizes specified in the CMS with the associated field.<\\/span><\\/p>\",\"verticalSpacingLevel\":\"vertical-spacing-3\",\"backgroundColor\":\"#000000\"}},\"212\":{\"type\":\"largeImage\",\"enabled\":\"1\",\"fields\":{\"image\":[\"213\"],\"layoutOptions\":\"full-width\",\"verticalSpacingLevel\":\"vertical-spacing-0\"}},\"219\":{\"type\":\"largeImage\",\"enabled\":\"1\",\"fields\":{\"image\":[\"213\"],\"layoutOptions\":\"framed\",\"verticalSpacingLevel\":\"vertical-spacing-1\"}},\"215\":{\"type\":\"insetImage\",\"enabled\":\"1\",\"fields\":{\"image\":[\"214\"],\"imageWidth\":\"50\",\"verticalSpacingLevel\":\"vertical-spacing-3\",\"backgroundColor\":\"#000000\"}},\"216\":{\"type\":\"imageWithDescription\",\"enabled\":\"1\",\"fields\":{\"position\":\"left\",\"image\":[\"214\"],\"imageWidth\":\"75\",\"description\":\"<p class=\\\"large\\\">This is the Image with Description module. The text orientation (left\\/right), background color and&nbsp;vertical spacing is variable.<\\/p>\",\"verticalSpacingLevel\":\"vertical-spacing-3\",\"backgroundColor\":\"#efefef\"}},\"218\":{\"type\":\"twoUpImages\",\"enabled\":\"1\",\"fields\":{\"leftImage\":[\"221\"],\"rightImage\":[\"217\"],\"verticalSpacingLevel\":\"vertical-spacing-1\"}},\"222\":{\"type\":\"centeredText\",\"enabled\":\"1\",\"fields\":{\"text\":\"<p class=\\\"large\\\"><span class=\\\"white\\\">There are also video & carousel modules. The carousel module is being dialed in and spec\'s aren\'t available. It isn\'t something we\'d intended to be a widely used case study&nbsp;component anyway. Keep on scrolling for color, type, file naming, etc.<\\/span><\\/p>\",\"verticalSpacingLevel\":\"vertical-spacing-3\",\"backgroundColor\":\"#000000\"}},\"235\":{\"type\":\"video\",\"enabled\":\"1\",\"fields\":{\"vimeoEmbedUrl\":\"https:\\/\\/player.vimeo.com\\/external\\/112934911.sd.mp4?s=a11efd4f0191a7846bc17eeba07e1739e031775d&profile_id=112\",\"posterImage\":[\"236\"],\"autoplay\":\"\",\"framed\":\"\"}},\"208\":{\"type\":\"imageWithDescription\",\"enabled\":\"1\",\"fields\":{\"position\":\"right\",\"image\":[\"207\"],\"imageWidth\":\"75\",\"description\":\"<p class=\\\"large\\\">Color Palette<\\/p>\\r\\n<p class=\\\"large\\\">All type on the site is off-white or off-black. When designating a type color for the hero area, select one of those two.&nbsp;Background colors & highlight colors can be uniquely specified based on the color palette of a particular project, or for dramatic effect!<\\/p>\",\"verticalSpacingLevel\":\"vertical-spacing-2\",\"backgroundColor\":\"#ffffff\"}},\"new1\":{\"type\":\"video\",\"enabled\":\"1\",\"fields\":{\"vimeoEmbedUrl\":\"https:\\/\\/player.vimeo.com\\/external\\/112936935.sd.mp4?s=ec74a18135c1f7a0b6fceafd06c4cafd448d0cbb&profile_id=165\",\"posterImage\":\"\",\"autoplay\":\"1\",\"framed\":\"1\"}},\"224\":{\"type\":\"imageWithDescription\",\"enabled\":\"1\",\"fields\":{\"position\":\"left\",\"image\":[\"223\"],\"imageWidth\":\"75\",\"description\":\"<p class=\\\"large\\\">Image Types<\\/p>\\r\\n<p class=\\\"large\\\">The CMS&nbsp;will accept just about any image format (JPEG, GIF, PNG, SVG, etc). It is important that our site perform well and look great \\u2013 so there are particular instances where using an SVG may be preferred to a transparent PNG, for icons, logos, etc. The image&nbsp;at left is example of an SVG.<\\/p>\",\"verticalSpacingLevel\":\"vertical-spacing-2\",\"backgroundColor\":\"#ffffff\"}},\"226\":{\"type\":\"imageWithDescription\",\"enabled\":\"1\",\"fields\":{\"position\":\"right\",\"image\":[\"225\"],\"imageWidth\":\"100\",\"description\":\"<p class=\\\"large\\\">Image Optimization<\\/p>\\r\\n<p class=\\\"large\\\">The majority of the images we upload into our CMS will be JPEGs. JPEGs can get large, and we want to keep the file size down to optimize performance. ALL JPEG images should be optimized with the JPEG High preset. The Quality should be set to 60% and Progressive should be checked.<\\/p>\",\"verticalSpacingLevel\":\"vertical-spacing-2\",\"backgroundColor\":\"#ffffff\"}},\"230\":{\"type\":\"imageWithDescription\",\"enabled\":\"1\",\"fields\":{\"position\":\"left\",\"image\":[\"227\"],\"imageWidth\":\"75\",\"description\":\"<p class=\\\"large\\\">File Naming<\\/p>\\r\\n<p class=\\\"large\\\">File naming should be consistent across all entries. For common, required&nbsp;elements, such as the Hero Image and the List Image (thumbnail), a common convention should be adhered to. For all other images, use an appropriate description of the content of the image.&nbsp;<\\/p>\\r\\n<p class=\\\"large\\\">All file names should be lowercase, with hyphens separating descriptors, followed by a number. Serial and alternate&nbsp;images should use the same name and the next number, -01, -02, etc.<\\/p>\",\"verticalSpacingLevel\":\"vertical-spacing-2\",\"backgroundColor\":\"#ffffff\"}}},\"6\":\"Project Title\"}}', '2016-11-30 23:25:47', '2016-11-30 23:25:47', 'c8e773bc-7894-4d02-a1d4-70ace8d6477f'),
 ('313', '201', '3', '1', 'en_us', '30', '', '{\"typeId\":\"3\",\"authorId\":\"46\",\"title\":\"Turnstyle Case Study Guide\",\"slug\":\"turnstyle-case-study-guide\",\"postDate\":1479938460,\"expiryDate\":null,\"enabled\":1,\"parentId\":null,\"fields\":{\"14\":[{\"col1\":\"Category Heading\",\"col2\":\"Additional Info\"},{\"col1\":\"\",\"col2\":\"\"}],\"3\":[\"11\",\"12\",\"13\"],\"29\":\"#ffffff\",\"9\":\"HERO\\r\\nHEADLINE\\r\\nWITH LINE\\r\\nBREAKS\",\"7\":[\"204\"],\"4\":\"#3c00ff\",\"8\":\"<p class=\\\"large\\\">Welcome to the case study guide! Please don\'t delete me. When the time comes, we can turn me off, but until then I shall exist. Within this guide you will find information about the modules, color, typography, image optimization, file naming and more.<\\/p>\\r\\n<p class=\\\"large\\\">The area at right is dynamically populated with information from the CMS. The client comes from the title&nbsp;field, and the disciplines can be added one at a time depending on the particular project. Additional fields can be added and customized for things like URLs, Awards &&nbsp;Press, and other things unique to particular projects.<\\/p>\",\"62\":[\"203\"],\"10\":{\"211\":{\"type\":\"centeredText\",\"enabled\":\"1\",\"fields\":{\"text\":\"<p class=\\\"large\\\"><span class=\\\"white\\\">The Modules (this is the Centered Text module)<\\/span><\\/p>\\r\\n<p class=\\\"large\\\"><span class=\\\"white\\\">Below are all the modules in the CMS, with accompanying image sizing and other specs. There are several variables available to each module, some have more than others. You can specify vertical spacing (padding), background color, image\\/text orientation, full width vs framed, etc. Each module has a unique set of components one can set. Image modules have the image sizes specified in the CMS with the associated field.<\\/span><\\/p>\",\"verticalSpacingLevel\":\"vertical-spacing-3\",\"backgroundColor\":\"#000000\"}},\"212\":{\"type\":\"largeImage\",\"enabled\":\"1\",\"fields\":{\"image\":[\"213\"],\"layoutOptions\":\"full-width\",\"verticalSpacingLevel\":\"vertical-spacing-0\"}},\"219\":{\"type\":\"largeImage\",\"enabled\":\"1\",\"fields\":{\"image\":[\"213\"],\"layoutOptions\":\"framed\",\"verticalSpacingLevel\":\"vertical-spacing-1\"}},\"215\":{\"type\":\"insetImage\",\"enabled\":\"1\",\"fields\":{\"image\":[\"214\"],\"imageWidth\":\"50\",\"verticalSpacingLevel\":\"vertical-spacing-3\",\"backgroundColor\":\"#000000\"}},\"216\":{\"type\":\"imageWithDescription\",\"enabled\":\"1\",\"fields\":{\"position\":\"left\",\"image\":[\"214\"],\"imageWidth\":\"75\",\"description\":\"<p class=\\\"large\\\">This is the Image with Description module. The text orientation (left\\/right), background color and&nbsp;vertical spacing is variable.<\\/p>\",\"verticalSpacingLevel\":\"vertical-spacing-3\",\"backgroundColor\":\"#efefef\"}},\"218\":{\"type\":\"twoUpImages\",\"enabled\":\"1\",\"fields\":{\"leftImage\":[\"221\"],\"rightImage\":[\"217\"],\"verticalSpacingLevel\":\"vertical-spacing-1\"}},\"222\":{\"type\":\"centeredText\",\"enabled\":\"1\",\"fields\":{\"text\":\"<p class=\\\"large\\\"><span class=\\\"white\\\">There are also video & carousel modules. The carousel module is being dialed in and spec\'s aren\'t available. It isn\'t something we\'d intended to be a widely used case study&nbsp;component anyway. Keep on scrolling for color, type, file naming, etc.<\\/span><\\/p>\",\"verticalSpacingLevel\":\"vertical-spacing-3\",\"backgroundColor\":\"#000000\"}},\"208\":{\"type\":\"imageWithDescription\",\"enabled\":\"1\",\"fields\":{\"position\":\"right\",\"image\":[\"207\"],\"imageWidth\":\"75\",\"description\":\"<p class=\\\"large\\\">Color Palette<\\/p>\\r\\n<p class=\\\"large\\\">All type on the site is off-white or off-black. When designating a type color for the hero area, select one of those two.&nbsp;Background colors & highlight colors can be uniquely specified based on the color palette of a particular project, or for dramatic effect!<\\/p>\",\"verticalSpacingLevel\":\"vertical-spacing-2\",\"backgroundColor\":\"#ffffff\"}},\"235\":{\"type\":\"video\",\"enabled\":\"1\",\"fields\":{\"vimeoEmbedUrl\":\"https:\\/\\/player.vimeo.com\\/external\\/112934911.sd.mp4?s=a11efd4f0191a7846bc17eeba07e1739e031775d&profile_id=112\",\"posterImage\":[\"236\"],\"autoplay\":\"\",\"framed\":\"\"}},\"224\":{\"type\":\"imageWithDescription\",\"enabled\":\"1\",\"fields\":{\"position\":\"left\",\"image\":[\"223\"],\"imageWidth\":\"75\",\"description\":\"<p class=\\\"large\\\">Image Types<\\/p>\\r\\n<p class=\\\"large\\\">The CMS&nbsp;will accept just about any image format (JPEG, GIF, PNG, SVG, etc). It is important that our site perform well and look great \\u2013 so there are particular instances where using an SVG may be preferred to a transparent PNG, for icons, logos, etc. The image&nbsp;at left is example of an SVG.<\\/p>\",\"verticalSpacingLevel\":\"vertical-spacing-2\",\"backgroundColor\":\"#ffffff\"}},\"237\":{\"type\":\"video\",\"enabled\":\"1\",\"fields\":{\"vimeoEmbedUrl\":\"https:\\/\\/player.vimeo.com\\/external\\/112936935.sd.mp4?s=ec74a18135c1f7a0b6fceafd06c4cafd448d0cbb&profile_id=165\",\"posterImage\":\"\",\"autoplay\":\"1\",\"framed\":\"1\"}},\"226\":{\"type\":\"imageWithDescription\",\"enabled\":\"1\",\"fields\":{\"position\":\"right\",\"image\":[\"225\"],\"imageWidth\":\"100\",\"description\":\"<p class=\\\"large\\\">Image Optimization<\\/p>\\r\\n<p class=\\\"large\\\">The majority of the images we upload into our CMS will be JPEGs. JPEGs can get large, and we want to keep the file size down to optimize performance. ALL JPEG images should be optimized with the JPEG High preset. The Quality should be set to 60% and Progressive should be checked.<\\/p>\",\"verticalSpacingLevel\":\"vertical-spacing-2\",\"backgroundColor\":\"#ffffff\"}},\"230\":{\"type\":\"imageWithDescription\",\"enabled\":\"1\",\"fields\":{\"position\":\"left\",\"image\":[\"227\"],\"imageWidth\":\"75\",\"description\":\"<p class=\\\"large\\\">File Naming<\\/p>\\r\\n<p class=\\\"large\\\">File naming should be consistent across all entries. For common, required&nbsp;elements, such as the Hero Image and the List Image (thumbnail), a common convention should be adhered to. For all other images, use an appropriate description of the content of the image.&nbsp;<\\/p>\\r\\n<p class=\\\"large\\\">All file names should be lowercase, with hyphens separating descriptors, followed by a number. Serial and alternate&nbsp;images should use the same name and the next number, -01, -02, etc.<\\/p>\",\"verticalSpacingLevel\":\"vertical-spacing-2\",\"backgroundColor\":\"#ffffff\"}}},\"6\":\"Project Title\"}}', '2016-11-30 23:56:48', '2016-11-30 23:56:48', 'a10bb53b-cf18-4364-81e6-dc12c79f1c8b'),
 ('314', '8', '3', '1', 'en_us', '6', '', '{\"typeId\":\"3\",\"authorId\":\"1\",\"title\":\"Strategy Entry\",\"slug\":\"strategy-entry\",\"postDate\":1476390900,\"expiryDate\":null,\"enabled\":1,\"parentId\":null,\"fields\":{\"14\":\"\",\"3\":[\"9\"],\"29\":\"#000000\",\"9\":\"Hero\\r\\nHeadline\\r\\nHere\",\"7\":\"\",\"4\":\"#000000\",\"8\":\"\",\"62\":[\"238\"],\"10\":\"\",\"6\":\"Project Title\"}}', '2016-12-01 19:30:24', '2016-12-01 19:30:24', 'beb041b9-b65f-4d1c-bfe0-2dacf37627ea'),
 ('315', '5', '3', '1', 'en_us', '7', '', '{\"typeId\":\"3\",\"authorId\":\"1\",\"title\":\"Print Entry\",\"slug\":\"print-entry\",\"postDate\":1476390840,\"expiryDate\":null,\"enabled\":1,\"parentId\":null,\"fields\":{\"14\":\"\",\"3\":[\"12\"],\"29\":\"#000000\",\"9\":\"Hero\\r\\nHeadline\\r\\nIs\\r\\nHere\",\"7\":\"\",\"4\":\"#000000\",\"8\":\"\",\"62\":[\"239\"],\"10\":{\"133\":{\"type\":\"largeImage\",\"enabled\":\"1\",\"fields\":{\"image\":\"\",\"layoutOptions\":\"full-width\",\"verticalSpacingLevel\":\"vertical-spacing-0\"}}},\"6\":\"Cool Print Project Title \"}}', '2016-12-01 19:30:39', '2016-12-01 19:30:39', '85a2cfcd-cba4-4d44-a9dc-388e89d50f0d'),
 ('316', '6', '3', '1', 'en_us', '6', '', '{\"typeId\":\"3\",\"authorId\":\"1\",\"title\":\"Digital Entry\",\"slug\":\"digital-entry\",\"postDate\":1476390840,\"expiryDate\":null,\"enabled\":1,\"parentId\":null,\"fields\":{\"14\":\"\",\"3\":[\"11\"],\"29\":\"#000000\",\"9\":\"Here\'s\\r\\nto \\r\\nHeadlines\",\"7\":\"\",\"4\":\"#000000\",\"8\":\"\",\"62\":\"\",\"10\":\"\",\"6\":\"Sweet Mother of Digital\"}}', '2016-12-01 19:30:52', '2016-12-01 19:30:52', '738f03e9-6347-4027-904b-61f04746780a'),
 ('317', '7', '3', '1', 'en_us', '6', '', '{\"typeId\":\"3\",\"authorId\":\"1\",\"title\":\"Identity Entry\",\"slug\":\"identity-entry\",\"postDate\":1476390840,\"expiryDate\":null,\"enabled\":0,\"parentId\":null,\"fields\":{\"14\":\"\",\"3\":[\"10\"],\"29\":\"#000000\",\"9\":\"Example\\r\\nHero\\r\\nHeadline\",\"7\":\"\",\"4\":\"#000000\",\"8\":\"\",\"62\":\"\",\"10\":\"\",\"6\":\"Mr Robot\"}}', '2016-12-01 19:31:02', '2016-12-01 19:31:02', '612e70e1-90ae-4a60-9650-a961de7fb21d'),
 ('318', '6', '3', '1', 'en_us', '7', '', '{\"typeId\":\"3\",\"authorId\":\"1\",\"title\":\"Digital Entry\",\"slug\":\"digital-entry\",\"postDate\":1476390840,\"expiryDate\":null,\"enabled\":1,\"parentId\":null,\"fields\":{\"14\":\"\",\"3\":[\"11\"],\"29\":\"#000000\",\"9\":\"Here\'s\\r\\nto \\r\\nHeadlines\",\"7\":\"\",\"4\":\"#000000\",\"8\":\"\",\"62\":[\"241\"],\"10\":\"\",\"6\":\"Sweet Mother of Digital\"}}', '2016-12-01 19:33:04', '2016-12-01 19:33:04', 'a6f5a3a5-4ff0-4cdd-aaa6-c3b4b9b035b6'),
 ('319', '101', '10', '1', 'en_us', '37', '', '{\"typeId\":\"11\",\"authorId\":null,\"title\":\"Studio\",\"slug\":\"studio\",\"postDate\":1478129954,\"expiryDate\":null,\"enabled\":1,\"parentId\":null,\"fields\":{\"48\":{\"102\":{\"type\":\"1\",\"fields\":{\"backgroundImage\":[\"97\"],\"backgroundColor\":\"#000000\",\"linkUrl\":\"\\/contact\",\"header\":\"Drop \\r\\nus \\r\\na \\r\\nline\",\"subtext\":\"Contact Us\",\"fontColor\":\"#efefef\"}}},\"46\":\"<p class=\\\"large\\\">Born in 2004<\\/p>\\r\\n<p class=\\\"large\\\">We are a full-service creative agency with offices in Seattle and Portland. A dedicated team of designers, strategists, developers and account specialists, we create highly-crafted brand experiences that clarify purpose, encourage action, and inspire brand loyalty. We\\u2019d love to get to know you and help tell your story.&nbsp;<\\/p>\",\"10\":{\"103\":{\"type\":\"carousel\",\"enabled\":\"1\",\"fields\":{\"images\":[\"197\",\"198\",\"196\",\"199\"],\"verticalSpacingLevel\":\"vertical-spacing-2\"}},\"104\":{\"type\":\"twoColumnContent\",\"enabled\":\"1\",\"fields\":{\"backgroundColor\":\"#000000\",\"leftColumn\":\"<p class=\\\"h3 med\\\"><span class=\\\"white\\\">STYLE<br>IS A<br>SIMPLE<br>WAY<br>OF<br>SAYING<br>COMPLEX<br>THINGS<br><\\/span><span class=\\\"blue\\\">&mdash;JEAN<br>COCTEAU<\\/span><\\/p>\",\"rightColumn\":\"<p class=\\\"large\\\"><span class=\\\"white\\\"><span><\\/span>Style is Not a&nbsp;4-letter Word<span><\\/span><\\/span><\\/p>\\r\\n<p class=\\\"large\\\"><span class=\\\"white\\\"><span><\\/span>In our experience, the brands that are the most magnetic are those which project distinct, memorable and charismatic personalities. These brands place equal emphasis on what they say and how they say it. Some design purists might say that style is merely artificial decoration that should be avoided in favor of logic&mdash;\\u201cform follows function\\u201d and all that. Don\\u2019t get us wrong, we\\u2019re not proponents of style for its own sake, or as ornament applied after an idea has already been defined. Rather, we employ style as an integral and strategic component of our brand-development process. At its best, style can be that magical something about a company or product that pulls people in and transcends the logical. So, to us, style is not a 4-letter word. On the contrary, we embrace it, harnessing its power to cut through the clutter.&nbsp;<\\/span><\\/p>\\r\\n<p class=\\\"large\\\"><span class=\\\"white\\\">And besides, \\u201cstyle\\u201d has five letters.<\\/span><\\/p>\",\"verticalSpacingLevel\":\"vertical-spacing-2\"}},\"106\":{\"type\":\"twoColumnContent\",\"enabled\":\"1\",\"fields\":{\"backgroundColor\":\"#000000\",\"leftColumn\":\"<p class=\\\"large\\\"><span class=\\\"white\\\">We Do<\\/span><\\/p>\",\"rightColumn\":\"<p class=\\\"h2 caps white\\\"><a href=\\\"\\/strategy\\\">Strategy<\\/a><br><a href=\\\"\\/identity\\\">Identity<\\/a><br><a href=\\\"\\/digital\\\">Digital<\\/a><br><a href=\\\"\\/print\\\">Print<\\/a><br><a href=\\\"\\/packaging\\\">Packaging<\\/a><br><a href=\\\"\\/environment\\\">Environment<\\/a><\\/p>\",\"verticalSpacingLevel\":\"vertical-spacing-2\"}},\"107\":{\"type\":\"twoColumnContent\",\"enabled\":\"1\",\"fields\":{\"backgroundColor\":\"#ffffff\",\"leftColumn\":\"<p class=\\\"h3 caps\\\">OUR<br>CLIENTS<br>&<br>INDUSTRIES<\\/p>\\r\\n<p class=\\\"h3 caps\\\"><\\/p>\",\"rightColumn\":\"\",\"verticalSpacingLevel\":\"vertical-spacing-1\"}},\"108\":{\"type\":\"twoColumnContent\",\"enabled\":\"1\",\"fields\":{\"backgroundColor\":\"#ffffff\",\"leftColumn\":\"<p class=\\\"large\\\"><span class=\\\"gray\\\">Industry<\\/span><\\/p>\\r\\n<p class=\\\"h3 caps\\\">TEAGUE<br>NIKE<br>STARBUCKS<br>MICROSOFT<br>AMAZON<br>AIGA<br>NORDSTROM<br>TEAGUE<br>NIKE<\\/p>\\r\\n<p class=\\\"large\\\"><span class=\\\"gray\\\">Industry<\\/span><\\/p>\\r\\n<p class=\\\"h3 caps\\\">TEAGUE<br>NIKE<br>STARBUCKS<br>MICROSOFT<br>AMAZON<br>AIGA<br>NORDSTROM<br>TEAGUE<br>NIKE<\\/p>\\r\\n<p class=\\\"large\\\"><span class=\\\"gray\\\">Industry<\\/span><\\/p>\\r\\n<p class=\\\"h3 caps\\\">TEAGUE<br>NIKE<br>STARBUCKS<br>MICROSOFT<br>AMAZON<br>AIGA<br>NORDSTROM<br>TEAGUE<br>NIKE<\\/p>\",\"rightColumn\":\"<p class=\\\"large\\\"><span class=\\\"gray\\\">Industry<\\/span><\\/p>\\r\\n<p class=\\\"h3 caps\\\">TEAGUE<br>NIKE<br>STARBUCKS<br>MICROSOFT<br>AMAZON<br>AIGA<br>NORDSTROM<br>TEAGUE<br>NIKE<\\/p>\\r\\n<p class=\\\"large\\\"><span class=\\\"gray\\\">Industry<\\/span><\\/p>\\r\\n<p class=\\\"h3 caps\\\">TEAGUE<br>NIKE<br>STARBUCKS<br>MICROSOFT<br>AMAZON<br>AIGA<br>NORDSTROM<br>TEAGUE<br>NIKE<\\/p>\\r\\n<p class=\\\"large\\\"><span class=\\\"gray\\\">Industry<\\/span><\\/p>\\r\\n<p class=\\\"h3 caps\\\">TEAGUE<br>NIKE<br>STARBUCKS<br>MICROSOFT<br>AMAZON<br>AIGA<br>NORDSTROM<br>TEAGUE<br>NIKE<\\/p>\",\"verticalSpacingLevel\":\"vertical-spacing-1\"}}},\"47\":\"<p class=\\\"large\\\">08\\/2016 &mdash; IdN Magazine v23n2<\\/p>\\r\\n<p class=\\\"large\\\">06\\/2016 &mdash; Communication Arts Design Annual 2016<\\/p>\\r\\n<p class=\\\"large\\\">05\\/2016 &mdash; PRINT Magazine Regional Design Annual 2016<\\/p>\\r\\n<p class=\\\"large\\\">03\\/2016 &mdash; Communication Arts Design Annual 2015<\\/p>\\r\\n<p class=\\\"large\\\">02\\/2016 &mdash; IdN Magazine v23n2<\\/p>\\r\\n<p class=\\\"large\\\">12\\/2015 &mdash; Communication Arts Design Annual 2016<\\/p>\\r\\n<p class=\\\"large\\\">10\\/2015 &mdash; PRINT Magazine Regional Design Annual 2016<\\/p>\\r\\n<p class=\\\"large\\\">10\\/2015 &mdash; Communication Arts Design Annual 2015<\\/p>\\r\\n<p class=\\\"large\\\">06\\/2015 &mdash; PRINT Magazine Regional Design Annual 2016<\\/p>\\r\\n<p class=\\\"large\\\">02\\/2015 &mdash; Communication Arts Design Annual 2015<\\/p>\",\"44\":\"MEET\\r\\nOUR\\r\\nTALENTED\\r\\nTEAM\"}}', '2016-12-01 22:50:38', '2016-12-01 22:50:38', '553cf406-6599-4cab-bc22-a451d8c1b29d'),
 ('320', '201', '3', '46', 'en_us', '31', '', '{\"typeId\":\"3\",\"authorId\":\"46\",\"title\":\"Turnstyle Case Study Guide\",\"slug\":\"turnstyle-case-study-guide\",\"postDate\":1479938460,\"expiryDate\":null,\"enabled\":1,\"parentId\":null,\"fields\":{\"14\":[{\"col1\":\"Category Heading\",\"col2\":\"Additional Info\"},{\"col1\":\"\",\"col2\":\"\"}],\"3\":[\"11\",\"12\",\"13\"],\"29\":\"#ffffff\",\"9\":\"HERO\\r\\nHEADLINE\\r\\nWITH LINE\\r\\nBREAKS\",\"7\":[\"204\"],\"4\":\"#3c00ff\",\"8\":\"<p class=\\\"large\\\">Welcome to the case study guide! Please don\'t delete me. When the time comes, we can turn me off, but until then I shall exist. Within this guide you will find information about the modules, color, typography, image optimization, file naming and more.<\\/p>\\r\\n<p class=\\\"large\\\">The area at right is dynamically populated with information from the CMS. The client comes from the title&nbsp;field, and the disciplines can be added one at a time depending on the particular project. Additional fields can be added and customized for things like URLs, Awards &&nbsp;Press, and other things unique to particular projects.<\\/p>\",\"62\":[\"203\"],\"10\":{\"211\":{\"type\":\"centeredText\",\"enabled\":\"1\",\"fields\":{\"text\":\"<p class=\\\"large\\\"><span class=\\\"white\\\">The Modules (this is the Centered Text module)<\\/span><\\/p>\\r\\n<p class=\\\"large\\\"><span class=\\\"white\\\">Below are all the modules in the CMS, with accompanying image sizing and other specs. There are several variables available to each module, some have more than others. You can specify vertical spacing (padding), background color, image\\/text orientation, full width vs framed, etc. Each module has a unique set of components one can set. Image modules have the image sizes specified in the CMS with the associated field.<\\/span><\\/p>\",\"verticalSpacingLevel\":\"vertical-spacing-3\",\"backgroundColor\":\"#000000\"}},\"212\":{\"type\":\"largeImage\",\"enabled\":\"1\",\"fields\":{\"image\":[\"213\"],\"layoutOptions\":\"full-width\",\"verticalSpacingLevel\":\"vertical-spacing-0\"}},\"219\":{\"type\":\"largeImage\",\"enabled\":\"1\",\"fields\":{\"image\":[\"213\"],\"layoutOptions\":\"framed\",\"verticalSpacingLevel\":\"vertical-spacing-1\"}},\"215\":{\"type\":\"insetImage\",\"enabled\":\"1\",\"fields\":{\"image\":[\"214\"],\"imageWidth\":\"50\",\"verticalSpacingLevel\":\"vertical-spacing-3\",\"backgroundColor\":\"#000000\"}},\"216\":{\"type\":\"imageWithDescription\",\"enabled\":\"1\",\"fields\":{\"position\":\"left\",\"image\":[\"214\"],\"imageWidth\":\"75\",\"description\":\"<p class=\\\"large\\\">This is the Image with Description module. The text orientation (left\\/right), background color and&nbsp;vertical spacing is variable.<\\/p>\",\"verticalSpacingLevel\":\"vertical-spacing-3\",\"backgroundColor\":\"#efefef\"}},\"218\":{\"type\":\"twoUpImages\",\"enabled\":\"1\",\"fields\":{\"leftImage\":[\"221\"],\"rightImage\":[\"217\"],\"verticalSpacingLevel\":\"vertical-spacing-1\"}},\"235\":{\"type\":\"video\",\"enabled\":\"1\",\"fields\":{\"vimeoEmbedUrl\":\"https:\\/\\/player.vimeo.com\\/external\\/112934911.sd.mp4?s=a11efd4f0191a7846bc17eeba07e1739e031775d&profile_id=112\",\"posterImage\":[\"236\"],\"autoplay\":\"\",\"framed\":\"\"}},\"237\":{\"type\":\"video\",\"enabled\":\"1\",\"fields\":{\"vimeoEmbedUrl\":\"https:\\/\\/player.vimeo.com\\/external\\/112936935.sd.mp4?s=ec74a18135c1f7a0b6fceafd06c4cafd448d0cbb&profile_id=165\",\"posterImage\":\"\",\"autoplay\":\"1\",\"framed\":\"1\"}},\"222\":{\"type\":\"centeredText\",\"enabled\":\"1\",\"fields\":{\"text\":\"<p class=\\\"large\\\"><span class=\\\"white\\\">There is also a carousel module. The carousel module is being dialed in and spec\'s aren\'t available. It isn\'t something we\'d intended to be a widely used case study&nbsp;component anyway. Keep on scrolling for color, type, file naming, etc.<\\/span><\\/p>\",\"verticalSpacingLevel\":\"vertical-spacing-3\",\"backgroundColor\":\"#000000\"}},\"208\":{\"type\":\"imageWithDescription\",\"enabled\":\"1\",\"fields\":{\"position\":\"right\",\"image\":[\"207\"],\"imageWidth\":\"75\",\"description\":\"<p class=\\\"large\\\">Color Palette<\\/p>\\r\\n<p class=\\\"large\\\">All type on the site is off-white or off-black. When designating a type color for the hero area, select one of those two.&nbsp;Background colors & highlight colors can be uniquely specified based on the color palette of a particular project, or for dramatic effect!<\\/p>\",\"verticalSpacingLevel\":\"vertical-spacing-2\",\"backgroundColor\":\"#ffffff\"}},\"224\":{\"type\":\"imageWithDescription\",\"enabled\":\"1\",\"fields\":{\"position\":\"left\",\"image\":[\"223\"],\"imageWidth\":\"75\",\"description\":\"<p class=\\\"large\\\">Image Types<\\/p>\\r\\n<p class=\\\"large\\\">The CMS&nbsp;will accept just about any image format (JPEG, GIF, PNG, SVG, etc). It is important that our site perform well and look great \\u2013 so there are particular instances where using an SVG may be preferred to a transparent PNG, for icons, logos, etc. The image&nbsp;at left is example of an SVG.<\\/p>\",\"verticalSpacingLevel\":\"vertical-spacing-2\",\"backgroundColor\":\"#ffffff\"}},\"226\":{\"type\":\"imageWithDescription\",\"enabled\":\"1\",\"fields\":{\"position\":\"right\",\"image\":[\"225\"],\"imageWidth\":\"100\",\"description\":\"<p class=\\\"large\\\">Image Optimization<\\/p>\\r\\n<p class=\\\"large\\\">The majority of the images we upload into our CMS will be JPEGs. JPEGs can get large, and we want to keep the file size down to optimize performance. ALL JPEG images should be optimized with the JPEG High preset. The Quality should be set to 60% and Progressive should be checked.<\\/p>\",\"verticalSpacingLevel\":\"vertical-spacing-2\",\"backgroundColor\":\"#ffffff\"}},\"230\":{\"type\":\"imageWithDescription\",\"enabled\":\"1\",\"fields\":{\"position\":\"left\",\"image\":[\"227\"],\"imageWidth\":\"75\",\"description\":\"<p class=\\\"large\\\">File Naming<\\/p>\\r\\n<p class=\\\"large\\\">File naming should be consistent across all entries. For common, required&nbsp;elements, such as the Hero Image and the List Image (thumbnail), a common convention should be adhered to. For all other images, use an appropriate description of the content of the image.&nbsp;<\\/p>\\r\\n<p class=\\\"large\\\">All file names should be lowercase, with hyphens separating descriptors, followed by a number. Serial and alternate&nbsp;images should use the same name and the next number, -01, -02, etc.<\\/p>\",\"verticalSpacingLevel\":\"vertical-spacing-2\",\"backgroundColor\":\"#ffffff\"}}},\"6\":\"Project Title\"}}', '2016-12-06 00:53:16', '2016-12-06 00:53:16', '36560901-c8cd-4626-9dec-9e5c655e3f7f'),
 ('321', '201', '3', '46', 'en_us', '32', '', '{\"typeId\":\"3\",\"authorId\":\"46\",\"title\":\"Turnstyle Case Study Guide\",\"slug\":\"turnstyle-case-study-guide\",\"postDate\":1479938460,\"expiryDate\":null,\"enabled\":1,\"parentId\":null,\"fields\":{\"14\":[{\"col1\":\"Category Heading\",\"col2\":\"Additional Info\"},{\"col1\":\"\",\"col2\":\"\"}],\"3\":[\"11\",\"12\",\"13\"],\"29\":\"#ffffff\",\"9\":\"HERO\\r\\nHEADLINE\\r\\nWITH LINE\\r\\nBREAKS\",\"7\":[\"204\"],\"4\":\"#3c00ff\",\"8\":\"<p class=\\\"large\\\">Welcome to the case study guide! Please don\'t delete me. When the time comes, we can turn me off, but until then I shall exist. Within this guide you will find information about the modules, color, typography, image optimization, file naming and more.<\\/p>\\r\\n<p class=\\\"large\\\">The area at right is dynamically populated with information from the CMS. The client comes from the title&nbsp;field, and the disciplines can be added one at a time depending on the particular project. Additional fields can be added and customized for things like URLs, Awards &&nbsp;Press, and other things unique to particular projects.<\\/p>\",\"62\":[\"203\"],\"10\":{\"211\":{\"type\":\"centeredText\",\"enabled\":\"1\",\"fields\":{\"text\":\"<p class=\\\"large\\\"><span class=\\\"white\\\">The Modules (this is the Centered Text module)<\\/span><\\/p>\\r\\n<p class=\\\"large\\\"><span class=\\\"white\\\">Below are all the modules in the CMS, with accompanying image sizing and other specs. There are several variables available to each module, some have more than others. You can specify vertical spacing (padding), background color, image\\/text orientation, full width vs framed, etc. Each module has a unique set of components one can set. Image modules have the image sizes specified in the CMS with the associated field.<\\/span><\\/p>\",\"verticalSpacingLevel\":\"vertical-spacing-3\",\"backgroundColor\":\"#000000\"}},\"212\":{\"type\":\"largeImage\",\"enabled\":\"1\",\"fields\":{\"image\":[\"213\"],\"layoutOptions\":\"full-width\",\"verticalSpacingLevel\":\"vertical-spacing-0\"}},\"219\":{\"type\":\"largeImage\",\"enabled\":\"1\",\"fields\":{\"image\":[\"213\"],\"layoutOptions\":\"framed\",\"verticalSpacingLevel\":\"vertical-spacing-1\"}},\"215\":{\"type\":\"insetImage\",\"enabled\":\"1\",\"fields\":{\"image\":[\"214\"],\"imageWidth\":\"50\",\"verticalSpacingLevel\":\"vertical-spacing-3\",\"backgroundColor\":\"#000000\"}},\"216\":{\"type\":\"imageWithDescription\",\"enabled\":\"1\",\"fields\":{\"position\":\"left\",\"image\":[\"214\"],\"imageWidth\":\"75\",\"description\":\"<p class=\\\"large\\\">This is the Image with Description module. The text orientation (left\\/right), background color and&nbsp;vertical spacing is variable.<\\/p>\",\"verticalSpacingLevel\":\"vertical-spacing-3\",\"backgroundColor\":\"#efefef\"}},\"218\":{\"type\":\"twoUpImages\",\"enabled\":\"1\",\"fields\":{\"leftImage\":[\"221\"],\"rightImage\":[\"217\"],\"verticalSpacingLevel\":\"vertical-spacing-1\"}},\"new1\":{\"type\":\"largeImage\",\"enabled\":\"1\",\"fields\":{\"image\":[\"242\"],\"layoutOptions\":\"framed\",\"verticalSpacingLevel\":\"vertical-spacing-0\"}},\"235\":{\"type\":\"video\",\"enabled\":\"1\",\"fields\":{\"vimeoEmbedUrl\":\"https:\\/\\/player.vimeo.com\\/external\\/112934911.sd.mp4?s=a11efd4f0191a7846bc17eeba07e1739e031775d&profile_id=112\",\"posterImage\":[\"236\"],\"autoplay\":\"\",\"framed\":\"\"}},\"237\":{\"type\":\"video\",\"enabled\":\"1\",\"fields\":{\"vimeoEmbedUrl\":\"https:\\/\\/player.vimeo.com\\/external\\/112936935.sd.mp4?s=ec74a18135c1f7a0b6fceafd06c4cafd448d0cbb&profile_id=165\",\"posterImage\":\"\",\"autoplay\":\"1\",\"framed\":\"1\"}},\"222\":{\"type\":\"centeredText\",\"enabled\":\"1\",\"fields\":{\"text\":\"<p class=\\\"large\\\"><span class=\\\"white\\\">There is also a carousel module. The carousel module is being dialed in and spec\'s aren\'t available. It isn\'t something we\'d intended to be a widely used case study&nbsp;component anyway. Keep on scrolling for color, type, file naming, etc.<\\/span><\\/p>\",\"verticalSpacingLevel\":\"vertical-spacing-3\",\"backgroundColor\":\"#000000\"}},\"208\":{\"type\":\"imageWithDescription\",\"enabled\":\"1\",\"fields\":{\"position\":\"right\",\"image\":[\"207\"],\"imageWidth\":\"75\",\"description\":\"<p class=\\\"large\\\">Color Palette<\\/p>\\r\\n<p class=\\\"large\\\">All type on the site is off-white or off-black. When designating a type color for the hero area, select one of those two.&nbsp;Background colors & highlight colors can be uniquely specified based on the color palette of a particular project, or for dramatic effect!<\\/p>\",\"verticalSpacingLevel\":\"vertical-spacing-2\",\"backgroundColor\":\"#ffffff\"}},\"224\":{\"type\":\"imageWithDescription\",\"enabled\":\"1\",\"fields\":{\"position\":\"left\",\"image\":[\"223\"],\"imageWidth\":\"75\",\"description\":\"<p class=\\\"large\\\">Image Types<\\/p>\\r\\n<p class=\\\"large\\\">The CMS&nbsp;will accept just about any image format (JPEG, GIF, PNG, SVG, etc). It is important that our site perform well and look great \\u2013 so there are particular instances where using an SVG may be preferred to a transparent PNG, for icons, logos, etc. The image&nbsp;at left is example of an SVG.<\\/p>\",\"verticalSpacingLevel\":\"vertical-spacing-2\",\"backgroundColor\":\"#ffffff\"}},\"226\":{\"type\":\"imageWithDescription\",\"enabled\":\"1\",\"fields\":{\"position\":\"right\",\"image\":[\"225\"],\"imageWidth\":\"100\",\"description\":\"<p class=\\\"large\\\">Image Optimization<\\/p>\\r\\n<p class=\\\"large\\\">The majority of the images we upload into our CMS will be JPEGs. JPEGs can get large, and we want to keep the file size down to optimize performance. ALL JPEG images should be optimized with the JPEG High preset. The Quality should be set to 60% and Progressive should be checked.<\\/p>\",\"verticalSpacingLevel\":\"vertical-spacing-2\",\"backgroundColor\":\"#ffffff\"}},\"230\":{\"type\":\"imageWithDescription\",\"enabled\":\"1\",\"fields\":{\"position\":\"left\",\"image\":[\"227\"],\"imageWidth\":\"75\",\"description\":\"<p class=\\\"large\\\">File Naming<\\/p>\\r\\n<p class=\\\"large\\\">File naming should be consistent across all entries. For common, required&nbsp;elements, such as the Hero Image and the List Image (thumbnail), a common convention should be adhered to. For all other images, use an appropriate description of the content of the image.&nbsp;<\\/p>\\r\\n<p class=\\\"large\\\">All file names should be lowercase, with hyphens separating descriptors, followed by a number. Serial and alternate&nbsp;images should use the same name and the next number, -01, -02, etc.<\\/p>\",\"verticalSpacingLevel\":\"vertical-spacing-2\",\"backgroundColor\":\"#ffffff\"}}},\"6\":\"Project Title\"}}', '2016-12-06 22:36:29', '2016-12-06 22:36:29', 'a8a33259-4086-4b38-84a8-1aea168f624f'),
 ('322', '201', '3', '46', 'en_us', '33', '', '{\"typeId\":\"3\",\"authorId\":\"46\",\"title\":\"Turnstyle Case Study Guide\",\"slug\":\"turnstyle-case-study-guide\",\"postDate\":1479938460,\"expiryDate\":null,\"enabled\":1,\"parentId\":null,\"fields\":{\"14\":[{\"col1\":\"Category Heading\",\"col2\":\"Additional Info\"},{\"col1\":\"\",\"col2\":\"\"}],\"3\":[\"11\",\"12\",\"13\"],\"29\":\"#ffffff\",\"9\":\"HERO\\r\\nHEADLINE\\r\\nWITH LINE\\r\\nBREAKS\",\"7\":[\"204\"],\"4\":\"#3c00ff\",\"8\":\"<p class=\\\"large\\\">Welcome to the case study guide! Please don\'t delete me. When the time comes, we can turn me off, but until then I shall exist. Within this guide you will find information about the modules, color, typography, image optimization, file naming and more.<\\/p>\\r\\n<p class=\\\"large\\\">The area at right is dynamically populated with information from the CMS. The client comes from the title&nbsp;field, and the disciplines can be added one at a time depending on the particular project. Additional fields can be added and customized for things like URLs, Awards &&nbsp;Press, and other things unique to particular projects.<\\/p>\",\"62\":[\"203\"],\"10\":{\"211\":{\"type\":\"centeredText\",\"enabled\":\"1\",\"fields\":{\"text\":\"<p class=\\\"large\\\"><span class=\\\"white\\\">The Modules (this is the Centered Text module)<\\/span><\\/p>\\r\\n<p class=\\\"large\\\"><span class=\\\"white\\\">Below are all the modules in the CMS, with accompanying image sizing and other specs. There are several variables available to each module, some have more than others. You can specify vertical spacing (padding), background color, image\\/text orientation, full width vs framed, etc. Each module has a unique set of components one can set. Image modules have the image sizes specified in the CMS with the associated field.<\\/span><\\/p>\",\"verticalSpacingLevel\":\"vertical-spacing-3\",\"backgroundColor\":\"#000000\"}},\"212\":{\"type\":\"largeImage\",\"enabled\":\"1\",\"fields\":{\"image\":[\"213\"],\"layoutOptions\":\"full-width\",\"verticalSpacingLevel\":\"vertical-spacing-0\"}},\"219\":{\"type\":\"largeImage\",\"enabled\":\"1\",\"fields\":{\"image\":[\"213\"],\"layoutOptions\":\"framed\",\"verticalSpacingLevel\":\"vertical-spacing-1\"}},\"215\":{\"type\":\"insetImage\",\"enabled\":\"1\",\"fields\":{\"image\":[\"214\"],\"imageWidth\":\"50\",\"verticalSpacingLevel\":\"vertical-spacing-3\",\"backgroundColor\":\"#000000\"}},\"216\":{\"type\":\"imageWithDescription\",\"enabled\":\"1\",\"fields\":{\"position\":\"left\",\"image\":[\"214\"],\"imageWidth\":\"75\",\"description\":\"<p class=\\\"large\\\">This is the Image with Description module. The text orientation (left\\/right), background color and&nbsp;vertical spacing is variable.<\\/p>\",\"verticalSpacingLevel\":\"vertical-spacing-3\",\"backgroundColor\":\"#efefef\"}},\"218\":{\"type\":\"twoUpImages\",\"enabled\":\"1\",\"fields\":{\"leftImage\":[\"221\"],\"rightImage\":[\"217\"],\"verticalSpacingLevel\":\"vertical-spacing-1\"}},\"243\":{\"type\":\"largeImage\",\"enabled\":\"1\",\"fields\":{\"image\":[\"242\"],\"layoutOptions\":\"full-width\",\"verticalSpacingLevel\":\"vertical-spacing-0\"}},\"235\":{\"type\":\"video\",\"enabled\":\"1\",\"fields\":{\"vimeoEmbedUrl\":\"https:\\/\\/player.vimeo.com\\/external\\/112934911.sd.mp4?s=a11efd4f0191a7846bc17eeba07e1739e031775d&profile_id=112\",\"posterImage\":[\"236\"],\"autoplay\":\"\",\"framed\":\"\"}},\"237\":{\"type\":\"video\",\"enabled\":\"1\",\"fields\":{\"vimeoEmbedUrl\":\"https:\\/\\/player.vimeo.com\\/external\\/112936935.sd.mp4?s=ec74a18135c1f7a0b6fceafd06c4cafd448d0cbb&profile_id=165\",\"posterImage\":\"\",\"autoplay\":\"1\",\"framed\":\"1\"}},\"222\":{\"type\":\"centeredText\",\"enabled\":\"1\",\"fields\":{\"text\":\"<p class=\\\"large\\\"><span class=\\\"white\\\">There is also a carousel module. The carousel module is being dialed in and spec\'s aren\'t available. It isn\'t something we\'d intended to be a widely used case study&nbsp;component anyway. Keep on scrolling for color, type, file naming, etc.<\\/span><\\/p>\",\"verticalSpacingLevel\":\"vertical-spacing-3\",\"backgroundColor\":\"#000000\"}},\"208\":{\"type\":\"imageWithDescription\",\"enabled\":\"1\",\"fields\":{\"position\":\"right\",\"image\":[\"207\"],\"imageWidth\":\"75\",\"description\":\"<p class=\\\"large\\\">Color Palette<\\/p>\\r\\n<p class=\\\"large\\\">All type on the site is off-white or off-black. When designating a type color for the hero area, select one of those two.&nbsp;Background colors & highlight colors can be uniquely specified based on the color palette of a particular project, or for dramatic effect!<\\/p>\",\"verticalSpacingLevel\":\"vertical-spacing-2\",\"backgroundColor\":\"#ffffff\"}},\"224\":{\"type\":\"imageWithDescription\",\"enabled\":\"1\",\"fields\":{\"position\":\"left\",\"image\":[\"223\"],\"imageWidth\":\"75\",\"description\":\"<p class=\\\"large\\\">Image Types<\\/p>\\r\\n<p class=\\\"large\\\">The CMS&nbsp;will accept just about any image format (JPEG, GIF, PNG, SVG, etc). It is important that our site perform well and look great \\u2013 so there are particular instances where using an SVG may be preferred to a transparent PNG, for icons, logos, etc. The image&nbsp;at left is example of an SVG.<\\/p>\",\"verticalSpacingLevel\":\"vertical-spacing-2\",\"backgroundColor\":\"#ffffff\"}},\"226\":{\"type\":\"imageWithDescription\",\"enabled\":\"1\",\"fields\":{\"position\":\"right\",\"image\":[\"225\"],\"imageWidth\":\"100\",\"description\":\"<p class=\\\"large\\\">Image Optimization<\\/p>\\r\\n<p class=\\\"large\\\">The majority of the images we upload into our CMS will be JPEGs. JPEGs can get large, and we want to keep the file size down to optimize performance. ALL JPEG images should be optimized with the JPEG High preset. The Quality should be set to 60% and Progressive should be checked.<\\/p>\",\"verticalSpacingLevel\":\"vertical-spacing-2\",\"backgroundColor\":\"#ffffff\"}},\"230\":{\"type\":\"imageWithDescription\",\"enabled\":\"1\",\"fields\":{\"position\":\"left\",\"image\":[\"227\"],\"imageWidth\":\"75\",\"description\":\"<p class=\\\"large\\\">File Naming<\\/p>\\r\\n<p class=\\\"large\\\">File naming should be consistent across all entries. For common, required&nbsp;elements, such as the Hero Image and the List Image (thumbnail), a common convention should be adhered to. For all other images, use an appropriate description of the content of the image.&nbsp;<\\/p>\\r\\n<p class=\\\"large\\\">All file names should be lowercase, with hyphens separating descriptors, followed by a number. Serial and alternate&nbsp;images should use the same name and the next number, -01, -02, etc.<\\/p>\",\"verticalSpacingLevel\":\"vertical-spacing-2\",\"backgroundColor\":\"#ffffff\"}}},\"6\":\"Project Title\"}}', '2016-12-06 22:39:24', '2016-12-06 22:39:24', 'aaf475d7-4d74-445d-8229-fcf243c0e63e'),
 ('323', '201', '3', '46', 'en_us', '34', '', '{\"typeId\":\"3\",\"authorId\":\"46\",\"title\":\"Turnstyle Case Study Guide\",\"slug\":\"turnstyle-case-study-guide\",\"postDate\":1479938460,\"expiryDate\":null,\"enabled\":1,\"parentId\":null,\"fields\":{\"14\":[{\"col1\":\"Category Heading\",\"col2\":\"Additional Info\"},{\"col1\":\"\",\"col2\":\"\"}],\"3\":[\"11\",\"12\",\"13\"],\"29\":\"#ffffff\",\"9\":\"HERO\\r\\nHEADLINE\\r\\nWITH LINE\\r\\nBREAKS\",\"7\":[\"244\"],\"4\":\"#3c00ff\",\"8\":\"<p class=\\\"large\\\">Welcome to the case study guide! Please don\'t delete me. When the time comes, we can turn me off, but until then I shall exist. Within this guide you will find information about the modules, color, typography, image optimization, file naming and more.<\\/p>\\r\\n<p class=\\\"large\\\">The area at right is dynamically populated with information from the CMS. The client comes from the title&nbsp;field, and the disciplines can be added one at a time depending on the particular project. Additional fields can be added and customized for things like URLs, Awards &&nbsp;Press, and other things unique to particular projects.<\\/p>\",\"62\":[\"203\"],\"10\":{\"211\":{\"type\":\"centeredText\",\"enabled\":\"1\",\"fields\":{\"text\":\"<p class=\\\"large\\\"><span class=\\\"white\\\">The Modules (this is the Centered Text module)<\\/span><\\/p>\\r\\n<p class=\\\"large\\\"><span class=\\\"white\\\">Below are all the modules in the CMS, with accompanying image sizing and other specs. There are several variables available to each module, some have more than others. You can specify vertical spacing (padding), background color, image\\/text orientation, full width vs framed, etc. Each module has a unique set of components one can set. Image modules have the image sizes specified in the CMS with the associated field.<\\/span><\\/p>\",\"verticalSpacingLevel\":\"vertical-spacing-3\",\"backgroundColor\":\"#000000\"}},\"212\":{\"type\":\"largeImage\",\"enabled\":\"1\",\"fields\":{\"image\":[\"213\"],\"layoutOptions\":\"full-width\",\"verticalSpacingLevel\":\"vertical-spacing-0\"}},\"219\":{\"type\":\"largeImage\",\"enabled\":\"1\",\"fields\":{\"image\":[\"213\"],\"layoutOptions\":\"framed\",\"verticalSpacingLevel\":\"vertical-spacing-1\"}},\"215\":{\"type\":\"insetImage\",\"enabled\":\"1\",\"fields\":{\"image\":[\"214\"],\"imageWidth\":\"50\",\"verticalSpacingLevel\":\"vertical-spacing-3\",\"backgroundColor\":\"#000000\"}},\"216\":{\"type\":\"imageWithDescription\",\"enabled\":\"1\",\"fields\":{\"position\":\"left\",\"image\":[\"214\"],\"imageWidth\":\"75\",\"description\":\"<p class=\\\"large\\\">This is the Image with Description module. The text orientation (left\\/right), background color and&nbsp;vertical spacing is variable.<\\/p>\",\"verticalSpacingLevel\":\"vertical-spacing-3\",\"backgroundColor\":\"#efefef\"}},\"218\":{\"type\":\"twoUpImages\",\"enabled\":\"1\",\"fields\":{\"leftImage\":[\"221\"],\"rightImage\":[\"217\"],\"verticalSpacingLevel\":\"vertical-spacing-1\"}},\"243\":{\"type\":\"largeImage\",\"enabled\":\"1\",\"fields\":{\"image\":[\"242\"],\"layoutOptions\":\"full-width\",\"verticalSpacingLevel\":\"vertical-spacing-0\"}},\"235\":{\"type\":\"video\",\"enabled\":\"1\",\"fields\":{\"vimeoEmbedUrl\":\"https:\\/\\/player.vimeo.com\\/external\\/112934911.sd.mp4?s=a11efd4f0191a7846bc17eeba07e1739e031775d&profile_id=112\",\"posterImage\":[\"236\"],\"autoplay\":\"\",\"framed\":\"\"}},\"237\":{\"type\":\"video\",\"enabled\":\"1\",\"fields\":{\"vimeoEmbedUrl\":\"https:\\/\\/player.vimeo.com\\/external\\/112936935.sd.mp4?s=ec74a18135c1f7a0b6fceafd06c4cafd448d0cbb&profile_id=165\",\"posterImage\":\"\",\"autoplay\":\"1\",\"framed\":\"1\"}},\"222\":{\"type\":\"centeredText\",\"enabled\":\"1\",\"fields\":{\"text\":\"<p class=\\\"large\\\"><span class=\\\"white\\\">There is also a carousel module. The carousel module is being dialed in and spec\'s aren\'t available. It isn\'t something we\'d intended to be a widely used case study&nbsp;component anyway. Keep on scrolling for color, type, file naming, etc.<\\/span><\\/p>\",\"verticalSpacingLevel\":\"vertical-spacing-3\",\"backgroundColor\":\"#000000\"}},\"208\":{\"type\":\"imageWithDescription\",\"enabled\":\"1\",\"fields\":{\"position\":\"right\",\"image\":[\"207\"],\"imageWidth\":\"75\",\"description\":\"<p class=\\\"large\\\">Color Palette<\\/p>\\r\\n<p class=\\\"large\\\">All type on the site is off-white or off-black. When designating a type color for the hero area, select one of those two.&nbsp;Background colors & highlight colors can be uniquely specified based on the color palette of a particular project, or for dramatic effect!<\\/p>\",\"verticalSpacingLevel\":\"vertical-spacing-2\",\"backgroundColor\":\"#ffffff\"}},\"224\":{\"type\":\"imageWithDescription\",\"enabled\":\"1\",\"fields\":{\"position\":\"left\",\"image\":[\"223\"],\"imageWidth\":\"75\",\"description\":\"<p class=\\\"large\\\">Image Types<\\/p>\\r\\n<p class=\\\"large\\\">The CMS&nbsp;will accept just about any image format (JPEG, GIF, PNG, SVG, etc). It is important that our site perform well and look great \\u2013 so there are particular instances where using an SVG may be preferred to a transparent PNG, for icons, logos, etc. The image&nbsp;at left is example of an SVG.<\\/p>\",\"verticalSpacingLevel\":\"vertical-spacing-2\",\"backgroundColor\":\"#ffffff\"}},\"226\":{\"type\":\"imageWithDescription\",\"enabled\":\"1\",\"fields\":{\"position\":\"right\",\"image\":[\"225\"],\"imageWidth\":\"100\",\"description\":\"<p class=\\\"large\\\">Image Optimization<\\/p>\\r\\n<p class=\\\"large\\\">The majority of the images we upload into our CMS will be JPEGs. JPEGs can get large, and we want to keep the file size down to optimize performance. ALL JPEG images should be optimized with the JPEG High preset. The Quality should be set to 60% and Progressive should be checked.<\\/p>\",\"verticalSpacingLevel\":\"vertical-spacing-2\",\"backgroundColor\":\"#ffffff\"}},\"230\":{\"type\":\"imageWithDescription\",\"enabled\":\"1\",\"fields\":{\"position\":\"left\",\"image\":[\"227\"],\"imageWidth\":\"75\",\"description\":\"<p class=\\\"large\\\">File Naming<\\/p>\\r\\n<p class=\\\"large\\\">File naming should be consistent across all entries. For common, required&nbsp;elements, such as the Hero Image and the List Image (thumbnail), a common convention should be adhered to. For all other images, use an appropriate description of the content of the image.&nbsp;<\\/p>\\r\\n<p class=\\\"large\\\">All file names should be lowercase, with hyphens separating descriptors, followed by a number. Serial and alternate&nbsp;images should use the same name and the next number, -01, -02, etc.<\\/p>\",\"verticalSpacingLevel\":\"vertical-spacing-2\",\"backgroundColor\":\"#ffffff\"}}},\"6\":\"Project Title\"}}', '2016-12-07 00:07:38', '2016-12-07 00:07:38', '2f6a5339-e7e1-49a3-8c48-949ca0a2420b'),
 ('324', '201', '3', '46', 'en_us', '35', '', '{\"typeId\":\"3\",\"authorId\":\"46\",\"title\":\"Turnstyle\",\"slug\":\"turnstyle-case-study-guide\",\"postDate\":1479938460,\"expiryDate\":null,\"enabled\":1,\"parentId\":null,\"fields\":{\"14\":[{\"col1\":\"Category Heading\",\"col2\":\"Additional Info\"},{\"col1\":\"\",\"col2\":\"\"}],\"3\":[\"11\",\"12\",\"13\"],\"29\":\"#ffffff\",\"9\":\"HERO\\r\\nHEADLINE\\r\\nWITH LINE\\r\\nBREAKS\",\"7\":[\"244\"],\"4\":\"#3c00ff\",\"8\":\"<p class=\\\"large\\\">Welcome to the case study guide! Please don\'t delete me. When the time comes, we can turn me off, but until then I shall exist. Within this guide you will find information about the modules, color, typography, image optimization, file naming and more.<\\/p>\\r\\n<p class=\\\"large\\\">The area at right is dynamically populated with information from the CMS. The client comes from the title&nbsp;field, and the disciplines can be added one at a time depending on the particular project. Additional fields can be added and customized for things like URLs, Awards &&nbsp;Press, and other things unique to particular projects.<\\/p>\",\"62\":[\"203\"],\"10\":{\"211\":{\"type\":\"centeredText\",\"enabled\":\"1\",\"fields\":{\"text\":\"<p class=\\\"large\\\"><span class=\\\"white\\\">The Modules (this is the Centered Text module)<\\/span><\\/p>\\r\\n<p class=\\\"large\\\"><span class=\\\"white\\\">Below are all the modules in the CMS, with accompanying image sizing and other specs. There are several variables available to each module, some have more than others. You can specify vertical spacing (padding), background color, image\\/text orientation, full width vs framed, etc. Each module has a unique set of components one can set. Image modules have the image sizes specified in the CMS with the associated field.<\\/span><\\/p>\",\"verticalSpacingLevel\":\"vertical-spacing-3\",\"backgroundColor\":\"#000000\"}},\"212\":{\"type\":\"largeImage\",\"enabled\":\"1\",\"fields\":{\"image\":[\"213\"],\"layoutOptions\":\"full-width\",\"verticalSpacingLevel\":\"vertical-spacing-0\"}},\"219\":{\"type\":\"largeImage\",\"enabled\":\"1\",\"fields\":{\"image\":[\"213\"],\"layoutOptions\":\"framed\",\"verticalSpacingLevel\":\"vertical-spacing-1\"}},\"215\":{\"type\":\"insetImage\",\"enabled\":\"1\",\"fields\":{\"image\":[\"214\"],\"imageWidth\":\"50\",\"verticalSpacingLevel\":\"vertical-spacing-3\",\"backgroundColor\":\"#000000\"}},\"216\":{\"type\":\"imageWithDescription\",\"enabled\":\"1\",\"fields\":{\"position\":\"left\",\"image\":[\"214\"],\"imageWidth\":\"75\",\"description\":\"<p class=\\\"large\\\">This is the Image with Description module. The text orientation (left\\/right), background color and&nbsp;vertical spacing is variable.<\\/p>\",\"verticalSpacingLevel\":\"vertical-spacing-3\",\"backgroundColor\":\"#efefef\"}},\"218\":{\"type\":\"twoUpImages\",\"enabled\":\"1\",\"fields\":{\"leftImage\":[\"221\"],\"rightImage\":[\"217\"],\"verticalSpacingLevel\":\"vertical-spacing-1\"}},\"243\":{\"type\":\"largeImage\",\"enabled\":\"1\",\"fields\":{\"image\":[\"242\"],\"layoutOptions\":\"full-width\",\"verticalSpacingLevel\":\"vertical-spacing-0\"}},\"235\":{\"type\":\"video\",\"enabled\":\"1\",\"fields\":{\"vimeoEmbedUrl\":\"https:\\/\\/player.vimeo.com\\/external\\/112934911.sd.mp4?s=a11efd4f0191a7846bc17eeba07e1739e031775d&profile_id=112\",\"posterImage\":[\"236\"],\"autoplay\":\"\",\"framed\":\"\"}},\"237\":{\"type\":\"video\",\"enabled\":\"1\",\"fields\":{\"vimeoEmbedUrl\":\"https:\\/\\/player.vimeo.com\\/external\\/112936935.sd.mp4?s=ec74a18135c1f7a0b6fceafd06c4cafd448d0cbb&profile_id=165\",\"posterImage\":\"\",\"autoplay\":\"1\",\"framed\":\"1\"}},\"222\":{\"type\":\"centeredText\",\"enabled\":\"1\",\"fields\":{\"text\":\"<p class=\\\"large\\\"><span class=\\\"white\\\">There is also a carousel module. The carousel module is being dialed in and spec\'s aren\'t available. It isn\'t something we\'d intended to be a widely used case study&nbsp;component anyway. Keep on scrolling for color, type, file naming, etc.<\\/span><\\/p>\",\"verticalSpacingLevel\":\"vertical-spacing-3\",\"backgroundColor\":\"#000000\"}},\"208\":{\"type\":\"imageWithDescription\",\"enabled\":\"1\",\"fields\":{\"position\":\"right\",\"image\":[\"207\"],\"imageWidth\":\"75\",\"description\":\"<p class=\\\"large\\\">Color Palette<\\/p>\\r\\n<p class=\\\"large\\\">All type on the site is off-white or off-black. When designating a type color for the hero area, select one of those two.&nbsp;Background colors & highlight colors can be uniquely specified based on the color palette of a particular project, or for dramatic effect!<\\/p>\",\"verticalSpacingLevel\":\"vertical-spacing-2\",\"backgroundColor\":\"#ffffff\"}},\"224\":{\"type\":\"imageWithDescription\",\"enabled\":\"1\",\"fields\":{\"position\":\"left\",\"image\":[\"223\"],\"imageWidth\":\"75\",\"description\":\"<p class=\\\"large\\\">Image Types<\\/p>\\r\\n<p class=\\\"large\\\">The CMS&nbsp;will accept just about any image format (JPEG, GIF, PNG, SVG, etc). It is important that our site perform well and look great \\u2013 so there are particular instances where using an SVG may be preferred to a transparent PNG, for icons, logos, etc. The image&nbsp;at left is example of an SVG.<\\/p>\",\"verticalSpacingLevel\":\"vertical-spacing-2\",\"backgroundColor\":\"#ffffff\"}},\"226\":{\"type\":\"imageWithDescription\",\"enabled\":\"1\",\"fields\":{\"position\":\"right\",\"image\":[\"225\"],\"imageWidth\":\"100\",\"description\":\"<p class=\\\"large\\\">Image Optimization<\\/p>\\r\\n<p class=\\\"large\\\">The majority of the images we upload into our CMS will be JPEGs. JPEGs can get large, and we want to keep the file size down to optimize performance. ALL JPEG images should be optimized with the JPEG High preset. The Quality should be set to 60% and Progressive should be checked.<\\/p>\",\"verticalSpacingLevel\":\"vertical-spacing-2\",\"backgroundColor\":\"#ffffff\"}},\"230\":{\"type\":\"imageWithDescription\",\"enabled\":\"1\",\"fields\":{\"position\":\"left\",\"image\":[\"227\"],\"imageWidth\":\"75\",\"description\":\"<p class=\\\"large\\\">File Naming<\\/p>\\r\\n<p class=\\\"large\\\">File naming should be consistent across all entries. For common, required&nbsp;elements, such as the Hero Image and the List Image (thumbnail), a common convention should be adhered to. For all other images, use an appropriate description of the content of the image.&nbsp;<\\/p>\\r\\n<p class=\\\"large\\\">All file names should be lowercase, with hyphens separating descriptors, followed by a number. Serial and alternate&nbsp;images should use the same name and the next number, -01, -02, etc.<\\/p>\",\"verticalSpacingLevel\":\"vertical-spacing-2\",\"backgroundColor\":\"#ffffff\"}}},\"6\":\"Case Study Guide\"}}', '2016-12-07 23:20:24', '2016-12-07 23:20:24', '18a40155-e779-490a-a86e-2af610ada340'),
 ('325', '101', '10', '46', 'en_us', '38', '', '{\"typeId\":\"11\",\"authorId\":null,\"title\":\"Studio\",\"slug\":\"studio\",\"postDate\":1478129954,\"expiryDate\":null,\"enabled\":1,\"parentId\":null,\"fields\":{\"48\":{\"102\":{\"type\":\"1\",\"fields\":{\"backgroundImage\":[\"97\"],\"backgroundColor\":\"#000000\",\"linkUrl\":\"\\/contact\",\"header\":\"Drop \\r\\nus \\r\\na \\r\\nline\",\"subtext\":\"Contact Us\",\"fontColor\":\"#efefef\"}}},\"46\":\"<p class=\\\"large\\\">Born in 2004<\\/p>\\r\\n<p class=\\\"large\\\">We are a full-service creative agency with offices in Seattle and Portland. A dedicated team of designers, strategists, developers and account specialists, we create highly-crafted brand experiences that clarify purpose, encourage action, and inspire brand loyalty. We\\u2019d love to get to know you and help tell your story.&nbsp;<\\/p>\",\"10\":{\"103\":{\"type\":\"carousel\",\"enabled\":\"1\",\"fields\":{\"images\":[\"197\",\"198\",\"196\",\"199\"],\"verticalSpacingLevel\":\"vertical-spacing-2\"}},\"104\":{\"type\":\"twoColumnContent\",\"enabled\":\"1\",\"fields\":{\"backgroundColor\":\"#000000\",\"leftColumn\":\"<p class=\\\"h3 med\\\"><span class=\\\"white\\\">STYLE<br>IS A<br>SIMPLE<br>WAY<br>OF<br>SAYING<br>COMPLEX<br>THINGS<br><\\/span><span class=\\\"blue\\\">&mdash;JEAN<br>COCTEAU<\\/span><\\/p>\",\"rightColumn\":\"<p class=\\\"large\\\"><span class=\\\"white\\\"><span><\\/span>Style is Not a&nbsp;4-letter Word<span><\\/span><\\/span><\\/p>\\r\\n<p class=\\\"large\\\"><span class=\\\"white\\\"><span><\\/span>In our experience, the brands that are the most magnetic are those which project distinct, memorable and charismatic personalities. These brands place equal emphasis on what they say and how they say it. Some design purists might say that style is merely artificial decoration that should be avoided in favor of logic&mdash;\\u201cform follows function\\u201d and all that. Don\\u2019t get us wrong, we\\u2019re not proponents of style for its own sake, or as ornament applied after an idea has already been defined. Rather, we employ style as an integral and strategic component of our brand-development process. At its best, style can be that magical something about a company or product that pulls people in and transcends the logical. So, to us, style is not a 4-letter word. On the contrary, we embrace it, harnessing its power to cut through the clutter.&nbsp;<\\/span><\\/p>\\r\\n<p class=\\\"large\\\"><span class=\\\"white\\\">And besides, \\u201cstyle\\u201d has five letters.<\\/span><\\/p>\",\"verticalSpacingLevel\":\"vertical-spacing-2\"}},\"106\":{\"type\":\"twoColumnContent\",\"enabled\":\"1\",\"fields\":{\"backgroundColor\":\"#000000\",\"leftColumn\":\"<p class=\\\"large\\\"><span class=\\\"white\\\">We Do<\\/span><\\/p>\",\"rightColumn\":\"<p class=\\\"h2 caps white\\\"><a href=\\\"\\/strategy\\\">Strategy<\\/a><br><a href=\\\"\\/identity\\\">Identity<\\/a><br><a href=\\\"\\/digital\\\">Digital<\\/a><br><a href=\\\"\\/print\\\">Print<\\/a><br><a href=\\\"\\/packaging\\\">Packaging<\\/a><br><a href=\\\"\\/environment\\\">Environment<\\/a><\\/p>\",\"verticalSpacingLevel\":\"vertical-spacing-2\"}},\"107\":{\"type\":\"twoColumnContent\",\"enabled\":\"1\",\"fields\":{\"backgroundColor\":\"#ffffff\",\"leftColumn\":\"<p class=\\\"h3 caps\\\">OUR<br>CLIENTS<br>&<br>INDUSTRIES<\\/p>\\r\\n<p class=\\\"h3 caps\\\"><\\/p>\",\"rightColumn\":\"\",\"verticalSpacingLevel\":\"vertical-spacing-2\"}},\"108\":{\"type\":\"twoColumnContent\",\"enabled\":\"1\",\"fields\":{\"backgroundColor\":\"#ffffff\",\"leftColumn\":\"<p class=\\\"large\\\"><span class=\\\"gray\\\">Industry<\\/span><\\/p>\\r\\n<p class=\\\"h3 caps\\\">TEAGUE<br>NIKE<br>STARBUCKS<br>MICROSOFT<br>AMAZON<br>AIGA<br>NORDSTROM<br>TEAGUE<br>NIKE<\\/p>\\r\\n<p class=\\\"large\\\"><span class=\\\"gray\\\">Industry<\\/span><\\/p>\\r\\n<p class=\\\"h3 caps\\\">TEAGUE<br>NIKE<br>STARBUCKS<br>MICROSOFT<br>AMAZON<br>AIGA<br>NORDSTROM<br>TEAGUE<br>NIKE<\\/p>\\r\\n<p class=\\\"large\\\"><span class=\\\"gray\\\">Industry<\\/span><\\/p>\\r\\n<p class=\\\"h3 caps\\\">TEAGUE<br>NIKE<br>STARBUCKS<br>MICROSOFT<br>AMAZON<br>AIGA<br>NORDSTROM<br>TEAGUE<br>NIKE<\\/p>\",\"rightColumn\":\"<p class=\\\"large\\\"><span class=\\\"gray\\\">Industry<\\/span><\\/p>\\r\\n<p class=\\\"h3 caps\\\">TEAGUE<br>NIKE<br>STARBUCKS<br>MICROSOFT<br>AMAZON<br>AIGA<br>NORDSTROM<br>TEAGUE<br>NIKE<\\/p>\\r\\n<p class=\\\"large\\\"><span class=\\\"gray\\\">Industry<\\/span><\\/p>\\r\\n<p class=\\\"h3 caps\\\">TEAGUE<br>NIKE<br>STARBUCKS<br>MICROSOFT<br>AMAZON<br>AIGA<br>NORDSTROM<br>TEAGUE<br>NIKE<\\/p>\\r\\n<p class=\\\"large\\\"><span class=\\\"gray\\\">Industry<\\/span><\\/p>\\r\\n<p class=\\\"h3 caps\\\">TEAGUE<br>NIKE<br>STARBUCKS<br>MICROSOFT<br>AMAZON<br>AIGA<br>NORDSTROM<br>TEAGUE<br>NIKE<\\/p>\",\"verticalSpacingLevel\":\"vertical-spacing-1\"}}},\"47\":\"<p class=\\\"large\\\">08\\/2016 &mdash; IdN Magazine v23n2<\\/p>\\r\\n<p class=\\\"large\\\">06\\/2016 &mdash; Communication Arts Design Annual 2016<\\/p>\\r\\n<p class=\\\"large\\\">05\\/2016 &mdash; PRINT Magazine Regional Design Annual 2016<\\/p>\\r\\n<p class=\\\"large\\\">03\\/2016 &mdash; Communication Arts Design Annual 2015<\\/p>\\r\\n<p class=\\\"large\\\">02\\/2016 &mdash; IdN Magazine v23n2<\\/p>\\r\\n<p class=\\\"large\\\">12\\/2015 &mdash; Communication Arts Design Annual 2016<\\/p>\\r\\n<p class=\\\"large\\\">10\\/2015 &mdash; PRINT Magazine Regional Design Annual 2016<\\/p>\\r\\n<p class=\\\"large\\\">10\\/2015 &mdash; Communication Arts Design Annual 2015<\\/p>\\r\\n<p class=\\\"large\\\">06\\/2015 &mdash; PRINT Magazine Regional Design Annual 2016<\\/p>\\r\\n<p class=\\\"large\\\">02\\/2015 &mdash; Communication Arts Design Annual 2015<\\/p>\",\"44\":\"MEET\\r\\nOUR\\r\\nTALENTED\\r\\nTEAM\"}}', '2016-12-08 22:56:12', '2016-12-08 22:56:12', '7f172417-7ec4-40f4-98c1-0691cb504306'),
 ('326', '55', '7', '1', 'en_us', '5', '', '{\"typeId\":\"7\",\"authorId\":\"1\",\"title\":\"Strategy\",\"slug\":\"strategy\",\"postDate\":1478025060,\"expiryDate\":null,\"enabled\":1,\"parentId\":\"\",\"fields\":{\"48\":{\"100\":{\"type\":\"1\",\"fields\":{\"backgroundImage\":[\"97\"],\"backgroundColor\":\"#000000\",\"linkUrl\":\"\\/overview\",\"header\":\"See\\r\\nWhat \\r\\nMakes\\r\\nUs\\r\\nTick\",\"subtext\":\"Our Studio\",\"fontColor\":\"#000000\"}}},\"45\":\"<p class=\\\"h3 caps\\\">&mdash; Logo<br>&mdash; Voice & Personality<br>&mdash; Visual System<br>&mdash; Guidelines<\\/p>\\r\\n<p class=\\\"h3 caps\\\"><\\/p>\",\"46\":\"<p class=\\\"large\\\">In our heart of hearts, we are identity designers. Although our capabilities and experience extend to a wide range of design and strategy offerings, identity is at the core of everything we do. We love the challenge of crafting visual systems that capture our clients\' unique brand personas. Systems that clarify purpose, encourage action, and inspire brand loyalty. Whether we\\u2019re designing from the ground up, managing a transition, or building upon an established identity, the whole brand experience is always on our radar. We design identities that balance the use of iconic, enduring brand elements with the flexibility to evolve, surprise and delight.<\\/p>\"}}', '2016-12-08 23:13:21', '2016-12-08 23:13:21', '02a06746-ca6c-409a-9211-a34f68e844b1'),
 ('327', '201', '3', '1', 'en_us', '36', '', '{\"typeId\":\"3\",\"authorId\":\"46\",\"title\":\"Turnstyle\",\"slug\":\"turnstyle-case-study-guide\",\"postDate\":1479938460,\"expiryDate\":null,\"enabled\":1,\"parentId\":null,\"fields\":{\"14\":[{\"col1\":\"Category Heading\",\"col2\":\"Additional Info\"},{\"col1\":\"\",\"col2\":\"\"}],\"3\":[\"11\",\"12\",\"13\"],\"29\":\"#ffffff\",\"9\":\"HERO\\r\\nHEADLINE\\r\\nWITH LINE\\r\\nBREAKS\",\"7\":[\"244\"],\"4\":\"#3c00ff\",\"8\":\"<p class=\\\"large\\\">Welcome to the case study guide! Please don\'t delete me. When the time comes, we can turn me off, but until then I shall exist. Within this guide you will find information about the modules, color, typography, image optimization, file naming and more.<\\/p>\\r\\n<p class=\\\"large\\\">The area at right is dynamically populated with information from the CMS. The client comes from the title&nbsp;field, and the disciplines can be added one at a time depending on the particular project. Additional fields can be added and customized for things like URLs, Awards &&nbsp;Press, and other things unique to particular projects.<\\/p>\",\"62\":[\"203\"],\"10\":{\"211\":{\"type\":\"centeredText\",\"enabled\":\"1\",\"fields\":{\"text\":\"<p class=\\\"large\\\"><span class=\\\"white\\\">The Modules (this is the Centered Text module)<\\/span><\\/p>\\r\\n<p class=\\\"large\\\"><span class=\\\"white\\\">Below are all the modules in the CMS, with accompanying image sizing and other specs. There are several variables available to each module, some have more than others. You can specify vertical spacing (padding), background color, image\\/text orientation, full width vs framed, etc. Each module has a unique set of components one can set. Image modules have the image sizes specified in the CMS with the associated field.<\\/span><\\/p>\",\"backgroundColor\":\"#000000\",\"spacingTop\":\"spacing-top-1\",\"spacingBottom\":\"spacing-bottom-2\"}},\"212\":{\"type\":\"largeImage\",\"enabled\":\"1\",\"fields\":{\"image\":[\"213\"],\"layoutOptions\":\"full-width\",\"spacingTop\":\"spacing-top-3\",\"spacingBottom\":\"spacing-bottom-4\"}},\"219\":{\"type\":\"largeImage\",\"enabled\":\"1\",\"fields\":{\"image\":[\"213\"],\"layoutOptions\":\"framed\",\"spacingTop\":\"spacing-top-5\",\"spacingBottom\":\"spacing-bottom-2\"}},\"215\":{\"type\":\"insetImage\",\"enabled\":\"1\",\"fields\":{\"image\":[\"214\"],\"imageWidth\":\"50\",\"backgroundColor\":\"#000000\",\"spacingTop\":\"spacing-top-0\",\"spacingBottom\":\"spacing-bottom-0\"}},\"216\":{\"type\":\"imageWithDescription\",\"enabled\":\"1\",\"fields\":{\"position\":\"left\",\"image\":[\"214\"],\"imageWidth\":\"75\",\"description\":\"<p class=\\\"large\\\">This is the Image with Description module. The text orientation (left\\/right), background color and&nbsp;vertical spacing is variable.<\\/p>\",\"backgroundColor\":\"#efefef\",\"spacingTop\":\"spacing-top-0\",\"spacingBottom\":\"spacing-bottom-0\"}},\"218\":{\"type\":\"twoUpImages\",\"enabled\":\"1\",\"fields\":{\"leftImage\":[\"221\"],\"rightImage\":[\"217\"],\"spacingTop\":\"spacing-top-0\",\"spacingBottom\":\"spacing-bottom-0\"}},\"243\":{\"type\":\"largeImage\",\"enabled\":\"1\",\"fields\":{\"image\":[\"242\"],\"layoutOptions\":\"full-width\",\"spacingTop\":\"spacing-top-0\",\"spacingBottom\":\"spacing-bottom-0\"}},\"235\":{\"type\":\"video\",\"enabled\":\"1\",\"fields\":{\"vimeoEmbedUrl\":\"https:\\/\\/player.vimeo.com\\/external\\/112934911.sd.mp4?s=a11efd4f0191a7846bc17eeba07e1739e031775d&profile_id=112\",\"posterImage\":[\"236\"],\"autoplay\":\"\",\"framed\":\"\"}},\"237\":{\"type\":\"video\",\"enabled\":\"1\",\"fields\":{\"vimeoEmbedUrl\":\"https:\\/\\/player.vimeo.com\\/external\\/112936935.sd.mp4?s=ec74a18135c1f7a0b6fceafd06c4cafd448d0cbb&profile_id=165\",\"posterImage\":\"\",\"autoplay\":\"1\",\"framed\":\"1\"}},\"222\":{\"type\":\"centeredText\",\"enabled\":\"1\",\"fields\":{\"text\":\"<p class=\\\"large\\\"><span class=\\\"white\\\">There is also a carousel module. The carousel module is being dialed in and spec\'s aren\'t available. It isn\'t something we\'d intended to be a widely used case study&nbsp;component anyway. Keep on scrolling for color, type, file naming, etc.<\\/span><\\/p>\",\"backgroundColor\":\"#000000\",\"spacingTop\":\"spacing-top-0\",\"spacingBottom\":\"spacing-bottom-0\"}},\"208\":{\"type\":\"imageWithDescription\",\"enabled\":\"1\",\"fields\":{\"position\":\"right\",\"image\":[\"207\"],\"imageWidth\":\"75\",\"description\":\"<p class=\\\"large\\\">Color Palette<\\/p>\\r\\n<p class=\\\"large\\\">All type on the site is off-white or off-black. When designating a type color for the hero area, select one of those two.&nbsp;Background colors & highlight colors can be uniquely specified based on the color palette of a particular project, or for dramatic effect!<\\/p>\",\"backgroundColor\":\"#ffffff\",\"spacingTop\":\"spacing-top-0\",\"spacingBottom\":\"spacing-bottom-0\"}},\"224\":{\"type\":\"imageWithDescription\",\"enabled\":\"1\",\"fields\":{\"position\":\"left\",\"image\":[\"223\"],\"imageWidth\":\"75\",\"description\":\"<p class=\\\"large\\\">Image Types<\\/p>\\r\\n<p class=\\\"large\\\">The CMS&nbsp;will accept just about any image format (JPEG, GIF, PNG, SVG, etc). It is important that our site perform well and look great \\u2013 so there are particular instances where using an SVG may be preferred to a transparent PNG, for icons, logos, etc. The image&nbsp;at left is example of an SVG.<\\/p>\",\"backgroundColor\":\"#ffffff\",\"spacingTop\":\"spacing-top-0\",\"spacingBottom\":\"spacing-bottom-0\"}},\"226\":{\"type\":\"imageWithDescription\",\"enabled\":\"1\",\"fields\":{\"position\":\"right\",\"image\":[\"225\"],\"imageWidth\":\"100\",\"description\":\"<p class=\\\"large\\\">Image Optimization<\\/p>\\r\\n<p class=\\\"large\\\">The majority of the images we upload into our CMS will be JPEGs. JPEGs can get large, and we want to keep the file size down to optimize performance. ALL JPEG images should be optimized with the JPEG High preset. The Quality should be set to 60% and Progressive should be checked.<\\/p>\",\"backgroundColor\":\"#ffffff\",\"spacingTop\":\"spacing-top-0\",\"spacingBottom\":\"spacing-bottom-0\"}},\"230\":{\"type\":\"imageWithDescription\",\"enabled\":\"1\",\"fields\":{\"position\":\"left\",\"image\":[\"227\"],\"imageWidth\":\"75\",\"description\":\"<p class=\\\"large\\\">File Naming<\\/p>\\r\\n<p class=\\\"large\\\">File naming should be consistent across all entries. For common, required&nbsp;elements, such as the Hero Image and the List Image (thumbnail), a common convention should be adhered to. For all other images, use an appropriate description of the content of the image.&nbsp;<\\/p>\\r\\n<p class=\\\"large\\\">All file names should be lowercase, with hyphens separating descriptors, followed by a number. Serial and alternate&nbsp;images should use the same name and the next number, -01, -02, etc.<\\/p>\",\"backgroundColor\":\"#ffffff\",\"spacingTop\":\"spacing-top-0\",\"spacingBottom\":\"spacing-bottom-0\"}}},\"6\":\"Case Study Guide\"}}', '2016-12-09 17:55:38', '2016-12-09 17:55:38', '74597e79-5d22-4070-b2e9-97f8a4b2f9dd');
INSERT INTO `craft_entryversions` (`id`, `entryId`, `sectionId`, `creatorId`, `locale`, `num`, `notes`, `data`, `dateCreated`, `dateUpdated`, `uid`) VALUES
 ('328', '201', '3', '1', 'en_us', '37', '', '{\"typeId\":\"3\",\"authorId\":\"46\",\"title\":\"Turnstyle\",\"slug\":\"turnstyle-case-study-guide\",\"postDate\":1479938460,\"expiryDate\":null,\"enabled\":1,\"parentId\":null,\"fields\":{\"14\":[{\"col1\":\"Category Heading\",\"col2\":\"Additional Info\"},{\"col1\":\"\",\"col2\":\"\"}],\"3\":[\"11\",\"12\",\"13\"],\"29\":\"#ffffff\",\"9\":\"HERO\\r\\nHEADLINE\\r\\nWITH LINE\\r\\nBREAKS\",\"7\":[\"244\"],\"4\":\"#3c00ff\",\"8\":\"<p class=\\\"large\\\">Welcome to the case study guide! Please don\'t delete me. When the time comes, we can turn me off, but until then I shall exist. Within this guide you will find information about the modules, color, typography, image optimization, file naming and more.<\\/p>\\r\\n<p class=\\\"large\\\">The area at right is dynamically populated with information from the CMS. The client comes from the title&nbsp;field, and the disciplines can be added one at a time depending on the particular project. Additional fields can be added and customized for things like URLs, Awards &&nbsp;Press, and other things unique to particular projects.<\\/p>\",\"62\":[\"203\"],\"10\":{\"211\":{\"type\":\"centeredText\",\"enabled\":\"1\",\"fields\":{\"text\":\"<p class=\\\"large\\\"><span class=\\\"white\\\">The Modules (this is the Centered Text module)<\\/span><\\/p>\\r\\n<p class=\\\"large\\\"><span class=\\\"white\\\">Below are all the modules in the CMS, with accompanying image sizing and other specs. There are several variables available to each module, some have more than others. You can specify vertical spacing (padding), background color, image\\/text orientation, full width vs framed, etc. Each module has a unique set of components one can set. Image modules have the image sizes specified in the CMS with the associated field.<\\/span><\\/p>\",\"backgroundColor\":\"#000000\",\"spacingTop\":\"spacing-top-2\",\"spacingBottom\":\"spacing-bottom-2\"}},\"212\":{\"type\":\"largeImage\",\"enabled\":\"1\",\"fields\":{\"image\":[\"213\"],\"layoutOptions\":\"full-width\",\"spacingTop\":\"spacing-top-0\",\"spacingBottom\":\"spacing-bottom-0\"}},\"219\":{\"type\":\"largeImage\",\"enabled\":\"1\",\"fields\":{\"image\":[\"213\"],\"layoutOptions\":\"framed\",\"spacingTop\":\"spacing-top-2\",\"spacingBottom\":\"spacing-bottom-2\"}},\"215\":{\"type\":\"insetImage\",\"enabled\":\"1\",\"fields\":{\"image\":[\"214\"],\"imageWidth\":\"50\",\"backgroundColor\":\"#000000\",\"spacingTop\":\"spacing-top-2\",\"spacingBottom\":\"spacing-bottom-2\"}},\"216\":{\"type\":\"imageWithDescription\",\"enabled\":\"1\",\"fields\":{\"position\":\"left\",\"image\":[\"214\"],\"imageWidth\":\"75\",\"description\":\"<p class=\\\"large\\\">This is the Image with Description module. The text orientation (left\\/right), background color and&nbsp;vertical spacing is variable.<\\/p>\",\"backgroundColor\":\"#efefef\",\"spacingTop\":\"spacing-top-2\",\"spacingBottom\":\"spacing-bottom-2\"}},\"218\":{\"type\":\"twoUpImages\",\"enabled\":\"1\",\"fields\":{\"leftImage\":[\"221\"],\"rightImage\":[\"217\"],\"spacingTop\":\"spacing-top-2\",\"spacingBottom\":\"spacing-bottom-2\"}},\"243\":{\"type\":\"largeImage\",\"enabled\":\"1\",\"fields\":{\"image\":[\"242\"],\"layoutOptions\":\"full-width\",\"spacingTop\":\"spacing-top-0\",\"spacingBottom\":\"spacing-bottom-0\"}},\"235\":{\"type\":\"video\",\"enabled\":\"1\",\"fields\":{\"vimeoEmbedUrl\":\"https:\\/\\/player.vimeo.com\\/external\\/112934911.sd.mp4?s=a11efd4f0191a7846bc17eeba07e1739e031775d&profile_id=112\",\"posterImage\":[\"236\"],\"autoplay\":\"\",\"framed\":\"\"}},\"237\":{\"type\":\"video\",\"enabled\":\"1\",\"fields\":{\"vimeoEmbedUrl\":\"https:\\/\\/player.vimeo.com\\/external\\/112936935.sd.mp4?s=ec74a18135c1f7a0b6fceafd06c4cafd448d0cbb&profile_id=165\",\"posterImage\":\"\",\"autoplay\":\"1\",\"framed\":\"1\"}},\"222\":{\"type\":\"centeredText\",\"enabled\":\"1\",\"fields\":{\"text\":\"<p class=\\\"large\\\"><span class=\\\"white\\\">There is also a carousel module. The carousel module is being dialed in and spec\'s aren\'t available. It isn\'t something we\'d intended to be a widely used case study&nbsp;component anyway. Keep on scrolling for color, type, file naming, etc.<\\/span><\\/p>\",\"backgroundColor\":\"#000000\",\"spacingTop\":\"spacing-top-2\",\"spacingBottom\":\"spacing-bottom-2\"}},\"208\":{\"type\":\"imageWithDescription\",\"enabled\":\"1\",\"fields\":{\"position\":\"right\",\"image\":[\"207\"],\"imageWidth\":\"75\",\"description\":\"<p class=\\\"large\\\">Color Palette<\\/p>\\r\\n<p class=\\\"large\\\">All type on the site is off-white or off-black. When designating a type color for the hero area, select one of those two.&nbsp;Background colors & highlight colors can be uniquely specified based on the color palette of a particular project, or for dramatic effect!<\\/p>\",\"backgroundColor\":\"#ffffff\",\"spacingTop\":\"spacing-top-2\",\"spacingBottom\":\"spacing-bottom-2\"}},\"224\":{\"type\":\"imageWithDescription\",\"enabled\":\"1\",\"fields\":{\"position\":\"left\",\"image\":[\"223\"],\"imageWidth\":\"75\",\"description\":\"<p class=\\\"large\\\">Image Types<\\/p>\\r\\n<p class=\\\"large\\\">The CMS&nbsp;will accept just about any image format (JPEG, GIF, PNG, SVG, etc). It is important that our site perform well and look great \\u2013 so there are particular instances where using an SVG may be preferred to a transparent PNG, for icons, logos, etc. The image&nbsp;at left is example of an SVG.<\\/p>\",\"backgroundColor\":\"#ffffff\",\"spacingTop\":\"spacing-top-2\",\"spacingBottom\":\"spacing-bottom-2\"}},\"226\":{\"type\":\"imageWithDescription\",\"enabled\":\"1\",\"fields\":{\"position\":\"right\",\"image\":[\"225\"],\"imageWidth\":\"100\",\"description\":\"<p class=\\\"large\\\">Image Optimization<\\/p>\\r\\n<p class=\\\"large\\\">The majority of the images we upload into our CMS will be JPEGs. JPEGs can get large, and we want to keep the file size down to optimize performance. ALL JPEG images should be optimized with the JPEG High preset. The Quality should be set to 60% and Progressive should be checked.<\\/p>\",\"backgroundColor\":\"#ffffff\",\"spacingTop\":\"spacing-top-2\",\"spacingBottom\":\"spacing-bottom-2\"}},\"230\":{\"type\":\"imageWithDescription\",\"enabled\":\"1\",\"fields\":{\"position\":\"left\",\"image\":[\"227\"],\"imageWidth\":\"75\",\"description\":\"<p class=\\\"large\\\">File Naming<\\/p>\\r\\n<p class=\\\"large\\\">File naming should be consistent across all entries. For common, required&nbsp;elements, such as the Hero Image and the List Image (thumbnail), a common convention should be adhered to. For all other images, use an appropriate description of the content of the image.&nbsp;<\\/p>\\r\\n<p class=\\\"large\\\">All file names should be lowercase, with hyphens separating descriptors, followed by a number. Serial and alternate&nbsp;images should use the same name and the next number, -01, -02, etc.<\\/p>\",\"backgroundColor\":\"#ffffff\",\"spacingTop\":\"spacing-top-2\",\"spacingBottom\":\"spacing-bottom-2\"}}},\"6\":\"Case Study Guide\"}}', '2016-12-09 18:06:58', '2016-12-09 18:06:58', 'ee853863-2a7e-4167-9f00-9a2e41fe07f6'),
 ('329', '101', '10', '46', 'en_us', '39', '', '{\"typeId\":\"11\",\"authorId\":null,\"title\":\"Studio\",\"slug\":\"studio\",\"postDate\":1478129954,\"expiryDate\":null,\"enabled\":1,\"parentId\":null,\"fields\":{\"48\":{\"102\":{\"type\":\"1\",\"fields\":{\"backgroundImage\":[\"97\"],\"backgroundColor\":\"#000000\",\"linkUrl\":\"\\/contact\",\"header\":\"Drop \\r\\nus \\r\\na \\r\\nline\",\"subtext\":\"Contact Us\",\"fontColor\":\"#efefef\"}}},\"46\":\"<p class=\\\"large\\\">Born in 2004<\\/p>\\r\\n<p class=\\\"large\\\">We are a full-service creative agency with offices in Seattle and Portland. A dedicated team of designers, strategists, developers and account specialists, we create highly-crafted brand experiences that clarify purpose, encourage action, and inspire brand loyalty. We\\u2019d love to get to know you and help tell your story.&nbsp;<\\/p>\",\"10\":{\"103\":{\"type\":\"carousel\",\"enabled\":\"1\",\"fields\":{\"images\":[\"197\",\"198\",\"196\",\"199\"],\"spacingTop\":\"spacing-top-3\",\"spacingBottom\":\"spacing-bottom-3\"}},\"104\":{\"type\":\"twoColumnContent\",\"enabled\":\"1\",\"fields\":{\"backgroundColor\":\"#000000\",\"leftColumn\":\"<p class=\\\"h3 med\\\"><span class=\\\"white\\\">STYLE<br>IS A<br>SIMPLE<br>WAY<br>OF<br>SAYING<br>COMPLEX<br>THINGS<br><\\/span><span class=\\\"blue\\\">&mdash;JEAN<br>COCTEAU<\\/span><\\/p>\",\"rightColumn\":\"<p class=\\\"large\\\"><span class=\\\"white\\\"><span><\\/span>Style is Not a&nbsp;4-letter Word<span><\\/span><\\/span><\\/p>\\r\\n<p class=\\\"large\\\"><span class=\\\"white\\\"><span><\\/span>In our experience, the brands that are the most magnetic are those which project distinct, memorable and charismatic personalities. These brands place equal emphasis on what they say and how they say it. Some design purists might say that style is merely artificial decoration that should be avoided in favor of logic&mdash;\\u201cform follows function\\u201d and all that. Don\\u2019t get us wrong, we\\u2019re not proponents of style for its own sake, or as ornament applied after an idea has already been defined. Rather, we employ style as an integral and strategic component of our brand-development process. At its best, style can be that magical something about a company or product that pulls people in and transcends the logical. So, to us, style is not a 4-letter word. On the contrary, we embrace it, harnessing its power to cut through the clutter.&nbsp;<\\/span><\\/p>\\r\\n<p class=\\\"large\\\"><span class=\\\"white\\\">And besides, \\u201cstyle\\u201d has five letters.<\\/span><\\/p>\",\"spacingTop\":\"spacing-top-2\",\"spacingBottom\":\"spacing-bottom-0\"}},\"106\":{\"type\":\"twoColumnContent\",\"enabled\":\"1\",\"fields\":{\"backgroundColor\":\"#000000\",\"leftColumn\":\"<p class=\\\"large\\\"><span class=\\\"white\\\">We Do<\\/span><\\/p>\",\"rightColumn\":\"<p class=\\\"h2 caps white\\\"><a href=\\\"\\/strategy\\\">Strategy<\\/a><br><a href=\\\"\\/identity\\\">Identity<\\/a><br><a href=\\\"\\/digital\\\">Digital<\\/a><br><a href=\\\"\\/print\\\">Print<\\/a><br><a href=\\\"\\/packaging\\\">Packaging<\\/a><br><a href=\\\"\\/environment\\\">Environment<\\/a><\\/p>\",\"spacingTop\":\"spacing-top-2\",\"spacingBottom\":\"spacing-bottom-1\"}},\"107\":{\"type\":\"twoColumnContent\",\"enabled\":\"1\",\"fields\":{\"backgroundColor\":\"#ffffff\",\"leftColumn\":\"<p class=\\\"h3 caps\\\">OUR<br>CLIENTS<br>&<br>INDUSTRIES<\\/p>\\r\\n<p class=\\\"h3 caps\\\"><\\/p>\",\"rightColumn\":\"\",\"spacingTop\":\"spacing-top-2\",\"spacingBottom\":\"spacing-bottom-2\"}},\"108\":{\"type\":\"twoColumnContent\",\"enabled\":\"1\",\"fields\":{\"backgroundColor\":\"#ffffff\",\"leftColumn\":\"<p class=\\\"large\\\"><span class=\\\"gray\\\">Industry<\\/span><\\/p>\\r\\n<p class=\\\"h3 caps\\\">TEAGUE<br>NIKE<br>STARBUCKS<br>MICROSOFT<br>AMAZON<br>AIGA<br>NORDSTROM<br>TEAGUE<br>NIKE<\\/p>\\r\\n<p class=\\\"large\\\"><span class=\\\"gray\\\">Industry<\\/span><\\/p>\\r\\n<p class=\\\"h3 caps\\\">TEAGUE<br>NIKE<br>STARBUCKS<br>MICROSOFT<br>AMAZON<br>AIGA<br>NORDSTROM<br>TEAGUE<br>NIKE<\\/p>\\r\\n<p class=\\\"large\\\"><span class=\\\"gray\\\">Industry<\\/span><\\/p>\\r\\n<p class=\\\"h3 caps\\\">TEAGUE<br>NIKE<br>STARBUCKS<br>MICROSOFT<br>AMAZON<br>AIGA<br>NORDSTROM<br>TEAGUE<br>NIKE<\\/p>\",\"rightColumn\":\"<p class=\\\"large\\\"><span class=\\\"gray\\\">Industry<\\/span><\\/p>\\r\\n<p class=\\\"h3 caps\\\">TEAGUE<br>NIKE<br>STARBUCKS<br>MICROSOFT<br>AMAZON<br>AIGA<br>NORDSTROM<br>TEAGUE<br>NIKE<\\/p>\\r\\n<p class=\\\"large\\\"><span class=\\\"gray\\\">Industry<\\/span><\\/p>\\r\\n<p class=\\\"h3 caps\\\">TEAGUE<br>NIKE<br>STARBUCKS<br>MICROSOFT<br>AMAZON<br>AIGA<br>NORDSTROM<br>TEAGUE<br>NIKE<\\/p>\\r\\n<p class=\\\"large\\\"><span class=\\\"gray\\\">Industry<\\/span><\\/p>\\r\\n<p class=\\\"h3 caps\\\">TEAGUE<br>NIKE<br>STARBUCKS<br>MICROSOFT<br>AMAZON<br>AIGA<br>NORDSTROM<br>TEAGUE<br>NIKE<\\/p>\",\"spacingTop\":\"spacing-top-0\",\"spacingBottom\":\"spacing-bottom-0\"}}},\"47\":\"<p class=\\\"large\\\">08\\/2016 &mdash; IdN Magazine v23n2<\\/p>\\r\\n<p class=\\\"large\\\">06\\/2016 &mdash; Communication Arts Design Annual 2016<\\/p>\\r\\n<p class=\\\"large\\\">05\\/2016 &mdash; PRINT Magazine Regional Design Annual 2016<\\/p>\\r\\n<p class=\\\"large\\\">03\\/2016 &mdash; Communication Arts Design Annual 2015<\\/p>\\r\\n<p class=\\\"large\\\">02\\/2016 &mdash; IdN Magazine v23n2<\\/p>\\r\\n<p class=\\\"large\\\">12\\/2015 &mdash; Communication Arts Design Annual 2016<\\/p>\\r\\n<p class=\\\"large\\\">10\\/2015 &mdash; PRINT Magazine Regional Design Annual 2016<\\/p>\\r\\n<p class=\\\"large\\\">10\\/2015 &mdash; Communication Arts Design Annual 2015<\\/p>\\r\\n<p class=\\\"large\\\">06\\/2015 &mdash; PRINT Magazine Regional Design Annual 2016<\\/p>\\r\\n<p class=\\\"large\\\">02\\/2015 &mdash; Communication Arts Design Annual 2015<\\/p>\",\"44\":\"MEET\\r\\nOUR\\r\\nTALENTED\\r\\nTEAM\"}}', '2016-12-12 22:37:26', '2016-12-12 22:37:26', '03f7cd4e-7563-453b-a716-c90588b21a27'),
 ('330', '101', '10', '46', 'en_us', '40', '', '{\"typeId\":\"11\",\"authorId\":null,\"title\":\"Studio\",\"slug\":\"studio\",\"postDate\":1478129954,\"expiryDate\":null,\"enabled\":1,\"parentId\":null,\"fields\":{\"48\":{\"102\":{\"type\":\"1\",\"fields\":{\"backgroundImage\":[\"97\"],\"backgroundColor\":\"#000000\",\"linkUrl\":\"\\/contact\",\"header\":\"Drop \\r\\nus \\r\\na \\r\\nline\",\"subtext\":\"Contact Us\",\"fontColor\":\"#efefef\"}}},\"46\":\"<p class=\\\"large\\\">Born in 2004<\\/p>\\r\\n<p class=\\\"large\\\">We are a full-service creative agency with offices in Seattle and Portland. A dedicated team of designers, strategists, developers and account specialists, we create highly-crafted brand experiences that clarify purpose, encourage action, and inspire brand loyalty. We\\u2019d love to get to know you and help tell your story.&nbsp;<\\/p>\",\"10\":{\"103\":{\"type\":\"carousel\",\"enabled\":\"1\",\"fields\":{\"images\":[\"197\",\"198\",\"196\",\"199\"],\"spacingTop\":\"spacing-top-3\",\"spacingBottom\":\"spacing-bottom-3\"}},\"104\":{\"type\":\"twoColumnContent\",\"enabled\":\"1\",\"fields\":{\"backgroundColor\":\"#000000\",\"leftColumn\":\"<p class=\\\"h3 med\\\"><span class=\\\"white\\\">STYLE<br>IS A<br>SIMPLE<br>WAY<br>OF<br>SAYING<br>COMPLEX<br>THINGS<br><\\/span><span class=\\\"blue\\\">&mdash;JEAN<br>COCTEAU<\\/span><\\/p>\",\"rightColumn\":\"<p class=\\\"large\\\"><span class=\\\"white\\\"><span><\\/span>Style is Not a&nbsp;4-letter Word<span><\\/span><\\/span><\\/p>\\r\\n<p class=\\\"large\\\"><span class=\\\"white\\\"><span><\\/span>In our experience, the brands that are the most magnetic are those which project distinct, memorable and charismatic personalities. These brands place equal emphasis on what they say and how they say it. Some design purists might say that style is merely artificial decoration that should be avoided in favor of logic&mdash;\\u201cform follows function\\u201d and all that. Don\\u2019t get us wrong, we\\u2019re not proponents of style for its own sake, or as ornament applied after an idea has already been defined. Rather, we employ style as an integral and strategic component of our brand-development process. At its best, style can be that magical something about a company or product that pulls people in and transcends the logical. So, to us, style is not a 4-letter word. On the contrary, we embrace it, harnessing its power to cut through the clutter.&nbsp;<\\/span><\\/p>\\r\\n<p class=\\\"large\\\"><span class=\\\"white\\\">And besides, \\u201cstyle\\u201d has five letters.<\\/span><\\/p>\",\"spacingTop\":\"spacing-top-2\",\"spacingBottom\":\"spacing-bottom-0\"}},\"106\":{\"type\":\"twoColumnContent\",\"enabled\":\"1\",\"fields\":{\"backgroundColor\":\"#000000\",\"leftColumn\":\"<p class=\\\"large\\\"><span class=\\\"white\\\">We Do<\\/span><\\/p>\",\"rightColumn\":\"<p class=\\\"h2 caps white\\\"><a href=\\\"\\/strategy\\\">Strategy<\\/a><br><a href=\\\"\\/identity\\\">Identity<\\/a><br><a href=\\\"\\/digital\\\">Digital<\\/a><br><a href=\\\"\\/print\\\">Print<\\/a><br><a href=\\\"\\/packaging\\\">Packaging<\\/a><br><a href=\\\"\\/environment\\\">Environment<\\/a><\\/p>\",\"spacingTop\":\"spacing-top-2\",\"spacingBottom\":\"spacing-bottom-1\"}},\"107\":{\"type\":\"twoColumnContent\",\"enabled\":\"1\",\"fields\":{\"backgroundColor\":\"#ffffff\",\"leftColumn\":\"<p class=\\\"h3 caps\\\">OUR<br>CLIENTS<br>&<br>INDUSTRIES<\\/p>\\r\\n<p class=\\\"h3 caps\\\"><\\/p>\",\"rightColumn\":\"\",\"spacingTop\":\"spacing-top-2\",\"spacingBottom\":\"spacing-bottom-0\"}},\"108\":{\"type\":\"twoColumnContent\",\"enabled\":\"1\",\"fields\":{\"backgroundColor\":\"#ffffff\",\"leftColumn\":\"<p class=\\\"large\\\"><span class=\\\"gray\\\">Industry<\\/span><\\/p>\\r\\n<p class=\\\"h3 caps\\\">TEAGUE<br>NIKE<br>STARBUCKS<br>MICROSOFT<br>AMAZON<br>AIGA<br>NORDSTROM<br>TEAGUE<br>NIKE<\\/p>\\r\\n<p class=\\\"large\\\"><span class=\\\"gray\\\">Industry<\\/span><\\/p>\\r\\n<p class=\\\"h3 caps\\\">TEAGUE<br>NIKE<br>STARBUCKS<br>MICROSOFT<br>AMAZON<br>AIGA<br>NORDSTROM<br>TEAGUE<br>NIKE<\\/p>\\r\\n<p class=\\\"large\\\"><span class=\\\"gray\\\">Industry<\\/span><\\/p>\\r\\n<p class=\\\"h3 caps\\\">TEAGUE<br>NIKE<br>STARBUCKS<br>MICROSOFT<br>AMAZON<br>AIGA<br>NORDSTROM<br>TEAGUE<br>NIKE<\\/p>\",\"rightColumn\":\"<p class=\\\"large\\\"><span class=\\\"gray\\\">Industry<\\/span><\\/p>\\r\\n<p class=\\\"h3 caps\\\">TEAGUE<br>NIKE<br>STARBUCKS<br>MICROSOFT<br>AMAZON<br>AIGA<br>NORDSTROM<br>TEAGUE<br>NIKE<\\/p>\\r\\n<p class=\\\"large\\\"><span class=\\\"gray\\\">Industry<\\/span><\\/p>\\r\\n<p class=\\\"h3 caps\\\">TEAGUE<br>NIKE<br>STARBUCKS<br>MICROSOFT<br>AMAZON<br>AIGA<br>NORDSTROM<br>TEAGUE<br>NIKE<\\/p>\\r\\n<p class=\\\"large\\\"><span class=\\\"gray\\\">Industry<\\/span><\\/p>\\r\\n<p class=\\\"h3 caps\\\">TEAGUE<br>NIKE<br>STARBUCKS<br>MICROSOFT<br>AMAZON<br>AIGA<br>NORDSTROM<br>TEAGUE<br>NIKE<\\/p>\",\"spacingTop\":\"spacing-top-1\",\"spacingBottom\":\"spacing-bottom-2\"}}},\"47\":\"<p class=\\\"large\\\">08\\/2016 &mdash; IdN Magazine v23n2<\\/p>\\r\\n<p class=\\\"large\\\">06\\/2016 &mdash; Communication Arts Design Annual 2016<\\/p>\\r\\n<p class=\\\"large\\\">05\\/2016 &mdash; PRINT Magazine Regional Design Annual 2016<\\/p>\\r\\n<p class=\\\"large\\\">03\\/2016 &mdash; Communication Arts Design Annual 2015<\\/p>\\r\\n<p class=\\\"large\\\">02\\/2016 &mdash; IdN Magazine v23n2<\\/p>\\r\\n<p class=\\\"large\\\">12\\/2015 &mdash; Communication Arts Design Annual 2016<\\/p>\\r\\n<p class=\\\"large\\\">10\\/2015 &mdash; PRINT Magazine Regional Design Annual 2016<\\/p>\\r\\n<p class=\\\"large\\\">10\\/2015 &mdash; Communication Arts Design Annual 2015<\\/p>\\r\\n<p class=\\\"large\\\">06\\/2015 &mdash; PRINT Magazine Regional Design Annual 2016<\\/p>\\r\\n<p class=\\\"large\\\">02\\/2015 &mdash; Communication Arts Design Annual 2015<\\/p>\",\"44\":\"MEET\\r\\nOUR\\r\\nTALENTED\\r\\nTEAM\"}}', '2016-12-12 22:38:24', '2016-12-12 22:38:24', '8f535354-9d08-46e3-96d7-0a9cfd4b0528'),
 ('331', '101', '10', '46', 'en_us', '41', '', '{\"typeId\":\"11\",\"authorId\":null,\"title\":\"Studio\",\"slug\":\"studio\",\"postDate\":1478129954,\"expiryDate\":null,\"enabled\":1,\"parentId\":null,\"fields\":{\"48\":{\"102\":{\"type\":\"1\",\"fields\":{\"backgroundImage\":[\"97\"],\"backgroundColor\":\"#000000\",\"linkUrl\":\"\\/contact\",\"header\":\"Drop \\r\\nus \\r\\na \\r\\nline\",\"subtext\":\"Contact Us\",\"fontColor\":\"#efefef\"}}},\"46\":\"<p class=\\\"large\\\">Born in 2004<\\/p>\\r\\n<p class=\\\"large\\\">We are a full-service creative agency with offices in Seattle and Portland. A dedicated team of designers, strategists, developers and account specialists, we create highly-crafted brand experiences that clarify purpose, encourage action, and inspire brand loyalty. We\\u2019d love to get to know you and help tell your story.&nbsp;<\\/p>\",\"10\":{\"103\":{\"type\":\"carousel\",\"enabled\":\"1\",\"fields\":{\"images\":[\"197\",\"198\",\"196\",\"199\"],\"spacingTop\":\"spacing-top-5\",\"spacingBottom\":\"spacing-bottom-3\"}},\"104\":{\"type\":\"twoColumnContent\",\"enabled\":\"1\",\"fields\":{\"backgroundColor\":\"#000000\",\"leftColumn\":\"<p class=\\\"h3 med\\\"><span class=\\\"white\\\">STYLE<br>IS A<br>SIMPLE<br>WAY<br>OF<br>SAYING<br>COMPLEX<br>THINGS<br><\\/span><span class=\\\"blue\\\">&mdash;JEAN<br>COCTEAU<\\/span><\\/p>\",\"rightColumn\":\"<p class=\\\"large\\\"><span class=\\\"white\\\"><span><\\/span>Style is Not a&nbsp;4-letter Word<span><\\/span><\\/span><\\/p>\\r\\n<p class=\\\"large\\\"><span class=\\\"white\\\"><span><\\/span>In our experience, the brands that are the most magnetic are those which project distinct, memorable and charismatic personalities. These brands place equal emphasis on what they say and how they say it. Some design purists might say that style is merely artificial decoration that should be avoided in favor of logic&mdash;\\u201cform follows function\\u201d and all that. Don\\u2019t get us wrong, we\\u2019re not proponents of style for its own sake, or as ornament applied after an idea has already been defined. Rather, we employ style as an integral and strategic component of our brand-development process. At its best, style can be that magical something about a company or product that pulls people in and transcends the logical. So, to us, style is not a 4-letter word. On the contrary, we embrace it, harnessing its power to cut through the clutter.&nbsp;<\\/span><\\/p>\\r\\n<p class=\\\"large\\\"><span class=\\\"white\\\">And besides, \\u201cstyle\\u201d has five letters.<\\/span><\\/p>\",\"spacingTop\":\"spacing-top-2\",\"spacingBottom\":\"spacing-bottom-0\"}},\"106\":{\"type\":\"twoColumnContent\",\"enabled\":\"1\",\"fields\":{\"backgroundColor\":\"#000000\",\"leftColumn\":\"<p class=\\\"large\\\"><span class=\\\"white\\\">We Do<\\/span><\\/p>\",\"rightColumn\":\"<p class=\\\"h2 caps white\\\"><a href=\\\"\\/strategy\\\">Strategy<\\/a><br><a href=\\\"\\/identity\\\">Identity<\\/a><br><a href=\\\"\\/digital\\\">Digital<\\/a><br><a href=\\\"\\/print\\\">Print<\\/a><br><a href=\\\"\\/packaging\\\">Packaging<\\/a><br><a href=\\\"\\/environment\\\">Environment<\\/a><\\/p>\",\"spacingTop\":\"spacing-top-2\",\"spacingBottom\":\"spacing-bottom-1\"}},\"107\":{\"type\":\"twoColumnContent\",\"enabled\":\"1\",\"fields\":{\"backgroundColor\":\"#ffffff\",\"leftColumn\":\"<p class=\\\"h3 caps\\\">OUR<br>CLIENTS<br>&<br>INDUSTRIES<\\/p>\\r\\n<p class=\\\"h3 caps\\\"><\\/p>\",\"rightColumn\":\"\",\"spacingTop\":\"spacing-top-2\",\"spacingBottom\":\"spacing-bottom-0\"}},\"108\":{\"type\":\"twoColumnContent\",\"enabled\":\"1\",\"fields\":{\"backgroundColor\":\"#ffffff\",\"leftColumn\":\"<p class=\\\"large\\\"><span class=\\\"gray\\\">Industry<\\/span><\\/p>\\r\\n<p class=\\\"h3 caps\\\">TEAGUE<br>NIKE<br>STARBUCKS<br>MICROSOFT<br>AMAZON<br>AIGA<br>NORDSTROM<br>TEAGUE<br>NIKE<\\/p>\\r\\n<p class=\\\"large\\\"><span class=\\\"gray\\\">Industry<\\/span><\\/p>\\r\\n<p class=\\\"h3 caps\\\">TEAGUE<br>NIKE<br>STARBUCKS<br>MICROSOFT<br>AMAZON<br>AIGA<br>NORDSTROM<br>TEAGUE<br>NIKE<\\/p>\\r\\n<p class=\\\"large\\\"><span class=\\\"gray\\\">Industry<\\/span><\\/p>\\r\\n<p class=\\\"h3 caps\\\">TEAGUE<br>NIKE<br>STARBUCKS<br>MICROSOFT<br>AMAZON<br>AIGA<br>NORDSTROM<br>TEAGUE<br>NIKE<\\/p>\",\"rightColumn\":\"<p class=\\\"large\\\"><span class=\\\"gray\\\">Industry<\\/span><\\/p>\\r\\n<p class=\\\"h3 caps\\\">TEAGUE<br>NIKE<br>STARBUCKS<br>MICROSOFT<br>AMAZON<br>AIGA<br>NORDSTROM<br>TEAGUE<br>NIKE<\\/p>\\r\\n<p class=\\\"large\\\"><span class=\\\"gray\\\">Industry<\\/span><\\/p>\\r\\n<p class=\\\"h3 caps\\\">TEAGUE<br>NIKE<br>STARBUCKS<br>MICROSOFT<br>AMAZON<br>AIGA<br>NORDSTROM<br>TEAGUE<br>NIKE<\\/p>\\r\\n<p class=\\\"large\\\"><span class=\\\"gray\\\">Industry<\\/span><\\/p>\\r\\n<p class=\\\"h3 caps\\\">TEAGUE<br>NIKE<br>STARBUCKS<br>MICROSOFT<br>AMAZON<br>AIGA<br>NORDSTROM<br>TEAGUE<br>NIKE<\\/p>\",\"spacingTop\":\"spacing-top-1\",\"spacingBottom\":\"spacing-bottom-2\"}}},\"47\":\"<p class=\\\"large\\\">08\\/2016 &mdash; IdN Magazine v23n2<\\/p>\\r\\n<p class=\\\"large\\\">06\\/2016 &mdash; Communication Arts Design Annual 2016<\\/p>\\r\\n<p class=\\\"large\\\">05\\/2016 &mdash; PRINT Magazine Regional Design Annual 2016<\\/p>\\r\\n<p class=\\\"large\\\">03\\/2016 &mdash; Communication Arts Design Annual 2015<\\/p>\\r\\n<p class=\\\"large\\\">02\\/2016 &mdash; IdN Magazine v23n2<\\/p>\\r\\n<p class=\\\"large\\\">12\\/2015 &mdash; Communication Arts Design Annual 2016<\\/p>\\r\\n<p class=\\\"large\\\">10\\/2015 &mdash; PRINT Magazine Regional Design Annual 2016<\\/p>\\r\\n<p class=\\\"large\\\">10\\/2015 &mdash; Communication Arts Design Annual 2015<\\/p>\\r\\n<p class=\\\"large\\\">06\\/2015 &mdash; PRINT Magazine Regional Design Annual 2016<\\/p>\\r\\n<p class=\\\"large\\\">02\\/2015 &mdash; Communication Arts Design Annual 2015<\\/p>\",\"44\":\"MEET\\r\\nOUR\\r\\nTALENTED\\r\\nTEAM\"}}', '2016-12-12 22:38:59', '2016-12-12 22:38:59', 'f9dd21de-1cf5-4464-812a-638a42cb94af'),
 ('332', '15', '3', '46', 'en_us', '80', '', '{\"typeId\":\"3\",\"authorId\":\"1\",\"title\":\"Fulcrum\",\"slug\":\"fulcrum-brand-identity-website\",\"postDate\":1476391140,\"expiryDate\":null,\"enabled\":1,\"parentId\":null,\"fields\":{\"14\":[{\"col1\":\"Website\",\"col2\":\"FulcrumFoundation.org\"}],\"3\":[\"9\",\"10\",\"11\",\"12\"],\"29\":\"#efefef\",\"9\":\"Lorem Ipsum\\r\\nDolor Sit\\r\\nAmit Yeah\",\"7\":[\"177\"],\"4\":\"#dd2222\",\"8\":\"<p>Donec id elit non mi porta gravida at eget metus. Aenean lacinia bibendum nulla sed consectetur. Cras justo odio, dapibus ac facilisis in, egestas eget quam. Donec id elit non mi porta gravida at eget metus. Cras mattis consectetur purus sit amet fermentum.<\\/p>\",\"62\":[\"184\"],\"10\":{\"28\":{\"type\":\"largeImage\",\"enabled\":\"1\",\"fields\":{\"image\":[\"177\"],\"layoutOptions\":\"full-width\",\"spacingTop\":\"spacing-top-0\",\"spacingBottom\":\"spacing-bottom-0\"}}},\"6\":\"Brand Identity & Website\"}}', '2016-12-14 22:35:15', '2016-12-14 22:35:15', 'aa8cabba-e6d8-4a18-9a42-14af2c6af4f1'),
 ('333', '15', '3', '46', 'en_us', '81', '', '{\"typeId\":\"3\",\"authorId\":\"1\",\"title\":\"Fulcrum\",\"slug\":\"fulcrum-brand-identity-website\",\"postDate\":1476391140,\"expiryDate\":null,\"enabled\":1,\"parentId\":null,\"fields\":{\"14\":[{\"col1\":\"Website\",\"col2\":\"FulcrumFoundation.org\"}],\"3\":[\"9\",\"10\",\"11\",\"12\"],\"29\":\"#efefef\",\"9\":\"Lorem Ipsum\\r\\nDolor Sit\\r\\nAmit Yeah\",\"7\":[\"245\"],\"4\":\"#dd2222\",\"8\":\"<p>Donec id elit non mi porta gravida at eget metus. Aenean lacinia bibendum nulla sed consectetur. Cras justo odio, dapibus ac facilisis in, egestas eget quam. Donec id elit non mi porta gravida at eget metus. Cras mattis consectetur purus sit amet fermentum.<\\/p>\",\"62\":[\"184\"],\"10\":{\"28\":{\"type\":\"largeImage\",\"enabled\":\"1\",\"fields\":{\"image\":[\"177\"],\"layoutOptions\":\"full-width\",\"spacingTop\":\"spacing-top-0\",\"spacingBottom\":\"spacing-bottom-0\"}}},\"6\":\"Brand Identity & Website\"}}', '2016-12-14 22:43:46', '2016-12-14 22:43:46', 'b2669dbb-4f02-406e-9da2-32edad986925'),
 ('334', '15', '3', '46', 'en_us', '82', '', '{\"typeId\":\"3\",\"authorId\":\"1\",\"title\":\"Fulcrum Foundation\",\"slug\":\"fulcrum-brand-identity-website\",\"postDate\":1476391140,\"expiryDate\":null,\"enabled\":1,\"parentId\":null,\"fields\":{\"14\":[{\"col1\":\"Website\",\"col2\":\"FulcrumFoundation.org\"}],\"3\":[\"9\",\"10\",\"11\",\"12\"],\"29\":\"#efefef\",\"9\":\"Lorem Ipsum\\r\\nDolor Sit\\r\\nAmit Yeah\",\"7\":[\"245\"],\"4\":\"#dd2222\",\"8\":\"<p>Donec id elit non mi porta gravida at eget metus. Aenean lacinia bibendum nulla sed consectetur. Cras justo odio, dapibus ac facilisis in, egestas eget quam. Donec id elit non mi porta gravida at eget metus. Cras mattis consectetur purus sit amet fermentum.<\\/p>\",\"62\":[\"184\"],\"10\":{\"28\":{\"type\":\"largeImage\",\"enabled\":\"1\",\"fields\":{\"image\":[\"177\"],\"layoutOptions\":\"full-width\",\"spacingTop\":\"spacing-top-0\",\"spacingBottom\":\"spacing-bottom-0\"}}},\"6\":\"Brand Identity & Website\"}}', '2016-12-14 22:44:37', '2016-12-14 22:44:37', 'e9daccf9-1b5a-4845-9171-bbec4b133f48'),
 ('335', '15', '3', '46', 'en_us', '83', '', '{\"typeId\":\"3\",\"authorId\":\"1\",\"title\":\"Fulcrum Foundation\",\"slug\":\"fulcrum-brand-identity-website\",\"postDate\":1476391140,\"expiryDate\":null,\"enabled\":1,\"parentId\":null,\"fields\":{\"14\":[{\"col1\":\"Website\",\"col2\":\"FulcrumFoundation.org\"}],\"3\":[\"9\",\"10\",\"11\",\"12\"],\"29\":\"#efefef\",\"9\":\"Lorem Ipsum\\r\\nDolor Sit\\r\\nAmit Yeah\",\"7\":[\"245\"],\"4\":\"#752525\",\"8\":\"<p>Donec id elit non mi porta gravida at eget metus. Aenean lacinia bibendum nulla sed consectetur. Cras justo odio, dapibus ac facilisis in, egestas eget quam. Donec id elit non mi porta gravida at eget metus. Cras mattis consectetur purus sit amet fermentum.<\\/p>\",\"62\":[\"184\"],\"10\":{\"28\":{\"type\":\"largeImage\",\"enabled\":\"1\",\"fields\":{\"image\":[\"177\"],\"layoutOptions\":\"full-width\",\"spacingTop\":\"spacing-top-0\",\"spacingBottom\":\"spacing-bottom-0\"}}},\"6\":\"Brand Identity & Website\"}}', '2016-12-14 22:45:32', '2016-12-14 22:45:32', 'b0ed3a95-6492-41a5-87b7-5451b76c80ac'),
 ('336', '15', '3', '46', 'en_us', '84', '', '{\"typeId\":\"3\",\"authorId\":\"1\",\"title\":\"Fulcrum Foundation\",\"slug\":\"fulcrum-brand-identity-website\",\"postDate\":1476391140,\"expiryDate\":null,\"enabled\":1,\"parentId\":null,\"fields\":{\"14\":[{\"col1\":\"Website\",\"col2\":\"FulcrumFoundation.org\"}],\"3\":[\"9\",\"10\",\"11\",\"12\"],\"29\":\"#efefef\",\"9\":\"Lorem Ipsum\\r\\nDolor Sit\\r\\nAmit Yeah\",\"7\":[\"245\"],\"4\":\"#323647\",\"8\":\"<p>Donec id elit non mi porta gravida at eget metus. Aenean lacinia bibendum nulla sed consectetur. Cras justo odio, dapibus ac facilisis in, egestas eget quam. Donec id elit non mi porta gravida at eget metus. Cras mattis consectetur purus sit amet fermentum.<\\/p>\",\"62\":[\"184\"],\"10\":{\"28\":{\"type\":\"largeImage\",\"enabled\":\"1\",\"fields\":{\"image\":[\"177\"],\"layoutOptions\":\"full-width\",\"spacingTop\":\"spacing-top-0\",\"spacingBottom\":\"spacing-bottom-0\"}}},\"6\":\"Brand Identity & Website\"}}', '2016-12-14 22:46:57', '2016-12-14 22:46:57', '62f612b1-d9d9-457f-902b-9ce0ff18c19e'),
 ('337', '15', '3', '46', 'en_us', '85', '', '{\"typeId\":\"3\",\"authorId\":\"1\",\"title\":\"Fulcrum Foundation\",\"slug\":\"fulcrum-brand-identity-website\",\"postDate\":1476391140,\"expiryDate\":null,\"enabled\":1,\"parentId\":null,\"fields\":{\"14\":[{\"col1\":\"Website\",\"col2\":\"FulcrumFoundation.org\"}],\"3\":[\"9\",\"10\",\"11\",\"12\"],\"29\":\"#efefef\",\"9\":\"Lorem Ipsum\\r\\nDolor Sit\\r\\nAmit Yeah\",\"7\":[\"245\"],\"4\":\"#323647\",\"8\":\"<p>Donec id elit non mi porta gravida at eget metus. Aenean lacinia bibendum nulla sed consectetur. Cras justo odio, dapibus ac facilisis in, egestas eget quam. Donec id elit non mi porta gravida at eget metus. Cras mattis consectetur purus sit amet fermentum.<\\/p>\",\"62\":[\"184\"],\"10\":{\"28\":{\"type\":\"largeImage\",\"enabled\":\"1\",\"fields\":{\"image\":[\"177\"],\"layoutOptions\":\"full-width\",\"spacingTop\":\"spacing-top-0\",\"spacingBottom\":\"spacing-bottom-0\"}}},\"6\":\"Brand Identity & Website\"}}', '2016-12-14 22:54:13', '2016-12-14 22:54:13', 'f9ca9a8d-6d33-4c5d-9976-d008d4f560d5'),
 ('338', '15', '3', '46', 'en_us', '86', '', '{\"typeId\":\"3\",\"authorId\":\"1\",\"title\":\"Fulcrum Foundation\",\"slug\":\"fulcrum-brand-identity-website\",\"postDate\":1476391140,\"expiryDate\":null,\"enabled\":1,\"parentId\":null,\"fields\":{\"14\":[{\"col1\":\"Website\",\"col2\":\"FulcrumFoundation.org\"}],\"3\":[\"9\",\"10\",\"11\",\"12\"],\"29\":\"#efefef\",\"9\":\"Lorem Ipsum\\r\\nDolor Sit\\r\\nAmit Yeah\",\"7\":[\"245\"],\"4\":\"#323647\",\"8\":\"<p>Donec id elit non mi porta gravida at eget metus. Aenean lacinia bibendum nulla sed consectetur. Cras justo odio, dapibus ac facilisis in, egestas eget quam. Donec id elit non mi porta gravida at eget metus. Cras mattis consectetur purus sit amet fermentum.<\\/p>\",\"62\":[\"184\"],\"10\":{\"28\":{\"type\":\"largeImage\",\"enabled\":\"1\",\"fields\":{\"image\":[\"177\"],\"layoutOptions\":\"full-width\",\"spacingTop\":\"spacing-top-0\",\"spacingBottom\":\"spacing-bottom-0\"}}},\"6\":\"Brand Identity & Website\"}}', '2016-12-14 22:57:57', '2016-12-14 22:57:57', 'fb902082-f617-416b-ab11-edbe3466f86c'),
 ('339', '15', '3', '46', 'en_us', '87', '', '{\"typeId\":\"3\",\"authorId\":\"1\",\"title\":\"Fulcrum Foundation\",\"slug\":\"fulcrum-brand-identity-website\",\"postDate\":1476391140,\"expiryDate\":null,\"enabled\":1,\"parentId\":null,\"fields\":{\"14\":[{\"col1\":\"Website\",\"col2\":\"FulcrumFoundation.org\"}],\"3\":[\"9\",\"10\",\"11\",\"12\"],\"29\":\"#efefef\",\"9\":\"Lorem Ipsum\\r\\nDolor Sit\\r\\nAmit Yeah\",\"7\":[\"245\"],\"4\":\"#323647\",\"8\":\"<p>Donec id elit non mi porta gravida at eget metus. Aenean lacinia bibendum nulla sed consectetur. Cras justo odio, dapibus ac facilisis in, egestas eget quam. Donec id elit non mi porta gravida at eget metus. Cras mattis consectetur purus sit amet fermentum.<\\/p>\",\"62\":[\"184\"],\"10\":{\"28\":{\"type\":\"largeImage\",\"enabled\":\"1\",\"fields\":{\"image\":[\"177\"],\"layoutOptions\":\"full-width\",\"spacingTop\":\"spacing-top-0\",\"spacingBottom\":\"spacing-bottom-0\"}}},\"6\":\"Brand Identity & Website\"}}', '2016-12-14 22:58:22', '2016-12-14 22:58:22', '6b82347f-8464-4fa6-8478-c6f68198ec96'),
 ('340', '15', '3', '46', 'en_us', '88', '', '{\"typeId\":\"3\",\"authorId\":\"1\",\"title\":\"Fulcrum Foundation\",\"slug\":\"fulcrum-brand-identity-website\",\"postDate\":1476391140,\"expiryDate\":null,\"enabled\":1,\"parentId\":null,\"fields\":{\"14\":[{\"col1\":\"Website\",\"col2\":\"FulcrumFoundation.org\"}],\"3\":[\"9\",\"10\",\"11\",\"12\"],\"29\":\"#efefef\",\"9\":\"Lorem Ipsum\\r\\nDolor Sit\\r\\nAmit Yeah\",\"7\":[\"245\"],\"4\":\"#262628\",\"8\":\"<p>Donec id elit non mi porta gravida at eget metus. Aenean lacinia bibendum nulla sed consectetur. Cras justo odio, dapibus ac facilisis in, egestas eget quam. Donec id elit non mi porta gravida at eget metus. Cras mattis consectetur purus sit amet fermentum.<\\/p>\",\"62\":[\"184\"],\"10\":{\"28\":{\"type\":\"largeImage\",\"enabled\":\"1\",\"fields\":{\"image\":[\"177\"],\"layoutOptions\":\"full-width\",\"spacingTop\":\"spacing-top-0\",\"spacingBottom\":\"spacing-bottom-0\"}}},\"6\":\"Brand Identity & Website\"}}', '2016-12-14 23:00:03', '2016-12-14 23:00:03', '472e3579-cd61-4edd-a0fd-5d950adc74b0'),
 ('341', '15', '3', '46', 'en_us', '89', '', '{\"typeId\":\"3\",\"authorId\":\"1\",\"title\":\"Fulcrum Foundation\",\"slug\":\"fulcrum-brand-identity-website\",\"postDate\":1476391140,\"expiryDate\":null,\"enabled\":1,\"parentId\":null,\"fields\":{\"14\":[{\"col1\":\"Website\",\"col2\":\"FulcrumFoundation.org\"}],\"3\":[\"9\",\"10\",\"11\",\"12\"],\"29\":\"#efefef\",\"9\":\"Lorem Ipsum\\r\\nDolor Sit\\r\\nAmit Yeah\",\"7\":[\"245\"],\"4\":\"#262628\",\"8\":\"<p>Donec id elit non mi porta gravida at eget metus. Aenean lacinia bibendum nulla sed consectetur. Cras justo odio, dapibus ac facilisis in, egestas eget quam. Donec id elit non mi porta gravida at eget metus. Cras mattis consectetur purus sit amet fermentum.<\\/p>\",\"62\":[\"249\"],\"10\":{\"28\":{\"type\":\"largeImage\",\"enabled\":\"1\",\"fields\":{\"image\":[\"177\"],\"layoutOptions\":\"full-width\",\"spacingTop\":\"spacing-top-0\",\"spacingBottom\":\"spacing-bottom-0\"}}},\"6\":\"Brand Identity & Website\"}}', '2016-12-14 23:03:53', '2016-12-14 23:03:53', 'ccd9b3d8-7f22-42be-9511-e34b32707978'),
 ('342', '15', '3', '46', 'en_us', '90', '', '{\"typeId\":\"3\",\"authorId\":\"1\",\"title\":\"Fulcrum Foundation\",\"slug\":\"fulcrum-brand-identity-website\",\"postDate\":1476391140,\"expiryDate\":null,\"enabled\":1,\"parentId\":null,\"fields\":{\"14\":[{\"col1\":\"Website\",\"col2\":\"FulcrumFoundation.org\"}],\"3\":[\"9\",\"10\",\"11\",\"12\"],\"29\":\"#efefef\",\"9\":\"Lorem Ipsum\\r\\nDolor Sit\\r\\nAmit Yeah\",\"7\":[\"245\"],\"4\":\"#262628\",\"8\":\"<p>Donec id elit non mi porta gravida at eget metus. Aenean lacinia bibendum nulla sed consectetur. Cras justo odio, dapibus ac facilisis in, egestas eget quam. Donec id elit non mi porta gravida at eget metus. Cras mattis consectetur purus sit amet fermentum.<\\/p>\",\"62\":[\"249\"],\"10\":{\"28\":{\"type\":\"largeImage\",\"enabled\":\"1\",\"fields\":{\"image\":[\"177\"],\"layoutOptions\":\"full-width\",\"spacingTop\":\"spacing-top-0\",\"spacingBottom\":\"spacing-bottom-0\"}}},\"6\":\"Brand Identity & Website\"}}', '2016-12-14 23:15:37', '2016-12-14 23:15:37', '7a9c2c07-ecc2-4fbb-86bd-7a59338d1d81'),
 ('343', '15', '3', '46', 'en_us', '91', '', '{\"typeId\":\"3\",\"authorId\":\"1\",\"title\":\"Fulcrum Foundation\",\"slug\":\"fulcrum-brand-identity-website\",\"postDate\":1476391140,\"expiryDate\":null,\"enabled\":1,\"parentId\":null,\"fields\":{\"14\":[{\"col1\":\"Website\",\"col2\":\"FulcrumFoundation.org\"}],\"3\":[\"9\",\"10\",\"11\",\"12\"],\"29\":\"#efefef\",\"9\":\"Lorem Ipsum\\r\\nDolor Sit\\r\\nAmit Yeah\",\"7\":[\"245\"],\"4\":\"#262628\",\"8\":\"<p>Donec id elit non mi porta gravida at eget metus. Aenean lacinia bibendum nulla sed consectetur. Cras justo odio, dapibus ac facilisis in, egestas eget quam. Donec id elit non mi porta gravida at eget metus. Cras mattis consectetur purus sit amet fermentum.<\\/p>\",\"62\":[\"249\"],\"10\":{\"28\":{\"type\":\"largeImage\",\"enabled\":\"1\",\"fields\":{\"image\":[\"177\"],\"layoutOptions\":\"full-width\",\"spacingTop\":\"spacing-top-0\",\"spacingBottom\":\"spacing-bottom-0\"}}},\"6\":\"Brand Identity & Website\"}}', '2016-12-14 23:16:55', '2016-12-14 23:16:55', '33cc3108-a750-4bc4-8eea-6b117c9dbdcc'),
 ('344', '15', '3', '46', 'en_us', '92', '', '{\"typeId\":\"3\",\"authorId\":\"1\",\"title\":\"Fulcrum Foundation\",\"slug\":\"fulcrum-brand-identity-website\",\"postDate\":1476391140,\"expiryDate\":null,\"enabled\":1,\"parentId\":null,\"fields\":{\"14\":[{\"col1\":\"Website\",\"col2\":\"FulcrumFoundation.org\"}],\"3\":[\"9\",\"10\",\"11\",\"12\"],\"29\":\"#efefef\",\"9\":\"Lorem Ipsum\\r\\nDolor Sit\\r\\nAmit Yeah\",\"7\":[\"245\"],\"4\":\"#262628\",\"8\":\"<p>Donec id elit non mi porta gravida at eget metus. Aenean lacinia bibendum nulla sed consectetur. Cras justo odio, dapibus ac facilisis in, egestas eget quam. Donec id elit non mi porta gravida at eget metus. Cras mattis consectetur purus sit amet fermentum.<\\/p>\",\"62\":[\"249\"],\"10\":{\"28\":{\"type\":\"largeImage\",\"enabled\":\"1\",\"fields\":{\"image\":[\"177\"],\"layoutOptions\":\"full-width\",\"spacingTop\":\"spacing-top-0\",\"spacingBottom\":\"spacing-bottom-0\"}}},\"6\":\"Brand Identity & Website\"}}', '2016-12-14 23:17:44', '2016-12-14 23:17:44', 'a44bd47e-8713-4db3-9224-b5ecd56fb828'),
 ('345', '201', '3', '1', 'en_us', '38', '', '{\"typeId\":\"3\",\"authorId\":\"46\",\"title\":\"Turnstyle\",\"slug\":\"turnstyle-case-study-guide\",\"postDate\":1479938460,\"expiryDate\":null,\"enabled\":1,\"parentId\":null,\"fields\":{\"14\":{\"new1\":{\"type\":\"2\",\"fields\":{\"header\":\"Category Heading\",\"info\":\"<p>Additional Info<\\/p>\"}}},\"3\":[\"11\",\"12\",\"13\"],\"29\":\"#ffffff\",\"9\":\"HERO\\r\\nHEADLINE\\r\\nWITH LINE\\r\\nBREAKS\",\"7\":[\"244\"],\"4\":\"#3c00ff\",\"8\":\"<p class=\\\"large\\\">Welcome to the case study guide! Please don\'t delete me. When the time comes, we can turn me off, but until then I shall exist. Within this guide you will find information about the modules, color, typography, image optimization, file naming and more.<\\/p>\\r\\n<p class=\\\"large\\\">The area at right is dynamically populated with information from the CMS. The client comes from the title&nbsp;field, and the disciplines can be added one at a time depending on the particular project. Additional fields can be added and customized for things like URLs, Awards &&nbsp;Press, and other things unique to particular projects.<\\/p>\",\"62\":[\"203\"],\"10\":{\"211\":{\"type\":\"centeredText\",\"enabled\":\"1\",\"fields\":{\"text\":\"<p class=\\\"large\\\"><span class=\\\"white\\\">The Modules (this is the Centered Text module)<\\/span><\\/p>\\r\\n<p class=\\\"large\\\"><span class=\\\"white\\\">Below are all the modules in the CMS, with accompanying image sizing and other specs. There are several variables available to each module, some have more than others. You can specify vertical spacing (padding), background color, image\\/text orientation, full width vs framed, etc. Each module has a unique set of components one can set. Image modules have the image sizes specified in the CMS with the associated field.<\\/span><\\/p>\",\"backgroundColor\":\"#000000\",\"spacingTop\":\"spacing-top-2\",\"spacingBottom\":\"spacing-bottom-2\"}},\"212\":{\"type\":\"largeImage\",\"enabled\":\"1\",\"fields\":{\"image\":[\"213\"],\"layoutOptions\":\"full-width\",\"spacingTop\":\"spacing-top-0\",\"spacingBottom\":\"spacing-bottom-0\"}},\"219\":{\"type\":\"largeImage\",\"enabled\":\"1\",\"fields\":{\"image\":[\"213\"],\"layoutOptions\":\"framed\",\"spacingTop\":\"spacing-top-2\",\"spacingBottom\":\"spacing-bottom-2\"}},\"215\":{\"type\":\"insetImage\",\"enabled\":\"1\",\"fields\":{\"image\":[\"214\"],\"imageWidth\":\"50\",\"backgroundColor\":\"#000000\",\"spacingTop\":\"spacing-top-2\",\"spacingBottom\":\"spacing-bottom-2\"}},\"216\":{\"type\":\"imageWithDescription\",\"enabled\":\"1\",\"fields\":{\"position\":\"left\",\"image\":[\"214\"],\"imageWidth\":\"75\",\"description\":\"<p class=\\\"large\\\">This is the Image with Description module. The text orientation (left\\/right), background color and&nbsp;vertical spacing is variable.<\\/p>\",\"backgroundColor\":\"#efefef\",\"spacingTop\":\"spacing-top-2\",\"spacingBottom\":\"spacing-bottom-2\"}},\"218\":{\"type\":\"twoUpImages\",\"enabled\":\"1\",\"fields\":{\"leftImage\":[\"221\"],\"rightImage\":[\"217\"],\"spacingTop\":\"spacing-top-2\",\"spacingBottom\":\"spacing-bottom-2\"}},\"243\":{\"type\":\"largeImage\",\"enabled\":\"1\",\"fields\":{\"image\":[\"242\"],\"layoutOptions\":\"full-width\",\"spacingTop\":\"spacing-top-0\",\"spacingBottom\":\"spacing-bottom-0\"}},\"235\":{\"type\":\"video\",\"enabled\":\"1\",\"fields\":{\"vimeoEmbedUrl\":\"https:\\/\\/player.vimeo.com\\/external\\/112934911.sd.mp4?s=a11efd4f0191a7846bc17eeba07e1739e031775d&profile_id=112\",\"posterImage\":[\"236\"],\"autoplay\":\"\",\"framed\":\"\"}},\"237\":{\"type\":\"video\",\"enabled\":\"1\",\"fields\":{\"vimeoEmbedUrl\":\"https:\\/\\/player.vimeo.com\\/external\\/112936935.sd.mp4?s=ec74a18135c1f7a0b6fceafd06c4cafd448d0cbb&profile_id=165\",\"posterImage\":\"\",\"autoplay\":\"1\",\"framed\":\"1\"}},\"222\":{\"type\":\"centeredText\",\"enabled\":\"1\",\"fields\":{\"text\":\"<p class=\\\"large\\\"><span class=\\\"white\\\">There is also a carousel module. The carousel module is being dialed in and spec\'s aren\'t available. It isn\'t something we\'d intended to be a widely used case study&nbsp;component anyway. Keep on scrolling for color, type, file naming, etc.<\\/span><\\/p>\",\"backgroundColor\":\"#000000\",\"spacingTop\":\"spacing-top-2\",\"spacingBottom\":\"spacing-bottom-2\"}},\"208\":{\"type\":\"imageWithDescription\",\"enabled\":\"1\",\"fields\":{\"position\":\"right\",\"image\":[\"207\"],\"imageWidth\":\"75\",\"description\":\"<p class=\\\"large\\\">Color Palette<\\/p>\\r\\n<p class=\\\"large\\\">All type on the site is off-white or off-black. When designating a type color for the hero area, select one of those two.&nbsp;Background colors & highlight colors can be uniquely specified based on the color palette of a particular project, or for dramatic effect!<\\/p>\",\"backgroundColor\":\"#ffffff\",\"spacingTop\":\"spacing-top-2\",\"spacingBottom\":\"spacing-bottom-2\"}},\"224\":{\"type\":\"imageWithDescription\",\"enabled\":\"1\",\"fields\":{\"position\":\"left\",\"image\":[\"223\"],\"imageWidth\":\"75\",\"description\":\"<p class=\\\"large\\\">Image Types<\\/p>\\r\\n<p class=\\\"large\\\">The CMS&nbsp;will accept just about any image format (JPEG, GIF, PNG, SVG, etc). It is important that our site perform well and look great \\u2013 so there are particular instances where using an SVG may be preferred to a transparent PNG, for icons, logos, etc. The image&nbsp;at left is example of an SVG.<\\/p>\",\"backgroundColor\":\"#ffffff\",\"spacingTop\":\"spacing-top-2\",\"spacingBottom\":\"spacing-bottom-2\"}},\"226\":{\"type\":\"imageWithDescription\",\"enabled\":\"1\",\"fields\":{\"position\":\"right\",\"image\":[\"225\"],\"imageWidth\":\"100\",\"description\":\"<p class=\\\"large\\\">Image Optimization<\\/p>\\r\\n<p class=\\\"large\\\">The majority of the images we upload into our CMS will be JPEGs. JPEGs can get large, and we want to keep the file size down to optimize performance. ALL JPEG images should be optimized with the JPEG High preset. The Quality should be set to 60% and Progressive should be checked.<\\/p>\",\"backgroundColor\":\"#ffffff\",\"spacingTop\":\"spacing-top-2\",\"spacingBottom\":\"spacing-bottom-2\"}},\"230\":{\"type\":\"imageWithDescription\",\"enabled\":\"1\",\"fields\":{\"position\":\"left\",\"image\":[\"227\"],\"imageWidth\":\"75\",\"description\":\"<p class=\\\"large\\\">File Naming<\\/p>\\r\\n<p class=\\\"large\\\">File naming should be consistent across all entries. For common, required&nbsp;elements, such as the Hero Image and the List Image (thumbnail), a common convention should be adhered to. For all other images, use an appropriate description of the content of the image.&nbsp;<\\/p>\\r\\n<p class=\\\"large\\\">All file names should be lowercase, with hyphens separating descriptors, followed by a number. Serial and alternate&nbsp;images should use the same name and the next number, -01, -02, etc.<\\/p>\",\"backgroundColor\":\"#ffffff\",\"spacingTop\":\"spacing-top-2\",\"spacingBottom\":\"spacing-bottom-2\"}}},\"6\":\"Case Study Guide\"}}', '2016-12-14 23:24:42', '2016-12-14 23:24:42', '175eb1db-3173-47cd-ab8f-b40062040dee'),
 ('346', '15', '3', '1', 'en_us', '93', '', '{\"typeId\":\"3\",\"authorId\":\"1\",\"title\":\"Fulcrum Foundation\",\"slug\":\"fulcrum-brand-identity-website\",\"postDate\":1476391140,\"expiryDate\":null,\"enabled\":1,\"parentId\":null,\"fields\":{\"14\":{\"new1\":{\"type\":\"2\",\"fields\":{\"header\":\"Website\",\"info\":\"<p><a href=\\\"http:\\/\\/fulcrumfoundation.org\\\" target=\\\"_blank\\\">FulcrumFoundation.org<\\/a><\\/p>\"}}},\"3\":[\"9\",\"10\",\"11\",\"12\"],\"29\":\"#efefef\",\"9\":\"Lorem Ipsum\\r\\nDolor Sit\\r\\nAmit Yeah\",\"7\":[\"245\"],\"4\":\"#262628\",\"8\":\"<p>Donec id elit non mi porta gravida at eget metus. Aenean lacinia bibendum nulla sed consectetur. Cras justo odio, dapibus ac facilisis in, egestas eget quam. Donec id elit non mi porta gravida at eget metus. Cras mattis consectetur purus sit amet fermentum.<\\/p>\",\"62\":[\"249\"],\"10\":{\"28\":{\"type\":\"largeImage\",\"enabled\":\"1\",\"fields\":{\"image\":[\"177\"],\"layoutOptions\":\"full-width\",\"spacingTop\":\"spacing-top-0\",\"spacingBottom\":\"spacing-bottom-0\"}}},\"6\":\"Brand Identity & Website\"}}', '2016-12-14 23:31:59', '2016-12-14 23:31:59', 'e699e456-244b-44ea-8069-410b64ad88b1'),
 ('347', '15', '3', '1', 'en_us', '94', '', '{\"typeId\":\"3\",\"authorId\":\"1\",\"title\":\"Fulcrum Foundation\",\"slug\":\"fulcrum-brand-identity-website\",\"postDate\":1476391140,\"expiryDate\":null,\"enabled\":1,\"parentId\":null,\"fields\":{\"14\":{\"254\":{\"type\":\"2\",\"fields\":{\"header\":\"Website\",\"info\":\"<p><a href=\\\"http:\\/\\/fulcrumfoundation.org\\\" target=\\\"_blank\\\">FulcrumFoundation.org<\\/a><\\/p>\"}}},\"3\":[\"9\",\"10\",\"11\",\"12\"],\"29\":\"#efefef\",\"9\":\"Lorem Ipsum\\r\\nDolor Sit\\r\\nAmit Yeah\",\"7\":[\"245\"],\"4\":\"#262628\",\"8\":\"<p>Donec id elit non mi porta gravida at eget metus. Aenean lacinia bibendum nulla sed consectetur. Cras justo odio, dapibus ac facilisis in, egestas eget quam. Donec id elit non mi porta gravida at eget metus. Cras mattis consectetur purus sit amet fermentum.<\\/p>\",\"62\":[\"249\"],\"10\":{\"28\":{\"type\":\"largeImage\",\"enabled\":\"1\",\"fields\":{\"image\":[\"177\"],\"layoutOptions\":\"full-width\",\"spacingTop\":\"spacing-top-0\",\"spacingBottom\":\"spacing-bottom-0\"}}},\"6\":\"Brand Identity & Website\"}}', '2016-12-14 23:35:27', '2016-12-14 23:35:27', '318689d1-5058-42ca-b439-e98a2f74efa7'),
 ('348', '201', '3', '1', 'en_us', '39', '', '{\"typeId\":\"3\",\"authorId\":\"46\",\"title\":\"Turnstyle\",\"slug\":\"turnstyle-case-study-guide\",\"postDate\":1479938460,\"expiryDate\":null,\"enabled\":1,\"parentId\":null,\"fields\":{\"14\":{\"253\":{\"type\":\"2\",\"fields\":{\"header\":\"Category Heading\",\"info\":\"<p>Additional Info<\\/p>\"}}},\"3\":[\"11\",\"12\",\"13\"],\"29\":\"#ffffff\",\"9\":\"HERO\\r\\nHEADLINE\\r\\nWITH LINE\\r\\nBREAKS\",\"7\":[\"244\"],\"4\":\"#3c00ff\",\"8\":\"<p class=\\\"large\\\">Welcome to the case study guide! Please don\'t delete me. When the time comes, we can turn me off, but until then I shall exist. Within this guide you will find information about the modules, color, typography, image optimization, file naming and more.<\\/p>\\r\\n<p class=\\\"large\\\">The area at right is dynamically populated with information from the CMS. The client comes from the title&nbsp;field, and the disciplines can be added one at a time depending on the particular project. Additional fields can be added and customized for things like URLs, Awards &&nbsp;Press, and other things unique to particular projects.<\\/p>\",\"62\":[\"203\"],\"10\":{\"211\":{\"type\":\"centeredText\",\"enabled\":\"1\",\"fields\":{\"text\":\"<p class=\\\"large\\\"><span class=\\\"white\\\">The Modules (this is the Centered Text module)<\\/span><\\/p>\\r\\n<p class=\\\"large\\\"><span class=\\\"white\\\">Below are all the modules in the CMS, with accompanying image sizing and other specs. There are several variables available to each module, some have more than others. You can specify vertical spacing (padding), background color, image\\/text orientation, full width vs framed, etc. Each module has a unique set of components one can set. Image modules have the image sizes specified in the CMS with the associated field.<\\/span><\\/p>\",\"backgroundColor\":\"#000000\",\"spacingTop\":\"spacing-top-2\",\"spacingBottom\":\"spacing-bottom-2\"}},\"212\":{\"type\":\"largeImage\",\"enabled\":\"1\",\"fields\":{\"image\":[\"213\"],\"layoutOptions\":\"full-width\",\"spacingTop\":\"spacing-top-0\",\"spacingBottom\":\"spacing-bottom-0\"}},\"219\":{\"type\":\"largeImage\",\"enabled\":\"1\",\"fields\":{\"image\":[\"213\"],\"layoutOptions\":\"framed\",\"spacingTop\":\"spacing-top-2\",\"spacingBottom\":\"spacing-bottom-2\"}},\"215\":{\"type\":\"insetImage\",\"enabled\":\"1\",\"fields\":{\"image\":[\"214\"],\"imageWidth\":\"50\",\"backgroundColor\":\"#000000\",\"spacingTop\":\"spacing-top-2\",\"spacingBottom\":\"spacing-bottom-2\"}},\"216\":{\"type\":\"imageWithDescription\",\"enabled\":\"1\",\"fields\":{\"position\":\"left\",\"image\":[\"214\"],\"imageWidth\":\"75\",\"description\":\"<p class=\\\"large\\\">This is the Image with Description module. The text orientation (left\\/right), background color and&nbsp;vertical spacing is variable.<\\/p>\",\"backgroundColor\":\"#efefef\",\"spacingTop\":\"spacing-top-2\",\"spacingBottom\":\"spacing-bottom-2\"}},\"218\":{\"type\":\"twoUpImages\",\"enabled\":\"1\",\"fields\":{\"leftImage\":[\"221\"],\"rightImage\":[\"217\"],\"spacingTop\":\"spacing-top-2\",\"spacingBottom\":\"spacing-bottom-2\"}},\"243\":{\"type\":\"largeImage\",\"enabled\":\"1\",\"fields\":{\"image\":[\"242\"],\"layoutOptions\":\"full-width\",\"spacingTop\":\"spacing-top-0\",\"spacingBottom\":\"spacing-bottom-0\"}},\"235\":{\"type\":\"video\",\"enabled\":\"1\",\"fields\":{\"vimeoEmbedUrl\":\"https:\\/\\/player.vimeo.com\\/external\\/112934911.sd.mp4?s=a11efd4f0191a7846bc17eeba07e1739e031775d&profile_id=112\",\"posterImage\":[\"236\"],\"autoplay\":\"\",\"framed\":\"\"}},\"237\":{\"type\":\"video\",\"enabled\":\"1\",\"fields\":{\"vimeoEmbedUrl\":\"https:\\/\\/player.vimeo.com\\/external\\/112936935.sd.mp4?s=ec74a18135c1f7a0b6fceafd06c4cafd448d0cbb&profile_id=165\",\"posterImage\":\"\",\"autoplay\":\"1\",\"framed\":\"1\"}},\"222\":{\"type\":\"centeredText\",\"enabled\":\"1\",\"fields\":{\"text\":\"<p class=\\\"large\\\"><span class=\\\"white\\\">There is also a carousel module. The carousel module is being dialed in and spec\'s aren\'t available. It isn\'t something we\'d intended to be a widely used case study&nbsp;component anyway. Keep on scrolling for color, type, file naming, etc.<\\/span><\\/p>\",\"backgroundColor\":\"#000000\",\"spacingTop\":\"spacing-top-2\",\"spacingBottom\":\"spacing-bottom-2\"}},\"208\":{\"type\":\"imageWithDescription\",\"enabled\":\"1\",\"fields\":{\"position\":\"right\",\"image\":[\"207\"],\"imageWidth\":\"75\",\"description\":\"<p class=\\\"large\\\">Color Palette<\\/p>\\r\\n<p class=\\\"large\\\">All type on the site is off-white or off-black. When designating a type color for the hero area, select one of those two.&nbsp;Background colors & highlight colors can be uniquely specified based on the color palette of a particular project, or for dramatic effect!<\\/p>\",\"backgroundColor\":\"#ffffff\",\"spacingTop\":\"spacing-top-2\",\"spacingBottom\":\"spacing-bottom-2\"}},\"224\":{\"type\":\"imageWithDescription\",\"enabled\":\"1\",\"fields\":{\"position\":\"left\",\"image\":[\"223\"],\"imageWidth\":\"75\",\"description\":\"<p class=\\\"large\\\">Image Types<\\/p>\\r\\n<p class=\\\"large\\\">The CMS&nbsp;will accept just about any image format (JPEG, GIF, PNG, SVG, etc). It is important that our site perform well and look great \\u2013 so there are particular instances where using an SVG may be preferred to a transparent PNG, for icons, logos, etc. The image&nbsp;at left is example of an SVG.<\\/p>\",\"backgroundColor\":\"#ffffff\",\"spacingTop\":\"spacing-top-2\",\"spacingBottom\":\"spacing-bottom-2\"}},\"226\":{\"type\":\"imageWithDescription\",\"enabled\":\"1\",\"fields\":{\"position\":\"right\",\"image\":[\"225\"],\"imageWidth\":\"100\",\"description\":\"<p class=\\\"large\\\">Image Optimization<\\/p>\\r\\n<p class=\\\"large\\\">The majority of the images we upload into our CMS will be JPEGs. JPEGs can get large, and we want to keep the file size down to optimize performance. ALL JPEG images should be optimized with the JPEG High preset. The Quality should be set to 60% and Progressive should be checked.<\\/p>\",\"backgroundColor\":\"#ffffff\",\"spacingTop\":\"spacing-top-2\",\"spacingBottom\":\"spacing-bottom-2\"}},\"230\":{\"type\":\"imageWithDescription\",\"enabled\":\"1\",\"fields\":{\"position\":\"left\",\"image\":[\"227\"],\"imageWidth\":\"75\",\"description\":\"<p class=\\\"large\\\">File Naming<\\/p>\\r\\n<p class=\\\"large\\\">File naming should be consistent across all entries. For common, required&nbsp;elements, such as the Hero Image and the List Image (thumbnail), a common convention should be adhered to. For all other images, use an appropriate description of the content of the image.&nbsp;<\\/p>\\r\\n<p class=\\\"large\\\">All file names should be lowercase, with hyphens separating descriptors, followed by a number. Serial and alternate&nbsp;images should use the same name and the next number, -01, -02, etc.<\\/p>\",\"backgroundColor\":\"#ffffff\",\"spacingTop\":\"spacing-top-2\",\"spacingBottom\":\"spacing-bottom-2\"}}},\"6\":\"Case Study Guide\"}}', '2016-12-14 23:42:48', '2016-12-14 23:42:48', 'c15e3f14-783a-4017-890d-6d3287b6b81d'),
 ('349', '15', '3', '46', 'en_us', '95', '', '{\"typeId\":\"3\",\"authorId\":\"1\",\"title\":\"Fulcrum Foundation\",\"slug\":\"fulcrum-brand-identity-website\",\"postDate\":1476391140,\"expiryDate\":null,\"enabled\":1,\"parentId\":null,\"fields\":{\"14\":{\"254\":{\"type\":\"2\",\"fields\":{\"header\":\"Website\",\"info\":\"<p><a href=\\\"http:\\/\\/fulcrumfoundation.org\\\" target=\\\"_blank\\\">FulcrumFoundation.org<\\/a><\\/p>\"}}},\"3\":[\"9\",\"10\",\"11\",\"12\"],\"29\":\"#efefef\",\"9\":\"Lorem Ipsum\\r\\nDolor Sit\\r\\nAmit Yeah\",\"7\":[\"245\"],\"4\":\"#262628\",\"8\":\"<p>Donec id elit non mi porta gravida at eget metus. Aenean lacinia bibendum nulla sed consectetur. Cras justo odio, dapibus ac facilisis in, egestas eget quam. Donec id elit non mi porta gravida at eget metus. Cras mattis consectetur purus sit amet fermentum.<\\/p>\",\"62\":[\"249\"],\"10\":{\"28\":{\"type\":\"largeImage\",\"enabled\":\"1\",\"fields\":{\"image\":[\"177\"],\"layoutOptions\":\"full-width\",\"spacingTop\":\"spacing-top-0\",\"spacingBottom\":\"spacing-bottom-0\"}}},\"6\":\"Brand Identity & Website\"}}', '2016-12-14 23:43:45', '2016-12-14 23:43:45', 'cc22ce71-7ba7-478e-865c-1a5b2bb30c6f'),
 ('350', '101', '10', '46', 'en_us', '42', '', '{\"typeId\":\"11\",\"authorId\":null,\"title\":\"Studio\",\"slug\":\"studio\",\"postDate\":1478129954,\"expiryDate\":null,\"enabled\":1,\"parentId\":null,\"fields\":{\"48\":{\"102\":{\"type\":\"1\",\"fields\":{\"backgroundImage\":[\"97\"],\"backgroundColor\":\"#000000\",\"linkUrl\":\"\\/contact\",\"header\":\"Drop \\r\\nus \\r\\na \\r\\nline\",\"subtext\":\"Contact Us\",\"fontColor\":\"#efefef\"}}},\"46\":\"<p class=\\\"large\\\">Born in 2004<\\/p>\\r\\n<p class=\\\"large\\\">We are a full-service creative agency with offices in Seattle and Portland. A dedicated team of designers, strategists, developers and account specialists, we create highly-crafted brand experiences that clarify purpose, encourage action, and inspire brand loyalty. We\\u2019d love to get to know you and help tell your story.&nbsp;<\\/p>\",\"10\":{\"103\":{\"type\":\"carousel\",\"enabled\":\"1\",\"fields\":{\"images\":[\"197\",\"198\",\"196\",\"199\"],\"spacingTop\":\"spacing-top-0\",\"spacingBottom\":\"spacing-bottom-1\"}},\"104\":{\"type\":\"twoColumnContent\",\"enabled\":\"1\",\"fields\":{\"backgroundColor\":\"#000000\",\"leftColumn\":\"<p class=\\\"h3 med\\\"><span class=\\\"white\\\">STYLE<br>IS A<br>SIMPLE<br>WAY<br>OF<br>SAYING<br>COMPLEX<br>THINGS<br><\\/span><span class=\\\"blue\\\">&mdash;JEAN<br>COCTEAU<\\/span><\\/p>\",\"rightColumn\":\"<p class=\\\"large\\\"><span class=\\\"white\\\"><span><\\/span>Style is Not a&nbsp;4-letter Word<span><\\/span><\\/span><\\/p>\\r\\n<p class=\\\"large\\\"><span class=\\\"white\\\"><span><\\/span>In our experience, the brands that are the most magnetic are those which project distinct, memorable and charismatic personalities. These brands place equal emphasis on what they say and how they say it. Some design purists might say that style is merely artificial decoration that should be avoided in favor of logic&mdash;\\u201cform follows function\\u201d and all that. Don\\u2019t get us wrong, we\\u2019re not proponents of style for its own sake, or as ornament applied after an idea has already been defined. Rather, we employ style as an integral and strategic component of our brand-development process. At its best, style can be that magical something about a company or product that pulls people in and transcends the logical. So, to us, style is not a 4-letter word. On the contrary, we embrace it, harnessing its power to cut through the clutter.&nbsp;<\\/span><\\/p>\\r\\n<p class=\\\"large\\\"><span class=\\\"white\\\">And besides, \\u201cstyle\\u201d has five letters.<\\/span><\\/p>\",\"spacingTop\":\"spacing-top-2\",\"spacingBottom\":\"spacing-bottom-0\"}},\"106\":{\"type\":\"twoColumnContent\",\"enabled\":\"1\",\"fields\":{\"backgroundColor\":\"#000000\",\"leftColumn\":\"<p class=\\\"large\\\"><span class=\\\"white\\\">We Do<\\/span><\\/p>\",\"rightColumn\":\"<p class=\\\"h2 caps white\\\"><a href=\\\"\\/strategy\\\">Strategy<\\/a><br><a href=\\\"\\/identity\\\">Identity<\\/a><br><a href=\\\"\\/digital\\\">Digital<\\/a><br><a href=\\\"\\/print\\\">Print<\\/a><br><a href=\\\"\\/packaging\\\">Packaging<\\/a><br><a href=\\\"\\/environment\\\">Environment<\\/a><\\/p>\",\"spacingTop\":\"spacing-top-2\",\"spacingBottom\":\"spacing-bottom-1\"}},\"107\":{\"type\":\"twoColumnContent\",\"enabled\":\"1\",\"fields\":{\"backgroundColor\":\"#ffffff\",\"leftColumn\":\"<p class=\\\"h3 caps\\\">OUR<br>CLIENTS<br>&<br>INDUSTRIES<\\/p>\\r\\n<p class=\\\"h3 caps\\\"><\\/p>\",\"rightColumn\":\"\",\"spacingTop\":\"spacing-top-2\",\"spacingBottom\":\"spacing-bottom-0\"}},\"108\":{\"type\":\"twoColumnContent\",\"enabled\":\"1\",\"fields\":{\"backgroundColor\":\"#ffffff\",\"leftColumn\":\"<p class=\\\"large\\\"><span class=\\\"gray\\\">Industry<\\/span><\\/p>\\r\\n<p class=\\\"h3 caps\\\">TEAGUE<br>NIKE<br>STARBUCKS<br>MICROSOFT<br>AMAZON<br>AIGA<br>NORDSTROM<br>TEAGUE<br>NIKE<\\/p>\\r\\n<p class=\\\"large\\\"><span class=\\\"gray\\\">Industry<\\/span><\\/p>\\r\\n<p class=\\\"h3 caps\\\">TEAGUE<br>NIKE<br>STARBUCKS<br>MICROSOFT<br>AMAZON<br>AIGA<br>NORDSTROM<br>TEAGUE<br>NIKE<\\/p>\\r\\n<p class=\\\"large\\\"><span class=\\\"gray\\\">Industry<\\/span><\\/p>\\r\\n<p class=\\\"h3 caps\\\">TEAGUE<br>NIKE<br>STARBUCKS<br>MICROSOFT<br>AMAZON<br>AIGA<br>NORDSTROM<br>TEAGUE<br>NIKE<\\/p>\",\"rightColumn\":\"<p class=\\\"large\\\"><span class=\\\"gray\\\">Industry<\\/span><\\/p>\\r\\n<p class=\\\"h3 caps\\\">TEAGUE<br>NIKE<br>STARBUCKS<br>MICROSOFT<br>AMAZON<br>AIGA<br>NORDSTROM<br>TEAGUE<br>NIKE<\\/p>\\r\\n<p class=\\\"large\\\"><span class=\\\"gray\\\">Industry<\\/span><\\/p>\\r\\n<p class=\\\"h3 caps\\\">TEAGUE<br>NIKE<br>STARBUCKS<br>MICROSOFT<br>AMAZON<br>AIGA<br>NORDSTROM<br>TEAGUE<br>NIKE<\\/p>\\r\\n<p class=\\\"large\\\"><span class=\\\"gray\\\">Industry<\\/span><\\/p>\\r\\n<p class=\\\"h3 caps\\\">TEAGUE<br>NIKE<br>STARBUCKS<br>MICROSOFT<br>AMAZON<br>AIGA<br>NORDSTROM<br>TEAGUE<br>NIKE<\\/p>\",\"spacingTop\":\"spacing-top-1\",\"spacingBottom\":\"spacing-bottom-2\"}}},\"47\":\"<p class=\\\"large\\\">08\\/2016 &mdash; IdN Magazine v23n2<\\/p>\\r\\n<p class=\\\"large\\\">06\\/2016 &mdash; Communication Arts Design Annual 2016<\\/p>\\r\\n<p class=\\\"large\\\">05\\/2016 &mdash; PRINT Magazine Regional Design Annual 2016<\\/p>\\r\\n<p class=\\\"large\\\">03\\/2016 &mdash; Communication Arts Design Annual 2015<\\/p>\\r\\n<p class=\\\"large\\\">02\\/2016 &mdash; IdN Magazine v23n2<\\/p>\\r\\n<p class=\\\"large\\\">12\\/2015 &mdash; Communication Arts Design Annual 2016<\\/p>\\r\\n<p class=\\\"large\\\">10\\/2015 &mdash; PRINT Magazine Regional Design Annual 2016<\\/p>\\r\\n<p class=\\\"large\\\">10\\/2015 &mdash; Communication Arts Design Annual 2015<\\/p>\\r\\n<p class=\\\"large\\\">06\\/2015 &mdash; PRINT Magazine Regional Design Annual 2016<\\/p>\\r\\n<p class=\\\"large\\\">02\\/2015 &mdash; Communication Arts Design Annual 2015<\\/p>\",\"44\":\"MEET\\r\\nOUR\\r\\nTALENTED\\r\\nTEAM\"}}', '2016-12-15 00:08:28', '2016-12-15 00:08:28', 'cbc2fbf3-ef82-4d04-9504-22b13ea1519e'),
 ('351', '15', '3', '46', 'en_us', '96', '', '{\"typeId\":\"3\",\"authorId\":\"1\",\"title\":\"Fulcrum Foundation\",\"slug\":\"fulcrum-brand-identity-website\",\"postDate\":1476391140,\"expiryDate\":null,\"enabled\":1,\"parentId\":null,\"fields\":{\"14\":{\"254\":{\"type\":\"2\",\"fields\":{\"header\":\"Website\",\"info\":\"<p><a href=\\\"http:\\/\\/fulcrumfoundation.org\\\" target=\\\"_blank\\\">FulcrumFoundation.org<\\/a><\\/p>\"}}},\"3\":[\"9\",\"10\",\"11\",\"12\"],\"29\":\"#efefef\",\"9\":\"Lorem Ipsum\\r\\nDolor Sit\\r\\nAmit Yeah\",\"7\":[\"245\"],\"4\":\"#262628\",\"8\":\"<p>Donec id elit non mi porta gravida at eget metus. Aenean lacinia bibendum nulla sed consectetur. Cras justo odio, dapibus ac facilisis in, egestas eget quam. Donec id elit non mi porta gravida at eget metus. Cras mattis consectetur purus sit amet fermentum.<\\/p>\",\"62\":[\"249\"],\"10\":{\"28\":{\"type\":\"largeImage\",\"enabled\":\"1\",\"fields\":{\"image\":[\"177\"],\"layoutOptions\":\"full-width\",\"spacingTop\":\"spacing-top-0\",\"spacingBottom\":\"spacing-bottom-0\"}}},\"6\":\"Brand Identity & Website\"}}', '2016-12-15 00:12:08', '2016-12-15 00:12:08', 'a2a0420a-bb93-424d-8999-3f09099de7d0'),
 ('352', '15', '3', '46', 'en_us', '97', '', '{\"typeId\":\"3\",\"authorId\":\"1\",\"title\":\"Fulcrum Foundation\",\"slug\":\"fulcrum-brand-identity-website\",\"postDate\":1476391140,\"expiryDate\":null,\"enabled\":1,\"parentId\":null,\"fields\":{\"14\":{\"254\":{\"type\":\"2\",\"fields\":{\"header\":\"Website\",\"info\":\"<p><a href=\\\"http:\\/\\/fulcrumfoundation.org\\\" target=\\\"_blank\\\">FulcrumFoundation.org<\\/a><\\/p>\"}}},\"3\":[\"9\",\"10\",\"11\",\"12\"],\"29\":\"#efefef\",\"9\":\"Lorem Ipsum\\r\\nDolor Sit\\r\\nAmit Yeah\",\"7\":[\"245\"],\"4\":\"#262628\",\"8\":\"<p>Donec id elit non mi porta gravida at eget metus. Aenean lacinia bibendum nulla sed consectetur. Cras justo odio, dapibus ac facilisis in, egestas eget quam. Donec id elit non mi porta gravida at eget metus. Cras mattis consectetur purus sit amet fermentum.<\\/p>\",\"62\":[\"249\"],\"10\":{\"28\":{\"type\":\"largeImage\",\"enabled\":\"1\",\"fields\":{\"image\":[\"177\"],\"layoutOptions\":\"full-width\",\"spacingTop\":\"spacing-top-0\",\"spacingBottom\":\"spacing-bottom-0\"}}},\"6\":\"Brand Identity & Website\"}}', '2016-12-15 00:12:28', '2016-12-15 00:12:28', '04237d33-bc3b-46e2-8f41-df6736127280'),
 ('353', '15', '3', '46', 'en_us', '98', '', '{\"typeId\":\"3\",\"authorId\":\"1\",\"title\":\"Fulcrum Foundation\",\"slug\":\"fulcrum-brand-identity-website\",\"postDate\":1476391140,\"expiryDate\":null,\"enabled\":1,\"parentId\":null,\"fields\":{\"14\":{\"254\":{\"type\":\"2\",\"fields\":{\"header\":\"Website\",\"info\":\"<p><a href=\\\"http:\\/\\/fulcrumfoundation.org\\\" target=\\\"_blank\\\">FulcrumFoundation.org<\\/a><\\/p>\"}}},\"3\":[\"9\",\"10\",\"11\",\"12\"],\"29\":\"#efefef\",\"9\":\"Lorem Ipsum\\r\\nDolor Sit\\r\\nAmit Yeah\",\"7\":[\"245\"],\"4\":\"#262628\",\"8\":\"<p>Donec id elit non mi porta gravida at eget metus. Aenean lacinia bibendum nulla sed consectetur. Cras justo odio, dapibus ac facilisis in, egestas eget quam. Donec id elit non mi porta gravida at eget metus. Cras mattis consectetur purus sit amet fermentum.<\\/p>\",\"62\":[\"249\"],\"10\":{\"28\":{\"type\":\"largeImage\",\"enabled\":\"1\",\"fields\":{\"image\":[\"177\"],\"layoutOptions\":\"full-width\",\"spacingTop\":\"spacing-top-0\",\"spacingBottom\":\"spacing-bottom-0\"}}},\"6\":\"Brand Identity & Website\"}}', '2016-12-15 00:17:11', '2016-12-15 00:17:11', '9041bd63-aec9-4f36-9afc-fc7d1190db0a'),
 ('354', '15', '3', '46', 'en_us', '99', '', '{\"typeId\":\"3\",\"authorId\":\"1\",\"title\":\"Fulcrum Foundation\",\"slug\":\"fulcrum-brand-identity-website\",\"postDate\":1476391140,\"expiryDate\":null,\"enabled\":1,\"parentId\":null,\"fields\":{\"14\":{\"254\":{\"type\":\"2\",\"fields\":{\"header\":\"Website\",\"info\":\"<p><a href=\\\"http:\\/\\/fulcrumfoundation.org\\\" target=\\\"_blank\\\">FulcrumFoundation.org<\\/a><\\/p>\"}}},\"3\":[\"9\",\"10\",\"11\",\"12\"],\"29\":\"#efefef\",\"9\":\"A\\r\\nNEW LOOK\\r\\nFOR\\r\\nCATHOLIC\\r\\nEDUCATION\",\"7\":[\"245\"],\"4\":\"#262628\",\"8\":\"<p>Donec id elit non mi porta gravida at eget metus. Aenean lacinia bibendum nulla sed consectetur. Cras justo odio, dapibus ac facilisis in, egestas eget quam. Donec id elit non mi porta gravida at eget metus. Cras mattis consectetur purus sit amet fermentum.<\\/p>\",\"62\":[\"249\"],\"10\":{\"28\":{\"type\":\"largeImage\",\"enabled\":\"1\",\"fields\":{\"image\":[\"177\"],\"layoutOptions\":\"full-width\",\"spacingTop\":\"spacing-top-0\",\"spacingBottom\":\"spacing-bottom-0\"}}},\"6\":\"Brand Identity & Website\"}}', '2016-12-15 00:19:53', '2016-12-15 00:19:53', '7b7b8eb9-05ec-47a7-8347-3821c2b66552'),
 ('355', '15', '3', '46', 'en_us', '100', '', '{\"typeId\":\"3\",\"authorId\":\"1\",\"title\":\"Fulcrum Foundation\",\"slug\":\"fulcrum-brand-identity-website\",\"postDate\":1476391140,\"expiryDate\":null,\"enabled\":1,\"parentId\":null,\"fields\":{\"14\":{\"254\":{\"type\":\"2\",\"fields\":{\"header\":\"Website\",\"info\":\"<p><a href=\\\"http:\\/\\/fulcrumfoundation.org\\\" target=\\\"_blank\\\">FulcrumFoundation.org<\\/a><\\/p>\"}}},\"3\":[\"9\",\"10\",\"11\",\"12\"],\"29\":\"#efefef\",\"9\":\"A\\r\\nNEW LOOK\\r\\nFOR\\r\\nCATHOLIC\\r\\nEDUCATION\",\"7\":[\"245\"],\"4\":\"#262628\",\"8\":\"<p>Donec id elit non mi porta gravida at eget metus. Aenean lacinia bibendum nulla sed consectetur. Cras justo odio, dapibus ac facilisis in, egestas eget quam. Donec id elit non mi porta gravida at eget metus. Cras mattis consectetur purus sit amet fermentum.<\\/p>\",\"62\":[\"249\"],\"10\":{\"28\":{\"type\":\"largeImage\",\"enabled\":\"1\",\"fields\":{\"image\":[\"177\"],\"layoutOptions\":\"full-width\",\"spacingTop\":\"spacing-top-0\",\"spacingBottom\":\"spacing-bottom-0\"}}},\"6\":\"Brand Identity & Website\"}}', '2016-12-15 00:21:03', '2016-12-15 00:21:03', '4d5799d1-334f-4296-aa5b-859cb2e22a82'),
 ('356', '15', '3', '46', 'en_us', '101', '', '{\"typeId\":\"3\",\"authorId\":\"1\",\"title\":\"Fulcrum Foundation\",\"slug\":\"fulcrum-brand-identity-website\",\"postDate\":1476391140,\"expiryDate\":null,\"enabled\":1,\"parentId\":null,\"fields\":{\"14\":{\"254\":{\"type\":\"2\",\"fields\":{\"header\":\"Website\",\"info\":\"<p><a href=\\\"http:\\/\\/fulcrumfoundation.org\\\" target=\\\"_blank\\\">FulcrumFoundation.org<\\/a><\\/p>\"}}},\"3\":[\"9\",\"10\",\"11\",\"12\"],\"29\":\"#efefef\",\"9\":\"A\\r\\nNEW LOOK\\r\\nFOR\\r\\nCATHOLIC\\r\\nEDUCATION\",\"7\":[\"245\"],\"4\":\"#262628\",\"8\":\"<p class=\\\"large\\\">Donec id elit non mi porta gravida at eget metus. Aenean lacinia bibendum nulla sed consectetur. Cras justo odio, dapibus ac facilisis in, egestas eget quam. Donec id elit non mi porta gravida at eget metus. Cras mattis consectetur purus sit amet fermentum.<\\/p>\",\"62\":[\"249\"],\"10\":{\"28\":{\"type\":\"largeImage\",\"enabled\":\"1\",\"fields\":{\"image\":[\"177\"],\"layoutOptions\":\"full-width\",\"spacingTop\":\"spacing-top-0\",\"spacingBottom\":\"spacing-bottom-0\"}}},\"6\":\"Brand Identity & Website\"}}', '2016-12-15 00:22:44', '2016-12-15 00:22:44', '875153eb-ff10-40d1-a74f-ea8d5e4bad41'),
 ('357', '15', '3', '46', 'en_us', '102', '', '{\"typeId\":\"3\",\"authorId\":\"1\",\"title\":\"Fulcrum Foundation\",\"slug\":\"fulcrum-brand-identity-website\",\"postDate\":1476391140,\"expiryDate\":null,\"enabled\":1,\"parentId\":null,\"fields\":{\"14\":{\"254\":{\"type\":\"2\",\"fields\":{\"header\":\"Website\",\"info\":\"<p><a href=\\\"http:\\/\\/fulcrumfoundation.org\\\" target=\\\"_blank\\\">FulcrumFoundation.org<\\/a><\\/p>\"}}},\"3\":[\"9\",\"10\",\"11\",\"12\"],\"29\":\"#efefef\",\"9\":\"A\\r\\nNEW LOOK\\r\\nFOR\\r\\nCATHOLIC\\r\\nEDUCATION\",\"7\":[\"245\"],\"4\":\"#752525\",\"8\":\"<p class=\\\"large\\\">Donec id elit non mi porta gravida at eget metus. Aenean lacinia bibendum nulla sed consectetur. Cras justo odio, dapibus ac facilisis in, egestas eget quam. Donec id elit non mi porta gravida at eget metus. Cras mattis consectetur purus sit amet fermentum.<\\/p>\",\"62\":[\"249\"],\"10\":{\"28\":{\"type\":\"largeImage\",\"enabled\":\"1\",\"fields\":{\"image\":[\"177\"],\"layoutOptions\":\"full-width\",\"spacingTop\":\"spacing-top-0\",\"spacingBottom\":\"spacing-bottom-0\"}}},\"6\":\"Brand Identity & Website\"}}', '2016-12-15 00:23:48', '2016-12-15 00:23:48', 'f94f3126-8f41-47c2-b06f-8f3a4262be5d'),
 ('358', '15', '3', '46', 'en_us', '103', '', '{\"typeId\":\"3\",\"authorId\":\"1\",\"title\":\"Fulcrum Foundation\",\"slug\":\"fulcrum-brand-identity-website\",\"postDate\":1476391140,\"expiryDate\":null,\"enabled\":1,\"parentId\":null,\"fields\":{\"14\":{\"254\":{\"type\":\"2\",\"fields\":{\"header\":\"Website\",\"info\":\"<p><a href=\\\"http:\\/\\/fulcrumfoundation.org\\\" target=\\\"_blank\\\">FulcrumFoundation.org<\\/a><\\/p>\"}}},\"3\":[\"9\",\"10\",\"11\",\"12\"],\"29\":\"#efefef\",\"9\":\"A\\r\\nNEW LOOK\\r\\nFOR\\r\\nCATHOLIC\\r\\nEDUCATION\",\"7\":[\"245\"],\"4\":\"#752525\",\"8\":\"<p class=\\\"large\\\">Donec id elit non mi porta gravida at eget metus. Aenean lacinia bibendum nulla sed consectetur. Cras justo odio, dapibus ac facilisis in, egestas eget quam. Donec id elit non mi porta gravida at eget metus. Cras mattis consectetur purus sit amet fermentum.<\\/p>\",\"62\":[\"249\"],\"10\":{\"28\":{\"type\":\"largeImage\",\"enabled\":\"1\",\"fields\":{\"image\":[\"177\"],\"layoutOptions\":\"full-width\",\"spacingTop\":\"spacing-top-0\",\"spacingBottom\":\"spacing-bottom-0\"}}},\"6\":\"Brand Identity & Website\"}}', '2016-12-15 00:24:24', '2016-12-15 00:24:24', '40142045-360c-4b1e-a2c2-75080f813fb0'),
 ('359', '15', '3', '46', 'en_us', '104', '', '{\"typeId\":\"3\",\"authorId\":\"1\",\"title\":\"Fulcrum Foundation\",\"slug\":\"fulcrum-brand-identity-website\",\"postDate\":1476391140,\"expiryDate\":null,\"enabled\":1,\"parentId\":null,\"fields\":{\"14\":{\"254\":{\"type\":\"2\",\"fields\":{\"header\":\"Website\",\"info\":\"<p><a href=\\\"http:\\/\\/fulcrumfoundation.org\\\" target=\\\"_blank\\\">FulcrumFoundation.org<\\/a><\\/p>\"}}},\"3\":[\"9\",\"10\",\"11\",\"12\"],\"29\":\"#efefef\",\"9\":\"A\\r\\nNEW LOOK\\r\\nFOR\\r\\nCATHOLIC\\r\\nEDUCATION\",\"7\":[\"245\"],\"4\":\"#323647\",\"8\":\"<p class=\\\"large\\\">Donec id elit non mi porta gravida at eget metus. Aenean lacinia bibendum nulla sed consectetur. Cras justo odio, dapibus ac facilisis in, egestas eget quam. Donec id elit non mi porta gravida at eget metus. Cras mattis consectetur purus sit amet fermentum.<\\/p>\",\"62\":[\"249\"],\"10\":{\"28\":{\"type\":\"largeImage\",\"enabled\":\"1\",\"fields\":{\"image\":[\"177\"],\"layoutOptions\":\"full-width\",\"spacingTop\":\"spacing-top-0\",\"spacingBottom\":\"spacing-bottom-0\"}}},\"6\":\"Brand Identity & Website\"}}', '2016-12-15 00:26:43', '2016-12-15 00:26:43', '716f06c8-c984-4ebf-abe5-87c3f2b244f9'),
 ('360', '15', '3', '46', 'en_us', '105', '', '{\"typeId\":\"3\",\"authorId\":\"1\",\"title\":\"Fulcrum Foundation\",\"slug\":\"fulcrum-brand-identity-website\",\"postDate\":1476391140,\"expiryDate\":null,\"enabled\":1,\"parentId\":null,\"fields\":{\"14\":{\"254\":{\"type\":\"2\",\"fields\":{\"header\":\"Website\",\"info\":\"<p><a href=\\\"http:\\/\\/fulcrumfoundation.org\\\" target=\\\"_blank\\\">FulcrumFoundation.org<\\/a><\\/p>\"}}},\"3\":[\"9\",\"10\",\"11\",\"12\"],\"29\":\"#efefef\",\"9\":\"A\\r\\nNEW LOOK\\r\\nFOR\\r\\nCATHOLIC\\r\\nEDUCATION\",\"7\":[\"245\"],\"4\":\"#323647\",\"8\":\"<p class=\\\"large\\\">Donec id elit non mi porta gravida at eget metus. Aenean lacinia bibendum nulla sed consectetur. Cras justo odio, dapibus ac facilisis in, egestas eget quam. Donec id elit non mi porta gravida at eget metus. Cras mattis consectetur purus sit amet fermentum.&nbsp;Maecenas faucibus mollis interdum. Aenean lacinia bibendum nulla sed consectetur. Praesent commodo cursus magna, vel scelerisque nisl consectetur et. Sed posuere consectetur est at lobortis. Cum sociis natoque penatibus et magnis dis parturient montes, nascetur ridiculus mus. Sed posuere consectetur est at lobortis. Lorem ipsum dolor sit amet, consectetur adipiscing elit.<\\/p>\",\"62\":[\"249\"],\"10\":{\"28\":{\"type\":\"largeImage\",\"enabled\":\"1\",\"fields\":{\"image\":[\"177\"],\"layoutOptions\":\"full-width\",\"spacingTop\":\"spacing-top-0\",\"spacingBottom\":\"spacing-bottom-0\"}}},\"6\":\"Brand Identity & Website\"}}', '2016-12-15 00:29:47', '2016-12-15 00:29:47', '49f14141-bc75-49d7-98b1-43e1ae7b4390'),
 ('361', '15', '3', '46', 'en_us', '106', '', '{\"typeId\":\"3\",\"authorId\":\"1\",\"title\":\"Fulcrum Foundation\",\"slug\":\"fulcrum-brand-identity-website\",\"postDate\":1476391140,\"expiryDate\":null,\"enabled\":1,\"parentId\":null,\"fields\":{\"14\":{\"254\":{\"type\":\"2\",\"fields\":{\"header\":\"Website\",\"info\":\"<p><a href=\\\"http:\\/\\/fulcrumfoundation.org\\\" target=\\\"_blank\\\">FulcrumFoundation.org<\\/a><\\/p>\"}}},\"3\":[\"9\",\"10\",\"11\",\"12\"],\"29\":\"#efefef\",\"9\":\"A\\r\\nNEW LOOK\\r\\nFOR\\r\\nCATHOLIC\\r\\nEDUCATION\",\"7\":[\"245\"],\"4\":\"#262628\",\"8\":\"<p class=\\\"large\\\">Donec id elit non mi porta gravida at eget metus. Aenean lacinia bibendum nulla sed consectetur. Cras justo odio, dapibus ac facilisis in, egestas eget quam. Donec id elit non mi porta gravida at eget metus. Cras mattis consectetur purus sit amet fermentum.&nbsp;Maecenas faucibus mollis interdum. Aenean lacinia bibendum nulla sed consectetur. Praesent commodo cursus magna, vel scelerisque nisl consectetur et. Sed posuere consectetur est at lobortis. Cum sociis natoque penatibus et magnis dis parturient montes, nascetur ridiculus mus. Sed posuere consectetur est at lobortis. Lorem ipsum dolor sit amet, consectetur adipiscing elit.<\\/p>\",\"62\":[\"249\"],\"10\":{\"28\":{\"type\":\"largeImage\",\"enabled\":\"1\",\"fields\":{\"image\":[\"177\"],\"layoutOptions\":\"full-width\",\"spacingTop\":\"spacing-top-0\",\"spacingBottom\":\"spacing-bottom-0\"}}},\"6\":\"Brand Identity & Website\"}}', '2016-12-15 00:40:32', '2016-12-15 00:40:32', 'f718fe4a-adcf-42f8-9d91-a6cebb7a3e09'),
 ('362', '15', '3', '46', 'en_us', '107', '', '{\"typeId\":\"3\",\"authorId\":\"1\",\"title\":\"Fulcrum Foundation\",\"slug\":\"fulcrum-brand-identity-website\",\"postDate\":1476391140,\"expiryDate\":null,\"enabled\":1,\"parentId\":null,\"fields\":{\"14\":{\"254\":{\"type\":\"2\",\"fields\":{\"header\":\"Website\",\"info\":\"<p><a href=\\\"http:\\/\\/fulcrumfoundation.org\\\" target=\\\"_blank\\\">FulcrumFoundation.org<\\/a><\\/p>\"}}},\"3\":[\"9\",\"10\",\"11\",\"12\"],\"29\":\"#efefef\",\"9\":\"A\\r\\nNEW LOOK\\r\\nFOR\\r\\nCATHOLIC\\r\\nEDUCATION\",\"7\":[\"245\"],\"4\":\"#262628\",\"8\":\"<p class=\\\"large\\\">Donec id elit non mi porta gravida at eget metus. Aenean lacinia bibendum nulla sed consectetur. Cras justo odio, dapibus ac facilisis in, egestas eget quam. Donec id elit non mi porta gravida at eget metus. Cras mattis consectetur purus sit amet fermentum.&nbsp;Maecenas faucibus mollis interdum. Aenean lacinia bibendum nulla sed consectetur. Praesent commodo cursus magna, vel scelerisque nisl consectetur et. Sed posuere consectetur est at lobortis. Cum sociis natoque penatibus et magnis dis parturient montes, nascetur ridiculus mus. Sed posuere consectetur est at lobortis. Lorem ipsum dolor sit amet, consectetur adipiscing elit.<\\/p>\",\"62\":[\"249\"],\"10\":{\"new1\":{\"type\":\"insetImage\",\"enabled\":\"1\",\"fields\":{\"image\":[\"259\"],\"imageWidth\":\"50\",\"backgroundColor\":\"#323647\",\"spacingTop\":\"spacing-top-5\",\"spacingBottom\":\"spacing-bottom-5\"}},\"28\":{\"type\":\"largeImage\",\"enabled\":\"1\",\"fields\":{\"image\":[\"177\"],\"layoutOptions\":\"full-width\",\"spacingTop\":\"spacing-top-0\",\"spacingBottom\":\"spacing-bottom-0\"}}},\"6\":\"Brand Identity & Website\"}}', '2016-12-15 00:50:00', '2016-12-15 00:50:00', 'bd8ac632-33d6-49ed-a816-a8f47c8cb59c'),
 ('363', '15', '3', '46', 'en_us', '108', '', '{\"typeId\":\"3\",\"authorId\":\"1\",\"title\":\"Fulcrum Foundation\",\"slug\":\"fulcrum-brand-identity-website\",\"postDate\":1476391140,\"expiryDate\":null,\"enabled\":1,\"parentId\":null,\"fields\":{\"14\":{\"254\":{\"type\":\"2\",\"fields\":{\"header\":\"Website\",\"info\":\"<p><a href=\\\"http:\\/\\/fulcrumfoundation.org\\\" target=\\\"_blank\\\">FulcrumFoundation.org<\\/a><\\/p>\"}}},\"3\":[\"9\",\"10\",\"11\",\"12\"],\"29\":\"#efefef\",\"9\":\"A\\r\\nNEW LOOK\\r\\nFOR\\r\\nCATHOLIC\\r\\nEDUCATION\",\"7\":[\"245\"],\"4\":\"#262628\",\"8\":\"<p class=\\\"large\\\">Donec id elit non mi porta gravida at eget metus. Aenean lacinia bibendum nulla sed consectetur. Cras justo odio, dapibus ac facilisis in, egestas eget quam. Donec id elit non mi porta gravida at eget metus. Cras mattis consectetur purus sit amet fermentum.&nbsp;Maecenas faucibus mollis interdum. Aenean lacinia bibendum nulla sed consectetur. Praesent commodo cursus magna, vel scelerisque nisl consectetur et. Sed posuere consectetur est at lobortis. Cum sociis natoque penatibus et magnis dis parturient montes, nascetur ridiculus mus. Sed posuere consectetur est at lobortis. Lorem ipsum dolor sit amet, consectetur adipiscing elit.<\\/p>\",\"62\":[\"249\"],\"10\":{\"260\":{\"type\":\"insetImage\",\"enabled\":\"1\",\"fields\":{\"image\":[\"259\"],\"imageWidth\":\"50\",\"backgroundColor\":\"#efefef\",\"spacingTop\":\"spacing-top-4\",\"spacingBottom\":\"spacing-bottom-4\"}},\"28\":{\"type\":\"largeImage\",\"enabled\":\"1\",\"fields\":{\"image\":[\"177\"],\"layoutOptions\":\"full-width\",\"spacingTop\":\"spacing-top-0\",\"spacingBottom\":\"spacing-bottom-0\"}}},\"6\":\"Brand Identity & Website\"}}', '2016-12-15 00:54:00', '2016-12-15 00:54:00', '5b3790b3-d4f3-4af9-89d8-c824cabfb3c6'),
 ('364', '16', '3', '46', 'en_us', '37', '', '{\"typeId\":\"3\",\"authorId\":\"1\",\"title\":\"Oiselle\",\"slug\":\"oiselle-identity\",\"postDate\":1476391140,\"expiryDate\":null,\"enabled\":1,\"parentId\":null,\"fields\":{\"14\":\"\",\"3\":[\"10\",\"11\",\"12\",\"14\"],\"29\":\"#efefef\",\"9\":\"AN\\r\\nINFUSION\\r\\nOF\\r\\nNEW\\r\\nENERGY\",\"7\":[\"185\"],\"4\":\"#ff5822\",\"8\":\"<p class=\\\"large\\\">As they prepared to open their first bricks and mortar store, Oiselle&mdash;a pioneer in women\\u2019s running and athletic fashion&mdash;had a mature brand that needed an infusion of new energy. Turnstyle worked with the Oiselle team to establish an updated identity system and then applied it to a huge range of customer touch points, coordinated to deliver, install and deploy in concert with their store opening in Seattle\\u2019s University Village in the summer of 2015.<\\/p>\",\"62\":[\"261\"],\"10\":{\"137\":{\"type\":\"largeImage\",\"enabled\":\"1\",\"fields\":{\"image\":[\"185\"],\"layoutOptions\":\"framed\",\"spacingTop\":\"spacing-top-0\",\"spacingBottom\":\"spacing-bottom-0\"}},\"140\":{\"type\":\"largeImage\",\"enabled\":\"1\",\"fields\":{\"image\":[\"185\"],\"layoutOptions\":\"framed\",\"spacingTop\":\"spacing-top-0\",\"spacingBottom\":\"spacing-bottom-0\"}},\"141\":{\"type\":\"insetImage\",\"enabled\":\"1\",\"fields\":{\"image\":[\"186\"],\"imageWidth\":\"50\",\"backgroundColor\":\"#000000\",\"spacingTop\":\"spacing-top-0\",\"spacingBottom\":\"spacing-bottom-0\"}},\"142\":{\"type\":\"imageWithDescription\",\"enabled\":\"1\",\"fields\":{\"position\":\"right\",\"image\":[\"186\"],\"imageWidth\":\"100\",\"description\":\"<p class=\\\"large\\\">Donec id elit non mi porta gravida at eget metus. Duis mollis, est non commodo luctus, nisi erat porttitor ligula, eget lacinia odio sem nec elit. Maecenas sed diam eget risus varius blandit sit amet non magna. Morbi leo risus, porta ac consectetur ac, vestibulum at eros.<\\/p>\",\"backgroundColor\":\"#afafaf\",\"spacingTop\":\"spacing-top-0\",\"spacingBottom\":\"spacing-bottom-0\"}},\"143\":{\"type\":\"twoUpImages\",\"enabled\":\"1\",\"fields\":{\"leftImage\":[\"186\"],\"rightImage\":[\"186\"],\"spacingTop\":\"spacing-top-0\",\"spacingBottom\":\"spacing-bottom-0\"}},\"144\":{\"type\":\"centeredText\",\"enabled\":\"1\",\"fields\":{\"text\":\"<p class=\\\"large\\\">Donec id elit non mi porta gravida at eget metus. Duis mollis, est non commodo luctus, nisi erat porttitor ligula, eget lacinia odio sem nec elit. Maecenas sed diam eget risus varius blandit sit amet non magna. Morbi leo risus, porta ac consectetur ac, vestibulum at eros.<\\/p>\\r\\n<p class=\\\"large\\\"><\\/p>\",\"backgroundColor\":\"#efefef\",\"spacingTop\":\"spacing-top-0\",\"spacingBottom\":\"spacing-bottom-0\"}},\"145\":{\"type\":\"imageWithDescription\",\"enabled\":\"1\",\"fields\":{\"position\":\"left\",\"image\":[\"186\"],\"imageWidth\":\"50\",\"description\":\"<p class=\\\"large\\\">Donec id elit non mi porta gravida at eget metus. Duis mollis, est non commodo luctus, nisi erat porttitor ligula, eget lacinia odio sem nec elit. Maecenas sed diam eget risus varius blandit sit amet non magna. Morbi leo risus, porta ac consectetur ac, vestibulum at eros.<\\/p>\\r\\n<p class=\\\"large\\\"><\\/p>\",\"backgroundColor\":\"#ff5822\",\"spacingTop\":\"spacing-top-0\",\"spacingBottom\":\"spacing-bottom-0\"}}},\"6\":\"Brand Identity System\"}}', '2016-12-15 01:05:00', '2016-12-15 01:05:00', 'cae42462-f85f-4cfe-8407-26741176e63b'),
 ('365', '73', '8', '46', 'en_us', '2', '', '{\"typeId\":\"9\",\"authorId\":\"1\",\"title\":\"Kyle Gabouer\",\"slug\":\"kyle-gabouer\",\"postDate\":1478037300,\"expiryDate\":null,\"enabled\":1,\"parentId\":null,\"fields\":{\"41\":\"Digital Design Director\",\"43\":[\"262\"]}}', '2016-12-15 19:17:52', '2016-12-15 19:17:52', '8180e3d2-3e38-4671-8233-443ca9a39828'),
 ('366', '101', '10', '46', 'en_us', '43', '', '{\"typeId\":\"11\",\"authorId\":null,\"title\":\"Studio\",\"slug\":\"studio\",\"postDate\":1478129954,\"expiryDate\":null,\"enabled\":1,\"parentId\":null,\"fields\":{\"48\":{\"102\":{\"type\":\"1\",\"fields\":{\"backgroundImage\":[\"97\"],\"backgroundColor\":\"#000000\",\"linkUrl\":\"\\/contact\",\"header\":\"Drop \\r\\nus \\r\\na \\r\\nline\",\"subtext\":\"Contact Us\",\"fontColor\":\"#efefef\"}}},\"46\":\"<p class=\\\"large\\\">Born in 2004<\\/p>\\r\\n<p class=\\\"large\\\">We are a full-service creative agency with offices in Seattle and Portland. A dedicated team of designers, strategists, developers and account specialists, we create highly-crafted brand experiences that clarify purpose, encourage action, and inspire brand loyalty. We\\u2019d love to get to know you and help tell your story.&nbsp;<\\/p>\",\"10\":{\"103\":{\"type\":\"carousel\",\"enabled\":\"1\",\"fields\":{\"images\":[\"197\",\"198\",\"196\",\"199\"],\"spacingTop\":\"spacing-top-0\",\"spacingBottom\":\"spacing-bottom-1\"}},\"104\":{\"type\":\"twoColumnContent\",\"enabled\":\"1\",\"fields\":{\"backgroundColor\":\"#000000\",\"leftColumn\":\"<p class=\\\"h3 med\\\"><span class=\\\"white\\\">STYLE<br>IS A<br>SIMPLE<br>WAY<br>OF<br>SAYING<br>COMPLEX<br>THINGS<br><\\/span><span class=\\\"blue\\\">&mdash;JEAN<br>COCTEAU<\\/span><\\/p>\",\"rightColumn\":\"<p class=\\\"large\\\"><span class=\\\"white\\\"><span><\\/span>Style is Not a&nbsp;4-letter Word<span><\\/span><\\/span><\\/p>\\r\\n<p class=\\\"large\\\"><span class=\\\"white\\\"><span><\\/span>In our experience, the brands that are the most magnetic are those which project distinct, memorable and charismatic personalities. These brands place equal emphasis on what they say and how they say it. Some design purists might say that style is merely artificial decoration that should be avoided in favor of logic&mdash;\\u201cform follows function\\u201d and all that. Don\\u2019t get us wrong, we\\u2019re not proponents of style for its own sake, or as ornament applied after an idea has already been defined. Rather, we employ style as an integral and strategic component of our brand-development process. At its best, style can be that magical something about a company or product that pulls people in and transcends the logical. So, to us, style is not a 4-letter word. On the contrary, we embrace it, harnessing its power to cut through the clutter.&nbsp;<\\/span><\\/p>\\r\\n<p class=\\\"large\\\"><span class=\\\"white\\\">And besides, \\u201cstyle\\u201d has five letters.<\\/span><\\/p>\",\"spacingTop\":\"spacing-top-2\",\"spacingBottom\":\"spacing-bottom-0\"}},\"106\":{\"type\":\"twoColumnContent\",\"enabled\":\"1\",\"fields\":{\"backgroundColor\":\"#000000\",\"leftColumn\":\"<p class=\\\"large\\\"><span class=\\\"white\\\">We Do<\\/span><\\/p>\",\"rightColumn\":\"<p class=\\\"h2 caps white\\\"><a href=\\\"\\/strategy\\\">Strategy<\\/a><br><a href=\\\"\\/identity\\\">Identity<\\/a><br><a href=\\\"\\/digital\\\">Digital<\\/a><br><a href=\\\"\\/print\\\">Print<\\/a><br><a href=\\\"\\/packaging\\\">Packaging<\\/a><br><a href=\\\"\\/environment\\\">Environment<\\/a><\\/p>\",\"spacingTop\":\"spacing-top-2\",\"spacingBottom\":\"spacing-bottom-1\"}},\"107\":{\"type\":\"twoColumnContent\",\"enabled\":\"1\",\"fields\":{\"backgroundColor\":\"#ffffff\",\"leftColumn\":\"<p class=\\\"h3 caps\\\">OUR<br>CLIENTS<br>&<br>INDUSTRIES<\\/p>\\r\\n<p class=\\\"h3 caps\\\"><\\/p>\",\"rightColumn\":\"\",\"spacingTop\":\"spacing-top-2\",\"spacingBottom\":\"spacing-bottom-0\"}},\"108\":{\"type\":\"twoColumnContent\",\"enabled\":\"1\",\"fields\":{\"backgroundColor\":\"#ffffff\",\"leftColumn\":\"<p class=\\\"large\\\"><span class=\\\"gray\\\">Industry<\\/span><\\/p>\\r\\n<p class=\\\"h3 caps\\\">TEAGUE<br>NIKE<br>STARBUCKS<br>MICROSOFT<br>AMAZON<br>AIGA<br>NORDSTROM<br>TEAGUE<br>NIKE<\\/p>\\r\\n<p class=\\\"large\\\"><span class=\\\"gray\\\">Industry<\\/span><\\/p>\\r\\n<p class=\\\"h3 caps\\\">TEAGUE<br>NIKE<br>STARBUCKS<br>MICROSOFT<br>AMAZON<br>AIGA<br>NORDSTROM<br>TEAGUE<br>NIKE<\\/p>\\r\\n<p class=\\\"large\\\"><span class=\\\"gray\\\">Industry<\\/span><\\/p>\\r\\n<p class=\\\"h3 caps\\\">TEAGUE<br>NIKE<br>STARBUCKS<br>MICROSOFT<br>AMAZON<br>AIGA<br>NORDSTROM<br>TEAGUE<br>NIKE<\\/p>\",\"rightColumn\":\"<p class=\\\"large\\\"><span class=\\\"gray\\\">Industry<\\/span><\\/p>\\r\\n<p class=\\\"h3 caps\\\">TEAGUE<br>NIKE<br>STARBUCKS<br>MICROSOFT<br>AMAZON<br>AIGA<br>NORDSTROM<br>TEAGUE<br>NIKE<\\/p>\\r\\n<p class=\\\"large\\\"><span class=\\\"gray\\\">Industry<\\/span><\\/p>\\r\\n<p class=\\\"h3 caps\\\">TEAGUE<br>NIKE<br>STARBUCKS<br>MICROSOFT<br>AMAZON<br>AIGA<br>NORDSTROM<br>TEAGUE<br>NIKE<\\/p>\\r\\n<p class=\\\"large\\\"><span class=\\\"gray\\\">Industry<\\/span><\\/p>\\r\\n<p class=\\\"h3 caps\\\">TEAGUE<br>NIKE<br>STARBUCKS<br>MICROSOFT<br>AMAZON<br>AIGA<br>NORDSTROM<br>TEAGUE<br>NIKE<\\/p>\",\"spacingTop\":\"spacing-top-1\",\"spacingBottom\":\"spacing-bottom-2\"}}},\"47\":\"<p class=\\\"large\\\">08\\/2016 &mdash; IdN Magazine v23n2<\\/p>\\r\\n<p class=\\\"large\\\">06\\/2016 &mdash; Communication Arts Design Annual 2016<\\/p>\\r\\n<p class=\\\"large\\\">05\\/2016 &mdash; PRINT Magazine Regional Design Annual 2016<\\/p>\\r\\n<p class=\\\"large\\\">03\\/2016 &mdash; Communication Arts Design Annual 2015<\\/p>\\r\\n<p class=\\\"large\\\">02\\/2016 &mdash; IdN Magazine v23n2<\\/p>\\r\\n<p class=\\\"large\\\">12\\/2015 &mdash; Communication Arts Design Annual 2016<\\/p>\\r\\n<p class=\\\"large\\\">10\\/2015 &mdash; PRINT Magazine Regional Design Annual 2016<\\/p>\\r\\n<p class=\\\"large\\\">10\\/2015 &mdash; Communication Arts Design Annual 2015<\\/p>\\r\\n<p class=\\\"large\\\">06\\/2015 &mdash; PRINT Magazine Regional Design Annual 2016<\\/p>\\r\\n<p class=\\\"large\\\">02\\/2015 &mdash; Communication Arts Design Annual 2015<\\/p>\",\"44\":\"MEET\\r\\nOUR\\r\\nTALENTED\\r\\nTEAM\"}}', '2016-12-15 19:23:11', '2016-12-15 19:23:11', '03dbed37-d252-4ed8-8510-4892923879d6'),
 ('367', '265', '3', '46', 'en_us', '1', '', '{\"typeId\":null,\"authorId\":\"46\",\"title\":\"Homegrown\",\"slug\":\"homegrown\",\"postDate\":1481841857,\"expiryDate\":null,\"enabled\":1,\"parentId\":null,\"fields\":{\"14\":\"\",\"3\":[\"10\",\"11\",\"14\"],\"29\":\"#262626\",\"9\":\"SANDWICHES\\r\\nARE\\r\\nGOOD\\r\\nYUM\",\"7\":[\"264\"],\"4\":\"#b9d432\",\"8\":\"<p class=\\\"large\\\">Donec id elit non mi porta gravida at eget metus. Curabitur blandit tempus porttitor. Vestibulum id ligula porta felis euismod semper. Aenean lacinia bibendum nulla sed consectetur.&nbsp;Donec id elit non mi porta gravida at eget metus. Curabitur blandit tempus porttitor. Vestibulum id ligula porta felis euismod semper. Aenean lacinia bibendum nulla sed consectetur.&nbsp;<\\/p>\",\"62\":[\"263\"],\"10\":\"\",\"6\":\"Brand Refresh & Website\"}}', '2016-12-15 22:44:18', '2016-12-15 22:44:18', '11fc2288-3212-4945-982b-b7325703c435'),
 ('368', '265', '3', '46', 'en_us', '2', '', '{\"typeId\":\"3\",\"authorId\":\"46\",\"title\":\"Homegrown\",\"slug\":\"homegrown\",\"postDate\":1481841840,\"expiryDate\":null,\"enabled\":1,\"parentId\":null,\"fields\":{\"14\":\"\",\"3\":[\"10\",\"11\",\"14\"],\"29\":\"#262626\",\"9\":\"SANDWICHES\\r\\nARE\\r\\nGOOD\\r\\nYUM\",\"7\":[\"264\"],\"4\":\"#b9d432\",\"8\":\"<p class=\\\"large\\\">Donec id elit non mi porta gravida at eget metus. Curabitur blandit tempus porttitor. Vestibulum id ligula porta felis euismod semper. Aenean lacinia bibendum nulla sed consectetur.&nbsp;Donec id elit non mi porta gravida at eget metus. Curabitur blandit tempus porttitor. Vestibulum id ligula porta felis euismod semper. Aenean lacinia bibendum nulla sed consectetur.&nbsp;<\\/p>\",\"62\":[\"263\"],\"10\":\"\",\"6\":\"Brand Refresh & Website\"}}', '2016-12-15 22:46:27', '2016-12-15 22:46:27', 'd0448a43-4b90-42f9-ac4f-e6d87c32952c'),
 ('369', '265', '3', '46', 'en_us', '3', '', '{\"typeId\":\"3\",\"authorId\":\"46\",\"title\":\"Homegrown\",\"slug\":\"homegrown\",\"postDate\":1481841840,\"expiryDate\":null,\"enabled\":1,\"parentId\":null,\"fields\":{\"14\":\"\",\"3\":[\"10\",\"11\",\"14\"],\"29\":\"#262626\",\"9\":\"SANDWICHES\\r\\nARE\\r\\nGOOD\\r\\nYUM\",\"7\":[\"264\"],\"4\":\"#b9d432\",\"8\":\"<p class=\\\"large\\\">Donec id elit non mi porta gravida at eget metus. Curabitur blandit tempus porttitor. Vestibulum id ligula porta felis euismod semper. Aenean lacinia bibendum nulla sed consectetur.&nbsp;Donec id elit non mi porta gravida at eget metus. Curabitur blandit tempus porttitor. Vestibulum id ligula porta felis euismod semper. Aenean lacinia bibendum nulla sed consectetur.&nbsp;<\\/p>\",\"62\":[\"263\"],\"10\":\"\",\"6\":\"Brand Refresh & Website\"}}', '2016-12-15 22:51:01', '2016-12-15 22:51:01', '7d31807d-628b-41c0-bac4-832baf97ce77'),
 ('370', '265', '3', '46', 'en_us', '4', '', '{\"typeId\":\"3\",\"authorId\":\"46\",\"title\":\"Homegrown\",\"slug\":\"homegrown\",\"postDate\":1481841840,\"expiryDate\":null,\"enabled\":1,\"parentId\":null,\"fields\":{\"14\":\"\",\"3\":[\"10\",\"11\",\"14\"],\"29\":\"#262626\",\"9\":\"SANDWICHES\\r\\nARE\\r\\nGOOD\\r\\nYUM\",\"7\":[\"264\"],\"4\":\"#b9d432\",\"8\":\"<p class=\\\"large\\\">Donec id elit non mi porta gravida at eget metus. Curabitur blandit tempus porttitor. Vestibulum id ligula porta felis euismod semper. Aenean lacinia bibendum nulla sed consectetur.&nbsp;Donec id elit non mi porta gravida at eget metus. Curabitur blandit tempus porttitor. Vestibulum id ligula porta felis euismod semper. Aenean lacinia bibendum nulla sed consectetur.&nbsp;<\\/p>\",\"62\":[\"263\"],\"10\":\"\",\"6\":\"Brand Refresh & Website\"}}', '2016-12-15 22:52:46', '2016-12-15 22:52:46', '36d7251e-edae-4ea3-866d-e12032c5cd1f'),
 ('371', '265', '3', '46', 'en_us', '5', '', '{\"typeId\":\"3\",\"authorId\":\"46\",\"title\":\"Homegrown\",\"slug\":\"homegrown\",\"postDate\":1481841840,\"expiryDate\":null,\"enabled\":1,\"parentId\":null,\"fields\":{\"14\":{\"new1\":{\"type\":\"2\",\"fields\":{\"header\":\"Website\",\"info\":\"<p><a href=\\\"http:\\/\\/eathomegrown.com\\/\\\" target=\\\"_blank\\\">eathomegrown.com<\\/a><\\/p>\"}}},\"3\":[\"10\",\"11\",\"14\"],\"29\":\"#262626\",\"9\":\"SANDWICHES\\r\\nARE\\r\\nGOOD\\r\\nYUM\",\"7\":[\"264\"],\"4\":\"#b9d432\",\"8\":\"<p class=\\\"large\\\">Donec id elit non mi porta gravida at eget metus. Curabitur blandit tempus porttitor. Vestibulum id ligula porta felis euismod semper. Aenean lacinia bibendum nulla sed consectetur.&nbsp;Donec id elit non mi porta gravida at eget metus. Curabitur blandit tempus porttitor. Vestibulum id ligula porta felis euismod semper. Aenean lacinia bibendum nulla sed consectetur.&nbsp;<\\/p>\",\"62\":[\"263\"],\"10\":\"\",\"6\":\"Brand Refresh & Website\"}}', '2016-12-15 22:56:32', '2016-12-15 22:56:32', '1ef241cb-a94a-4a97-97b3-891ede1938ad'),
 ('372', '15', '3', '46', 'en_us', '109', '', '{\"typeId\":\"3\",\"authorId\":\"1\",\"title\":\"Fulcrum Foundation\",\"slug\":\"fulcrum-brand-identity-website\",\"postDate\":1476391140,\"expiryDate\":null,\"enabled\":1,\"parentId\":null,\"fields\":{\"14\":{\"254\":{\"type\":\"2\",\"fields\":{\"header\":\"Website\",\"info\":\"<p><a href=\\\"http:\\/\\/fulcrumfoundation.org\\\" target=\\\"_blank\\\">fulcrumfoundation.org<\\/a><\\/p>\"}}},\"3\":[\"9\",\"10\",\"11\",\"12\"],\"29\":\"#efefef\",\"9\":\"A\\r\\nNEW LOOK\\r\\nFOR\\r\\nCATHOLIC\\r\\nEDUCATION\",\"7\":[\"245\"],\"4\":\"#262628\",\"8\":\"<p class=\\\"large\\\">Donec id elit non mi porta gravida at eget metus. Aenean lacinia bibendum nulla sed consectetur. Cras justo odio, dapibus ac facilisis in, egestas eget quam. Donec id elit non mi porta gravida at eget metus. Cras mattis consectetur purus sit amet fermentum.&nbsp;Maecenas faucibus mollis interdum. Aenean lacinia bibendum nulla sed consectetur. Praesent commodo cursus magna, vel scelerisque nisl consectetur et. Sed posuere consectetur est at lobortis. Cum sociis natoque penatibus et magnis dis parturient montes, nascetur ridiculus mus. Sed posuere consectetur est at lobortis. Lorem ipsum dolor sit amet, consectetur adipiscing elit.<\\/p>\",\"62\":[\"249\"],\"10\":{\"260\":{\"type\":\"insetImage\",\"enabled\":\"1\",\"fields\":{\"image\":[\"259\"],\"imageWidth\":\"50\",\"backgroundColor\":\"#efefef\",\"spacingTop\":\"spacing-top-4\",\"spacingBottom\":\"spacing-bottom-4\"}},\"28\":{\"type\":\"largeImage\",\"enabled\":\"1\",\"fields\":{\"image\":[\"177\"],\"layoutOptions\":\"full-width\",\"spacingTop\":\"spacing-top-0\",\"spacingBottom\":\"spacing-bottom-0\"}}},\"6\":\"Brand Identity & Website\"}}', '2016-12-15 22:56:54', '2016-12-15 22:56:54', '930e0fa7-d3bf-4b36-9495-3bdba9d19d95'),
 ('373', '265', '3', '46', 'en_us', '6', '', '{\"typeId\":\"3\",\"authorId\":\"46\",\"title\":\"Homegrown\",\"slug\":\"homegrown\",\"postDate\":1481841840,\"expiryDate\":null,\"enabled\":1,\"parentId\":null,\"fields\":{\"14\":{\"269\":{\"type\":\"2\",\"fields\":{\"header\":\"Website\",\"info\":\"<p><a href=\\\"http:\\/\\/eathomegrown.com\\/\\\" target=\\\"_blank\\\">eathomegrown.com<\\/a><\\/p>\"}}},\"3\":[\"10\",\"11\",\"14\"],\"29\":\"#262626\",\"9\":\"SANDWICHES\\r\\nARE\\r\\nGOOD\\r\\nYUM\",\"7\":[\"264\"],\"4\":\"#b9d432\",\"8\":\"<p class=\\\"large\\\">Donec id elit non mi porta gravida at eget metus. Curabitur blandit tempus porttitor. Vestibulum id ligula porta felis euismod semper. Aenean lacinia bibendum nulla sed consectetur.&nbsp;Donec id elit non mi porta gravida at eget metus. Curabitur blandit tempus porttitor. Vestibulum id ligula porta felis euismod semper. Aenean lacinia bibendum nulla sed consectetur.&nbsp;<\\/p>\",\"62\":[\"263\"],\"10\":\"\",\"6\":\"Brand Refresh & Website\"}}', '2016-12-15 22:58:12', '2016-12-15 22:58:12', '6431b141-1800-478a-b496-6eccc08e2b9c'),
 ('374', '201', '3', '46', 'en_us', '40', '', '{\"typeId\":\"3\",\"authorId\":\"46\",\"title\":\"Turnstyle\",\"slug\":\"turnstyle-case-study-guide\",\"postDate\":1479938460,\"expiryDate\":null,\"enabled\":1,\"parentId\":null,\"fields\":{\"14\":{\"253\":{\"type\":\"2\",\"fields\":{\"header\":\"Category Heading\",\"info\":\"<p>Additional Info<\\/p>\"}}},\"3\":[\"11\",\"12\",\"13\"],\"29\":\"#ffffff\",\"9\":\"HERO\\r\\nHEADLINE\\r\\nWITH LINE\\r\\nBREAKS\",\"7\":[\"244\"],\"4\":\"#3c00ff\",\"8\":\"<p class=\\\"large\\\">Welcome to the case study guide! Please don\'t delete me. When the time comes, we can turn me off, but until then I shall exist. Within this guide you will find information about the modules, color, typography, image optimization, file naming and more.<\\/p>\\r\\n<p class=\\\"large\\\">The area at right is dynamically populated with information from the CMS. The client comes from the title&nbsp;field, and the disciplines can be added one at a time depending on the particular project. Additional fields can be added and customized for things like URLs, Awards &&nbsp;Press, and other things unique to particular projects.<\\/p>\",\"62\":[\"270\"],\"10\":{\"211\":{\"type\":\"centeredText\",\"enabled\":\"1\",\"fields\":{\"text\":\"<p class=\\\"large\\\"><span class=\\\"white\\\">The Modules (this is the Centered Text module)<\\/span><\\/p>\\r\\n<p class=\\\"large\\\"><span class=\\\"white\\\">Below are all the modules in the CMS, with accompanying image sizing and other specs. There are several variables available to each module, some have more than others. You can specify vertical spacing (padding), background color, image\\/text orientation, full width vs framed, etc. Each module has a unique set of components one can set. Image modules have the image sizes specified in the CMS with the associated field.<\\/span><\\/p>\",\"backgroundColor\":\"#000000\",\"spacingTop\":\"spacing-top-2\",\"spacingBottom\":\"spacing-bottom-2\"}},\"212\":{\"type\":\"largeImage\",\"enabled\":\"1\",\"fields\":{\"image\":[\"213\"],\"layoutOptions\":\"full-width\",\"spacingTop\":\"spacing-top-0\",\"spacingBottom\":\"spacing-bottom-0\"}},\"219\":{\"type\":\"largeImage\",\"enabled\":\"1\",\"fields\":{\"image\":[\"213\"],\"layoutOptions\":\"framed\",\"spacingTop\":\"spacing-top-2\",\"spacingBottom\":\"spacing-bottom-2\"}},\"215\":{\"type\":\"insetImage\",\"enabled\":\"1\",\"fields\":{\"image\":[\"214\"],\"imageWidth\":\"50\",\"backgroundColor\":\"#000000\",\"spacingTop\":\"spacing-top-2\",\"spacingBottom\":\"spacing-bottom-2\"}},\"216\":{\"type\":\"imageWithDescription\",\"enabled\":\"1\",\"fields\":{\"position\":\"left\",\"image\":[\"214\"],\"imageWidth\":\"75\",\"description\":\"<p class=\\\"large\\\">This is the Image with Description module. The text orientation (left\\/right), background color and&nbsp;vertical spacing is variable.<\\/p>\",\"backgroundColor\":\"#efefef\",\"spacingTop\":\"spacing-top-2\",\"spacingBottom\":\"spacing-bottom-2\"}},\"218\":{\"type\":\"twoUpImages\",\"enabled\":\"1\",\"fields\":{\"leftImage\":[\"221\"],\"rightImage\":[\"217\"],\"spacingTop\":\"spacing-top-2\",\"spacingBottom\":\"spacing-bottom-2\"}},\"243\":{\"type\":\"largeImage\",\"enabled\":\"1\",\"fields\":{\"image\":[\"242\"],\"layoutOptions\":\"full-width\",\"spacingTop\":\"spacing-top-0\",\"spacingBottom\":\"spacing-bottom-0\"}},\"235\":{\"type\":\"video\",\"enabled\":\"1\",\"fields\":{\"vimeoEmbedUrl\":\"https:\\/\\/player.vimeo.com\\/external\\/112934911.sd.mp4?s=a11efd4f0191a7846bc17eeba07e1739e031775d&profile_id=112\",\"posterImage\":[\"236\"],\"autoplay\":\"\",\"framed\":\"\"}},\"237\":{\"type\":\"video\",\"enabled\":\"1\",\"fields\":{\"vimeoEmbedUrl\":\"https:\\/\\/player.vimeo.com\\/external\\/112936935.sd.mp4?s=ec74a18135c1f7a0b6fceafd06c4cafd448d0cbb&profile_id=165\",\"posterImage\":\"\",\"autoplay\":\"1\",\"framed\":\"1\"}},\"222\":{\"type\":\"centeredText\",\"enabled\":\"1\",\"fields\":{\"text\":\"<p class=\\\"large\\\"><span class=\\\"white\\\">There is also a carousel module. The carousel module is being dialed in and spec\'s aren\'t available. It isn\'t something we\'d intended to be a widely used case study&nbsp;component anyway. Keep on scrolling for color, type, file naming, etc.<\\/span><\\/p>\",\"backgroundColor\":\"#000000\",\"spacingTop\":\"spacing-top-2\",\"spacingBottom\":\"spacing-bottom-2\"}},\"208\":{\"type\":\"imageWithDescription\",\"enabled\":\"1\",\"fields\":{\"position\":\"right\",\"image\":[\"207\"],\"imageWidth\":\"75\",\"description\":\"<p class=\\\"large\\\">Color Palette<\\/p>\\r\\n<p class=\\\"large\\\">All type on the site is off-white or off-black. When designating a type color for the hero area, select one of those two.&nbsp;Background colors & highlight colors can be uniquely specified based on the color palette of a particular project, or for dramatic effect!<\\/p>\",\"backgroundColor\":\"#ffffff\",\"spacingTop\":\"spacing-top-2\",\"spacingBottom\":\"spacing-bottom-2\"}},\"224\":{\"type\":\"imageWithDescription\",\"enabled\":\"1\",\"fields\":{\"position\":\"left\",\"image\":[\"223\"],\"imageWidth\":\"75\",\"description\":\"<p class=\\\"large\\\">Image Types<\\/p>\\r\\n<p class=\\\"large\\\">The CMS&nbsp;will accept just about any image format (JPEG, GIF, PNG, SVG, etc). It is important that our site perform well and look great \\u2013 so there are particular instances where using an SVG may be preferred to a transparent PNG, for icons, logos, etc. The image&nbsp;at left is example of an SVG.<\\/p>\",\"backgroundColor\":\"#ffffff\",\"spacingTop\":\"spacing-top-2\",\"spacingBottom\":\"spacing-bottom-2\"}},\"226\":{\"type\":\"imageWithDescription\",\"enabled\":\"1\",\"fields\":{\"position\":\"right\",\"image\":[\"225\"],\"imageWidth\":\"100\",\"description\":\"<p class=\\\"large\\\">Image Optimization<\\/p>\\r\\n<p class=\\\"large\\\">The majority of the images we upload into our CMS will be JPEGs. JPEGs can get large, and we want to keep the file size down to optimize performance. ALL JPEG images should be optimized with the JPEG High preset. The Quality should be set to 60% and Progressive should be checked.<\\/p>\",\"backgroundColor\":\"#ffffff\",\"spacingTop\":\"spacing-top-2\",\"spacingBottom\":\"spacing-bottom-2\"}},\"230\":{\"type\":\"imageWithDescription\",\"enabled\":\"1\",\"fields\":{\"position\":\"left\",\"image\":[\"227\"],\"imageWidth\":\"75\",\"description\":\"<p class=\\\"large\\\">File Naming<\\/p>\\r\\n<p class=\\\"large\\\">File naming should be consistent across all entries. For common, required&nbsp;elements, such as the Hero Image and the List Image (thumbnail), a common convention should be adhered to. For all other images, use an appropriate description of the content of the image.&nbsp;<\\/p>\\r\\n<p class=\\\"large\\\">All file names should be lowercase, with hyphens separating descriptors, followed by a number. Serial and alternate&nbsp;images should use the same name and the next number, -01, -02, etc.<\\/p>\",\"backgroundColor\":\"#ffffff\",\"spacingTop\":\"spacing-top-2\",\"spacingBottom\":\"spacing-bottom-2\"}}},\"6\":\"Case Study Guide\"}}', '2016-12-15 23:20:00', '2016-12-15 23:20:00', '99de06e2-5ca7-4235-afbc-f762bcf91450'),
 ('375', '15', '3', '46', 'en_us', '110', '', '{\"typeId\":\"3\",\"authorId\":\"1\",\"title\":\"Fulcrum Foundation\",\"slug\":\"fulcrum-brand-identity-website\",\"postDate\":1476391140,\"expiryDate\":null,\"enabled\":1,\"parentId\":null,\"fields\":{\"14\":{\"254\":{\"type\":\"2\",\"fields\":{\"header\":\"Website\",\"info\":\"<p><a href=\\\"http:\\/\\/fulcrumfoundation.org\\\" target=\\\"_blank\\\">fulcrumfoundation.org<\\/a><\\/p>\"}}},\"3\":[\"9\",\"10\",\"11\",\"12\"],\"29\":\"#efefef\",\"9\":\"A\\r\\nNEW LOOK\\r\\nFOR\\r\\nCATHOLIC\\r\\nEDUCATION\",\"7\":[\"245\"],\"4\":\"#262628\",\"8\":\"<p class=\\\"large\\\">Donec id elit non mi porta gravida at eget metus. Aenean lacinia bibendum nulla sed consectetur. Cras justo odio, dapibus ac facilisis in, egestas eget quam. Donec id elit non mi porta gravida at eget metus. Cras mattis consectetur purus sit amet fermentum.&nbsp;Maecenas faucibus mollis interdum. Aenean lacinia bibendum nulla sed consectetur. Praesent commodo cursus magna, vel scelerisque nisl consectetur et. Sed posuere consectetur est at lobortis. Cum sociis natoque penatibus et magnis dis parturient montes, nascetur ridiculus mus. Sed posuere consectetur est at lobortis. Lorem ipsum dolor sit amet, consectetur adipiscing elit.<\\/p>\",\"62\":[\"249\"],\"10\":{\"260\":{\"type\":\"insetImage\",\"enabled\":\"1\",\"fields\":{\"image\":[\"259\"],\"imageWidth\":\"50\",\"backgroundColor\":\"#efefef\",\"spacingTop\":\"spacing-top-4\",\"spacingBottom\":\"spacing-bottom-4\"}},\"28\":{\"type\":\"largeImage\",\"enabled\":\"1\",\"fields\":{\"image\":[\"177\"],\"layoutOptions\":\"full-width\",\"spacingTop\":\"spacing-top-0\",\"spacingBottom\":\"spacing-bottom-0\"}}},\"6\":\"Brand Identity & Website\"}}', '2016-12-15 23:21:38', '2016-12-15 23:21:38', '1e6302b8-a1b2-4bef-9ff5-116126498c78'),
 ('376', '15', '3', '46', 'en_us', '111', '', '{\"typeId\":\"3\",\"authorId\":\"1\",\"title\":\"Fulcrum Foundation\",\"slug\":\"fulcrum-brand-identity-website\",\"postDate\":1476391140,\"expiryDate\":null,\"enabled\":1,\"parentId\":null,\"fields\":{\"14\":{\"254\":{\"type\":\"2\",\"fields\":{\"header\":\"Website\",\"info\":\"<p><a href=\\\"http:\\/\\/fulcrumfoundation.org\\\" target=\\\"_blank\\\">fulcrumfoundation.org<\\/a><\\/p>\"}}},\"3\":[\"9\",\"10\",\"11\",\"12\"],\"29\":\"#efefef\",\"9\":\"A\\r\\nNEW LOOK\\r\\nFOR\\r\\nCATHOLIC\\r\\nEDUCATION\",\"7\":[\"245\"],\"4\":\"#262628\",\"8\":\"<p class=\\\"large\\\">Donec id elit non mi porta gravida at eget metus. Aenean lacinia bibendum nulla sed consectetur. Cras justo odio, dapibus ac facilisis in, egestas eget quam. Donec id elit non mi porta gravida at eget metus. Cras mattis consectetur purus sit amet fermentum.&nbsp;Maecenas faucibus mollis interdum. Aenean lacinia bibendum nulla sed consectetur. Praesent commodo cursus magna, vel scelerisque nisl consectetur et. Sed posuere consectetur est at lobortis. Cum sociis natoque penatibus et magnis dis parturient montes, nascetur ridiculus mus. Sed posuere consectetur est at lobortis. Lorem ipsum dolor sit amet, consectetur adipiscing elit.<\\/p>\",\"62\":[\"249\"],\"10\":{\"260\":{\"type\":\"insetImage\",\"enabled\":\"1\",\"fields\":{\"image\":[\"259\"],\"imageWidth\":\"50\",\"backgroundColor\":\"#efefef\",\"spacingTop\":\"spacing-top-4\",\"spacingBottom\":\"spacing-bottom-4\"}},\"28\":{\"type\":\"largeImage\",\"enabled\":\"1\",\"fields\":{\"image\":[\"177\"],\"layoutOptions\":\"full-width\",\"spacingTop\":\"spacing-top-0\",\"spacingBottom\":\"spacing-bottom-0\"}}},\"6\":\"Brand Identity & Website\"}}', '2016-12-16 00:13:45', '2016-12-16 00:13:45', 'c383ef38-b6ae-49cd-bd0d-72c17123f8e5'),
 ('377', '265', '3', '46', 'en_us', '7', '', '{\"typeId\":\"3\",\"authorId\":\"46\",\"title\":\"Homegrown\",\"slug\":\"homegrown\",\"postDate\":1481841840,\"expiryDate\":null,\"enabled\":1,\"parentId\":null,\"fields\":{\"14\":{\"269\":{\"type\":\"2\",\"fields\":{\"header\":\"Website\",\"info\":\"<p><a href=\\\"http:\\/\\/eathomegrown.com\\/\\\" target=\\\"_blank\\\">eathomegrown.com<\\/a><\\/p>\"}}},\"3\":[\"10\",\"11\",\"14\"],\"29\":\"#262626\",\"9\":\"SANDWICHES\\r\\nARE\\r\\nGOOD\\r\\nYUM\",\"7\":[\"264\"],\"4\":\"#b9d432\",\"8\":\"<p class=\\\"large\\\">Donec id elit non mi porta gravida at eget metus. Curabitur blandit tempus porttitor. Vestibulum id ligula porta felis euismod semper. Aenean lacinia bibendum nulla sed consectetur.&nbsp;Donec id elit non mi porta gravida at eget metus. Curabitur blandit tempus porttitor. Vestibulum id ligula porta felis euismod semper. Aenean lacinia bibendum nulla sed consectetur.&nbsp;<\\/p>\",\"62\":[\"263\"],\"10\":\"\",\"6\":\"Brand Refresh & Website\"}}', '2016-12-16 00:14:06', '2016-12-16 00:14:06', 'e56a4f0c-9a9c-4e59-ac1e-a0866c917d89'),
 ('378', '16', '3', '46', 'en_us', '38', '', '{\"typeId\":\"3\",\"authorId\":\"1\",\"title\":\"Oiselle\",\"slug\":\"oiselle-identity\",\"postDate\":1476391140,\"expiryDate\":null,\"enabled\":1,\"parentId\":null,\"fields\":{\"14\":\"\",\"3\":[\"10\",\"11\",\"12\",\"14\"],\"29\":\"#efefef\",\"9\":\"AN\\r\\nINFUSION\\r\\nOF\\r\\nNEW\\r\\nENERGY\",\"7\":[\"273\"],\"4\":\"#ff5822\",\"8\":\"<p class=\\\"large\\\">As they prepared to open their first bricks and mortar store, Oiselle&mdash;a pioneer in women\\u2019s running and athletic fashion&mdash;had a mature brand that needed an infusion of new energy. Turnstyle worked with the Oiselle team to establish an updated identity system and then applied it to a huge range of customer touch points, coordinated to deliver, install and deploy in concert with their store opening in Seattle\\u2019s University Village in the summer of 2015.<\\/p>\",\"62\":[\"261\"],\"10\":{\"137\":{\"type\":\"largeImage\",\"enabled\":\"1\",\"fields\":{\"image\":[\"185\"],\"layoutOptions\":\"framed\",\"spacingTop\":\"spacing-top-0\",\"spacingBottom\":\"spacing-bottom-0\"}},\"140\":{\"type\":\"largeImage\",\"enabled\":\"1\",\"fields\":{\"image\":[\"185\"],\"layoutOptions\":\"framed\",\"spacingTop\":\"spacing-top-0\",\"spacingBottom\":\"spacing-bottom-0\"}},\"141\":{\"type\":\"insetImage\",\"enabled\":\"1\",\"fields\":{\"image\":[\"186\"],\"imageWidth\":\"50\",\"backgroundColor\":\"#000000\",\"spacingTop\":\"spacing-top-0\",\"spacingBottom\":\"spacing-bottom-0\"}},\"142\":{\"type\":\"imageWithDescription\",\"enabled\":\"1\",\"fields\":{\"position\":\"right\",\"image\":[\"186\"],\"imageWidth\":\"100\",\"description\":\"<p class=\\\"large\\\">Donec id elit non mi porta gravida at eget metus. Duis mollis, est non commodo luctus, nisi erat porttitor ligula, eget lacinia odio sem nec elit. Maecenas sed diam eget risus varius blandit sit amet non magna. Morbi leo risus, porta ac consectetur ac, vestibulum at eros.<\\/p>\",\"backgroundColor\":\"#afafaf\",\"spacingTop\":\"spacing-top-0\",\"spacingBottom\":\"spacing-bottom-0\"}},\"143\":{\"type\":\"twoUpImages\",\"enabled\":\"1\",\"fields\":{\"leftImage\":[\"186\"],\"rightImage\":[\"186\"],\"spacingTop\":\"spacing-top-0\",\"spacingBottom\":\"spacing-bottom-0\"}},\"144\":{\"type\":\"centeredText\",\"enabled\":\"1\",\"fields\":{\"text\":\"<p class=\\\"large\\\">Donec id elit non mi porta gravida at eget metus. Duis mollis, est non commodo luctus, nisi erat porttitor ligula, eget lacinia odio sem nec elit. Maecenas sed diam eget risus varius blandit sit amet non magna. Morbi leo risus, porta ac consectetur ac, vestibulum at eros.<\\/p>\\r\\n<p class=\\\"large\\\"><\\/p>\",\"backgroundColor\":\"#efefef\",\"spacingTop\":\"spacing-top-0\",\"spacingBottom\":\"spacing-bottom-0\"}},\"145\":{\"type\":\"imageWithDescription\",\"enabled\":\"1\",\"fields\":{\"position\":\"left\",\"image\":[\"186\"],\"imageWidth\":\"50\",\"description\":\"<p class=\\\"large\\\">Donec id elit non mi porta gravida at eget metus. Duis mollis, est non commodo luctus, nisi erat porttitor ligula, eget lacinia odio sem nec elit. Maecenas sed diam eget risus varius blandit sit amet non magna. Morbi leo risus, porta ac consectetur ac, vestibulum at eros.<\\/p>\\r\\n<p class=\\\"large\\\"><\\/p>\",\"backgroundColor\":\"#ff5822\",\"spacingTop\":\"spacing-top-0\",\"spacingBottom\":\"spacing-bottom-0\"}}},\"6\":\"Brand Identity System\"}}', '2016-12-16 00:19:30', '2016-12-16 00:19:30', 'ba825168-1ba5-4ee9-9070-11d15162b943'),
 ('379', '16', '3', '46', 'en_us', '39', '', '{\"typeId\":\"3\",\"authorId\":\"1\",\"title\":\"Oiselle\",\"slug\":\"oiselle-identity\",\"postDate\":1476391140,\"expiryDate\":null,\"enabled\":1,\"parentId\":null,\"fields\":{\"14\":\"\",\"3\":[\"10\",\"11\",\"12\",\"14\"],\"29\":\"#efefef\",\"9\":\"AN\\r\\nINFUSION\\r\\nOF\\r\\nNEW\\r\\nENERGY\",\"7\":[\"273\"],\"4\":\"#ff5822\",\"8\":\"<p class=\\\"large\\\">As they prepared to open their first bricks and mortar store, Oiselle&mdash;a pioneer in women\\u2019s running and athletic fashion&mdash;had a mature brand that needed an infusion of new energy. Turnstyle worked with the Oiselle team to establish an updated identity system and then applied it to a huge range of customer touch points, coordinated to deliver, install and deploy in concert with their store opening in Seattle\\u2019s University Village in the summer of 2015.<\\/p>\",\"62\":[\"261\"],\"10\":{\"137\":{\"type\":\"largeImage\",\"enabled\":\"1\",\"fields\":{\"image\":[\"185\"],\"layoutOptions\":\"framed\",\"spacingTop\":\"spacing-top-1\",\"spacingBottom\":\"spacing-bottom-1\"}}},\"6\":\"Brand Identity System\"}}', '2016-12-16 00:20:12', '2016-12-16 00:20:12', '8ed27920-5dd5-45a6-9934-b28a533c4919'),
 ('380', '15', '3', '46', 'en_us', '112', '', '{\"typeId\":\"3\",\"authorId\":\"1\",\"title\":\"Fulcrum Foundation\",\"slug\":\"fulcrum-brand-identity-website\",\"postDate\":1476391140,\"expiryDate\":null,\"enabled\":1,\"parentId\":null,\"fields\":{\"14\":{\"254\":{\"type\":\"2\",\"fields\":{\"header\":\"Website\",\"info\":\"<p><a href=\\\"http:\\/\\/fulcrumfoundation.org\\\" target=\\\"_blank\\\">fulcrumfoundation.org<\\/a><\\/p>\"}}},\"3\":[\"9\",\"10\",\"11\",\"12\"],\"29\":\"#efefef\",\"9\":\"A\\r\\nNEW LOOK\\r\\nFOR\\r\\nCATHOLIC\\r\\nEDUCATION\",\"7\":[\"274\"],\"4\":\"#262628\",\"8\":\"<p class=\\\"large\\\">Donec id elit non mi porta gravida at eget metus. Aenean lacinia bibendum nulla sed consectetur. Cras justo odio, dapibus ac facilisis in, egestas eget quam. Donec id elit non mi porta gravida at eget metus. Cras mattis consectetur purus sit amet fermentum.&nbsp;Maecenas faucibus mollis interdum. Aenean lacinia bibendum nulla sed consectetur. Praesent commodo cursus magna, vel scelerisque nisl consectetur et. Sed posuere consectetur est at lobortis. Cum sociis natoque penatibus et magnis dis parturient montes, nascetur ridiculus mus. Sed posuere consectetur est at lobortis. Lorem ipsum dolor sit amet, consectetur adipiscing elit.<\\/p>\",\"62\":[\"249\"],\"10\":{\"260\":{\"type\":\"insetImage\",\"enabled\":\"1\",\"fields\":{\"image\":[\"259\"],\"imageWidth\":\"50\",\"backgroundColor\":\"#efefef\",\"spacingTop\":\"spacing-top-4\",\"spacingBottom\":\"spacing-bottom-4\"}},\"28\":{\"type\":\"largeImage\",\"enabled\":\"1\",\"fields\":{\"image\":[\"177\"],\"layoutOptions\":\"full-width\",\"spacingTop\":\"spacing-top-0\",\"spacingBottom\":\"spacing-bottom-0\"}}},\"6\":\"Brand Identity & Website\"}}', '2016-12-16 00:28:34', '2016-12-16 00:28:34', '4a94a0bf-59c3-4b2e-8baa-a74fa9bee13c'),
 ('381', '276', '3', '152', 'en_us', '1', '', '{\"typeId\":null,\"authorId\":\"152\",\"title\":\"Teague Flying Aces\",\"slug\":\"teague-flying-aces\",\"postDate\":1481916036,\"expiryDate\":null,\"enabled\":1,\"parentId\":null,\"fields\":{\"14\":\"\",\"3\":\"\",\"29\":\"#262626\",\"9\":\"I FEEL THE\\r\\nNEED THE NEED\\r\\nFOR SPEED\",\"7\":[\"275\"],\"4\":\"#9322e3\",\"8\":\"\",\"62\":\"\",\"10\":\"\",\"6\":\"Brand Identity & Website\"}}', '2016-12-16 19:20:36', '2016-12-16 19:20:36', 'aa922c86-8ee0-4b6d-bfbb-2614ab22ba14'),
 ('382', '276', '3', '152', 'en_us', '2', '', '{\"typeId\":\"3\",\"authorId\":\"152\",\"title\":\"Teague Flying Aces\",\"slug\":\"teague-flying-aces\",\"postDate\":1481916000,\"expiryDate\":null,\"enabled\":1,\"parentId\":null,\"fields\":{\"14\":\"\",\"3\":\"\",\"29\":\"#262626\",\"9\":\"I FEEL THE\\r\\nNEED THE NEED\\r\\nFOR SPEED\",\"7\":[\"275\"],\"4\":\"#9322e3\",\"8\":\"\",\"62\":[\"277\"],\"10\":\"\",\"6\":\"Brand Identity & Website\"}}', '2016-12-16 19:28:57', '2016-12-16 19:28:57', '3469fdd6-2f66-4ca5-8056-50186a31deda'),
 ('383', '276', '3', '152', 'en_us', '3', '', '{\"typeId\":\"3\",\"authorId\":\"152\",\"title\":\"Teague Flying Aces\",\"slug\":\"teague-flying-aces\",\"postDate\":1481916000,\"expiryDate\":null,\"enabled\":1,\"parentId\":null,\"fields\":{\"14\":\"\",\"3\":\"\",\"29\":\"#262626\",\"9\":\"I FEEL\\r\\nTHE NEED\\r\\nTHE NEED\\r\\nFOR SPEED\",\"7\":[\"275\"],\"4\":\"#9322e3\",\"8\":\"\",\"62\":[\"277\"],\"10\":\"\",\"6\":\"Brand Identity & Website\"}}', '2016-12-16 19:31:55', '2016-12-16 19:31:55', '0b34fe24-4138-4225-8113-52fa97479f78'),
 ('384', '276', '3', '152', 'en_us', '4', '', '{\"typeId\":\"3\",\"authorId\":\"152\",\"title\":\"Teague Flying Aces\",\"slug\":\"teague-flying-aces\",\"postDate\":1481916000,\"expiryDate\":null,\"enabled\":1,\"parentId\":null,\"fields\":{\"14\":\"\",\"3\":\"\",\"29\":\"#262626\",\"9\":\"I FEEL\\r\\nTHE NEED\\r\\nTHE NEED\\r\\nFOR SPEED\",\"7\":[\"275\"],\"4\":\"#9322e3\",\"8\":\"\",\"62\":[\"277\"],\"10\":\"\",\"6\":\"Brand Identity & Website\"}}', '2016-12-16 19:53:21', '2016-12-16 19:53:21', '69625ebe-6535-47f8-aa53-4c34473c9aab'),
 ('385', '294', '3', '151', 'en_us', '1', '', '{\"typeId\":null,\"authorId\":\"151\",\"title\":\"Revel Consulting\",\"slug\":\"revel-consulting\",\"postDate\":1481920950,\"expiryDate\":null,\"enabled\":1,\"parentId\":null,\"fields\":{\"14\":\"\",\"3\":[\"10\",\"11\",\"12\"],\"29\":\"#ffffff\",\"9\":\"\",\"7\":[\"278\"],\"4\":\"#ff4100\",\"8\":\"<p>Revel partners with&nbsp;clients to create substantial value through strategic execution by cultivating an innovative approach that attracts, develops and inspires people to achieve more, together.&nbsp;Lorem ipsum dolor sit amet, consectetur adipiscing elit, sed do eiusmod tempor incididunt ut labore et dolore magna aliqua. Ut enim ad minim veniam, quis nostrud exercitation ullamco laboris nisi ut aliquip ex ea commodo consequat. Duis aute irure dolor in reprehenderit in voluptate velit esse cillum dolore eu fugiat nulla pariatur. Excepteur sint occaecat cupidatat non proident, sunt in culpa qui officia deserunt mollit anim id est laborum.<\\/p>\",\"62\":\"\",\"10\":{\"new1\":{\"type\":\"largeImage\",\"enabled\":\"1\",\"fields\":{\"image\":[\"286\"],\"layoutOptions\":\"full-width\",\"spacingTop\":\"spacing-top-0\",\"spacingBottom\":\"spacing-bottom-0\"}},\"new2\":{\"type\":\"centeredText\",\"enabled\":\"1\",\"fields\":{\"text\":\"<p>Lorem ipsum dolor sit amet, consectetur adipiscing elit, sed do eiusmod tempor incididunt ut labore et dolore magna aliqua.<\\/p>\",\"backgroundColor\":\"#f6f6f7\",\"spacingTop\":\"spacing-top-3\",\"spacingBottom\":\"spacing-bottom-3\"}},\"new3\":{\"type\":\"insetImage\",\"enabled\":\"1\",\"fields\":{\"image\":[\"287\"],\"imageWidth\":\"75\",\"backgroundColor\":\"#f6f6f7\",\"spacingTop\":\"spacing-top-1\",\"spacingBottom\":\"spacing-bottom-1\"}},\"new6\":{\"type\":\"largeImage\",\"enabled\":\"1\",\"fields\":{\"image\":[\"289\"],\"layoutOptions\":\"full-width\",\"spacingTop\":\"spacing-top-3\",\"spacingBottom\":\"spacing-bottom-3\"}},\"new4\":{\"type\":\"centeredText\",\"enabled\":\"1\",\"fields\":{\"text\":\"<p>Lorem ipsum dolor sit amet, consectetur adipiscing elit, sed do eiusmod tempor incididunt ut labore et dolore magna aliqua.<\\/p>\",\"backgroundColor\":\"#f6f6f7\",\"spacingTop\":\"spacing-top-3\",\"spacingBottom\":\"spacing-bottom-3\"}},\"new10\":{\"type\":\"insetImage\",\"enabled\":\"1\",\"fields\":{\"image\":[\"293\"],\"imageWidth\":\"100\",\"backgroundColor\":\"#f6f6f7\",\"spacingTop\":\"spacing-top-0\",\"spacingBottom\":\"spacing-bottom-0\"}},\"new7\":{\"type\":\"imageWithDescription\",\"enabled\":\"1\",\"fields\":{\"position\":\"left\",\"image\":[\"290\"],\"imageWidth\":\"50\",\"description\":\"<p>Lorem ipsum dolor sit amet, consectetur adipiscing elit, sed do eiusmod tempor incididunt ut labore et dolore magna aliqua.<\\/p>\",\"backgroundColor\":\"#041e41\",\"spacingTop\":\"spacing-top-2\",\"spacingBottom\":\"spacing-bottom-2\"}},\"new9\":{\"type\":\"insetImage\",\"enabled\":\"1\",\"fields\":{\"image\":[\"292\"],\"imageWidth\":\"100\",\"backgroundColor\":\"#898796\",\"spacingTop\":\"spacing-top-3\",\"spacingBottom\":\"spacing-bottom-3\"}}},\"6\":\"Revel Consulting\"}}', '2016-12-16 20:42:31', '2016-12-16 20:42:31', '2eba1290-2f11-4477-8892-4508bf1f5067'),
 ('386', '294', '3', '151', 'en_us', '2', '', '{\"typeId\":\"3\",\"authorId\":\"151\",\"title\":\"Revel Consulting\",\"slug\":\"revel-consulting\",\"postDate\":1481920920,\"expiryDate\":null,\"enabled\":1,\"parentId\":null,\"fields\":{\"14\":\"\",\"3\":[\"10\",\"11\",\"12\"],\"29\":\"#ffffff\",\"9\":\"\",\"7\":[\"278\"],\"4\":\"#ff4100\",\"8\":\"<p>Revel partners with&nbsp;clients to create substantial value through strategic execution by cultivating an innovative approach that attracts, develops and inspires people to achieve more, together.&nbsp;Lorem ipsum dolor sit amet, consectetur adipiscing elit, sed do eiusmod tempor incididunt ut labore et dolore magna aliqua. Ut enim ad minim veniam, quis nostrud exercitation ullamco laboris nisi ut aliquip ex ea commodo consequat. Duis aute irure dolor in reprehenderit in voluptate velit esse cillum dolore eu fugiat nulla pariatur. Excepteur sint occaecat cupidatat non proident, sunt in culpa qui officia deserunt mollit anim id est laborum.<\\/p>\",\"62\":[\"303\"],\"10\":{\"295\":{\"type\":\"largeImage\",\"enabled\":\"1\",\"fields\":{\"image\":[\"286\"],\"layoutOptions\":\"full-width\",\"spacingTop\":\"spacing-top-0\",\"spacingBottom\":\"spacing-bottom-0\"}},\"296\":{\"type\":\"centeredText\",\"enabled\":\"1\",\"fields\":{\"text\":\"<p>Lorem ipsum dolor sit amet, consectetur adipiscing elit, sed do eiusmod tempor incididunt ut labore et dolore magna aliqua.<\\/p>\",\"backgroundColor\":\"#f6f6f7\",\"spacingTop\":\"spacing-top-3\",\"spacingBottom\":\"spacing-bottom-3\"}},\"297\":{\"type\":\"insetImage\",\"enabled\":\"1\",\"fields\":{\"image\":[\"287\"],\"imageWidth\":\"75\",\"backgroundColor\":\"#f6f6f7\",\"spacingTop\":\"spacing-top-1\",\"spacingBottom\":\"spacing-bottom-1\"}},\"298\":{\"type\":\"largeImage\",\"enabled\":\"1\",\"fields\":{\"image\":[\"289\"],\"layoutOptions\":\"full-width\",\"spacingTop\":\"spacing-top-3\",\"spacingBottom\":\"spacing-bottom-3\"}},\"299\":{\"type\":\"centeredText\",\"enabled\":\"1\",\"fields\":{\"text\":\"<p>Lorem ipsum dolor sit amet, consectetur adipiscing elit, sed do eiusmod tempor incididunt ut labore et dolore magna aliqua.<\\/p>\",\"backgroundColor\":\"#f6f6f7\",\"spacingTop\":\"spacing-top-3\",\"spacingBottom\":\"spacing-bottom-3\"}},\"300\":{\"type\":\"insetImage\",\"enabled\":\"1\",\"fields\":{\"image\":[\"293\"],\"imageWidth\":\"100\",\"backgroundColor\":\"#f6f6f7\",\"spacingTop\":\"spacing-top-0\",\"spacingBottom\":\"spacing-bottom-0\"}},\"301\":{\"type\":\"imageWithDescription\",\"enabled\":\"1\",\"fields\":{\"position\":\"left\",\"image\":[\"290\"],\"imageWidth\":\"50\",\"description\":\"<p>Lorem ipsum dolor sit amet, consectetur adipiscing elit, sed do eiusmod tempor incididunt ut labore et dolore magna aliqua.<\\/p>\",\"backgroundColor\":\"#041e41\",\"spacingTop\":\"spacing-top-2\",\"spacingBottom\":\"spacing-bottom-2\"}},\"302\":{\"type\":\"insetImage\",\"enabled\":\"1\",\"fields\":{\"image\":[\"292\"],\"imageWidth\":\"100\",\"backgroundColor\":\"#898796\",\"spacingTop\":\"spacing-top-3\",\"spacingBottom\":\"spacing-bottom-3\"}}},\"6\":\"Revel Consulting\"}}', '2016-12-16 20:48:23', '2016-12-16 20:48:23', 'e77cc6dc-46cf-4c69-8caa-5f033a52eb85'),
 ('387', '294', '3', '151', 'en_us', '3', '', '{\"typeId\":\"3\",\"authorId\":\"151\",\"title\":\"Brand Identity & Website\",\"slug\":\"revel-consulting\",\"postDate\":1481920920,\"expiryDate\":null,\"enabled\":1,\"parentId\":null,\"fields\":{\"14\":\"\",\"3\":[\"10\",\"11\",\"12\"],\"29\":\"#ffffff\",\"9\":\"\",\"7\":[\"278\"],\"4\":\"#ff4100\",\"8\":\"<p>Revel partners with&nbsp;clients to create substantial value through strategic execution by cultivating an innovative approach that attracts, develops and inspires people to achieve more, together.&nbsp;Lorem ipsum dolor sit amet, consectetur adipiscing elit, sed do eiusmod tempor incididunt ut labore et dolore magna aliqua. Ut enim ad minim veniam, quis nostrud exercitation ullamco laboris nisi ut aliquip ex ea commodo consequat. Duis aute irure dolor in reprehenderit in voluptate velit esse cillum dolore eu fugiat nulla pariatur. Excepteur sint occaecat cupidatat non proident, sunt in culpa qui officia deserunt mollit anim id est laborum.<\\/p>\",\"62\":[\"303\"],\"10\":{\"295\":{\"type\":\"largeImage\",\"enabled\":\"1\",\"fields\":{\"image\":[\"286\"],\"layoutOptions\":\"full-width\",\"spacingTop\":\"spacing-top-0\",\"spacingBottom\":\"spacing-bottom-0\"}},\"296\":{\"type\":\"centeredText\",\"enabled\":\"1\",\"fields\":{\"text\":\"<p>Lorem ipsum dolor sit amet, consectetur adipiscing elit, sed do eiusmod tempor incididunt ut labore et dolore magna aliqua.<\\/p>\",\"backgroundColor\":\"#f6f6f7\",\"spacingTop\":\"spacing-top-3\",\"spacingBottom\":\"spacing-bottom-3\"}},\"297\":{\"type\":\"insetImage\",\"enabled\":\"1\",\"fields\":{\"image\":[\"287\"],\"imageWidth\":\"75\",\"backgroundColor\":\"#f6f6f7\",\"spacingTop\":\"spacing-top-1\",\"spacingBottom\":\"spacing-bottom-1\"}},\"298\":{\"type\":\"largeImage\",\"enabled\":\"1\",\"fields\":{\"image\":[\"289\"],\"layoutOptions\":\"full-width\",\"spacingTop\":\"spacing-top-3\",\"spacingBottom\":\"spacing-bottom-3\"}},\"299\":{\"type\":\"centeredText\",\"enabled\":\"1\",\"fields\":{\"text\":\"<p>Lorem ipsum dolor sit amet, consectetur adipiscing elit, sed do eiusmod tempor incididunt ut labore et dolore magna aliqua.<\\/p>\",\"backgroundColor\":\"#f6f6f7\",\"spacingTop\":\"spacing-top-3\",\"spacingBottom\":\"spacing-bottom-3\"}},\"300\":{\"type\":\"insetImage\",\"enabled\":\"1\",\"fields\":{\"image\":[\"293\"],\"imageWidth\":\"100\",\"backgroundColor\":\"#f6f6f7\",\"spacingTop\":\"spacing-top-0\",\"spacingBottom\":\"spacing-bottom-0\"}},\"301\":{\"type\":\"imageWithDescription\",\"enabled\":\"1\",\"fields\":{\"position\":\"left\",\"image\":[\"290\"],\"imageWidth\":\"50\",\"description\":\"<p>Lorem ipsum dolor sit amet, consectetur adipiscing elit, sed do eiusmod tempor incididunt ut labore et dolore magna aliqua.<\\/p>\",\"backgroundColor\":\"#041e41\",\"spacingTop\":\"spacing-top-2\",\"spacingBottom\":\"spacing-bottom-2\"}},\"302\":{\"type\":\"insetImage\",\"enabled\":\"1\",\"fields\":{\"image\":[\"292\"],\"imageWidth\":\"100\",\"backgroundColor\":\"#898796\",\"spacingTop\":\"spacing-top-3\",\"spacingBottom\":\"spacing-bottom-3\"}}},\"6\":\"Revel Consulting\"}}', '2016-12-16 20:49:18', '2016-12-16 20:49:18', '2e617688-9b68-4173-8302-a528b8c1d762'),
 ('388', '294', '3', '151', 'en_us', '4', '', '{\"typeId\":\"3\",\"authorId\":\"151\",\"title\":\"Revel Consulting\",\"slug\":\"revel-consulting\",\"postDate\":1481920920,\"expiryDate\":null,\"enabled\":1,\"parentId\":null,\"fields\":{\"14\":\"\",\"3\":[\"10\",\"11\",\"12\"],\"29\":\"#ffffff\",\"9\":\"\",\"7\":[\"278\"],\"4\":\"#ff4100\",\"8\":\"<p>Revel partners with&nbsp;clients to create substantial value through strategic execution by cultivating an innovative approach that attracts, develops and inspires people to achieve more, together.&nbsp;Lorem ipsum dolor sit amet, consectetur adipiscing elit, sed do eiusmod tempor incididunt ut labore et dolore magna aliqua. Ut enim ad minim veniam, quis nostrud exercitation ullamco laboris nisi ut aliquip ex ea commodo consequat. Duis aute irure dolor in reprehenderit in voluptate velit esse cillum dolore eu fugiat nulla pariatur. Excepteur sint occaecat cupidatat non proident, sunt in culpa qui officia deserunt mollit anim id est laborum.<\\/p>\",\"62\":[\"303\"],\"10\":{\"295\":{\"type\":\"largeImage\",\"enabled\":\"1\",\"fields\":{\"image\":[\"286\"],\"layoutOptions\":\"full-width\",\"spacingTop\":\"spacing-top-0\",\"spacingBottom\":\"spacing-bottom-0\"}},\"296\":{\"type\":\"centeredText\",\"enabled\":\"1\",\"fields\":{\"text\":\"<p>Lorem ipsum dolor sit amet, consectetur adipiscing elit, sed do eiusmod tempor incididunt ut labore et dolore magna aliqua.<\\/p>\",\"backgroundColor\":\"#f6f6f7\",\"spacingTop\":\"spacing-top-3\",\"spacingBottom\":\"spacing-bottom-3\"}},\"297\":{\"type\":\"insetImage\",\"enabled\":\"1\",\"fields\":{\"image\":[\"287\"],\"imageWidth\":\"75\",\"backgroundColor\":\"#f6f6f7\",\"spacingTop\":\"spacing-top-1\",\"spacingBottom\":\"spacing-bottom-1\"}},\"298\":{\"type\":\"largeImage\",\"enabled\":\"1\",\"fields\":{\"image\":[\"289\"],\"layoutOptions\":\"full-width\",\"spacingTop\":\"spacing-top-3\",\"spacingBottom\":\"spacing-bottom-3\"}},\"299\":{\"type\":\"centeredText\",\"enabled\":\"1\",\"fields\":{\"text\":\"<p>Lorem ipsum dolor sit amet, consectetur adipiscing elit, sed do eiusmod tempor incididunt ut labore et dolore magna aliqua.<\\/p>\",\"backgroundColor\":\"#f6f6f7\",\"spacingTop\":\"spacing-top-3\",\"spacingBottom\":\"spacing-bottom-3\"}},\"300\":{\"type\":\"insetImage\",\"enabled\":\"1\",\"fields\":{\"image\":[\"293\"],\"imageWidth\":\"100\",\"backgroundColor\":\"#f6f6f7\",\"spacingTop\":\"spacing-top-0\",\"spacingBottom\":\"spacing-bottom-0\"}},\"301\":{\"type\":\"imageWithDescription\",\"enabled\":\"1\",\"fields\":{\"position\":\"left\",\"image\":[\"290\"],\"imageWidth\":\"50\",\"description\":\"<p>Lorem ipsum dolor sit amet, consectetur adipiscing elit, sed do eiusmod tempor incididunt ut labore et dolore magna aliqua.<\\/p>\",\"backgroundColor\":\"#041e41\",\"spacingTop\":\"spacing-top-2\",\"spacingBottom\":\"spacing-bottom-2\"}},\"302\":{\"type\":\"insetImage\",\"enabled\":\"1\",\"fields\":{\"image\":[\"292\"],\"imageWidth\":\"100\",\"backgroundColor\":\"#898796\",\"spacingTop\":\"spacing-top-3\",\"spacingBottom\":\"spacing-bottom-3\"}}},\"6\":\"Brand Identity & Website\"}}', '2016-12-16 20:49:58', '2016-12-16 20:49:58', '52ae8222-77ad-49ed-a0dc-10f8f346d115'),
 ('389', '294', '3', '151', 'en_us', '5', '', '{\"typeId\":\"3\",\"authorId\":\"151\",\"title\":\"Revel Consulting\",\"slug\":\"revel-consulting\",\"postDate\":1481920920,\"expiryDate\":null,\"enabled\":1,\"parentId\":null,\"fields\":{\"14\":\"\",\"3\":[\"10\",\"11\",\"12\"],\"29\":\"#ffffff\",\"9\":\"\",\"7\":[\"278\"],\"4\":\"#ff4100\",\"8\":\"<p>Revel partners with&nbsp;clients to create substantial value through strategic execution by cultivating an innovative approach that attracts, develops and inspires people to achieve more, together.&nbsp;Lorem ipsum dolor sit amet, consectetur adipiscing elit, sed do eiusmod tempor incididunt ut labore et dolore magna aliqua. Ut enim ad minim veniam, quis nostrud exercitation ullamco laboris nisi ut aliquip ex ea commodo consequat. Duis aute irure dolor in reprehenderit in voluptate velit esse cillum dolore eu fugiat nulla pariatur. Excepteur sint occaecat cupidatat non proident, sunt in culpa qui officia deserunt mollit anim id est laborum.<\\/p>\",\"62\":[\"303\"],\"10\":{\"295\":{\"type\":\"largeImage\",\"enabled\":\"1\",\"fields\":{\"image\":[\"286\"],\"layoutOptions\":\"full-width\",\"spacingTop\":\"spacing-top-0\",\"spacingBottom\":\"spacing-bottom-0\"}},\"296\":{\"type\":\"centeredText\",\"enabled\":\"1\",\"fields\":{\"text\":\"<p>Lorem ipsum dolor sit amet, consectetur adipiscing elit, sed do eiusmod tempor incididunt ut labore et dolore magna aliqua.<\\/p>\",\"backgroundColor\":\"#f6f6f7\",\"spacingTop\":\"spacing-top-1\",\"spacingBottom\":\"spacing-bottom-1\"}},\"297\":{\"type\":\"insetImage\",\"enabled\":\"1\",\"fields\":{\"image\":[\"287\"],\"imageWidth\":\"75\",\"backgroundColor\":\"#f6f6f7\",\"spacingTop\":\"spacing-top-1\",\"spacingBottom\":\"spacing-bottom-1\"}},\"298\":{\"type\":\"largeImage\",\"enabled\":\"1\",\"fields\":{\"image\":[\"289\"],\"layoutOptions\":\"full-width\",\"spacingTop\":\"spacing-top-3\",\"spacingBottom\":\"spacing-bottom-3\"}},\"299\":{\"type\":\"centeredText\",\"enabled\":\"1\",\"fields\":{\"text\":\"<p>Lorem ipsum dolor sit amet, consectetur adipiscing elit, sed do eiusmod tempor incididunt ut labore et dolore magna aliqua.<\\/p>\",\"backgroundColor\":\"#f6f6f7\",\"spacingTop\":\"spacing-top-3\",\"spacingBottom\":\"spacing-bottom-3\"}},\"300\":{\"type\":\"insetImage\",\"enabled\":\"1\",\"fields\":{\"image\":[\"293\"],\"imageWidth\":\"100\",\"backgroundColor\":\"#f6f6f7\",\"spacingTop\":\"spacing-top-0\",\"spacingBottom\":\"spacing-bottom-0\"}},\"301\":{\"type\":\"imageWithDescription\",\"enabled\":\"1\",\"fields\":{\"position\":\"left\",\"image\":[\"290\"],\"imageWidth\":\"50\",\"description\":\"<p>Lorem ipsum dolor sit amet, consectetur adipiscing elit, sed do eiusmod tempor incididunt ut labore et dolore magna aliqua.<\\/p>\",\"backgroundColor\":\"#041e41\",\"spacingTop\":\"spacing-top-2\",\"spacingBottom\":\"spacing-bottom-2\"}},\"302\":{\"type\":\"insetImage\",\"enabled\":\"1\",\"fields\":{\"image\":[\"292\"],\"imageWidth\":\"100\",\"backgroundColor\":\"#898796\",\"spacingTop\":\"spacing-top-3\",\"spacingBottom\":\"spacing-bottom-3\"}}},\"6\":\"Brand Identity & Website\"}}', '2016-12-16 20:52:20', '2016-12-16 20:52:20', '9fa1d6d6-2edb-42bd-9f99-5aba476ce15f'),
 ('390', '294', '3', '151', 'en_us', '6', '', '{\"typeId\":\"3\",\"authorId\":\"151\",\"title\":\"Revel Consulting\",\"slug\":\"revel-consulting\",\"postDate\":1481920920,\"expiryDate\":null,\"enabled\":1,\"parentId\":null,\"fields\":{\"14\":\"\",\"3\":[\"10\",\"11\",\"12\"],\"29\":\"#ffffff\",\"9\":\"\",\"7\":[\"278\"],\"4\":\"#ff4100\",\"8\":\"<p>Revel partners with&nbsp;clients to create substantial value through strategic execution by cultivating an innovative approach that attracts, develops and inspires people to achieve more, together.&nbsp;Lorem ipsum dolor sit amet, consectetur adipiscing elit, sed do eiusmod tempor incididunt ut labore et dolore magna aliqua. Ut enim ad minim veniam, quis nostrud exercitation ullamco laboris nisi ut aliquip ex ea commodo consequat. Duis aute irure dolor in reprehenderit in voluptate velit esse cillum dolore eu fugiat nulla pariatur. Excepteur sint occaecat cupidatat non proident, sunt in culpa qui officia deserunt mollit anim id est laborum.<\\/p>\",\"62\":[\"303\"],\"10\":{\"295\":{\"type\":\"largeImage\",\"enabled\":\"1\",\"fields\":{\"image\":[\"286\"],\"layoutOptions\":\"full-width\",\"spacingTop\":\"spacing-top-0\",\"spacingBottom\":\"spacing-bottom-0\"}},\"296\":{\"type\":\"centeredText\",\"enabled\":\"1\",\"fields\":{\"text\":\"<p>Lorem ipsum dolor sit amet, consectetur adipiscing elit, sed do eiusmod tempor incididunt ut labore et dolore magna aliqua.<\\/p>\",\"backgroundColor\":\"#f6f6f7\",\"spacingTop\":\"spacing-top-1\",\"spacingBottom\":\"spacing-bottom-0\"}},\"297\":{\"type\":\"insetImage\",\"enabled\":\"1\",\"fields\":{\"image\":[\"287\"],\"imageWidth\":\"75\",\"backgroundColor\":\"#f6f6f7\",\"spacingTop\":\"spacing-top-1\",\"spacingBottom\":\"spacing-bottom-1\"}},\"298\":{\"type\":\"largeImage\",\"enabled\":\"1\",\"fields\":{\"image\":[\"289\"],\"layoutOptions\":\"full-width\",\"spacingTop\":\"spacing-top-3\",\"spacingBottom\":\"spacing-bottom-3\"}},\"299\":{\"type\":\"centeredText\",\"enabled\":\"1\",\"fields\":{\"text\":\"<p>Lorem ipsum dolor sit amet, consectetur adipiscing elit, sed do eiusmod tempor incididunt ut labore et dolore magna aliqua.<\\/p>\",\"backgroundColor\":\"#f6f6f7\",\"spacingTop\":\"spacing-top-3\",\"spacingBottom\":\"spacing-bottom-3\"}},\"300\":{\"type\":\"insetImage\",\"enabled\":\"1\",\"fields\":{\"image\":[\"293\"],\"imageWidth\":\"100\",\"backgroundColor\":\"#f6f6f7\",\"spacingTop\":\"spacing-top-0\",\"spacingBottom\":\"spacing-bottom-0\"}},\"301\":{\"type\":\"imageWithDescription\",\"enabled\":\"1\",\"fields\":{\"position\":\"left\",\"image\":[\"290\"],\"imageWidth\":\"50\",\"description\":\"<p>Lorem ipsum dolor sit amet, consectetur adipiscing elit, sed do eiusmod tempor incididunt ut labore et dolore magna aliqua.<\\/p>\",\"backgroundColor\":\"#041e41\",\"spacingTop\":\"spacing-top-2\",\"spacingBottom\":\"spacing-bottom-2\"}},\"302\":{\"type\":\"insetImage\",\"enabled\":\"1\",\"fields\":{\"image\":[\"292\"],\"imageWidth\":\"100\",\"backgroundColor\":\"#898796\",\"spacingTop\":\"spacing-top-3\",\"spacingBottom\":\"spacing-bottom-3\"}}},\"6\":\"Brand Identity & Website\"}}', '2016-12-16 20:52:54', '2016-12-16 20:52:54', '58244498-ada5-4219-8c8a-096e058e15ef'),
 ('391', '294', '3', '151', 'en_us', '7', '', '{\"typeId\":\"3\",\"authorId\":\"151\",\"title\":\"Revel Consulting\",\"slug\":\"revel-consulting\",\"postDate\":1481920920,\"expiryDate\":null,\"enabled\":1,\"parentId\":null,\"fields\":{\"14\":\"\",\"3\":[\"10\",\"11\",\"12\"],\"29\":\"#ffffff\",\"9\":\"\",\"7\":[\"278\"],\"4\":\"#ff4100\",\"8\":\"<p>Revel partners with&nbsp;clients to create substantial value through strategic execution by cultivating an innovative approach that attracts, develops and inspires people to achieve more, together.&nbsp;Lorem ipsum dolor sit amet, consectetur adipiscing elit, sed do eiusmod tempor incididunt ut labore et dolore magna aliqua. Ut enim ad minim veniam, quis nostrud exercitation ullamco laboris nisi ut aliquip ex ea commodo consequat. Duis aute irure dolor in reprehenderit in voluptate velit esse cillum dolore eu fugiat nulla pariatur. Excepteur sint occaecat cupidatat non proident, sunt in culpa qui officia deserunt mollit anim id est laborum.<\\/p>\",\"62\":[\"303\"],\"10\":{\"295\":{\"type\":\"largeImage\",\"enabled\":\"1\",\"fields\":{\"image\":[\"286\"],\"layoutOptions\":\"full-width\",\"spacingTop\":\"spacing-top-0\",\"spacingBottom\":\"spacing-bottom-0\"}},\"296\":{\"type\":\"centeredText\",\"enabled\":\"1\",\"fields\":{\"text\":\"<p>Lorem ipsum dolor sit amet, consectetur adipiscing elit, sed do eiusmod tempor incididunt ut labore et dolore magna aliqua.<\\/p>\",\"backgroundColor\":\"#f6f6f7\",\"spacingTop\":\"spacing-top-1\",\"spacingBottom\":\"spacing-bottom-1\"}},\"297\":{\"type\":\"insetImage\",\"enabled\":\"1\",\"fields\":{\"image\":[\"287\"],\"imageWidth\":\"75\",\"backgroundColor\":\"#f6f6f7\",\"spacingTop\":\"spacing-top-1\",\"spacingBottom\":\"spacing-bottom-1\"}},\"298\":{\"type\":\"largeImage\",\"enabled\":\"1\",\"fields\":{\"image\":[\"289\"],\"layoutOptions\":\"full-width\",\"spacingTop\":\"spacing-top-3\",\"spacingBottom\":\"spacing-bottom-3\"}},\"299\":{\"type\":\"centeredText\",\"enabled\":\"1\",\"fields\":{\"text\":\"<p>Lorem ipsum dolor sit amet, consectetur adipiscing elit, sed do eiusmod tempor incididunt ut labore et dolore magna aliqua.<\\/p>\",\"backgroundColor\":\"#f6f6f7\",\"spacingTop\":\"spacing-top-3\",\"spacingBottom\":\"spacing-bottom-3\"}},\"300\":{\"type\":\"insetImage\",\"enabled\":\"1\",\"fields\":{\"image\":[\"293\"],\"imageWidth\":\"100\",\"backgroundColor\":\"#f6f6f7\",\"spacingTop\":\"spacing-top-0\",\"spacingBottom\":\"spacing-bottom-0\"}},\"301\":{\"type\":\"imageWithDescription\",\"enabled\":\"1\",\"fields\":{\"position\":\"left\",\"image\":[\"290\"],\"imageWidth\":\"50\",\"description\":\"<p>Lorem ipsum dolor sit amet, consectetur adipiscing elit, sed do eiusmod tempor incididunt ut labore et dolore magna aliqua.<\\/p>\",\"backgroundColor\":\"#041e41\",\"spacingTop\":\"spacing-top-2\",\"spacingBottom\":\"spacing-bottom-2\"}},\"302\":{\"type\":\"insetImage\",\"enabled\":\"1\",\"fields\":{\"image\":[\"292\"],\"imageWidth\":\"100\",\"backgroundColor\":\"#898796\",\"spacingTop\":\"spacing-top-3\",\"spacingBottom\":\"spacing-bottom-3\"}}},\"6\":\"Brand Identity & Website\"}}', '2016-12-16 20:53:17', '2016-12-16 20:53:17', 'cbef577a-933e-4449-8216-f0694d0773c2'),
 ('392', '294', '3', '151', 'en_us', '8', '', '{\"typeId\":\"3\",\"authorId\":\"151\",\"title\":\"Revel Consulting\",\"slug\":\"revel-consulting\",\"postDate\":1481920920,\"expiryDate\":null,\"enabled\":1,\"parentId\":null,\"fields\":{\"14\":\"\",\"3\":[\"10\",\"11\",\"12\"],\"29\":\"#ffffff\",\"9\":\"\",\"7\":[\"278\"],\"4\":\"#ff4100\",\"8\":\"<p>Revel partners with&nbsp;clients to create substantial value through strategic execution by cultivating an innovative approach that attracts, develops and inspires people to achieve more, together.&nbsp;Lorem ipsum dolor sit amet, consectetur adipiscing elit, sed do eiusmod tempor incididunt ut labore et dolore magna aliqua. Ut enim ad minim veniam, quis nostrud exercitation ullamco laboris nisi ut aliquip ex ea commodo consequat. Duis aute irure dolor in reprehenderit in voluptate velit esse cillum dolore eu fugiat nulla pariatur. Excepteur sint occaecat cupidatat non proident, sunt in culpa qui officia deserunt mollit anim id est laborum.<\\/p>\",\"62\":[\"303\"],\"10\":{\"295\":{\"type\":\"largeImage\",\"enabled\":\"1\",\"fields\":{\"image\":[\"286\"],\"layoutOptions\":\"full-width\",\"spacingTop\":\"spacing-top-0\",\"spacingBottom\":\"spacing-bottom-0\"}},\"296\":{\"type\":\"centeredText\",\"enabled\":\"1\",\"fields\":{\"text\":\"<p>Lorem ipsum dolor sit amet, consectetur adipiscing elit, sed do eiusmod tempor incididunt ut labore et dolore magna aliqua.<\\/p>\",\"backgroundColor\":\"#f6f6f7\",\"spacingTop\":\"spacing-top-1\",\"spacingBottom\":\"spacing-bottom-1\"}},\"297\":{\"type\":\"insetImage\",\"enabled\":\"1\",\"fields\":{\"image\":[\"287\"],\"imageWidth\":\"75\",\"backgroundColor\":\"#f6f6f7\",\"spacingTop\":\"spacing-top-1\",\"spacingBottom\":\"spacing-bottom-1\"}},\"298\":{\"type\":\"largeImage\",\"enabled\":\"1\",\"fields\":{\"image\":[\"289\"],\"layoutOptions\":\"full-width\",\"spacingTop\":\"spacing-top-3\",\"spacingBottom\":\"spacing-bottom-3\"}},\"299\":{\"type\":\"centeredText\",\"enabled\":\"1\",\"fields\":{\"text\":\"<p>Lorem ipsum dolor sit amet, consectetur adipiscing elit, sed do eiusmod tempor incididunt ut labore et dolore magna aliqua.<\\/p>\",\"backgroundColor\":\"#f6f6f7\",\"spacingTop\":\"spacing-top-3\",\"spacingBottom\":\"spacing-bottom-3\"}},\"300\":{\"type\":\"insetImage\",\"enabled\":\"1\",\"fields\":{\"image\":[\"293\"],\"imageWidth\":\"100\",\"backgroundColor\":\"#f6f6f7\",\"spacingTop\":\"spacing-top-0\",\"spacingBottom\":\"spacing-bottom-0\"}},\"301\":{\"type\":\"imageWithDescription\",\"enabled\":\"1\",\"fields\":{\"position\":\"left\",\"image\":[\"290\"],\"imageWidth\":\"50\",\"description\":\"<p>Lorem ipsum dolor sit amet, consectetur adipiscing elit, sed do eiusmod tempor incididunt ut labore et dolore magna aliqua.<\\/p>\",\"backgroundColor\":\"#041e41\",\"spacingTop\":\"spacing-top-2\",\"spacingBottom\":\"spacing-bottom-2\"}},\"302\":{\"type\":\"insetImage\",\"enabled\":\"1\",\"fields\":{\"image\":[\"292\"],\"imageWidth\":\"100\",\"backgroundColor\":\"#898796\",\"spacingTop\":\"spacing-top-3\",\"spacingBottom\":\"spacing-bottom-3\"}}},\"6\":\"Brand Identity & Website\"}}', '2016-12-16 20:54:10', '2016-12-16 20:54:10', 'd25a9599-3c49-4d75-805d-9ca0accf086e'),
 ('393', '294', '3', '151', 'en_us', '9', '', '{\"typeId\":\"3\",\"authorId\":\"151\",\"title\":\"Revel Consulting\",\"slug\":\"revel-consulting\",\"postDate\":1481920920,\"expiryDate\":null,\"enabled\":1,\"parentId\":null,\"fields\":{\"14\":\"\",\"3\":[\"10\",\"11\",\"12\"],\"29\":\"#ffffff\",\"9\":\"\",\"7\":[\"278\"],\"4\":\"#ff4100\",\"8\":\"<p>Revel partners with&nbsp;clients to create substantial value through strategic execution by cultivating an innovative approach that attracts, develops and inspires people to achieve more, together.&nbsp;Lorem ipsum dolor sit amet, consectetur adipiscing elit, sed do eiusmod tempor incididunt ut labore et dolore magna aliqua. Ut enim ad minim veniam, quis nostrud exercitation ullamco laboris nisi ut aliquip ex ea commodo consequat. Duis aute irure dolor in reprehenderit in voluptate velit esse cillum dolore eu fugiat nulla pariatur. Excepteur sint occaecat cupidatat non proident, sunt in culpa qui officia deserunt mollit anim id est laborum.<\\/p>\",\"62\":[\"303\"],\"10\":{\"295\":{\"type\":\"largeImage\",\"enabled\":\"1\",\"fields\":{\"image\":[\"286\"],\"layoutOptions\":\"full-width\",\"spacingTop\":\"spacing-top-0\",\"spacingBottom\":\"spacing-bottom-0\"}},\"296\":{\"type\":\"centeredText\",\"enabled\":\"1\",\"fields\":{\"text\":\"<p>Lorem ipsum dolor sit amet, consectetur adipiscing elit, sed do eiusmod tempor incididunt ut labore et dolore magna aliqua.<\\/p>\",\"backgroundColor\":\"#f6f6f7\",\"spacingTop\":\"spacing-top-1\",\"spacingBottom\":\"spacing-bottom-1\"}},\"297\":{\"type\":\"insetImage\",\"enabled\":\"1\",\"fields\":{\"image\":[\"287\"],\"imageWidth\":\"75\",\"backgroundColor\":\"#898796\",\"spacingTop\":\"spacing-top-1\",\"spacingBottom\":\"spacing-bottom-1\"}},\"298\":{\"type\":\"largeImage\",\"enabled\":\"1\",\"fields\":{\"image\":[\"289\"],\"layoutOptions\":\"full-width\",\"spacingTop\":\"spacing-top-3\",\"spacingBottom\":\"spacing-bottom-3\"}},\"299\":{\"type\":\"centeredText\",\"enabled\":\"1\",\"fields\":{\"text\":\"<p>Lorem ipsum dolor sit amet, consectetur adipiscing elit, sed do eiusmod tempor incididunt ut labore et dolore magna aliqua.<\\/p>\",\"backgroundColor\":\"#f6f6f7\",\"spacingTop\":\"spacing-top-3\",\"spacingBottom\":\"spacing-bottom-3\"}},\"300\":{\"type\":\"insetImage\",\"enabled\":\"1\",\"fields\":{\"image\":[\"293\"],\"imageWidth\":\"100\",\"backgroundColor\":\"#f6f6f7\",\"spacingTop\":\"spacing-top-0\",\"spacingBottom\":\"spacing-bottom-0\"}},\"301\":{\"type\":\"imageWithDescription\",\"enabled\":\"1\",\"fields\":{\"position\":\"left\",\"image\":[\"290\"],\"imageWidth\":\"50\",\"description\":\"<p>Lorem ipsum dolor sit amet, consectetur adipiscing elit, sed do eiusmod tempor incididunt ut labore et dolore magna aliqua.<\\/p>\",\"backgroundColor\":\"#041e41\",\"spacingTop\":\"spacing-top-2\",\"spacingBottom\":\"spacing-bottom-2\"}},\"302\":{\"type\":\"insetImage\",\"enabled\":\"1\",\"fields\":{\"image\":[\"292\"],\"imageWidth\":\"100\",\"backgroundColor\":\"#898796\",\"spacingTop\":\"spacing-top-3\",\"spacingBottom\":\"spacing-bottom-3\"}}},\"6\":\"Brand Identity & Website\"}}', '2016-12-16 20:54:35', '2016-12-16 20:54:35', '38a78578-6ff5-4f44-ab45-fe827ee3681a'),
 ('394', '294', '3', '151', 'en_us', '10', '', '{\"typeId\":\"3\",\"authorId\":\"151\",\"title\":\"Revel Consulting\",\"slug\":\"revel-consulting\",\"postDate\":1481920920,\"expiryDate\":null,\"enabled\":1,\"parentId\":null,\"fields\":{\"14\":\"\",\"3\":[\"10\",\"11\",\"12\"],\"29\":\"#ffffff\",\"9\":\"\",\"7\":[\"278\"],\"4\":\"#ff4100\",\"8\":\"<p>Revel partners with&nbsp;clients to create substantial value through strategic execution by cultivating an innovative approach that attracts, develops and inspires people to achieve more, together.&nbsp;Lorem ipsum dolor sit amet, consectetur adipiscing elit, sed do eiusmod tempor incididunt ut labore et dolore magna aliqua. Ut enim ad minim veniam, quis nostrud exercitation ullamco laboris nisi ut aliquip ex ea commodo consequat. Duis aute irure dolor in reprehenderit in voluptate velit esse cillum dolore eu fugiat nulla pariatur. Excepteur sint occaecat cupidatat non proident, sunt in culpa qui officia deserunt mollit anim id est laborum.<\\/p>\",\"62\":[\"303\"],\"10\":{\"295\":{\"type\":\"largeImage\",\"enabled\":\"1\",\"fields\":{\"image\":[\"286\"],\"layoutOptions\":\"full-width\",\"spacingTop\":\"spacing-top-0\",\"spacingBottom\":\"spacing-bottom-0\"}},\"296\":{\"type\":\"centeredText\",\"enabled\":\"1\",\"fields\":{\"text\":\"<p>Lorem ipsum dolor sit amet, consectetur adipiscing elit, sed do eiusmod tempor incididunt ut labore et dolore magna aliqua.&nbsp;Ut enim ad minim veniam, quis nostrud exercitation ullamco laboris nisi ut aliquip ex ea commodo consequat.<\\/p>\",\"backgroundColor\":\"#898796\",\"spacingTop\":\"spacing-top-1\",\"spacingBottom\":\"spacing-bottom-1\"}},\"297\":{\"type\":\"insetImage\",\"enabled\":\"1\",\"fields\":{\"image\":[\"287\"],\"imageWidth\":\"75\",\"backgroundColor\":\"#898796\",\"spacingTop\":\"spacing-top-1\",\"spacingBottom\":\"spacing-bottom-1\"}},\"298\":{\"type\":\"largeImage\",\"enabled\":\"1\",\"fields\":{\"image\":[\"289\"],\"layoutOptions\":\"full-width\",\"spacingTop\":\"spacing-top-3\",\"spacingBottom\":\"spacing-bottom-3\"}},\"299\":{\"type\":\"centeredText\",\"enabled\":\"1\",\"fields\":{\"text\":\"<p>Lorem ipsum dolor sit amet, consectetur adipiscing elit, sed do eiusmod tempor incididunt ut labore et dolore magna aliqua.<\\/p>\",\"backgroundColor\":\"#f6f6f7\",\"spacingTop\":\"spacing-top-3\",\"spacingBottom\":\"spacing-bottom-3\"}},\"300\":{\"type\":\"insetImage\",\"enabled\":\"1\",\"fields\":{\"image\":[\"293\"],\"imageWidth\":\"100\",\"backgroundColor\":\"#f6f6f7\",\"spacingTop\":\"spacing-top-0\",\"spacingBottom\":\"spacing-bottom-0\"}},\"301\":{\"type\":\"imageWithDescription\",\"enabled\":\"1\",\"fields\":{\"position\":\"left\",\"image\":[\"290\"],\"imageWidth\":\"50\",\"description\":\"<p>Lorem ipsum dolor sit amet, consectetur adipiscing elit, sed do eiusmod tempor incididunt ut labore et dolore magna aliqua.<\\/p>\",\"backgroundColor\":\"#041e41\",\"spacingTop\":\"spacing-top-2\",\"spacingBottom\":\"spacing-bottom-2\"}},\"302\":{\"type\":\"insetImage\",\"enabled\":\"1\",\"fields\":{\"image\":[\"292\"],\"imageWidth\":\"100\",\"backgroundColor\":\"#898796\",\"spacingTop\":\"spacing-top-3\",\"spacingBottom\":\"spacing-bottom-3\"}}},\"6\":\"Brand Identity & Website\"}}', '2016-12-16 20:55:26', '2016-12-16 20:55:26', '3b5d115e-5ef8-4179-bfe4-b36a72a09bc9'),
 ('395', '294', '3', '151', 'en_us', '11', '', '{\"typeId\":\"3\",\"authorId\":\"151\",\"title\":\"Revel Consulting\",\"slug\":\"revel-consulting\",\"postDate\":1481920920,\"expiryDate\":null,\"enabled\":1,\"parentId\":null,\"fields\":{\"14\":\"\",\"3\":[\"10\",\"11\",\"12\"],\"29\":\"#ffffff\",\"9\":\"\",\"7\":[\"278\"],\"4\":\"#ff4100\",\"8\":\"<p>Revel partners with&nbsp;clients to create substantial value through strategic execution by cultivating an innovative approach that attracts, develops and inspires people to achieve more, together.&nbsp;Lorem ipsum dolor sit amet, consectetur adipiscing elit, sed do eiusmod tempor incididunt ut labore et dolore magna aliqua. Ut enim ad minim veniam, quis nostrud exercitation ullamco laboris nisi ut aliquip ex ea commodo consequat. Duis aute irure dolor in reprehenderit in voluptate velit esse cillum dolore eu fugiat nulla pariatur. Excepteur sint occaecat cupidatat non proident, sunt in culpa qui officia deserunt mollit anim id est laborum.<\\/p>\",\"62\":[\"303\"],\"10\":{\"295\":{\"type\":\"largeImage\",\"enabled\":\"1\",\"fields\":{\"image\":[\"286\"],\"layoutOptions\":\"full-width\",\"spacingTop\":\"spacing-top-0\",\"spacingBottom\":\"spacing-bottom-0\"}},\"296\":{\"type\":\"centeredText\",\"enabled\":\"1\",\"fields\":{\"text\":\"<p><span class=\\\"white\\\">Lorem ipsum dolor sit amet, consectetur adipiscing elit, sed do eiusmod tempor incididunt ut labore et dolore magna aliqua.&nbsp;Ut enim ad minim veniam, quis nostrud exercitation ullamco laboris nisi ut aliquip ex ea commodo consequat.<\\/span><\\/p>\",\"backgroundColor\":\"#898796\",\"spacingTop\":\"spacing-top-1\",\"spacingBottom\":\"spacing-bottom-1\"}},\"297\":{\"type\":\"insetImage\",\"enabled\":\"1\",\"fields\":{\"image\":[\"287\"],\"imageWidth\":\"75\",\"backgroundColor\":\"#898796\",\"spacingTop\":\"spacing-top-1\",\"spacingBottom\":\"spacing-bottom-1\"}},\"298\":{\"type\":\"largeImage\",\"enabled\":\"1\",\"fields\":{\"image\":[\"289\"],\"layoutOptions\":\"full-width\",\"spacingTop\":\"spacing-top-3\",\"spacingBottom\":\"spacing-bottom-3\"}},\"299\":{\"type\":\"centeredText\",\"enabled\":\"1\",\"fields\":{\"text\":\"<p>Lorem ipsum dolor sit amet, consectetur adipiscing elit, sed do eiusmod tempor incididunt ut labore et dolore magna aliqua.<\\/p>\",\"backgroundColor\":\"#f6f6f7\",\"spacingTop\":\"spacing-top-3\",\"spacingBottom\":\"spacing-bottom-3\"}},\"300\":{\"type\":\"insetImage\",\"enabled\":\"1\",\"fields\":{\"image\":[\"293\"],\"imageWidth\":\"100\",\"backgroundColor\":\"#f6f6f7\",\"spacingTop\":\"spacing-top-0\",\"spacingBottom\":\"spacing-bottom-0\"}},\"301\":{\"type\":\"imageWithDescription\",\"enabled\":\"1\",\"fields\":{\"position\":\"left\",\"image\":[\"290\"],\"imageWidth\":\"50\",\"description\":\"<p>Lorem ipsum dolor sit amet, consectetur adipiscing elit, sed do eiusmod tempor incididunt ut labore et dolore magna aliqua.<\\/p>\",\"backgroundColor\":\"#041e41\",\"spacingTop\":\"spacing-top-2\",\"spacingBottom\":\"spacing-bottom-2\"}},\"302\":{\"type\":\"insetImage\",\"enabled\":\"1\",\"fields\":{\"image\":[\"292\"],\"imageWidth\":\"100\",\"backgroundColor\":\"#898796\",\"spacingTop\":\"spacing-top-3\",\"spacingBottom\":\"spacing-bottom-3\"}}},\"6\":\"Brand Identity & Website\"}}', '2016-12-16 20:56:13', '2016-12-16 20:56:13', '88f50383-b974-4a70-88f7-a6a21e487c01'),
 ('396', '294', '3', '151', 'en_us', '12', '', '{\"typeId\":\"3\",\"authorId\":\"151\",\"title\":\"Revel Consulting\",\"slug\":\"revel-consulting\",\"postDate\":1481920920,\"expiryDate\":null,\"enabled\":1,\"parentId\":null,\"fields\":{\"14\":\"\",\"3\":[\"10\",\"11\",\"12\"],\"29\":\"#ffffff\",\"9\":\"\",\"7\":[\"278\"],\"4\":\"#ff4100\",\"8\":\"<p>Revel partners with&nbsp;clients to create substantial value through strategic execution by cultivating an innovative approach that attracts, develops and inspires people to achieve more, together.&nbsp;Lorem ipsum dolor sit amet, consectetur adipiscing elit, sed do eiusmod tempor incididunt ut labore et dolore magna aliqua. Ut enim ad minim veniam, quis nostrud exercitation ullamco laboris nisi ut aliquip ex ea commodo consequat. Duis aute irure dolor in reprehenderit in voluptate velit esse cillum dolore eu fugiat nulla pariatur. Excepteur sint occaecat cupidatat non proident, sunt in culpa qui officia deserunt mollit anim id est laborum.<\\/p>\",\"62\":[\"303\"],\"10\":{\"295\":{\"type\":\"largeImage\",\"enabled\":\"1\",\"fields\":{\"image\":[\"286\"],\"layoutOptions\":\"full-width\",\"spacingTop\":\"spacing-top-0\",\"spacingBottom\":\"spacing-bottom-0\"}},\"296\":{\"type\":\"centeredText\",\"enabled\":\"1\",\"fields\":{\"text\":\"<p><span class=\\\"white\\\">Lorem ipsum dolor sit amet, consectetur adipiscing elit, sed do eiusmod tempor incididunt ut labore et dolore magna aliqua.&nbsp;Ut enim ad minim veniam, quis nostrud exercitation ullamco laboris nisi ut aliquip ex ea commodo consequat.<\\/span><\\/p>\",\"backgroundColor\":\"#898796\",\"spacingTop\":\"spacing-top-1\",\"spacingBottom\":\"spacing-bottom-1\"}},\"297\":{\"type\":\"insetImage\",\"enabled\":\"1\",\"fields\":{\"image\":[\"287\"],\"imageWidth\":\"75\",\"backgroundColor\":\"#898796\",\"spacingTop\":\"spacing-top-0\",\"spacingBottom\":\"spacing-bottom-1\"}},\"298\":{\"type\":\"largeImage\",\"enabled\":\"1\",\"fields\":{\"image\":[\"289\"],\"layoutOptions\":\"full-width\",\"spacingTop\":\"spacing-top-3\",\"spacingBottom\":\"spacing-bottom-3\"}},\"299\":{\"type\":\"centeredText\",\"enabled\":\"1\",\"fields\":{\"text\":\"<p>Lorem ipsum dolor sit amet, consectetur adipiscing elit, sed do eiusmod tempor incididunt ut labore et dolore magna aliqua.<\\/p>\",\"backgroundColor\":\"#f6f6f7\",\"spacingTop\":\"spacing-top-3\",\"spacingBottom\":\"spacing-bottom-3\"}},\"300\":{\"type\":\"insetImage\",\"enabled\":\"1\",\"fields\":{\"image\":[\"293\"],\"imageWidth\":\"100\",\"backgroundColor\":\"#f6f6f7\",\"spacingTop\":\"spacing-top-0\",\"spacingBottom\":\"spacing-bottom-0\"}},\"301\":{\"type\":\"imageWithDescription\",\"enabled\":\"1\",\"fields\":{\"position\":\"left\",\"image\":[\"290\"],\"imageWidth\":\"50\",\"description\":\"<p>Lorem ipsum dolor sit amet, consectetur adipiscing elit, sed do eiusmod tempor incididunt ut labore et dolore magna aliqua.<\\/p>\",\"backgroundColor\":\"#041e41\",\"spacingTop\":\"spacing-top-2\",\"spacingBottom\":\"spacing-bottom-2\"}},\"302\":{\"type\":\"insetImage\",\"enabled\":\"1\",\"fields\":{\"image\":[\"292\"],\"imageWidth\":\"100\",\"backgroundColor\":\"#898796\",\"spacingTop\":\"spacing-top-3\",\"spacingBottom\":\"spacing-bottom-3\"}}},\"6\":\"Brand Identity & Website\"}}', '2016-12-16 20:56:35', '2016-12-16 20:56:35', '060f220d-7d07-45cc-87bf-57252935b898'),
 ('397', '294', '3', '151', 'en_us', '13', '', '{\"typeId\":\"3\",\"authorId\":\"151\",\"title\":\"Revel Consulting\",\"slug\":\"revel-consulting\",\"postDate\":1481920920,\"expiryDate\":null,\"enabled\":1,\"parentId\":null,\"fields\":{\"14\":\"\",\"3\":[\"10\",\"11\",\"12\"],\"29\":\"#ffffff\",\"9\":\"\",\"7\":[\"278\"],\"4\":\"#ff4100\",\"8\":\"<p>Revel partners with&nbsp;clients to create substantial value through strategic execution by cultivating an innovative approach that attracts, develops and inspires people to achieve more, together.&nbsp;Lorem ipsum dolor sit amet, consectetur adipiscing elit, sed do eiusmod tempor incididunt ut labore et dolore magna aliqua. Ut enim ad minim veniam, quis nostrud exercitation ullamco laboris nisi ut aliquip ex ea commodo consequat. Duis aute irure dolor in reprehenderit in voluptate velit esse cillum dolore eu fugiat nulla pariatur. Excepteur sint occaecat cupidatat non proident, sunt in culpa qui officia deserunt mollit anim id est laborum.<\\/p>\",\"62\":[\"303\"],\"10\":{\"295\":{\"type\":\"largeImage\",\"enabled\":\"1\",\"fields\":{\"image\":[\"286\"],\"layoutOptions\":\"full-width\",\"spacingTop\":\"spacing-top-0\",\"spacingBottom\":\"spacing-bottom-0\"}},\"296\":{\"type\":\"centeredText\",\"enabled\":\"1\",\"fields\":{\"text\":\"<p><span class=\\\"white\\\">Lorem ipsum dolor sit amet, consectetur adipiscing elit, sed do eiusmod tempor incididunt ut labore et dolore magna aliqua.&nbsp;Ut enim ad minim veniam, quis nostrud exercitation ullamco laboris nisi ut aliquip ex ea commodo consequat.<\\/span><\\/p>\",\"backgroundColor\":\"#898796\",\"spacingTop\":\"spacing-top-1\",\"spacingBottom\":\"spacing-bottom-1\"}},\"297\":{\"type\":\"insetImage\",\"enabled\":\"1\",\"fields\":{\"image\":[\"287\"],\"imageWidth\":\"75\",\"backgroundColor\":\"#898796\",\"spacingTop\":\"spacing-top-0\",\"spacingBottom\":\"spacing-bottom-1\"}},\"new1\":{\"type\":\"insetImage\",\"enabled\":\"1\",\"fields\":{\"image\":[\"289\"],\"imageWidth\":\"100\",\"backgroundColor\":\"#041e41\",\"spacingTop\":\"spacing-top-0\",\"spacingBottom\":\"spacing-bottom-0\"}},\"299\":{\"type\":\"centeredText\",\"enabled\":\"1\",\"fields\":{\"text\":\"<p>Lorem ipsum dolor sit amet, consectetur adipiscing elit, sed do eiusmod tempor incididunt ut labore et dolore magna aliqua.<\\/p>\",\"backgroundColor\":\"#f6f6f7\",\"spacingTop\":\"spacing-top-3\",\"spacingBottom\":\"spacing-bottom-3\"}},\"300\":{\"type\":\"insetImage\",\"enabled\":\"1\",\"fields\":{\"image\":[\"293\"],\"imageWidth\":\"100\",\"backgroundColor\":\"#f6f6f7\",\"spacingTop\":\"spacing-top-0\",\"spacingBottom\":\"spacing-bottom-0\"}},\"301\":{\"type\":\"imageWithDescription\",\"enabled\":\"1\",\"fields\":{\"position\":\"left\",\"image\":[\"290\"],\"imageWidth\":\"50\",\"description\":\"<p>Lorem ipsum dolor sit amet, consectetur adipiscing elit, sed do eiusmod tempor incididunt ut labore et dolore magna aliqua.<\\/p>\",\"backgroundColor\":\"#041e41\",\"spacingTop\":\"spacing-top-2\",\"spacingBottom\":\"spacing-bottom-2\"}},\"302\":{\"type\":\"insetImage\",\"enabled\":\"1\",\"fields\":{\"image\":[\"292\"],\"imageWidth\":\"100\",\"backgroundColor\":\"#898796\",\"spacingTop\":\"spacing-top-3\",\"spacingBottom\":\"spacing-bottom-3\"}}},\"6\":\"Brand Identity & Website\"}}', '2016-12-16 20:58:01', '2016-12-16 20:58:01', '7db11d8c-0729-4309-881d-2a3d2f95530c'),
 ('398', '294', '3', '151', 'en_us', '14', '', '{\"typeId\":\"3\",\"authorId\":\"151\",\"title\":\"Revel Consulting\",\"slug\":\"revel-consulting\",\"postDate\":1481920920,\"expiryDate\":null,\"enabled\":1,\"parentId\":null,\"fields\":{\"14\":\"\",\"3\":[\"10\",\"11\",\"12\"],\"29\":\"#ffffff\",\"9\":\"\",\"7\":[\"278\"],\"4\":\"#ff4100\",\"8\":\"<p>Revel partners with&nbsp;clients to create substantial value through strategic execution by cultivating an innovative approach that attracts, develops and inspires people to achieve more, together.&nbsp;Lorem ipsum dolor sit amet, consectetur adipiscing elit, sed do eiusmod tempor incididunt ut labore et dolore magna aliqua. Ut enim ad minim veniam, quis nostrud exercitation ullamco laboris nisi ut aliquip ex ea commodo consequat. Duis aute irure dolor in reprehenderit in voluptate velit esse cillum dolore eu fugiat nulla pariatur. Excepteur sint occaecat cupidatat non proident, sunt in culpa qui officia deserunt mollit anim id est laborum.<\\/p>\",\"62\":[\"303\"],\"10\":{\"295\":{\"type\":\"largeImage\",\"enabled\":\"1\",\"fields\":{\"image\":[\"286\"],\"layoutOptions\":\"full-width\",\"spacingTop\":\"spacing-top-0\",\"spacingBottom\":\"spacing-bottom-0\"}},\"296\":{\"type\":\"centeredText\",\"enabled\":\"1\",\"fields\":{\"text\":\"<p><span class=\\\"white\\\">Lorem ipsum dolor sit amet, consectetur adipiscing elit, sed do eiusmod tempor incididunt ut labore et dolore magna aliqua.&nbsp;Ut enim ad minim veniam, quis nostrud exercitation ullamco laboris nisi ut aliquip ex ea commodo consequat.<\\/span><\\/p>\",\"backgroundColor\":\"#898796\",\"spacingTop\":\"spacing-top-1\",\"spacingBottom\":\"spacing-bottom-1\"}},\"297\":{\"type\":\"insetImage\",\"enabled\":\"1\",\"fields\":{\"image\":[\"287\"],\"imageWidth\":\"75\",\"backgroundColor\":\"#898796\",\"spacingTop\":\"spacing-top-0\",\"spacingBottom\":\"spacing-bottom-1\"}},\"304\":{\"type\":\"insetImage\",\"enabled\":\"1\",\"fields\":{\"image\":[\"289\"],\"imageWidth\":\"100\",\"backgroundColor\":\"#041e41\",\"spacingTop\":\"spacing-top-0\",\"spacingBottom\":\"spacing-bottom-0\"}},\"299\":{\"type\":\"centeredText\",\"enabled\":\"1\",\"fields\":{\"text\":\"<p><span class=\\\"white\\\"><\\/span>Lorem ipsum dolor sit amet, consectetur adipiscing elit, sed do eiusmod tempor incididunt ut labore et dolore magna aliqua.<\\/p>\",\"backgroundColor\":\"#f6f6f7\",\"spacingTop\":\"spacing-top-3\",\"spacingBottom\":\"spacing-bottom-0\"}},\"300\":{\"type\":\"insetImage\",\"enabled\":\"1\",\"fields\":{\"image\":[\"293\"],\"imageWidth\":\"100\",\"backgroundColor\":\"#f6f6f7\",\"spacingTop\":\"spacing-top-0\",\"spacingBottom\":\"spacing-bottom-0\"}},\"301\":{\"type\":\"imageWithDescription\",\"enabled\":\"1\",\"fields\":{\"position\":\"left\",\"image\":[\"290\"],\"imageWidth\":\"75\",\"description\":\"<p class=\\\"h2\\\"><span class=\\\"white\\\"><\\/span>Lorem ipsum dolor sit amet, consectetur adipiscing elit, sed do eiusmod tempor incididunt ut labore et dolore magna aliqua.<\\/p>\",\"backgroundColor\":\"#041e41\",\"spacingTop\":\"spacing-top-2\",\"spacingBottom\":\"spacing-bottom-2\"}},\"302\":{\"type\":\"insetImage\",\"enabled\":\"1\",\"fields\":{\"image\":[\"292\"],\"imageWidth\":\"100\",\"backgroundColor\":\"#898796\",\"spacingTop\":\"spacing-top-1\",\"spacingBottom\":\"spacing-bottom-1\"}}},\"6\":\"Brand Identity & Website\"}}', '2016-12-16 21:02:05', '2016-12-16 21:02:05', 'ded88b7b-1ca4-4026-81fd-1bbbe0a1ef04'),
 ('399', '294', '3', '151', 'en_us', '15', '', '{\"typeId\":\"3\",\"authorId\":\"151\",\"title\":\"Revel Consulting\",\"slug\":\"revel-consulting\",\"postDate\":1481920920,\"expiryDate\":null,\"enabled\":1,\"parentId\":null,\"fields\":{\"14\":\"\",\"3\":[\"10\",\"11\",\"12\"],\"29\":\"#ffffff\",\"9\":\"\",\"7\":[\"278\"],\"4\":\"#ff4100\",\"8\":\"<p>Revel partners with&nbsp;clients to create substantial value through strategic execution by cultivating an innovative approach that attracts, develops and inspires people to achieve more, together.&nbsp;Lorem ipsum dolor sit amet, consectetur adipiscing elit, sed do eiusmod tempor incididunt ut labore et dolore magna aliqua. Ut enim ad minim veniam, quis nostrud exercitation ullamco laboris nisi ut aliquip ex ea commodo consequat. Duis aute irure dolor in reprehenderit in voluptate velit esse cillum dolore eu fugiat nulla pariatur. Excepteur sint occaecat cupidatat non proident, sunt in culpa qui officia deserunt mollit anim id est laborum.<\\/p>\",\"62\":[\"303\"],\"10\":{\"295\":{\"type\":\"largeImage\",\"enabled\":\"1\",\"fields\":{\"image\":[\"286\"],\"layoutOptions\":\"full-width\",\"spacingTop\":\"spacing-top-0\",\"spacingBottom\":\"spacing-bottom-0\"}},\"296\":{\"type\":\"centeredText\",\"enabled\":\"1\",\"fields\":{\"text\":\"<p><span class=\\\"white\\\">Lorem ipsum dolor sit amet, consectetur adipiscing elit, sed do eiusmod tempor incididunt ut labore et dolore magna aliqua.&nbsp;Ut enim ad minim veniam, quis nostrud exercitation ullamco laboris nisi ut aliquip ex ea commodo consequat.<\\/span><\\/p>\",\"backgroundColor\":\"#898796\",\"spacingTop\":\"spacing-top-1\",\"spacingBottom\":\"spacing-bottom-1\"}},\"297\":{\"type\":\"insetImage\",\"enabled\":\"1\",\"fields\":{\"image\":[\"287\"],\"imageWidth\":\"75\",\"backgroundColor\":\"#898796\",\"spacingTop\":\"spacing-top-0\",\"spacingBottom\":\"spacing-bottom-0\"}},\"304\":{\"type\":\"insetImage\",\"enabled\":\"1\",\"fields\":{\"image\":[\"289\"],\"imageWidth\":\"100\",\"backgroundColor\":\"#041e41\",\"spacingTop\":\"spacing-top-0\",\"spacingBottom\":\"spacing-bottom-0\"}},\"299\":{\"type\":\"centeredText\",\"enabled\":\"1\",\"fields\":{\"text\":\"<p><span class=\\\"white\\\"><\\/span>Lorem ipsum dolor sit amet, consectetur adipiscing elit, sed do eiusmod tempor incididunt ut labore et dolore magna aliqua.<\\/p>\",\"backgroundColor\":\"#f6f6f7\",\"spacingTop\":\"spacing-top-3\",\"spacingBottom\":\"spacing-bottom-0\"}},\"300\":{\"type\":\"insetImage\",\"enabled\":\"1\",\"fields\":{\"image\":[\"293\"],\"imageWidth\":\"100\",\"backgroundColor\":\"#f6f6f7\",\"spacingTop\":\"spacing-top-0\",\"spacingBottom\":\"spacing-bottom-0\"}},\"301\":{\"type\":\"imageWithDescription\",\"enabled\":\"1\",\"fields\":{\"position\":\"left\",\"image\":[\"290\"],\"imageWidth\":\"75\",\"description\":\"<p class=\\\"h2\\\"><span class=\\\"white\\\"><\\/span>Lorem ipsum dolor sit amet, consectetur adipiscing elit, sed do eiusmod tempor incididunt ut labore et dolore magna aliqua.<\\/p>\",\"backgroundColor\":\"#041e41\",\"spacingTop\":\"spacing-top-2\",\"spacingBottom\":\"spacing-bottom-2\"}},\"302\":{\"type\":\"insetImage\",\"enabled\":\"1\",\"fields\":{\"image\":[\"292\"],\"imageWidth\":\"100\",\"backgroundColor\":\"#898796\",\"spacingTop\":\"spacing-top-1\",\"spacingBottom\":\"spacing-bottom-1\"}}},\"6\":\"Brand Identity & Website\"}}', '2016-12-16 21:02:53', '2016-12-16 21:02:53', '50bb23b7-d0f4-4646-a23c-501dec800e47'),
 ('400', '294', '3', '151', 'en_us', '16', '', '{\"typeId\":\"3\",\"authorId\":\"151\",\"title\":\"Revel Consulting\",\"slug\":\"revel-consulting\",\"postDate\":1481920920,\"expiryDate\":null,\"enabled\":1,\"parentId\":null,\"fields\":{\"14\":\"\",\"3\":[\"10\",\"11\",\"12\"],\"29\":\"#ffffff\",\"9\":\"\",\"7\":[\"278\"],\"4\":\"#ff4100\",\"8\":\"<p>Revel partners with&nbsp;clients to create substantial value through strategic execution by cultivating an innovative approach that attracts, develops and inspires people to achieve more, together.&nbsp;Lorem ipsum dolor sit amet, consectetur adipiscing elit, sed do eiusmod tempor incididunt ut labore et dolore magna aliqua. Ut enim ad minim veniam, quis nostrud exercitation ullamco laboris nisi ut aliquip ex ea commodo consequat. Duis aute irure dolor in reprehenderit in voluptate velit esse cillum dolore eu fugiat nulla pariatur. Excepteur sint occaecat cupidatat non proident, sunt in culpa qui officia deserunt mollit anim id est laborum.<\\/p>\",\"62\":[\"303\"],\"10\":{\"295\":{\"type\":\"largeImage\",\"enabled\":\"1\",\"fields\":{\"image\":[\"286\"],\"layoutOptions\":\"full-width\",\"spacingTop\":\"spacing-top-0\",\"spacingBottom\":\"spacing-bottom-0\"}},\"296\":{\"type\":\"centeredText\",\"enabled\":\"1\",\"fields\":{\"text\":\"<p><span class=\\\"white\\\">Lorem ipsum dolor sit amet, consectetur adipiscing elit, sed do eiusmod tempor incididunt ut labore et dolore magna aliqua.&nbsp;Ut enim ad minim veniam, quis nostrud exercitation ullamco laboris nisi ut aliquip ex ea commodo consequat.<\\/span><\\/p>\",\"backgroundColor\":\"#898796\",\"spacingTop\":\"spacing-top-1\",\"spacingBottom\":\"spacing-bottom-1\"}},\"297\":{\"type\":\"insetImage\",\"enabled\":\"1\",\"fields\":{\"image\":[\"287\"],\"imageWidth\":\"75\",\"backgroundColor\":\"#898796\",\"spacingTop\":\"spacing-top-0\",\"spacingBottom\":\"spacing-bottom-0\"}},\"304\":{\"type\":\"insetImage\",\"enabled\":\"1\",\"fields\":{\"image\":[\"289\"],\"imageWidth\":\"100\",\"backgroundColor\":\"#041e41\",\"spacingTop\":\"spacing-top-0\",\"spacingBottom\":\"spacing-bottom-0\"}},\"299\":{\"type\":\"centeredText\",\"enabled\":\"1\",\"fields\":{\"text\":\"<p><span class=\\\"white\\\"><\\/span>Lorem ipsum dolor sit amet, consectetur adipiscing elit, sed do eiusmod tempor incididunt ut labore et dolore magna aliqua.<\\/p>\",\"backgroundColor\":\"#f6f6f7\",\"spacingTop\":\"spacing-top-1\",\"spacingBottom\":\"spacing-bottom-1\"}},\"300\":{\"type\":\"insetImage\",\"enabled\":\"1\",\"fields\":{\"image\":[\"293\"],\"imageWidth\":\"100\",\"backgroundColor\":\"#f6f6f7\",\"spacingTop\":\"spacing-top-0\",\"spacingBottom\":\"spacing-bottom-0\"}},\"301\":{\"type\":\"imageWithDescription\",\"enabled\":\"1\",\"fields\":{\"position\":\"left\",\"image\":[\"290\"],\"imageWidth\":\"75\",\"description\":\"<p class=\\\"h2\\\"><span class=\\\"white\\\"><\\/span>Lorem ipsum dolor sit amet, consectetur adipiscing elit, sed do eiusmod tempor incididunt ut labore et dolore magna aliqua.<\\/p>\",\"backgroundColor\":\"#041e41\",\"spacingTop\":\"spacing-top-2\",\"spacingBottom\":\"spacing-bottom-2\"}},\"302\":{\"type\":\"insetImage\",\"enabled\":\"1\",\"fields\":{\"image\":[\"292\"],\"imageWidth\":\"100\",\"backgroundColor\":\"#898796\",\"spacingTop\":\"spacing-top-1\",\"spacingBottom\":\"spacing-bottom-1\"}}},\"6\":\"Brand Identity & Website\"}}', '2016-12-16 21:03:42', '2016-12-16 21:03:42', '98eccea7-62af-472c-bd70-6c3ba656c0ce'),
 ('401', '294', '3', '151', 'en_us', '17', '', '{\"typeId\":\"3\",\"authorId\":\"151\",\"title\":\"Revel Consulting\",\"slug\":\"revel-consulting\",\"postDate\":1481920920,\"expiryDate\":null,\"enabled\":1,\"parentId\":null,\"fields\":{\"14\":\"\",\"3\":[\"10\",\"11\",\"12\"],\"29\":\"#ffffff\",\"9\":\"\",\"7\":[\"278\"],\"4\":\"#ff4100\",\"8\":\"<p>Revel partners with&nbsp;clients to create substantial value through strategic execution by cultivating an innovative approach that attracts, develops and inspires people to achieve more, together.&nbsp;Lorem ipsum dolor sit amet, consectetur adipiscing elit, sed do eiusmod tempor incididunt ut labore et dolore magna aliqua. Ut enim ad minim veniam, quis nostrud exercitation ullamco laboris nisi ut aliquip ex ea commodo consequat. Duis aute irure dolor in reprehenderit in voluptate velit esse cillum dolore eu fugiat nulla pariatur. Excepteur sint occaecat cupidatat non proident, sunt in culpa qui officia deserunt mollit anim id est laborum.<\\/p>\",\"62\":[\"303\"],\"10\":{\"295\":{\"type\":\"largeImage\",\"enabled\":\"1\",\"fields\":{\"image\":[\"286\"],\"layoutOptions\":\"full-width\",\"spacingTop\":\"spacing-top-0\",\"spacingBottom\":\"spacing-bottom-0\"}},\"296\":{\"type\":\"centeredText\",\"enabled\":\"1\",\"fields\":{\"text\":\"<p><span class=\\\"white\\\">Lorem ipsum dolor sit amet, consectetur adipiscing elit, sed do eiusmod tempor incididunt ut labore et dolore magna aliqua.&nbsp;Ut enim ad minim veniam, quis nostrud exercitation ullamco laboris nisi ut aliquip ex ea commodo consequat.<\\/span><\\/p>\",\"backgroundColor\":\"#898796\",\"spacingTop\":\"spacing-top-1\",\"spacingBottom\":\"spacing-bottom-1\"}},\"297\":{\"type\":\"insetImage\",\"enabled\":\"1\",\"fields\":{\"image\":[\"287\"],\"imageWidth\":\"75\",\"backgroundColor\":\"#898796\",\"spacingTop\":\"spacing-top-0\",\"spacingBottom\":\"spacing-bottom-0\"}},\"304\":{\"type\":\"insetImage\",\"enabled\":\"1\",\"fields\":{\"image\":[\"289\"],\"imageWidth\":\"100\",\"backgroundColor\":\"#041e41\",\"spacingTop\":\"spacing-top-0\",\"spacingBottom\":\"spacing-bottom-0\"}},\"299\":{\"type\":\"centeredText\",\"enabled\":\"1\",\"fields\":{\"text\":\"<p><span class=\\\"white\\\"><\\/span>Lorem ipsum dolor sit amet, consectetur adipiscing elit, sed do eiusmod tempor incididunt ut labore et dolore magna aliqua.<\\/p>\",\"backgroundColor\":\"#f6f6f7\",\"spacingTop\":\"spacing-top-1\",\"spacingBottom\":\"spacing-bottom-1\"}},\"300\":{\"type\":\"insetImage\",\"enabled\":\"1\",\"fields\":{\"image\":[\"293\"],\"imageWidth\":\"100\",\"backgroundColor\":\"#f6f6f7\",\"spacingTop\":\"spacing-top-0\",\"spacingBottom\":\"spacing-bottom-0\"}},\"301\":{\"type\":\"imageWithDescription\",\"enabled\":\"1\",\"fields\":{\"position\":\"left\",\"image\":[\"290\"],\"imageWidth\":\"75\",\"description\":\"<p class=\\\"h2 h4\\\"><span class=\\\"white\\\"><\\/span><span class=\\\"white\\\"><\\/span>Lorem ipsum dolor sit amet, consectetur adipiscing elit, sed do eiusmod tempor incididunt ut labore et dolore magna aliqua.<\\/p>\",\"backgroundColor\":\"#041e41\",\"spacingTop\":\"spacing-top-2\",\"spacingBottom\":\"spacing-bottom-2\"}},\"302\":{\"type\":\"insetImage\",\"enabled\":\"1\",\"fields\":{\"image\":[\"292\"],\"imageWidth\":\"100\",\"backgroundColor\":\"#898796\",\"spacingTop\":\"spacing-top-1\",\"spacingBottom\":\"spacing-bottom-1\"}}},\"6\":\"Brand Identity & Website\"}}', '2016-12-16 21:05:26', '2016-12-16 21:05:26', '0ffbc784-f148-44cb-9928-115744b617c2'),
 ('402', '294', '3', '151', 'en_us', '18', '', '{\"typeId\":\"3\",\"authorId\":\"151\",\"title\":\"Revel Consulting\",\"slug\":\"revel-consulting\",\"postDate\":1481920920,\"expiryDate\":null,\"enabled\":1,\"parentId\":null,\"fields\":{\"14\":\"\",\"3\":[\"10\",\"11\",\"12\"],\"29\":\"#ffffff\",\"9\":\"\",\"7\":[\"278\"],\"4\":\"#ff4100\",\"8\":\"<p>Revel partners with&nbsp;clients to create substantial value through strategic execution by cultivating an innovative approach that attracts, develops and inspires people to achieve more, together.&nbsp;Lorem ipsum dolor sit amet, consectetur adipiscing elit, sed do eiusmod tempor incididunt ut labore et dolore magna aliqua. Ut enim ad minim veniam, quis nostrud exercitation ullamco laboris nisi ut aliquip ex ea commodo consequat. Duis aute irure dolor in reprehenderit in voluptate velit esse cillum dolore eu fugiat nulla pariatur. Excepteur sint occaecat cupidatat non proident, sunt in culpa qui officia deserunt mollit anim id est laborum.<\\/p>\",\"62\":[\"303\"],\"10\":{\"295\":{\"type\":\"largeImage\",\"enabled\":\"1\",\"fields\":{\"image\":[\"286\"],\"layoutOptions\":\"full-width\",\"spacingTop\":\"spacing-top-0\",\"spacingBottom\":\"spacing-bottom-0\"}},\"296\":{\"type\":\"centeredText\",\"enabled\":\"1\",\"fields\":{\"text\":\"<p><span class=\\\"white\\\">Lorem ipsum dolor sit amet, consectetur adipiscing elit, sed do eiusmod tempor incididunt ut labore et dolore magna aliqua.&nbsp;Ut enim ad minim veniam, quis nostrud exercitation ullamco laboris nisi ut aliquip ex ea commodo consequat.<\\/span><\\/p>\",\"backgroundColor\":\"#898796\",\"spacingTop\":\"spacing-top-1\",\"spacingBottom\":\"spacing-bottom-1\"}},\"297\":{\"type\":\"insetImage\",\"enabled\":\"1\",\"fields\":{\"image\":[\"287\"],\"imageWidth\":\"75\",\"backgroundColor\":\"#898796\",\"spacingTop\":\"spacing-top-0\",\"spacingBottom\":\"spacing-bottom-0\"}},\"304\":{\"type\":\"insetImage\",\"enabled\":\"1\",\"fields\":{\"image\":[\"289\"],\"imageWidth\":\"100\",\"backgroundColor\":\"#041e41\",\"spacingTop\":\"spacing-top-0\",\"spacingBottom\":\"spacing-bottom-0\"}},\"299\":{\"type\":\"centeredText\",\"enabled\":\"1\",\"fields\":{\"text\":\"<p><span class=\\\"white\\\"><\\/span>Lorem ipsum dolor sit amet, consectetur adipiscing elit, sed do eiusmod tempor incididunt ut labore et dolore magna aliqua.<\\/p>\",\"backgroundColor\":\"#f6f6f7\",\"spacingTop\":\"spacing-top-1\",\"spacingBottom\":\"spacing-bottom-1\"}},\"300\":{\"type\":\"insetImage\",\"enabled\":\"1\",\"fields\":{\"image\":[\"293\"],\"imageWidth\":\"100\",\"backgroundColor\":\"#f6f6f7\",\"spacingTop\":\"spacing-top-0\",\"spacingBottom\":\"spacing-bottom-0\"}},\"301\":{\"type\":\"imageWithDescription\",\"enabled\":\"1\",\"fields\":{\"position\":\"left\",\"image\":[\"290\"],\"imageWidth\":\"75\",\"description\":\"<p class=\\\"h5\\\"><span class=\\\"white\\\"><span class=\\\"white\\\"><\\/span><span class=\\\"white\\\"><\\/span>Lorem ipsum dolor sit amet, consectetur adipiscing elit, sed do eiusmod tempor incididunt ut labore et dolore magna aliqua.<\\/span><\\/p>\",\"backgroundColor\":\"#041e41\",\"spacingTop\":\"spacing-top-2\",\"spacingBottom\":\"spacing-bottom-2\"}},\"302\":{\"type\":\"insetImage\",\"enabled\":\"1\",\"fields\":{\"image\":[\"292\"],\"imageWidth\":\"100\",\"backgroundColor\":\"#898796\",\"spacingTop\":\"spacing-top-1\",\"spacingBottom\":\"spacing-bottom-1\"}}},\"6\":\"Brand Identity & Website\"}}', '2016-12-16 21:07:45', '2016-12-16 21:07:45', '912365ca-49a1-4ac7-a7e8-22ec4ef29019'),
 ('403', '307', '3', '47', 'en_us', '1', '', '{\"typeId\":null,\"authorId\":\"47\",\"title\":\"Two Mountain Winery\",\"slug\":\"two-mountain-winery\",\"postDate\":1481928714,\"expiryDate\":null,\"enabled\":1,\"parentId\":null,\"fields\":{\"14\":\"\",\"3\":[\"10\",\"12\",\"13\"],\"29\":\"#e1000e\",\"9\":\"Fancy\\r\\nGrape\\r\\nJuice\",\"7\":[\"305\"],\"4\":\"#000000\",\"8\":\"<p>As they approached their tenth year of winemaking, Two Mountain Winery sought to redesign thier label to reflect a more grown-up and refined product. The new design updates distinctive brand elements while creating a dramatic and minimalist new look. Uncoated paper labels, stamped foils, de-bosses, and the winemakers signature on the bottle capsule denote a small-batch, hand-crafted feel.<\\/p>\\r\\n<p>Also shown below are a sampling of additional visual studies and conceptual approaches to the bottle packaging. Widely varying looks and different strategies for varietal differentiation were explored.<\\/p>\",\"62\":[\"306\"],\"10\":\"\",\"6\":\"Wine bottle design and branding\"}}', '2016-12-16 22:51:55', '2016-12-16 22:51:55', '165fab61-d455-4e07-a826-a5fcfbf287b3'),
 ('404', '294', '3', '151', 'en_us', '19', '', '{\"typeId\":\"3\",\"authorId\":\"151\",\"title\":\"Revel Consulting\",\"slug\":\"revel-consulting\",\"postDate\":1481920920,\"expiryDate\":null,\"enabled\":1,\"parentId\":null,\"fields\":{\"14\":\"\",\"3\":[\"10\",\"11\",\"12\"],\"29\":\"#ffffff\",\"9\":\"UNLOCKING DIGITAL POTENTIAL\",\"7\":[\"278\"],\"4\":\"#ff4100\",\"8\":\"<p>Revel partners with&nbsp;clients to create substantial value through strategic execution by cultivating an innovative approach that attracts, develops and inspires people to achieve more, together.&nbsp;Lorem ipsum dolor sit amet, consectetur adipiscing elit, sed do eiusmod tempor incididunt ut labore et dolore magna aliqua. Ut enim ad minim veniam, quis nostrud exercitation ullamco laboris nisi ut aliquip ex ea commodo consequat. Duis aute irure dolor in reprehenderit in voluptate velit esse cillum dolore eu fugiat nulla pariatur. Excepteur sint occaecat cupidatat non proident, sunt in culpa qui officia deserunt mollit anim id est laborum.<\\/p>\",\"62\":[\"303\"],\"10\":{\"295\":{\"type\":\"largeImage\",\"enabled\":\"1\",\"fields\":{\"image\":[\"286\"],\"layoutOptions\":\"full-width\",\"spacingTop\":\"spacing-top-0\",\"spacingBottom\":\"spacing-bottom-0\"}},\"296\":{\"type\":\"centeredText\",\"enabled\":\"1\",\"fields\":{\"text\":\"<p><span class=\\\"white\\\">Lorem ipsum dolor sit amet, consectetur adipiscing elit, sed do eiusmod tempor incididunt ut labore et dolore magna aliqua.&nbsp;Ut enim ad minim veniam, quis nostrud exercitation ullamco laboris nisi ut aliquip ex ea commodo consequat.<\\/span><\\/p>\",\"backgroundColor\":\"#898796\",\"spacingTop\":\"spacing-top-1\",\"spacingBottom\":\"spacing-bottom-1\"}},\"297\":{\"type\":\"insetImage\",\"enabled\":\"1\",\"fields\":{\"image\":[\"287\"],\"imageWidth\":\"75\",\"backgroundColor\":\"#898796\",\"spacingTop\":\"spacing-top-0\",\"spacingBottom\":\"spacing-bottom-0\"}},\"304\":{\"type\":\"insetImage\",\"enabled\":\"1\",\"fields\":{\"image\":[\"289\"],\"imageWidth\":\"100\",\"backgroundColor\":\"#041e41\",\"spacingTop\":\"spacing-top-0\",\"spacingBottom\":\"spacing-bottom-0\"}},\"299\":{\"type\":\"centeredText\",\"enabled\":\"1\",\"fields\":{\"text\":\"<p><span class=\\\"white\\\"><\\/span>Lorem ipsum dolor sit amet, consectetur adipiscing elit, sed do eiusmod tempor incididunt ut labore et dolore magna aliqua.<\\/p>\",\"backgroundColor\":\"#f6f6f7\",\"spacingTop\":\"spacing-top-1\",\"spacingBottom\":\"spacing-bottom-1\"}},\"300\":{\"type\":\"insetImage\",\"enabled\":\"1\",\"fields\":{\"image\":[\"293\"],\"imageWidth\":\"100\",\"backgroundColor\":\"#f6f6f7\",\"spacingTop\":\"spacing-top-0\",\"spacingBottom\":\"spacing-bottom-0\"}},\"301\":{\"type\":\"imageWithDescription\",\"enabled\":\"1\",\"fields\":{\"position\":\"left\",\"image\":[\"290\"],\"imageWidth\":\"75\",\"description\":\"<p class=\\\"h5\\\"><span class=\\\"white\\\"><span class=\\\"white\\\"><\\/span><span class=\\\"white\\\"><\\/span>Lorem ipsum dolor sit amet, consectetur adipiscing elit, sed do eiusmod tempor incididunt ut labore et dolore magna aliqua.<\\/span><\\/p>\",\"backgroundColor\":\"#041e41\",\"spacingTop\":\"spacing-top-2\",\"spacingBottom\":\"spacing-bottom-2\"}},\"302\":{\"type\":\"insetImage\",\"enabled\":\"1\",\"fields\":{\"image\":[\"292\"],\"imageWidth\":\"100\",\"backgroundColor\":\"#898796\",\"spacingTop\":\"spacing-top-1\",\"spacingBottom\":\"spacing-bottom-1\"}}},\"6\":\"Brand Identity & Website\"}}', '2016-12-16 23:04:34', '2016-12-16 23:04:34', '35779286-15f5-43fa-b1de-1b557ecdec66'),
 ('405', '294', '3', '151', 'en_us', '20', '', '{\"typeId\":\"3\",\"authorId\":\"151\",\"title\":\"Revel Consulting\",\"slug\":\"revel-consulting\",\"postDate\":1481920920,\"expiryDate\":null,\"enabled\":1,\"parentId\":null,\"fields\":{\"14\":\"\",\"3\":[\"10\",\"11\",\"12\"],\"29\":\"#ff4100\",\"9\":\"UNLOCKING DIGITAL POTENTIAL\",\"7\":[\"278\"],\"4\":\"#ff4100\",\"8\":\"<p>Revel partners with&nbsp;clients to create substantial value through strategic execution by cultivating an innovative approach that attracts, develops and inspires people to achieve more, together.&nbsp;Lorem ipsum dolor sit amet, consectetur adipiscing elit, sed do eiusmod tempor incididunt ut labore et dolore magna aliqua. Ut enim ad minim veniam, quis nostrud exercitation ullamco laboris nisi ut aliquip ex ea commodo consequat. Duis aute irure dolor in reprehenderit in voluptate velit esse cillum dolore eu fugiat nulla pariatur. Excepteur sint occaecat cupidatat non proident, sunt in culpa qui officia deserunt mollit anim id est laborum.<\\/p>\",\"62\":[\"303\"],\"10\":{\"295\":{\"type\":\"largeImage\",\"enabled\":\"1\",\"fields\":{\"image\":[\"286\"],\"layoutOptions\":\"full-width\",\"spacingTop\":\"spacing-top-0\",\"spacingBottom\":\"spacing-bottom-0\"}},\"296\":{\"type\":\"centeredText\",\"enabled\":\"1\",\"fields\":{\"text\":\"<p>Lorem ipsum dolor sit amet, consectetur adipiscing elit, sed do eiusmod tempor incididunt ut labore et dolore magna aliqua.&nbsp;Ut enim ad minim veniam, quis nostrud exercitation ullamco laboris nisi ut aliquip ex ea commodo consequat.<\\/p>\",\"backgroundColor\":\"#f6f6f7\",\"spacingTop\":\"spacing-top-1\",\"spacingBottom\":\"spacing-bottom-1\"}},\"297\":{\"type\":\"insetImage\",\"enabled\":\"1\",\"fields\":{\"image\":\"\",\"imageWidth\":\"100\",\"backgroundColor\":\"#f6f6f7\",\"spacingTop\":\"spacing-top-0\",\"spacingBottom\":\"spacing-bottom-0\"}},\"304\":{\"type\":\"insetImage\",\"enabled\":\"1\",\"fields\":{\"image\":[\"289\"],\"imageWidth\":\"100\",\"backgroundColor\":\"#041e41\",\"spacingTop\":\"spacing-top-0\",\"spacingBottom\":\"spacing-bottom-0\"}},\"299\":{\"type\":\"centeredText\",\"enabled\":\"1\",\"fields\":{\"text\":\"<p><span class=\\\"white\\\"><\\/span>Lorem ipsum dolor sit amet, consectetur adipiscing elit, sed do eiusmod tempor incididunt ut labore et dolore magna aliqua.<\\/p>\",\"backgroundColor\":\"#f6f6f7\",\"spacingTop\":\"spacing-top-1\",\"spacingBottom\":\"spacing-bottom-1\"}},\"300\":{\"type\":\"insetImage\",\"enabled\":\"1\",\"fields\":{\"image\":[\"293\"],\"imageWidth\":\"100\",\"backgroundColor\":\"#f6f6f7\",\"spacingTop\":\"spacing-top-0\",\"spacingBottom\":\"spacing-bottom-0\"}},\"301\":{\"type\":\"imageWithDescription\",\"enabled\":\"1\",\"fields\":{\"position\":\"left\",\"image\":[\"290\"],\"imageWidth\":\"75\",\"description\":\"<p class=\\\"h5\\\"><span class=\\\"white\\\"><span class=\\\"white\\\"><\\/span><span class=\\\"white\\\"><\\/span>Lorem ipsum dolor sit amet, consectetur adipiscing elit, sed do eiusmod tempor incididunt ut labore et dolore magna aliqua.<\\/span><\\/p>\",\"backgroundColor\":\"#041e41\",\"spacingTop\":\"spacing-top-2\",\"spacingBottom\":\"spacing-bottom-2\"}},\"302\":{\"type\":\"insetImage\",\"enabled\":\"1\",\"fields\":{\"image\":[\"292\"],\"imageWidth\":\"100\",\"backgroundColor\":\"#898796\",\"spacingTop\":\"spacing-top-1\",\"spacingBottom\":\"spacing-bottom-1\"}}},\"6\":\"Brand Identity & Website\"}}', '2016-12-16 23:35:32', '2016-12-16 23:35:32', 'bdbf1be3-b3c9-462a-a6f1-befafacef624'),
 ('406', '307', '3', '47', 'en_us', '2', '', '{\"typeId\":\"3\",\"authorId\":\"47\",\"title\":\"Two Mountain Winery\",\"slug\":\"two-mountain-winery\",\"postDate\":1481928660,\"expiryDate\":null,\"enabled\":1,\"parentId\":null,\"fields\":{\"14\":\"\",\"3\":[\"10\",\"12\",\"13\"],\"29\":\"#e1000e\",\"9\":\"Two\\r\\nmountain\\r\\n2.0\",\"7\":[\"308\"],\"4\":\"#db0000\",\"8\":\"<p>As they approached their tenth year of winemaking, Two Mountain Winery sought to redesign thier label to reflect a more grown-up and refined product. The new design updates distinctive brand elements while creating a dramatic and minimalist new look. Toothy white paper labels, stamped foils, de-bossed details, and the winemakers\'&nbsp;signature on the bottle capsule denote a small-batch, hand-crafted feel.<\\/p>\",\"62\":[\"306\"],\"10\":{\"new1\":{\"type\":\"largeImage\",\"enabled\":\"1\",\"fields\":{\"image\":[\"318\"],\"layoutOptions\":\"full-width\",\"spacingTop\":\"spacing-top-0\",\"spacingBottom\":\"spacing-bottom-0\"}}},\"6\":\"Wine bottle design and branding\"}}', '2016-12-17 00:01:00', '2016-12-17 00:01:00', 'da377df5-ca4a-4830-9fa3-cadc234685e6'),
 ('407', '294', '3', '151', 'en_us', '21', '', '{\"typeId\":\"3\",\"authorId\":\"151\",\"title\":\"Revel Consulting\",\"slug\":\"revel-consulting\",\"postDate\":1481920920,\"expiryDate\":null,\"enabled\":1,\"parentId\":null,\"fields\":{\"14\":\"\",\"3\":[\"10\",\"11\",\"12\"],\"29\":\"#ff4100\",\"9\":\"UNLOCKING DIGITAL POTENTIAL\",\"7\":[\"278\"],\"4\":\"#ff4100\",\"8\":\"<p>Revel partners with&nbsp;clients to create substantial value through strategic execution by cultivating an innovative approach that attracts, develops and inspires people to achieve more, together.&nbsp;Lorem ipsum dolor sit amet, consectetur adipiscing elit, sed do eiusmod tempor incididunt ut labore et dolore magna aliqua. Ut enim ad minim veniam, quis nostrud exercitation ullamco laboris nisi ut aliquip ex ea commodo consequat. Duis aute irure dolor in reprehenderit in voluptate velit esse cillum dolore eu fugiat nulla pariatur. Excepteur sint occaecat cupidatat non proident, sunt in culpa qui officia deserunt mollit anim id est laborum.<\\/p>\",\"62\":[\"303\"],\"10\":{\"295\":{\"type\":\"largeImage\",\"enabled\":\"1\",\"fields\":{\"image\":[\"286\"],\"layoutOptions\":\"full-width\",\"spacingTop\":\"spacing-top-0\",\"spacingBottom\":\"spacing-bottom-0\"}},\"296\":{\"type\":\"centeredText\",\"enabled\":\"1\",\"fields\":{\"text\":\"<p>Lorem ipsum dolor sit amet, consectetur adipiscing elit, sed do eiusmod tempor incididunt ut labore et dolore magna aliqua.&nbsp;Ut enim ad minim veniam, quis nostrud exercitation ullamco laboris nisi ut aliquip ex ea commodo consequat.<\\/p>\",\"backgroundColor\":\"#f6f6f7\",\"spacingTop\":\"spacing-top-1\",\"spacingBottom\":\"spacing-bottom-1\"}},\"297\":{\"type\":\"insetImage\",\"enabled\":\"1\",\"fields\":{\"image\":[\"315\"],\"imageWidth\":\"100\",\"backgroundColor\":\"#f6f6f7\",\"spacingTop\":\"spacing-top-0\",\"spacingBottom\":\"spacing-bottom-0\"}},\"304\":{\"type\":\"insetImage\",\"enabled\":\"1\",\"fields\":{\"image\":[\"289\"],\"imageWidth\":\"100\",\"backgroundColor\":\"#041e41\",\"spacingTop\":\"spacing-top-0\",\"spacingBottom\":\"spacing-bottom-0\"}},\"299\":{\"type\":\"centeredText\",\"enabled\":\"1\",\"fields\":{\"text\":\"<p><span class=\\\"white\\\"><\\/span>Lorem ipsum dolor sit amet, consectetur adipiscing elit, sed do eiusmod tempor incididunt ut labore et dolore magna aliqua.<\\/p>\",\"backgroundColor\":\"#f6f6f7\",\"spacingTop\":\"spacing-top-1\",\"spacingBottom\":\"spacing-bottom-1\"}},\"300\":{\"type\":\"insetImage\",\"enabled\":\"1\",\"fields\":{\"image\":[\"316\"],\"imageWidth\":\"100\",\"backgroundColor\":\"#f6f6f7\",\"spacingTop\":\"spacing-top-0\",\"spacingBottom\":\"spacing-bottom-0\"}},\"301\":{\"type\":\"imageWithDescription\",\"enabled\":\"1\",\"fields\":{\"position\":\"left\",\"image\":[\"290\"],\"imageWidth\":\"100\",\"description\":\"<p><span class=\\\"white\\\">The world\\u2019s most thrilling opportunities\\r\\nwill be realized,\\r\\nand the most\\r\\ngrinding challenges\\r\\nconquered by systems designed to unlock human\\r\\ncreative potential.<\\/span><\\/p>\",\"backgroundColor\":\"#ff4100\",\"spacingTop\":\"spacing-top-2\",\"spacingBottom\":\"spacing-bottom-2\"}},\"302\":{\"type\":\"insetImage\",\"enabled\":\"1\",\"fields\":{\"image\":[\"292\"],\"imageWidth\":\"100\",\"backgroundColor\":\"#898796\",\"spacingTop\":\"spacing-top-1\",\"spacingBottom\":\"spacing-bottom-1\"}},\"new1\":{\"type\":\"largeImage\",\"enabled\":\"1\",\"fields\":{\"image\":[\"317\"],\"layoutOptions\":\"full-width\",\"spacingTop\":\"spacing-top-0\",\"spacingBottom\":\"spacing-bottom-0\"}}},\"6\":\"Brand Identity & Website\"}}', '2016-12-17 00:03:22', '2016-12-17 00:03:22', 'f0d43632-4a8e-4570-9afe-2b2c16e05010'),
 ('408', '307', '3', '47', 'en_us', '3', '', '{\"typeId\":\"3\",\"authorId\":\"47\",\"title\":\"Two Mountain Winery\",\"slug\":\"two-mountain-winery\",\"postDate\":1481928660,\"expiryDate\":null,\"enabled\":1,\"parentId\":null,\"fields\":{\"14\":\"\",\"3\":[\"10\",\"12\",\"13\"],\"29\":\"#e1000e\",\"9\":\"Two\\r\\nmountain\\r\\n2.0\",\"7\":[\"308\"],\"4\":\"#db0000\",\"8\":\"<p>As they approached their tenth year of winemaking, Two Mountain Winery sought to redesign thier label to reflect a more grown-up and refined product. The new design updates distinctive brand elements while creating a dramatic and minimalist new look. Toothy white paper labels, stamped foils, de-bossed details, and the winemakers\'&nbsp;signature on the bottle capsule denote a small-batch, hand-crafted feel.<\\/p>\",\"62\":[\"306\"],\"10\":{\"319\":{\"type\":\"largeImage\",\"enabled\":\"1\",\"fields\":{\"image\":[\"318\"],\"layoutOptions\":\"full-width\",\"spacingTop\":\"spacing-top-0\",\"spacingBottom\":\"spacing-bottom-0\"}}},\"6\":\"Wine bottle design and branding\"}}', '2016-12-17 00:05:04', '2016-12-17 00:05:04', '2b562ef8-9cf0-4307-b780-7a4b0f29af4e'),
 ('409', '294', '3', '151', 'en_us', '22', '', '{\"typeId\":\"3\",\"authorId\":\"151\",\"title\":\"Revel Consulting\",\"slug\":\"revel-consulting\",\"postDate\":1481920920,\"expiryDate\":null,\"enabled\":1,\"parentId\":null,\"fields\":{\"14\":\"\",\"3\":[\"10\",\"11\",\"12\"],\"29\":\"#ff4100\",\"9\":\"UNLOCKING DIGITAL POTENTIAL\",\"7\":[\"278\"],\"4\":\"#ff4100\",\"8\":\"<p>Revel partners with&nbsp;clients to create substantial value through strategic execution by cultivating an innovative approach that attracts, develops and inspires people to achieve more, together.&nbsp;Lorem ipsum dolor sit amet, consectetur adipiscing elit, sed do eiusmod tempor incididunt ut labore et dolore magna aliqua. Ut enim ad minim veniam, quis nostrud exercitation ullamco laboris nisi ut aliquip ex ea commodo consequat. Duis aute irure dolor in reprehenderit in voluptate velit esse cillum dolore eu fugiat nulla pariatur. Excepteur sint occaecat cupidatat non proident, sunt in culpa qui officia deserunt mollit anim id est laborum.<\\/p>\",\"62\":[\"303\"],\"10\":{\"295\":{\"type\":\"largeImage\",\"enabled\":\"1\",\"fields\":{\"image\":[\"286\"],\"layoutOptions\":\"full-width\",\"spacingTop\":\"spacing-top-0\",\"spacingBottom\":\"spacing-bottom-0\"}},\"296\":{\"type\":\"centeredText\",\"enabled\":\"1\",\"fields\":{\"text\":\"<p>Lorem ipsum dolor sit amet, consectetur adipiscing elit, sed do eiusmod tempor incididunt ut labore et dolore magna aliqua.&nbsp;Ut enim ad minim veniam, quis nostrud exercitation ullamco laboris nisi ut aliquip ex ea commodo consequat.<\\/p>\",\"backgroundColor\":\"#f6f6f7\",\"spacingTop\":\"spacing-top-1\",\"spacingBottom\":\"spacing-bottom-1\"}},\"297\":{\"type\":\"insetImage\",\"enabled\":\"1\",\"fields\":{\"image\":[\"315\"],\"imageWidth\":\"75\",\"backgroundColor\":\"#f6f6f7\",\"spacingTop\":\"spacing-top-0\",\"spacingBottom\":\"spacing-bottom-0\"}},\"304\":{\"type\":\"insetImage\",\"enabled\":\"1\",\"fields\":{\"image\":[\"289\"],\"imageWidth\":\"100\",\"backgroundColor\":\"#041e41\",\"spacingTop\":\"spacing-top-0\",\"spacingBottom\":\"spacing-bottom-0\"}},\"299\":{\"type\":\"centeredText\",\"enabled\":\"1\",\"fields\":{\"text\":\"<p><span class=\\\"white\\\"><\\/span>Lorem ipsum dolor sit amet, consectetur adipiscing elit, sed do eiusmod tempor incididunt ut labore et dolore magna aliqua.<\\/p>\",\"backgroundColor\":\"#f6f6f7\",\"spacingTop\":\"spacing-top-1\",\"spacingBottom\":\"spacing-bottom-1\"}},\"300\":{\"type\":\"insetImage\",\"enabled\":\"1\",\"fields\":{\"image\":[\"316\"],\"imageWidth\":\"100\",\"backgroundColor\":\"#f6f6f7\",\"spacingTop\":\"spacing-top-0\",\"spacingBottom\":\"spacing-bottom-0\"}},\"301\":{\"type\":\"imageWithDescription\",\"enabled\":\"1\",\"fields\":{\"position\":\"left\",\"image\":[\"290\"],\"imageWidth\":\"100\",\"description\":\"<p><span class=\\\"white\\\">The world\\u2019s most thrilling opportunities\\r\\nwill be realized,\\r\\nand the most\\r\\ngrinding challenges\\r\\nconquered by systems designed to unlock human\\r\\ncreative potential.<\\/span><\\/p>\",\"backgroundColor\":\"#ff4100\",\"spacingTop\":\"spacing-top-2\",\"spacingBottom\":\"spacing-bottom-2\"}},\"302\":{\"type\":\"insetImage\",\"enabled\":\"1\",\"fields\":{\"image\":[\"292\"],\"imageWidth\":\"100\",\"backgroundColor\":\"#898796\",\"spacingTop\":\"spacing-top-1\",\"spacingBottom\":\"spacing-bottom-1\"}},\"320\":{\"type\":\"largeImage\",\"enabled\":\"1\",\"fields\":{\"image\":[\"317\"],\"layoutOptions\":\"full-width\",\"spacingTop\":\"spacing-top-0\",\"spacingBottom\":\"spacing-bottom-0\"}}},\"6\":\"Brand Identity & Website\"}}', '2016-12-17 00:05:30', '2016-12-17 00:05:30', 'b409d0a9-49f8-4ce1-b4df-35b43ccd72bf'),
 ('410', '294', '3', '151', 'en_us', '23', '', '{\"typeId\":\"3\",\"authorId\":\"151\",\"title\":\"Revel Consulting\",\"slug\":\"revel-consulting\",\"postDate\":1481920920,\"expiryDate\":null,\"enabled\":1,\"parentId\":null,\"fields\":{\"14\":\"\",\"3\":[\"10\",\"11\",\"12\"],\"29\":\"#ff4100\",\"9\":\"UNLOCKING DIGITAL POTENTIAL\",\"7\":[\"278\"],\"4\":\"#ff4100\",\"8\":\"<p>Revel partners with&nbsp;clients to create substantial value through strategic execution by cultivating an innovative approach that attracts, develops and inspires people to achieve more, together.&nbsp;Lorem ipsum dolor sit amet, consectetur adipiscing elit, sed do eiusmod tempor incididunt ut labore et dolore magna aliqua. Ut enim ad minim veniam, quis nostrud exercitation ullamco laboris nisi ut aliquip ex ea commodo consequat. Duis aute irure dolor in reprehenderit in voluptate velit esse cillum dolore eu fugiat nulla pariatur. Excepteur sint occaecat cupidatat non proident, sunt in culpa qui officia deserunt mollit anim id est laborum.<\\/p>\",\"62\":[\"303\"],\"10\":{\"295\":{\"type\":\"largeImage\",\"enabled\":\"1\",\"fields\":{\"image\":[\"286\"],\"layoutOptions\":\"full-width\",\"spacingTop\":\"spacing-top-0\",\"spacingBottom\":\"spacing-bottom-0\"}},\"296\":{\"type\":\"centeredText\",\"enabled\":\"1\",\"fields\":{\"text\":\"<p>Lorem ipsum dolor sit amet, consectetur adipiscing elit, sed do eiusmod tempor incididunt ut labore et dolore magna aliqua.&nbsp;Ut enim ad minim veniam, quis nostrud exercitation ullamco laboris nisi ut aliquip ex ea commodo consequat.<\\/p>\",\"backgroundColor\":\"#f6f6f7\",\"spacingTop\":\"spacing-top-1\",\"spacingBottom\":\"spacing-bottom-1\"}},\"297\":{\"type\":\"insetImage\",\"enabled\":\"1\",\"fields\":{\"image\":[\"315\"],\"imageWidth\":\"75\",\"backgroundColor\":\"#f6f6f7\",\"spacingTop\":\"spacing-top-0\",\"spacingBottom\":\"spacing-bottom-0\"}},\"304\":{\"type\":\"insetImage\",\"enabled\":\"1\",\"fields\":{\"image\":[\"289\"],\"imageWidth\":\"100\",\"backgroundColor\":\"#041e41\",\"spacingTop\":\"spacing-top-0\",\"spacingBottom\":\"spacing-bottom-0\"}},\"299\":{\"type\":\"centeredText\",\"enabled\":\"1\",\"fields\":{\"text\":\"<p><span class=\\\"white\\\"><\\/span>Lorem ipsum dolor sit amet, consectetur adipiscing elit, sed do eiusmod tempor incididunt ut labore et dolore magna aliqua.<\\/p>\",\"backgroundColor\":\"#f6f6f7\",\"spacingTop\":\"spacing-top-1\",\"spacingBottom\":\"spacing-bottom-1\"}},\"300\":{\"type\":\"insetImage\",\"enabled\":\"1\",\"fields\":{\"image\":[\"316\"],\"imageWidth\":\"100\",\"backgroundColor\":\"#f6f6f7\",\"spacingTop\":\"spacing-top-0\",\"spacingBottom\":\"spacing-bottom-0\"}},\"301\":{\"type\":\"imageWithDescription\",\"enabled\":\"1\",\"fields\":{\"position\":\"left\",\"image\":[\"290\"],\"imageWidth\":\"100\",\"description\":\"<p><span class=\\\"white\\\">The world\\u2019s most thrilling opportunities\\r\\nwill be realized,\\r\\nand the most\\r\\ngrinding challenges\\r\\nconquered by systems designed to unlock human\\r\\ncreative potential.<\\/span><\\/p>\",\"backgroundColor\":\"#ff4100\",\"spacingTop\":\"spacing-top-1\",\"spacingBottom\":\"spacing-bottom-1\"}},\"302\":{\"type\":\"insetImage\",\"enabled\":\"1\",\"fields\":{\"image\":[\"292\"],\"imageWidth\":\"100\",\"backgroundColor\":\"#898796\",\"spacingTop\":\"spacing-top-1\",\"spacingBottom\":\"spacing-bottom-1\"}},\"320\":{\"type\":\"largeImage\",\"enabled\":\"1\",\"fields\":{\"image\":[\"317\"],\"layoutOptions\":\"full-width\",\"spacingTop\":\"spacing-top-0\",\"spacingBottom\":\"spacing-bottom-0\"}}},\"6\":\"Brand Identity & Website\"}}', '2016-12-17 00:07:01', '2016-12-17 00:07:01', '29b71bc5-71d4-47e8-a980-d6a502291a6e'),
 ('411', '307', '3', '47', 'en_us', '4', '', '{\"typeId\":\"3\",\"authorId\":\"47\",\"title\":\"Two Mountain Winery\",\"slug\":\"two-mountain-winery\",\"postDate\":1481928660,\"expiryDate\":null,\"enabled\":1,\"parentId\":null,\"fields\":{\"14\":\"\",\"3\":[\"10\",\"12\",\"13\"],\"29\":\"#e1000e\",\"9\":\"Two\\r\\nmountain\\r\\n2.0\",\"7\":[\"322\"],\"4\":\"#db0000\",\"8\":\"<p>As they approached their tenth year of winemaking, Two Mountain Winery sought to redesign thier label to reflect a more grown-up and refined product. The new design updates distinctive brand elements while creating a dramatic and minimalist new look. Toothy white paper labels, stamped foils, de-bossed details, and the winemakers\'&nbsp;signature on the bottle capsule denote a small-batch, hand-crafted feel.<\\/p>\",\"62\":[\"306\"],\"10\":{\"319\":{\"type\":\"largeImage\",\"enabled\":\"1\",\"fields\":{\"image\":[\"318\"],\"layoutOptions\":\"full-width\",\"spacingTop\":\"spacing-top-0\",\"spacingBottom\":\"spacing-bottom-0\"}}},\"6\":\"Wine bottle design and branding\"}}', '2016-12-17 00:17:04', '2016-12-17 00:17:04', 'a7f43836-47de-4027-9641-80e8a58ae71b'),
 ('412', '307', '3', '47', 'en_us', '5', '', '{\"typeId\":\"3\",\"authorId\":\"47\",\"title\":\"Two Mountain Winery\",\"slug\":\"two-mountain-winery\",\"postDate\":1481928660,\"expiryDate\":null,\"enabled\":1,\"parentId\":null,\"fields\":{\"14\":\"\",\"3\":[\"10\",\"12\",\"13\"],\"29\":\"#e1000e\",\"9\":\"Two\\r\\nmountain\\r\\n2.0\",\"7\":[\"308\"],\"4\":\"#db0000\",\"8\":\"<p>As they approached their tenth year of winemaking, Two Mountain Winery sought to redesign thier label to reflect a more grown-up and refined product. The new design updates distinctive brand elements while creating a dramatic and minimalist new look. Toothy white paper labels, stamped foils, de-bossed details, and the winemakers\'&nbsp;signature on the bottle capsule denote a small-batch, hand-crafted feel.<\\/p>\",\"62\":[\"306\"],\"10\":{\"319\":{\"type\":\"largeImage\",\"enabled\":\"1\",\"fields\":{\"image\":[\"318\"],\"layoutOptions\":\"full-width\",\"spacingTop\":\"spacing-top-0\",\"spacingBottom\":\"spacing-bottom-0\"}},\"new2\":{\"type\":\"largeImage\",\"enabled\":\"1\",\"fields\":{\"image\":[\"322\"],\"layoutOptions\":\"framed\",\"spacingTop\":\"spacing-top-0\",\"spacingBottom\":\"spacing-bottom-0\"}}},\"6\":\"Wine bottle design and branding\"}}', '2016-12-17 00:18:50', '2016-12-17 00:18:50', '25875663-b572-4da0-8262-0f129ee4ade4'),
 ('413', '294', '3', '151', 'en_us', '24', '', '{\"typeId\":\"3\",\"authorId\":\"151\",\"title\":\"Revel Consulting\",\"slug\":\"revel-consulting\",\"postDate\":1481920920,\"expiryDate\":null,\"enabled\":1,\"parentId\":null,\"fields\":{\"14\":\"\",\"3\":[\"10\",\"11\",\"12\"],\"29\":\"#ff4100\",\"9\":\"UNLOCKING DIGITAL POTENTIAL\",\"7\":[\"324\"],\"4\":\"#ff4100\",\"8\":\"<p>Revel partners with&nbsp;clients to create substantial value through strategic execution by cultivating an innovative approach that attracts, develops and inspires people to achieve more, together.&nbsp;Lorem ipsum dolor sit amet, consectetur adipiscing elit, sed do eiusmod tempor incididunt ut labore et dolore magna aliqua. Ut enim ad minim veniam, quis nostrud exercitation ullamco laboris nisi ut aliquip ex ea commodo consequat. Duis aute irure dolor in reprehenderit in voluptate velit esse cillum dolore eu fugiat nulla pariatur. Excepteur sint occaecat cupidatat non proident, sunt in culpa qui officia deserunt mollit anim id est laborum.<\\/p>\",\"62\":[\"303\"],\"10\":{\"295\":{\"type\":\"largeImage\",\"enabled\":\"1\",\"fields\":{\"image\":[\"286\"],\"layoutOptions\":\"full-width\",\"spacingTop\":\"spacing-top-0\",\"spacingBottom\":\"spacing-bottom-0\"}},\"296\":{\"type\":\"centeredText\",\"enabled\":\"1\",\"fields\":{\"text\":\"<p>Lorem ipsum dolor sit amet, consectetur adipiscing elit, sed do eiusmod tempor incididunt ut labore et dolore magna aliqua.&nbsp;Ut enim ad minim veniam, quis nostrud exercitation ullamco laboris nisi ut aliquip ex ea commodo consequat.<\\/p>\",\"backgroundColor\":\"#f6f6f7\",\"spacingTop\":\"spacing-top-1\",\"spacingBottom\":\"spacing-bottom-1\"}},\"297\":{\"type\":\"insetImage\",\"enabled\":\"1\",\"fields\":{\"image\":[\"315\"],\"imageWidth\":\"75\",\"backgroundColor\":\"#f6f6f7\",\"spacingTop\":\"spacing-top-0\",\"spacingBottom\":\"spacing-bottom-0\"}},\"304\":{\"type\":\"insetImage\",\"enabled\":\"1\",\"fields\":{\"image\":[\"289\"],\"imageWidth\":\"100\",\"backgroundColor\":\"#041e41\",\"spacingTop\":\"spacing-top-0\",\"spacingBottom\":\"spacing-bottom-0\"}},\"299\":{\"type\":\"centeredText\",\"enabled\":\"1\",\"fields\":{\"text\":\"<p><span class=\\\"white\\\"><\\/span>Lorem ipsum dolor sit amet, consectetur adipiscing elit, sed do eiusmod tempor incididunt ut labore et dolore magna aliqua.<\\/p>\",\"backgroundColor\":\"#f6f6f7\",\"spacingTop\":\"spacing-top-1\",\"spacingBottom\":\"spacing-bottom-1\"}},\"300\":{\"type\":\"insetImage\",\"enabled\":\"1\",\"fields\":{\"image\":[\"316\"],\"imageWidth\":\"100\",\"backgroundColor\":\"#f6f6f7\",\"spacingTop\":\"spacing-top-0\",\"spacingBottom\":\"spacing-bottom-0\"}},\"301\":{\"type\":\"imageWithDescription\",\"enabled\":\"1\",\"fields\":{\"position\":\"left\",\"image\":[\"290\"],\"imageWidth\":\"100\",\"description\":\"<p><span class=\\\"white\\\">The world\\u2019s most thrilling opportunities\\r\\nwill be realized,\\r\\nand the most\\r\\ngrinding challenges\\r\\nconquered by systems designed to unlock human\\r\\ncreative potential.<\\/span><\\/p>\",\"backgroundColor\":\"#ff4100\",\"spacingTop\":\"spacing-top-1\",\"spacingBottom\":\"spacing-bottom-1\"}},\"302\":{\"type\":\"insetImage\",\"enabled\":\"1\",\"fields\":{\"image\":[\"292\"],\"imageWidth\":\"100\",\"backgroundColor\":\"#898796\",\"spacingTop\":\"spacing-top-1\",\"spacingBottom\":\"spacing-bottom-1\"}},\"320\":{\"type\":\"largeImage\",\"enabled\":\"1\",\"fields\":{\"image\":[\"317\"],\"layoutOptions\":\"full-width\",\"spacingTop\":\"spacing-top-0\",\"spacingBottom\":\"spacing-bottom-0\"}}},\"6\":\"Brand Identity & Website\"}}', '2016-12-17 00:20:16', '2016-12-17 00:20:16', '47357e1b-300a-4e83-92fd-082b7fe4caee'),
 ('414', '294', '3', '151', 'en_us', '25', '', '{\"typeId\":\"3\",\"authorId\":\"151\",\"title\":\"Revel Consulting\",\"slug\":\"revel-consulting\",\"postDate\":1481920920,\"expiryDate\":null,\"enabled\":1,\"parentId\":null,\"fields\":{\"14\":\"\",\"3\":[\"10\",\"11\",\"12\"],\"29\":\"#ff4100\",\"9\":\"UNLOCKING DIGITAL POTENTIAL\",\"7\":[\"324\"],\"4\":\"#ff4100\",\"8\":\"<p>Revel partners with&nbsp;clients to create substantial value through strategic execution by cultivating an innovative approach that attracts, develops and inspires people to achieve more, together.&nbsp;Lorem ipsum dolor sit amet, consectetur adipiscing elit, sed do eiusmod tempor incididunt ut labore et dolore magna aliqua. Ut enim ad minim veniam, quis nostrud exercitation ullamco laboris nisi ut aliquip ex ea commodo consequat. Duis aute irure dolor in reprehenderit in voluptate velit esse cillum dolore eu fugiat nulla pariatur. Excepteur sint occaecat cupidatat non proident, sunt in culpa qui officia deserunt mollit anim id est laborum.<\\/p>\",\"62\":[\"303\"],\"10\":{\"295\":{\"type\":\"largeImage\",\"enabled\":\"1\",\"fields\":{\"image\":[\"286\"],\"layoutOptions\":\"full-width\",\"spacingTop\":\"spacing-top-0\",\"spacingBottom\":\"spacing-bottom-0\"}},\"296\":{\"type\":\"centeredText\",\"enabled\":\"1\",\"fields\":{\"text\":\"<p>Lorem ipsum dolor sit amet, consectetur adipiscing elit, sed do eiusmod tempor incididunt ut labore et dolore magna aliqua.&nbsp;Ut enim ad minim veniam, quis nostrud exercitation ullamco laboris nisi ut aliquip ex ea commodo consequat.<\\/p>\",\"backgroundColor\":\"#f6f6f7\",\"spacingTop\":\"spacing-top-1\",\"spacingBottom\":\"spacing-bottom-1\"}},\"297\":{\"type\":\"insetImage\",\"enabled\":\"1\",\"fields\":{\"image\":[\"315\"],\"imageWidth\":\"75\",\"backgroundColor\":\"#f6f6f7\",\"spacingTop\":\"spacing-top-0\",\"spacingBottom\":\"spacing-bottom-0\"}},\"304\":{\"type\":\"insetImage\",\"enabled\":\"1\",\"fields\":{\"image\":[\"289\"],\"imageWidth\":\"100\",\"backgroundColor\":\"#041e41\",\"spacingTop\":\"spacing-top-0\",\"spacingBottom\":\"spacing-bottom-0\"}},\"299\":{\"type\":\"centeredText\",\"enabled\":\"1\",\"fields\":{\"text\":\"<p><span class=\\\"white\\\"><\\/span>Lorem ipsum dolor sit amet, consectetur adipiscing elit, sed do eiusmod tempor incididunt ut labore et dolore magna aliqua.<\\/p>\",\"backgroundColor\":\"#f6f6f7\",\"spacingTop\":\"spacing-top-1\",\"spacingBottom\":\"spacing-bottom-1\"}},\"300\":{\"type\":\"insetImage\",\"enabled\":\"1\",\"fields\":{\"image\":[\"316\"],\"imageWidth\":\"100\",\"backgroundColor\":\"#f6f6f7\",\"spacingTop\":\"spacing-top-0\",\"spacingBottom\":\"spacing-bottom-0\"}},\"301\":{\"type\":\"imageWithDescription\",\"enabled\":\"1\",\"fields\":{\"position\":\"left\",\"image\":[\"290\"],\"imageWidth\":\"100\",\"description\":\"<p><span class=\\\"white\\\">The world\\u2019s most thrilling opportunities\\r\\nwill be realized,\\r\\nand the most\\r\\ngrinding challenges\\r\\nconquered by systems designed to unlock human\\r\\ncreative potential.<\\/span><\\/p>\",\"backgroundColor\":\"#ff4100\",\"spacingTop\":\"spacing-top-1\",\"spacingBottom\":\"spacing-bottom-1\"}},\"302\":{\"type\":\"insetImage\",\"enabled\":\"1\",\"fields\":{\"image\":[\"292\"],\"imageWidth\":\"100\",\"backgroundColor\":\"#898796\",\"spacingTop\":\"spacing-top-1\",\"spacingBottom\":\"spacing-bottom-1\"}},\"320\":{\"type\":\"largeImage\",\"enabled\":\"1\",\"fields\":{\"image\":[\"325\"],\"layoutOptions\":\"full-width\",\"spacingTop\":\"spacing-top-0\",\"spacingBottom\":\"spacing-bottom-0\"}}},\"6\":\"Brand Identity & Website\"}}', '2016-12-17 00:23:58', '2016-12-17 00:23:58', '66b32d33-3a5d-4115-9862-2ad8ba80bd9e'),
 ('415', '307', '3', '47', 'en_us', '6', '', '{\"typeId\":\"3\",\"authorId\":\"47\",\"title\":\"Two Mountain Winery\",\"slug\":\"two-mountain-winery\",\"postDate\":1481928660,\"expiryDate\":null,\"enabled\":1,\"parentId\":null,\"fields\":{\"14\":\"\",\"3\":[\"10\",\"12\",\"13\"],\"29\":\"#929292\",\"9\":\"Two\\r\\nmountain\\r\\n2.0\",\"7\":[\"328\"],\"4\":\"#db0000\",\"8\":\"<p>As they approached their tenth year of winemaking, Two Mountain Winery sought to redesign thier label to reflect a more grown-up and refined product. The new design updates distinctive brand elements while creating a dramatic and minimalist new look. Toothy white paper labels, stamped foils, de-bossed details, and the winemakers\'&nbsp;signature on the bottle capsule denote a small-batch, hand-crafted feel.<\\/p>\",\"62\":[\"306\"],\"10\":{\"319\":{\"type\":\"largeImage\",\"enabled\":\"1\",\"fields\":{\"image\":[\"318\"],\"layoutOptions\":\"full-width\",\"spacingTop\":\"spacing-top-0\",\"spacingBottom\":\"spacing-bottom-0\"}},\"323\":{\"type\":\"largeImage\",\"enabled\":\"1\",\"fields\":{\"image\":[\"326\"],\"layoutOptions\":\"framed\",\"spacingTop\":\"spacing-top-1\",\"spacingBottom\":\"spacing-bottom-1\"}}},\"6\":\"Wine bottle design and branding\"}}', '2016-12-17 00:33:47', '2016-12-17 00:33:47', '2e750143-859f-4a2f-b9b0-92d34f7d7355'),
 ('416', '294', '3', '46', 'en_us', '26', '', '{\"typeId\":\"3\",\"authorId\":\"151\",\"title\":\"Revel Consulting\",\"slug\":\"revel-consulting\",\"postDate\":1481920920,\"expiryDate\":null,\"enabled\":1,\"parentId\":null,\"fields\":{\"14\":\"\",\"3\":[\"10\",\"11\",\"12\"],\"29\":\"#ff4100\",\"9\":\"UNLOCKING\\r\\nDIGITAL\\r\\nPOTENTIAL\",\"7\":[\"324\"],\"4\":\"#ff4100\",\"8\":\"<p class=\\\"large\\\">Revel partners with&nbsp;clients to create substantial value through strategic execution by cultivating an innovative approach that attracts, develops and inspires people to achieve more, together.&nbsp;Lorem ipsum dolor sit amet, consectetur adipiscing elit, sed do eiusmod tempor incididunt ut labore et dolore magna aliqua. Ut enim ad minim veniam, quis nostrud exercitation ullamco laboris nisi ut aliquip ex ea commodo consequat. Duis aute irure dolor in reprehenderit in voluptate velit esse cillum dolore eu fugiat nulla pariatur. Excepteur sint occaecat cupidatat non proident, sunt in culpa qui officia deserunt mollit anim id est laborum.<\\/p>\",\"62\":[\"303\"],\"10\":{\"295\":{\"type\":\"largeImage\",\"enabled\":\"1\",\"fields\":{\"image\":[\"286\"],\"layoutOptions\":\"full-width\",\"spacingTop\":\"spacing-top-0\",\"spacingBottom\":\"spacing-bottom-0\"}},\"296\":{\"type\":\"centeredText\",\"enabled\":\"1\",\"fields\":{\"text\":\"<p class=\\\"large\\\">Lorem ipsum dolor sit amet, consectetur adipiscing elit, sed do eiusmod tempor incididunt ut labore et dolore magna aliqua.&nbsp;Ut enim ad minim veniam, quis nostrud exercitation ullamco laboris nisi ut aliquip ex ea commodo consequat.<\\/p>\",\"backgroundColor\":\"#f6f6f7\",\"spacingTop\":\"spacing-top-1\",\"spacingBottom\":\"spacing-bottom-1\"}},\"297\":{\"type\":\"insetImage\",\"enabled\":\"1\",\"fields\":{\"image\":[\"315\"],\"imageWidth\":\"75\",\"backgroundColor\":\"#f6f6f7\",\"spacingTop\":\"spacing-top-0\",\"spacingBottom\":\"spacing-bottom-0\"}},\"304\":{\"type\":\"insetImage\",\"enabled\":\"1\",\"fields\":{\"image\":[\"289\"],\"imageWidth\":\"100\",\"backgroundColor\":\"#041e41\",\"spacingTop\":\"spacing-top-0\",\"spacingBottom\":\"spacing-bottom-0\"}},\"299\":{\"type\":\"centeredText\",\"enabled\":\"1\",\"fields\":{\"text\":\"<p class=\\\"large\\\"><span class=\\\"white\\\"><\\/span>Lorem ipsum dolor sit amet, consectetur adipiscing elit, sed do eiusmod tempor incididunt ut labore et dolore magna aliqua.<\\/p>\",\"backgroundColor\":\"#f6f6f7\",\"spacingTop\":\"spacing-top-1\",\"spacingBottom\":\"spacing-bottom-1\"}},\"300\":{\"type\":\"insetImage\",\"enabled\":\"1\",\"fields\":{\"image\":[\"316\"],\"imageWidth\":\"100\",\"backgroundColor\":\"#f6f6f7\",\"spacingTop\":\"spacing-top-0\",\"spacingBottom\":\"spacing-bottom-0\"}},\"301\":{\"type\":\"imageWithDescription\",\"enabled\":\"1\",\"fields\":{\"position\":\"left\",\"image\":[\"290\"],\"imageWidth\":\"100\",\"description\":\"<p class=\\\"large\\\"><span class=\\\"white\\\">The world\\u2019s most thrilling opportunities\\r\\nwill be realized,\\r\\nand the most\\r\\ngrinding challenges\\r\\nconquered by systems designed to unlock human\\r\\ncreative potential.<\\/span><\\/p>\",\"backgroundColor\":\"#ff4100\",\"spacingTop\":\"spacing-top-1\",\"spacingBottom\":\"spacing-bottom-1\"}},\"302\":{\"type\":\"insetImage\",\"enabled\":\"1\",\"fields\":{\"image\":[\"292\"],\"imageWidth\":\"100\",\"backgroundColor\":\"#898796\",\"spacingTop\":\"spacing-top-1\",\"spacingBottom\":\"spacing-bottom-1\"}},\"320\":{\"type\":\"largeImage\",\"enabled\":\"1\",\"fields\":{\"image\":[\"325\"],\"layoutOptions\":\"full-width\",\"spacingTop\":\"spacing-top-0\",\"spacingBottom\":\"spacing-bottom-0\"}}},\"6\":\"Brand Identity & Website\"}}', '2016-12-17 01:21:17', '2016-12-17 01:21:17', 'be869c6a-0756-4264-8ad9-39005362c00f'),
 ('417', '294', '3', '46', 'en_us', '27', '', '{\"typeId\":\"3\",\"authorId\":\"151\",\"title\":\"Revel Consulting\",\"slug\":\"revel-consulting\",\"postDate\":1481920920,\"expiryDate\":null,\"enabled\":1,\"parentId\":null,\"fields\":{\"14\":\"\",\"3\":[\"10\",\"11\",\"12\"],\"29\":\"#ff4100\",\"9\":\"UNLOCKING\\r\\nDIGITAL\\r\\nPOTENTIAL\",\"7\":[\"324\"],\"4\":\"#ff4100\",\"8\":\"<p class=\\\"large\\\">Revel partners with&nbsp;clients to create substantial value through strategic execution by cultivating an innovative approach that attracts, develops and inspires people to achieve more, together.&nbsp;Lorem ipsum dolor sit amet, consectetur adipiscing elit, sed do eiusmod tempor incididunt ut labore et dolore magna aliqua. Ut enim ad minim veniam, quis nostrud exercitation ullamco laboris nisi ut aliquip ex ea commodo consequat. Duis aute irure dolor in reprehenderit in voluptate velit esse cillum dolore eu fugiat nulla pariatur. Excepteur sint occaecat cupidatat non proident, sunt in culpa qui officia deserunt mollit anim id est laborum.<\\/p>\",\"62\":[\"303\"],\"10\":{\"295\":{\"type\":\"largeImage\",\"enabled\":\"1\",\"fields\":{\"image\":[\"286\"],\"layoutOptions\":\"full-width\",\"spacingTop\":\"spacing-top-0\",\"spacingBottom\":\"spacing-bottom-0\"}},\"296\":{\"type\":\"centeredText\",\"enabled\":\"1\",\"fields\":{\"text\":\"<p class=\\\"large\\\">Lorem ipsum dolor sit amet, consectetur adipiscing elit, sed do eiusmod tempor incididunt ut labore et dolore magna aliqua.&nbsp;Ut enim ad minim veniam, quis nostrud exercitation ullamco laboris nisi ut aliquip ex ea commodo consequat.<\\/p>\",\"backgroundColor\":\"#f6f6f7\",\"spacingTop\":\"spacing-top-1\",\"spacingBottom\":\"spacing-bottom-1\"}},\"297\":{\"type\":\"insetImage\",\"enabled\":\"1\",\"fields\":{\"image\":[\"315\"],\"imageWidth\":\"75\",\"backgroundColor\":\"#f6f6f7\",\"spacingTop\":\"spacing-top-0\",\"spacingBottom\":\"spacing-bottom-0\"}},\"304\":{\"type\":\"insetImage\",\"enabled\":\"1\",\"fields\":{\"image\":[\"289\"],\"imageWidth\":\"100\",\"backgroundColor\":\"#041e41\",\"spacingTop\":\"spacing-top-0\",\"spacingBottom\":\"spacing-bottom-0\"}},\"299\":{\"type\":\"centeredText\",\"enabled\":\"1\",\"fields\":{\"text\":\"<p class=\\\"large\\\"><span class=\\\"white\\\"><\\/span>Lorem ipsum dolor sit amet, consectetur adipiscing elit, sed do eiusmod tempor incididunt ut labore et dolore magna aliqua.<\\/p>\",\"backgroundColor\":\"#f6f6f7\",\"spacingTop\":\"spacing-top-1\",\"spacingBottom\":\"spacing-bottom-1\"}},\"300\":{\"type\":\"insetImage\",\"enabled\":\"1\",\"fields\":{\"image\":[\"316\"],\"imageWidth\":\"100\",\"backgroundColor\":\"#f6f6f7\",\"spacingTop\":\"spacing-top-0\",\"spacingBottom\":\"spacing-bottom-0\"}},\"301\":{\"type\":\"imageWithDescription\",\"enabled\":\"1\",\"fields\":{\"position\":\"left\",\"image\":[\"290\"],\"imageWidth\":\"100\",\"description\":\"<p class=\\\"large\\\"><span class=\\\"white\\\">The world\\u2019s most thrilling opportunities\\r\\nwill be realized,\\r\\nand the most\\r\\ngrinding challenges\\r\\nconquered by systems designed to unlock human\\r\\ncreative potential.<\\/span><\\/p>\",\"backgroundColor\":\"#ff4100\",\"spacingTop\":\"spacing-top-1\",\"spacingBottom\":\"spacing-bottom-1\"}},\"302\":{\"type\":\"insetImage\",\"enabled\":\"1\",\"fields\":{\"image\":[\"292\"],\"imageWidth\":\"100\",\"backgroundColor\":\"#898796\",\"spacingTop\":\"spacing-top-1\",\"spacingBottom\":\"spacing-bottom-1\"}},\"320\":{\"type\":\"largeImage\",\"enabled\":\"1\",\"fields\":{\"image\":[\"325\"],\"layoutOptions\":\"framed\",\"spacingTop\":\"spacing-top-1\",\"spacingBottom\":\"spacing-bottom-1\"}}},\"6\":\"Brand Identity & Website\"}}', '2016-12-17 01:28:49', '2016-12-17 01:28:49', 'e64a01c8-d14f-44ef-a115-596ecdb11c6b'),
 ('418', '307', '3', '47', 'en_us', '7', '', '{\"typeId\":\"3\",\"authorId\":\"47\",\"title\":\"Two Mountain Winery\",\"slug\":\"two-mountain-winery\",\"postDate\":1481928660,\"expiryDate\":null,\"enabled\":1,\"parentId\":null,\"fields\":{\"14\":\"\",\"3\":[\"10\",\"12\",\"13\"],\"29\":\"#929292\",\"9\":\"Two\\r\\nmountain\\r\\n2.0\",\"7\":[\"328\"],\"4\":\"#db0000\",\"8\":\"<p>As they approached their tenth year of winemaking, Two Mountain Winery sought to redesign thier label to reflect a more grown-up and refined product. The new design updates distinctive brand elements while creating a dramatic and minimalist new look. Toothy white paper labels, stamped foils, de-bossed details, and the winemakers\'&nbsp;signature on the bottle capsule denote a small-batch, hand-crafted feel.<\\/p>\",\"62\":[\"306\"],\"10\":{\"319\":{\"type\":\"largeImage\",\"enabled\":\"1\",\"fields\":{\"image\":[\"318\"],\"layoutOptions\":\"full-width\",\"spacingTop\":\"spacing-top-0\",\"spacingBottom\":\"spacing-bottom-0\"}},\"new1\":{\"type\":\"insetImage\",\"enabled\":\"1\",\"fields\":{\"image\":[\"329\"],\"imageWidth\":\"50\",\"backgroundColor\":\"#ffffff\",\"spacingTop\":\"spacing-top-5\",\"spacingBottom\":\"spacing-bottom-5\"}},\"new2\":{\"type\":\"largeImage\",\"enabled\":\"1\",\"fields\":{\"image\":[\"331\"],\"layoutOptions\":\"full-width\",\"spacingTop\":\"spacing-top-0\",\"spacingBottom\":\"spacing-bottom-0\"}},\"323\":{\"type\":\"largeImage\",\"enabled\":\"1\",\"fields\":{\"image\":[\"326\"],\"layoutOptions\":\"framed\",\"spacingTop\":\"spacing-top-1\",\"spacingBottom\":\"spacing-bottom-1\"}}},\"6\":\"Wine bottle design and branding\"}}', '2016-12-17 01:30:14', '2016-12-17 01:30:14', 'd7c04651-9c47-4129-8372-1cfe58c2c488'),
 ('419', '294', '3', '151', 'en_us', '28', '', '{\"typeId\":\"3\",\"authorId\":\"151\",\"title\":\"Revel Consulting\",\"slug\":\"revel-consulting\",\"postDate\":1481920920,\"expiryDate\":null,\"enabled\":1,\"parentId\":null,\"fields\":{\"14\":\"\",\"3\":[\"10\",\"11\",\"12\"],\"29\":\"#ff4100\",\"9\":\"UNLOCKING\\r\\nDIGITAL\\r\\nPOTENTIAL\",\"7\":[\"324\"],\"4\":\"#ff4100\",\"8\":\"<p class=\\\"large\\\">Revel partners with&nbsp;clients to create substantial value through strategic execution by cultivating an innovative approach that attracts, develops and inspires people to achieve more, together.&nbsp;Lorem ipsum dolor sit amet, consectetur adipiscing elit, sed do eiusmod tempor incididunt ut labore et dolore magna aliqua. Ut enim ad minim veniam, quis nostrud exercitation ullamco laboris nisi ut aliquip ex ea commodo consequat. Duis aute irure dolor in reprehenderit in voluptate velit esse cillum dolore eu fugiat nulla pariatur. Excepteur sint occaecat cupidatat non proident, sunt in culpa qui officia deserunt mollit anim id est laborum.<\\/p>\",\"62\":[\"303\"],\"10\":{\"295\":{\"type\":\"largeImage\",\"enabled\":\"1\",\"fields\":{\"image\":[\"286\"],\"layoutOptions\":\"full-width\",\"spacingTop\":\"spacing-top-0\",\"spacingBottom\":\"spacing-bottom-0\"}},\"296\":{\"type\":\"centeredText\",\"enabled\":\"1\",\"fields\":{\"text\":\"<p class=\\\"large\\\">Lorem ipsum dolor sit amet, consectetur adipiscing elit, sed do eiusmod tempor incididunt ut labore et dolore magna aliqua.&nbsp;Ut enim ad minim veniam, quis nostrud exercitation ullamco laboris nisi ut aliquip ex ea commodo consequat.<\\/p>\",\"backgroundColor\":\"#f6f6f7\",\"spacingTop\":\"spacing-top-1\",\"spacingBottom\":\"spacing-bottom-1\"}},\"297\":{\"type\":\"insetImage\",\"enabled\":\"1\",\"fields\":{\"image\":[\"315\"],\"imageWidth\":\"75\",\"backgroundColor\":\"#f6f6f7\",\"spacingTop\":\"spacing-top-0\",\"spacingBottom\":\"spacing-bottom-0\"}},\"304\":{\"type\":\"insetImage\",\"enabled\":\"1\",\"fields\":{\"image\":[\"289\"],\"imageWidth\":\"100\",\"backgroundColor\":\"#041e41\",\"spacingTop\":\"spacing-top-0\",\"spacingBottom\":\"spacing-bottom-0\"}},\"299\":{\"type\":\"centeredText\",\"enabled\":\"1\",\"fields\":{\"text\":\"<p class=\\\"large\\\"><span class=\\\"white\\\"><\\/span>Lorem ipsum dolor sit amet, consectetur adipiscing elit, sed do eiusmod tempor incididunt ut labore et dolore magna aliqua.<\\/p>\",\"backgroundColor\":\"#f6f6f7\",\"spacingTop\":\"spacing-top-1\",\"spacingBottom\":\"spacing-bottom-1\"}},\"new1\":{\"type\":\"largeImage\",\"enabled\":\"1\",\"fields\":{\"image\":[\"335\"],\"layoutOptions\":\"full-width\",\"spacingTop\":\"spacing-top-0\",\"spacingBottom\":\"spacing-bottom-0\"}},\"301\":{\"type\":\"imageWithDescription\",\"enabled\":\"1\",\"fields\":{\"position\":\"left\",\"image\":[\"290\"],\"imageWidth\":\"100\",\"description\":\"<p class=\\\"large\\\"><span class=\\\"white\\\">The world\\u2019s most thrilling opportunities\\r\\nwill be realized,\\r\\nand the most\\r\\ngrinding challenges\\r\\nconquered by systems designed to unlock human\\r\\ncreative potential.<\\/span><\\/p>\",\"backgroundColor\":\"#ff4100\",\"spacingTop\":\"spacing-top-1\",\"spacingBottom\":\"spacing-bottom-1\"}},\"302\":{\"type\":\"insetImage\",\"enabled\":\"1\",\"fields\":{\"image\":[\"292\"],\"imageWidth\":\"100\",\"backgroundColor\":\"#898796\",\"spacingTop\":\"spacing-top-1\",\"spacingBottom\":\"spacing-bottom-1\"}},\"320\":{\"type\":\"largeImage\",\"enabled\":\"1\",\"fields\":{\"image\":[\"325\"],\"layoutOptions\":\"framed\",\"spacingTop\":\"spacing-top-1\",\"spacingBottom\":\"spacing-bottom-1\"}}},\"6\":\"Brand Identity & Website\"}}', '2016-12-19 23:39:56', '2016-12-19 23:39:56', 'af6b2011-a021-4e5f-a944-a6cdc1a5250f'),
 ('420', '337', '7', '1', 'en_us', '1', '', '{\"typeId\":null,\"authorId\":\"1\",\"title\":\"Digital\",\"slug\":\"digital\",\"postDate\":1482256586,\"expiryDate\":null,\"enabled\":1,\"parentId\":\"\",\"fields\":{\"48\":\"\",\"45\":\"<p>Digital<\\/p>\",\"46\":\"<p>Offering<\\/p>\"}}', '2016-12-20 17:56:26', '2016-12-20 17:56:26', '61502521-3797-461f-9396-b8077941f784'),
 ('421', '338', '7', '1', 'en_us', '1', '', '{\"typeId\":null,\"authorId\":\"1\",\"title\":\"Print\",\"slug\":\"print\",\"postDate\":1482256603,\"expiryDate\":null,\"enabled\":1,\"parentId\":\"\",\"fields\":{\"48\":\"\",\"45\":\"<p>Print<\\/p>\",\"46\":\"<p>Offering<\\/p>\"}}', '2016-12-20 17:56:44', '2016-12-20 17:56:44', '566cdf09-d586-41c9-8cf8-cb0e0ca48555'),
 ('422', '339', '7', '1', 'en_us', '1', '', '{\"typeId\":null,\"authorId\":\"1\",\"title\":\"Packaging\",\"slug\":\"packaging\",\"postDate\":1482256623,\"expiryDate\":null,\"enabled\":1,\"parentId\":\"\",\"fields\":{\"48\":\"\",\"45\":\"<p>Packaging<\\/p>\",\"46\":\"<p>Offering<\\/p>\"}}', '2016-12-20 17:57:03', '2016-12-20 17:57:03', '8f168331-6a35-4ef1-8028-5452fa1d7d20'),
 ('423', '340', '7', '1', 'en_us', '1', '', '{\"typeId\":null,\"authorId\":\"1\",\"title\":\"Environment\",\"slug\":\"environment\",\"postDate\":1482256637,\"expiryDate\":null,\"enabled\":1,\"parentId\":\"\",\"fields\":{\"48\":\"\",\"45\":\"<p>Environment<\\/p>\",\"46\":\"<p>Offering<\\/p>\"}}', '2016-12-20 17:57:17', '2016-12-20 17:57:17', '23e2bc4e-6959-42b9-9f01-0852c98a1f04'),
 ('424', '15', '3', '46', 'en_us', '113', '', '{\"typeId\":\"3\",\"authorId\":\"1\",\"title\":\"Fulcrum Foundation\",\"slug\":\"fulcrum-brand-identity-website\",\"postDate\":1476391140,\"expiryDate\":null,\"enabled\":1,\"parentId\":null,\"fields\":{\"14\":{\"254\":{\"type\":\"2\",\"fields\":{\"header\":\"Website\",\"info\":\"<p><a href=\\\"http:\\/\\/fulcrumfoundation.org\\\" target=\\\"_blank\\\">fulcrumfoundation.org<\\/a><\\/p>\"}}},\"3\":[\"9\",\"10\",\"11\",\"12\"],\"29\":\"#efefef\",\"9\":\"A\\r\\nNEW LOOK\\r\\nFOR\\r\\nCATHOLIC\\r\\nEDUCATION\",\"7\":[\"274\"],\"4\":\"#262628\",\"8\":\"<p class=\\\"large\\\">Donec id elit non mi porta gravida at eget metus. Aenean lacinia bibendum nulla sed consectetur. Cras justo odio, dapibus ac facilisis in, egestas eget quam. Donec id elit non mi porta gravida at eget metus. Cras mattis consectetur purus sit amet fermentum.&nbsp;Maecenas faucibus mollis interdum. Aenean lacinia bibendum nulla sed consectetur. Praesent commodo cursus magna, vel scelerisque nisl consectetur et. Sed posuere consectetur est at lobortis. Cum sociis natoque penatibus et magnis dis parturient montes, nascetur ridiculus mus. Sed posuere consectetur est at lobortis. Lorem ipsum dolor sit amet, consectetur adipiscing elit.<\\/p>\",\"62\":[\"249\"],\"10\":{\"260\":{\"type\":\"insetImage\",\"enabled\":\"1\",\"fields\":{\"image\":[\"259\"],\"imageWidth\":\"50\",\"backgroundColor\":\"#efefef\",\"spacingTop\":\"spacing-top-4\",\"spacingBottom\":\"spacing-bottom-4\"}},\"28\":{\"type\":\"largeImage\",\"enabled\":\"1\",\"fields\":{\"image\":[\"177\"],\"layoutOptions\":\"full-width\",\"spacingTop\":\"spacing-top-0\",\"spacingBottom\":\"spacing-bottom-0\"}}},\"6\":\"Brand Identity & Website\"}}', '2016-12-20 18:58:03', '2016-12-20 18:58:03', '45352c3c-c9e1-423f-9a2c-7752cd5da1ce'),
 ('425', '15', '3', '46', 'en_us', '114', '', '{\"typeId\":\"3\",\"authorId\":\"1\",\"title\":\"Fulcrum Foundation\",\"slug\":\"fulcrum-brand-identity-website\",\"postDate\":1476391140,\"expiryDate\":null,\"enabled\":1,\"parentId\":null,\"fields\":{\"14\":{\"254\":{\"type\":\"2\",\"fields\":{\"header\":\"Website\",\"info\":\"<p><a href=\\\"http:\\/\\/fulcrumfoundation.org\\\" target=\\\"_blank\\\">fulcrumfoundation.org<\\/a><\\/p>\"}}},\"3\":[\"9\",\"10\",\"11\",\"12\"],\"29\":\"#efefef\",\"9\":\"A\\r\\nNEW LOOK\\r\\nFOR\\r\\nCATHOLIC\\r\\nEDUCATION\",\"7\":[\"274\"],\"4\":\"#262628\",\"8\":\"<p class=\\\"large\\\">Donec id elit non mi porta gravida at eget metus. Aenean lacinia bibendum nulla sed consectetur. Cras justo odio, dapibus ac facilisis in, egestas eget quam. Donec id elit non mi porta gravida at eget metus. Cras mattis consectetur purus sit amet fermentum.&nbsp;Maecenas faucibus mollis interdum. Aenean lacinia bibendum nulla sed consectetur. Praesent commodo cursus magna, vel scelerisque nisl consectetur et. Sed posuere consectetur est at lobortis. Cum sociis natoque penatibus et magnis dis parturient montes, nascetur ridiculus mus. Sed posuere consectetur est at lobortis. Lorem ipsum dolor sit amet, consectetur adipiscing elit.<\\/p>\",\"62\":[\"249\"],\"10\":{\"260\":{\"type\":\"insetImage\",\"enabled\":\"1\",\"fields\":{\"image\":[\"259\"],\"imageWidth\":\"50\",\"backgroundColor\":\"#efefef\",\"spacingTop\":\"spacing-top-4\",\"spacingBottom\":\"spacing-bottom-4\"}},\"28\":{\"type\":\"largeImage\",\"enabled\":\"1\",\"fields\":{\"image\":[\"177\"],\"layoutOptions\":\"full-width\",\"spacingTop\":\"spacing-top-0\",\"spacingBottom\":\"spacing-bottom-0\"}}},\"6\":\"Brand Identity & Website\"}}', '2016-12-20 18:58:51', '2016-12-20 18:58:51', '98d007ea-5212-4adf-ac22-27842279e8a4'),
 ('426', '307', '3', '46', 'en_us', '8', '', '{\"typeId\":\"3\",\"authorId\":\"47\",\"title\":\"Two Mountain Winery\",\"slug\":\"two-mountain-winery\",\"postDate\":1481928660,\"expiryDate\":null,\"enabled\":1,\"parentId\":null,\"fields\":{\"14\":\"\",\"3\":[\"10\",\"12\",\"13\"],\"29\":\"#929292\",\"9\":\"Two\\r\\nmountain\\r\\n2.0\",\"7\":[\"328\"],\"4\":\"#db0000\",\"8\":\"<p>As they approached their tenth year of winemaking, Two Mountain Winery sought to redesign thier label to reflect a more grown-up and refined product. The new design updates distinctive brand elements while creating a dramatic and minimalist new look. Toothy white paper labels, stamped foils, de-bossed details, and the winemakers\'&nbsp;signature on the bottle capsule denote a small-batch, hand-crafted feel.<\\/p>\",\"62\":[\"306\"],\"10\":{\"319\":{\"type\":\"largeImage\",\"enabled\":\"1\",\"fields\":{\"image\":[\"318\"],\"layoutOptions\":\"full-width\",\"spacingTop\":\"spacing-top-0\",\"spacingBottom\":\"spacing-bottom-0\"}},\"333\":{\"type\":\"insetImage\",\"enabled\":\"1\",\"fields\":{\"image\":[\"329\"],\"imageWidth\":\"50\",\"backgroundColor\":\"#ffffff\",\"spacingTop\":\"spacing-top-5\",\"spacingBottom\":\"spacing-bottom-5\"}},\"334\":{\"type\":\"largeImage\",\"enabled\":\"1\",\"fields\":{\"image\":[\"331\"],\"layoutOptions\":\"full-width\",\"spacingTop\":\"spacing-top-0\",\"spacingBottom\":\"spacing-bottom-0\"}},\"323\":{\"type\":\"largeImage\",\"enabled\":\"1\",\"fields\":{\"image\":[\"326\"],\"layoutOptions\":\"framed\",\"spacingTop\":\"spacing-top-1\",\"spacingBottom\":\"spacing-bottom-1\"}}},\"6\":\"Brand Identity & Packaging\"}}', '2016-12-20 19:00:01', '2016-12-20 19:00:01', 'a49a2016-dd97-4886-8a2b-4897f4092882'),
 ('427', '294', '3', '46', 'en_us', '29', '', '{\"typeId\":\"3\",\"authorId\":\"151\",\"title\":\"Revel Consulting\",\"slug\":\"revel-consulting\",\"postDate\":1481920920,\"expiryDate\":null,\"enabled\":1,\"parentId\":null,\"fields\":{\"14\":{\"new2\":{\"type\":\"2\",\"fields\":{\"header\":\"Website\",\"info\":\"<p><a href=\\\"http:\\/\\/revelconsulting.com\\/\\\" target=\\\"_blank\\\">revelconsulting.com<\\/a><\\/p>\"}}},\"3\":[\"10\",\"11\",\"12\"],\"29\":\"#ff4100\",\"9\":\"UNLOCKING\\r\\nDIGITAL\\r\\nPOTENTIAL\",\"7\":[\"324\"],\"4\":\"#ff4100\",\"8\":\"<p class=\\\"large\\\">Revel partners with&nbsp;clients to create substantial value through strategic execution by cultivating an innovative approach that attracts, develops and inspires people to achieve more, together.&nbsp;Lorem ipsum dolor sit amet, consectetur adipiscing elit, sed do eiusmod tempor incididunt ut labore et dolore magna aliqua. Ut enim ad minim veniam, quis nostrud exercitation ullamco laboris nisi ut aliquip ex ea commodo consequat. Duis aute irure dolor in reprehenderit in voluptate velit esse cillum dolore eu fugiat nulla pariatur. Excepteur sint occaecat cupidatat non proident, sunt in culpa qui officia deserunt mollit anim id est laborum.<\\/p>\",\"62\":[\"303\"],\"10\":{\"295\":{\"type\":\"largeImage\",\"enabled\":\"1\",\"fields\":{\"image\":[\"286\"],\"layoutOptions\":\"full-width\",\"spacingTop\":\"spacing-top-0\",\"spacingBottom\":\"spacing-bottom-0\"}},\"296\":{\"type\":\"centeredText\",\"enabled\":\"1\",\"fields\":{\"text\":\"<p class=\\\"large\\\">Lorem ipsum dolor sit amet, consectetur adipiscing elit, sed do eiusmod tempor incididunt ut labore et dolore magna aliqua.&nbsp;Ut enim ad minim veniam, quis nostrud exercitation ullamco laboris nisi ut aliquip ex ea commodo consequat.<\\/p>\",\"backgroundColor\":\"#f6f6f7\",\"spacingTop\":\"spacing-top-1\",\"spacingBottom\":\"spacing-bottom-1\"}},\"297\":{\"type\":\"insetImage\",\"enabled\":\"1\",\"fields\":{\"image\":[\"315\"],\"imageWidth\":\"75\",\"backgroundColor\":\"#f6f6f7\",\"spacingTop\":\"spacing-top-0\",\"spacingBottom\":\"spacing-bottom-0\"}},\"304\":{\"type\":\"insetImage\",\"enabled\":\"1\",\"fields\":{\"image\":[\"289\"],\"imageWidth\":\"100\",\"backgroundColor\":\"#041e41\",\"spacingTop\":\"spacing-top-0\",\"spacingBottom\":\"spacing-bottom-0\"}},\"299\":{\"type\":\"centeredText\",\"enabled\":\"1\",\"fields\":{\"text\":\"<p class=\\\"large\\\"><span class=\\\"white\\\"><\\/span>Lorem ipsum dolor sit amet, consectetur adipiscing elit, sed do eiusmod tempor incididunt ut labore et dolore magna aliqua.<\\/p>\",\"backgroundColor\":\"#f6f6f7\",\"spacingTop\":\"spacing-top-1\",\"spacingBottom\":\"spacing-bottom-1\"}},\"336\":{\"type\":\"largeImage\",\"enabled\":\"1\",\"fields\":{\"image\":[\"335\"],\"layoutOptions\":\"full-width\",\"spacingTop\":\"spacing-top-0\",\"spacingBottom\":\"spacing-bottom-0\"}},\"301\":{\"type\":\"imageWithDescription\",\"enabled\":\"1\",\"fields\":{\"position\":\"left\",\"image\":[\"290\"],\"imageWidth\":\"100\",\"description\":\"<p class=\\\"large\\\"><span class=\\\"white\\\">The world\\u2019s most thrilling opportunities\\r\\nwill be realized,\\r\\nand the most\\r\\ngrinding challenges\\r\\nconquered by systems designed to unlock human\\r\\ncreative potential.<\\/span><\\/p>\",\"backgroundColor\":\"#ff4100\",\"spacingTop\":\"spacing-top-1\",\"spacingBottom\":\"spacing-bottom-1\"}},\"302\":{\"type\":\"insetImage\",\"enabled\":\"1\",\"fields\":{\"image\":[\"292\"],\"imageWidth\":\"100\",\"backgroundColor\":\"#898796\",\"spacingTop\":\"spacing-top-1\",\"spacingBottom\":\"spacing-bottom-1\"}},\"320\":{\"type\":\"largeImage\",\"enabled\":\"1\",\"fields\":{\"image\":[\"325\"],\"layoutOptions\":\"framed\",\"spacingTop\":\"spacing-top-1\",\"spacingBottom\":\"spacing-bottom-1\"}}},\"6\":\"Brand Identity & Website\"}}', '2016-12-20 19:02:54', '2016-12-20 19:02:54', '4d4e1d3e-99ed-4516-9680-49c462a609f8');
INSERT INTO `craft_entryversions` (`id`, `entryId`, `sectionId`, `creatorId`, `locale`, `num`, `notes`, `data`, `dateCreated`, `dateUpdated`, `uid`) VALUES
 ('428', '44', '6', '46', 'en_us', '3', '', '{\"typeId\":null,\"authorId\":null,\"title\":\"Journal\",\"slug\":\"journal\",\"postDate\":1476834521,\"expiryDate\":null,\"enabled\":1,\"parentId\":null,\"fields\":{\"48\":{\"192\":{\"type\":\"1\",\"fields\":{\"backgroundImage\":\"\",\"backgroundColor\":\"#3c00ff\",\"linkUrl\":\"\\/work\",\"header\":\"See \\r\\nOur\\r\\nWork\",\"subtext\":\"See Our Work\",\"fontColor\":\"#efefef\"}}}}}', '2016-12-20 19:10:49', '2016-12-20 19:10:49', '03c51c38-9328-4ea2-a09c-a7d0e59a440b'),
 ('429', '101', '10', '46', 'en_us', '44', '', '{\"typeId\":\"11\",\"authorId\":null,\"title\":\"Studio\",\"slug\":\"studio\",\"postDate\":1478129954,\"expiryDate\":null,\"enabled\":1,\"parentId\":null,\"fields\":{\"48\":{\"102\":{\"type\":\"1\",\"fields\":{\"backgroundImage\":[\"97\"],\"backgroundColor\":\"#000000\",\"linkUrl\":\"\\/contact\",\"header\":\"Drop \\r\\nus \\r\\na \\r\\nline\",\"subtext\":\"Contact Us\",\"fontColor\":\"#efefef\"}}},\"46\":\"<p class=\\\"large\\\">Born in 2004<\\/p>\\r\\n<p class=\\\"large\\\">We are a full-service creative agency with offices in Seattle and Portland. A dedicated team of designers, strategists, developers and account specialists, we create highly-crafted brand experiences that clarify purpose, encourage action, and inspire brand loyalty. We\\u2019d love to get to know you and help tell your story.&nbsp;<\\/p>\",\"10\":{\"103\":{\"type\":\"carousel\",\"enabled\":\"1\",\"fields\":{\"images\":[\"197\",\"198\",\"196\",\"199\"],\"spacingTop\":\"spacing-top-0\",\"spacingBottom\":\"spacing-bottom-1\"}},\"104\":{\"type\":\"twoColumnContent\",\"enabled\":\"1\",\"fields\":{\"backgroundColor\":\"#000000\",\"leftColumn\":\"<p class=\\\"h3 med\\\"><span class=\\\"white\\\">STYLE<br>IS A<br>SIMPLE<br>WAY<br>OF<br>SAYING<br>COMPLEX<br>THINGS<br><\\/span><span class=\\\"blue\\\">&mdash;JEAN<br>COCTEAU<\\/span><\\/p>\",\"rightColumn\":\"<p class=\\\"large\\\"><span class=\\\"white\\\"><span><\\/span>Style is Not a&nbsp;4-letter Word<span><\\/span><\\/span><\\/p>\\r\\n<p class=\\\"large\\\"><span class=\\\"white\\\"><span><\\/span>In our experience, the brands that are the most magnetic are those which project distinct, memorable and charismatic personalities. These brands place equal emphasis on what they say and how they say it. Some design purists might say that style is merely artificial decoration that should be avoided in favor of logic&mdash;\\u201cform follows function\\u201d and all that. Don\\u2019t get us wrong, we\\u2019re not proponents of style for its own sake, or as ornament applied after an idea has already been defined. Rather, we employ style as an integral and strategic component of our brand-development process. At its best, style can be that magical something about a company or product that pulls people in and transcends the logical. So, to us, style is not a 4-letter word. On the contrary, we embrace it, harnessing its power to cut through the clutter.&nbsp;<\\/span><\\/p>\\r\\n<p class=\\\"large\\\"><span class=\\\"white\\\">And besides, \\u201cstyle\\u201d has five letters.<\\/span><\\/p>\",\"spacingTop\":\"spacing-top-2\",\"spacingBottom\":\"spacing-bottom-0\"}},\"106\":{\"type\":\"twoColumnContent\",\"enabled\":\"1\",\"fields\":{\"backgroundColor\":\"#000000\",\"leftColumn\":\"<p class=\\\"large\\\"><span class=\\\"white\\\">We Do<\\/span><\\/p>\",\"rightColumn\":\"<p class=\\\"h2 caps\\\"><a href=\\\"\\/strategy\\\">Strategy<\\/a><br><a href=\\\"\\/identity\\\">Identity<\\/a><br><a href=\\\"\\/digital\\\">Digital<\\/a><br><a href=\\\"\\/print\\\">Print<\\/a><br><a href=\\\"\\/packaging\\\">Packaging<\\/a><br><a href=\\\"\\/environment\\\">Environment<\\/a><\\/p>\",\"spacingTop\":\"spacing-top-2\",\"spacingBottom\":\"spacing-bottom-1\"}},\"107\":{\"type\":\"twoColumnContent\",\"enabled\":\"1\",\"fields\":{\"backgroundColor\":\"#ffffff\",\"leftColumn\":\"<p class=\\\"h3 caps\\\">OUR<br>CLIENTS<br>&<br>INDUSTRIES<\\/p>\\r\\n<p class=\\\"h3 caps\\\"><\\/p>\",\"rightColumn\":\"\",\"spacingTop\":\"spacing-top-2\",\"spacingBottom\":\"spacing-bottom-0\"}},\"108\":{\"type\":\"twoColumnContent\",\"enabled\":\"1\",\"fields\":{\"backgroundColor\":\"#ffffff\",\"leftColumn\":\"<p class=\\\"large\\\"><span class=\\\"gray\\\">Industry<\\/span><\\/p>\\r\\n<p class=\\\"h3 caps\\\">TEAGUE<br>NIKE<br>STARBUCKS<br>MICROSOFT<br>AMAZON<br>AIGA<br>NORDSTROM<br>TEAGUE<br>NIKE<\\/p>\\r\\n<p class=\\\"large\\\"><span class=\\\"gray\\\">Industry<\\/span><\\/p>\\r\\n<p class=\\\"h3 caps\\\">TEAGUE<br>NIKE<br>STARBUCKS<br>MICROSOFT<br>AMAZON<br>AIGA<br>NORDSTROM<br>TEAGUE<br>NIKE<\\/p>\\r\\n<p class=\\\"large\\\"><span class=\\\"gray\\\">Industry<\\/span><\\/p>\\r\\n<p class=\\\"h3 caps\\\">TEAGUE<br>NIKE<br>STARBUCKS<br>MICROSOFT<br>AMAZON<br>AIGA<br>NORDSTROM<br>TEAGUE<br>NIKE<\\/p>\",\"rightColumn\":\"<p class=\\\"large\\\"><span class=\\\"gray\\\">Industry<\\/span><\\/p>\\r\\n<p class=\\\"h3 caps\\\">TEAGUE<br>NIKE<br>STARBUCKS<br>MICROSOFT<br>AMAZON<br>AIGA<br>NORDSTROM<br>TEAGUE<br>NIKE<\\/p>\\r\\n<p class=\\\"large\\\"><span class=\\\"gray\\\">Industry<\\/span><\\/p>\\r\\n<p class=\\\"h3 caps\\\">TEAGUE<br>NIKE<br>STARBUCKS<br>MICROSOFT<br>AMAZON<br>AIGA<br>NORDSTROM<br>TEAGUE<br>NIKE<\\/p>\\r\\n<p class=\\\"large\\\"><span class=\\\"gray\\\">Industry<\\/span><\\/p>\\r\\n<p class=\\\"h3 caps\\\">TEAGUE<br>NIKE<br>STARBUCKS<br>MICROSOFT<br>AMAZON<br>AIGA<br>NORDSTROM<br>TEAGUE<br>NIKE<\\/p>\",\"spacingTop\":\"spacing-top-1\",\"spacingBottom\":\"spacing-bottom-2\"}}},\"47\":\"<p class=\\\"large\\\">08\\/2016 &mdash; IdN Magazine v23n2<\\/p>\\r\\n<p class=\\\"large\\\">06\\/2016 &mdash; Communication Arts Design Annual 2016<\\/p>\\r\\n<p class=\\\"large\\\">05\\/2016 &mdash; PRINT Magazine Regional Design Annual 2016<\\/p>\\r\\n<p class=\\\"large\\\">03\\/2016 &mdash; Communication Arts Design Annual 2015<\\/p>\\r\\n<p class=\\\"large\\\">02\\/2016 &mdash; IdN Magazine v23n2<\\/p>\\r\\n<p class=\\\"large\\\">12\\/2015 &mdash; Communication Arts Design Annual 2016<\\/p>\\r\\n<p class=\\\"large\\\">10\\/2015 &mdash; PRINT Magazine Regional Design Annual 2016<\\/p>\\r\\n<p class=\\\"large\\\">10\\/2015 &mdash; Communication Arts Design Annual 2015<\\/p>\\r\\n<p class=\\\"large\\\">06\\/2015 &mdash; PRINT Magazine Regional Design Annual 2016<\\/p>\\r\\n<p class=\\\"large\\\">02\\/2015 &mdash; Communication Arts Design Annual 2015<\\/p>\",\"44\":\"MEET\\r\\nOUR\\r\\nTALENTED\\r\\nTEAM\"}}', '2016-12-20 19:32:08', '2016-12-20 19:32:08', '4af26be8-8b0c-46ff-b025-b9b4ee5252e9'),
 ('430', '307', '3', '1', 'en_us', '9', '', '{\"typeId\":\"3\",\"authorId\":\"47\",\"title\":\"Two Mountain Winery\",\"slug\":\"two-mountain-winery\",\"postDate\":1481928660,\"expiryDate\":null,\"enabled\":1,\"parentId\":null,\"fields\":{\"14\":\"\",\"73\":[\"328\"],\"3\":[\"10\",\"12\",\"13\"],\"29\":\"#929292\",\"9\":\"Two\\r\\nmountain\\r\\n2.0\",\"7\":[\"328\"],\"4\":\"#db0000\",\"8\":\"<p>As they approached their tenth year of winemaking, Two Mountain Winery sought to redesign thier label to reflect a more grown-up and refined product. The new design updates distinctive brand elements while creating a dramatic and minimalist new look. Toothy white paper labels, stamped foils, de-bossed details, and the winemakers\'&nbsp;signature on the bottle capsule denote a small-batch, hand-crafted feel.<\\/p>\",\"62\":[\"306\"],\"10\":{\"319\":{\"type\":\"largeImage\",\"enabled\":\"1\",\"fields\":{\"image\":[\"318\"],\"layoutOptions\":\"full-width\",\"spacingTop\":\"spacing-top-0\",\"spacingBottom\":\"spacing-bottom-0\"}},\"333\":{\"type\":\"insetImage\",\"enabled\":\"1\",\"fields\":{\"image\":[\"329\"],\"imageWidth\":\"50\",\"backgroundColor\":\"#ffffff\",\"spacingTop\":\"spacing-top-5\",\"spacingBottom\":\"spacing-bottom-5\"}},\"334\":{\"type\":\"largeImage\",\"enabled\":\"1\",\"fields\":{\"image\":[\"331\"],\"layoutOptions\":\"full-width\",\"spacingTop\":\"spacing-top-0\",\"spacingBottom\":\"spacing-bottom-0\"}},\"323\":{\"type\":\"largeImage\",\"enabled\":\"1\",\"fields\":{\"image\":[\"326\"],\"layoutOptions\":\"framed\",\"spacingTop\":\"spacing-top-1\",\"spacingBottom\":\"spacing-bottom-1\"}}},\"6\":\"Brand Identity & Packaging\"}}', '2016-12-20 19:54:33', '2016-12-20 19:54:33', '50ebb72a-343d-408b-96b5-b7a0f0dd64fa'),
 ('431', '294', '3', '1', 'en_us', '30', '', '{\"typeId\":\"3\",\"authorId\":\"151\",\"title\":\"Revel Consulting\",\"slug\":\"revel-consulting\",\"postDate\":1481920920,\"expiryDate\":null,\"enabled\":1,\"parentId\":null,\"fields\":{\"14\":{\"343\":{\"type\":\"2\",\"fields\":{\"header\":\"Website\",\"info\":\"<p><a href=\\\"http:\\/\\/revelconsulting.com\\/\\\" target=\\\"_blank\\\">revelconsulting.com<\\/a><\\/p>\"}}},\"73\":[\"324\"],\"3\":[\"10\",\"11\",\"12\"],\"29\":\"#ff4100\",\"9\":\"UNLOCKING\\r\\nDIGITAL\\r\\nPOTENTIAL\",\"7\":[\"324\"],\"4\":\"#ff4100\",\"8\":\"<p class=\\\"large\\\">Revel partners with&nbsp;clients to create substantial value through strategic execution by cultivating an innovative approach that attracts, develops and inspires people to achieve more, together.&nbsp;Lorem ipsum dolor sit amet, consectetur adipiscing elit, sed do eiusmod tempor incididunt ut labore et dolore magna aliqua. Ut enim ad minim veniam, quis nostrud exercitation ullamco laboris nisi ut aliquip ex ea commodo consequat. Duis aute irure dolor in reprehenderit in voluptate velit esse cillum dolore eu fugiat nulla pariatur. Excepteur sint occaecat cupidatat non proident, sunt in culpa qui officia deserunt mollit anim id est laborum.<\\/p>\",\"62\":[\"303\"],\"10\":{\"295\":{\"type\":\"largeImage\",\"enabled\":\"1\",\"fields\":{\"image\":[\"286\"],\"layoutOptions\":\"full-width\",\"spacingTop\":\"spacing-top-0\",\"spacingBottom\":\"spacing-bottom-0\"}},\"296\":{\"type\":\"centeredText\",\"enabled\":\"1\",\"fields\":{\"text\":\"<p class=\\\"large\\\">Lorem ipsum dolor sit amet, consectetur adipiscing elit, sed do eiusmod tempor incididunt ut labore et dolore magna aliqua.&nbsp;Ut enim ad minim veniam, quis nostrud exercitation ullamco laboris nisi ut aliquip ex ea commodo consequat.<\\/p>\",\"backgroundColor\":\"#f6f6f7\",\"spacingTop\":\"spacing-top-1\",\"spacingBottom\":\"spacing-bottom-1\"}},\"297\":{\"type\":\"insetImage\",\"enabled\":\"1\",\"fields\":{\"image\":[\"315\"],\"imageWidth\":\"75\",\"backgroundColor\":\"#f6f6f7\",\"spacingTop\":\"spacing-top-0\",\"spacingBottom\":\"spacing-bottom-0\"}},\"304\":{\"type\":\"insetImage\",\"enabled\":\"1\",\"fields\":{\"image\":[\"289\"],\"imageWidth\":\"100\",\"backgroundColor\":\"#041e41\",\"spacingTop\":\"spacing-top-0\",\"spacingBottom\":\"spacing-bottom-0\"}},\"299\":{\"type\":\"centeredText\",\"enabled\":\"1\",\"fields\":{\"text\":\"<p class=\\\"large\\\"><span class=\\\"white\\\"><\\/span>Lorem ipsum dolor sit amet, consectetur adipiscing elit, sed do eiusmod tempor incididunt ut labore et dolore magna aliqua.<\\/p>\",\"backgroundColor\":\"#f6f6f7\",\"spacingTop\":\"spacing-top-1\",\"spacingBottom\":\"spacing-bottom-1\"}},\"336\":{\"type\":\"largeImage\",\"enabled\":\"1\",\"fields\":{\"image\":[\"335\"],\"layoutOptions\":\"full-width\",\"spacingTop\":\"spacing-top-0\",\"spacingBottom\":\"spacing-bottom-0\"}},\"301\":{\"type\":\"imageWithDescription\",\"enabled\":\"1\",\"fields\":{\"position\":\"left\",\"image\":[\"290\"],\"imageWidth\":\"100\",\"description\":\"<p class=\\\"large\\\"><span class=\\\"white\\\">The world\\u2019s most thrilling opportunities\\r\\nwill be realized,\\r\\nand the most\\r\\ngrinding challenges\\r\\nconquered by systems designed to unlock human\\r\\ncreative potential.<\\/span><\\/p>\",\"backgroundColor\":\"#ff4100\",\"spacingTop\":\"spacing-top-1\",\"spacingBottom\":\"spacing-bottom-1\"}},\"302\":{\"type\":\"insetImage\",\"enabled\":\"1\",\"fields\":{\"image\":[\"292\"],\"imageWidth\":\"100\",\"backgroundColor\":\"#898796\",\"spacingTop\":\"spacing-top-1\",\"spacingBottom\":\"spacing-bottom-1\"}},\"320\":{\"type\":\"largeImage\",\"enabled\":\"1\",\"fields\":{\"image\":[\"325\"],\"layoutOptions\":\"framed\",\"spacingTop\":\"spacing-top-1\",\"spacingBottom\":\"spacing-bottom-1\"}}},\"6\":\"Brand Identity & Website\"}}', '2016-12-20 19:54:43', '2016-12-20 19:54:43', '2e87d8b2-f490-4edc-9677-9a6bdbfe2240'),
 ('432', '276', '3', '1', 'en_us', '5', '', '{\"typeId\":\"3\",\"authorId\":\"152\",\"title\":\"Teague Flying Aces\",\"slug\":\"teague-flying-aces\",\"postDate\":1481916000,\"expiryDate\":null,\"enabled\":1,\"parentId\":null,\"fields\":{\"14\":\"\",\"73\":[\"275\"],\"3\":\"\",\"29\":\"#262626\",\"9\":\"I FEEL\\r\\nTHE NEED\\r\\nTHE NEED\\r\\nFOR SPEED\",\"7\":[\"275\"],\"4\":\"#9322e3\",\"8\":\"\",\"62\":[\"277\"],\"10\":\"\",\"6\":\"Brand Identity & Website\"}}', '2016-12-20 19:54:51', '2016-12-20 19:54:51', '6396915d-b64a-4157-9040-a95c0b863c1f'),
 ('433', '265', '3', '1', 'en_us', '8', '', '{\"typeId\":\"3\",\"authorId\":\"46\",\"title\":\"Homegrown\",\"slug\":\"homegrown\",\"postDate\":1481841840,\"expiryDate\":null,\"enabled\":1,\"parentId\":null,\"fields\":{\"14\":{\"269\":{\"type\":\"2\",\"fields\":{\"header\":\"Website\",\"info\":\"<p><a href=\\\"http:\\/\\/eathomegrown.com\\/\\\" target=\\\"_blank\\\">eathomegrown.com<\\/a><\\/p>\"}}},\"73\":[\"264\"],\"3\":[\"10\",\"11\",\"14\"],\"29\":\"#262626\",\"9\":\"SANDWICHES\\r\\nARE\\r\\nGOOD\\r\\nYUM\",\"7\":[\"264\"],\"4\":\"#b9d432\",\"8\":\"<p class=\\\"large\\\">Donec id elit non mi porta gravida at eget metus. Curabitur blandit tempus porttitor. Vestibulum id ligula porta felis euismod semper. Aenean lacinia bibendum nulla sed consectetur.&nbsp;Donec id elit non mi porta gravida at eget metus. Curabitur blandit tempus porttitor. Vestibulum id ligula porta felis euismod semper. Aenean lacinia bibendum nulla sed consectetur.&nbsp;<\\/p>\",\"62\":[\"263\"],\"10\":\"\",\"6\":\"Brand Refresh & Website\"}}', '2016-12-20 19:54:58', '2016-12-20 19:54:58', '7bdd68a1-6c1f-4e1c-b56f-26991b6f928e'),
 ('434', '201', '3', '1', 'en_us', '41', '', '{\"typeId\":\"3\",\"authorId\":\"46\",\"title\":\"Turnstyle\",\"slug\":\"turnstyle-case-study-guide\",\"postDate\":1479938460,\"expiryDate\":null,\"enabled\":1,\"parentId\":null,\"fields\":{\"14\":{\"253\":{\"type\":\"2\",\"fields\":{\"header\":\"Category Heading\",\"info\":\"<p>Additional Info<\\/p>\"}}},\"73\":[\"244\"],\"3\":[\"11\",\"12\",\"13\"],\"29\":\"#ffffff\",\"9\":\"HERO\\r\\nHEADLINE\\r\\nWITH LINE\\r\\nBREAKS\",\"7\":[\"244\"],\"4\":\"#3c00ff\",\"8\":\"<p class=\\\"large\\\">Welcome to the case study guide! Please don\'t delete me. When the time comes, we can turn me off, but until then I shall exist. Within this guide you will find information about the modules, color, typography, image optimization, file naming and more.<\\/p>\\r\\n<p class=\\\"large\\\">The area at right is dynamically populated with information from the CMS. The client comes from the title&nbsp;field, and the disciplines can be added one at a time depending on the particular project. Additional fields can be added and customized for things like URLs, Awards &&nbsp;Press, and other things unique to particular projects.<\\/p>\",\"62\":[\"270\"],\"10\":{\"211\":{\"type\":\"centeredText\",\"enabled\":\"1\",\"fields\":{\"text\":\"<p class=\\\"large\\\"><span class=\\\"white\\\">The Modules (this is the Centered Text module)<\\/span><\\/p>\\r\\n<p class=\\\"large\\\"><span class=\\\"white\\\">Below are all the modules in the CMS, with accompanying image sizing and other specs. There are several variables available to each module, some have more than others. You can specify vertical spacing (padding), background color, image\\/text orientation, full width vs framed, etc. Each module has a unique set of components one can set. Image modules have the image sizes specified in the CMS with the associated field.<\\/span><\\/p>\",\"backgroundColor\":\"#000000\",\"spacingTop\":\"spacing-top-2\",\"spacingBottom\":\"spacing-bottom-2\"}},\"212\":{\"type\":\"largeImage\",\"enabled\":\"1\",\"fields\":{\"image\":[\"213\"],\"layoutOptions\":\"full-width\",\"spacingTop\":\"spacing-top-0\",\"spacingBottom\":\"spacing-bottom-0\"}},\"219\":{\"type\":\"largeImage\",\"enabled\":\"1\",\"fields\":{\"image\":[\"213\"],\"layoutOptions\":\"framed\",\"spacingTop\":\"spacing-top-2\",\"spacingBottom\":\"spacing-bottom-2\"}},\"215\":{\"type\":\"insetImage\",\"enabled\":\"1\",\"fields\":{\"image\":[\"214\"],\"imageWidth\":\"50\",\"backgroundColor\":\"#000000\",\"spacingTop\":\"spacing-top-2\",\"spacingBottom\":\"spacing-bottom-2\"}},\"216\":{\"type\":\"imageWithDescription\",\"enabled\":\"1\",\"fields\":{\"position\":\"left\",\"image\":[\"214\"],\"imageWidth\":\"75\",\"description\":\"<p class=\\\"large\\\">This is the Image with Description module. The text orientation (left\\/right), background color and&nbsp;vertical spacing is variable.<\\/p>\",\"backgroundColor\":\"#efefef\",\"spacingTop\":\"spacing-top-2\",\"spacingBottom\":\"spacing-bottom-2\"}},\"218\":{\"type\":\"twoUpImages\",\"enabled\":\"1\",\"fields\":{\"leftImage\":[\"221\"],\"rightImage\":[\"217\"],\"spacingTop\":\"spacing-top-2\",\"spacingBottom\":\"spacing-bottom-2\"}},\"243\":{\"type\":\"largeImage\",\"enabled\":\"1\",\"fields\":{\"image\":[\"242\"],\"layoutOptions\":\"full-width\",\"spacingTop\":\"spacing-top-0\",\"spacingBottom\":\"spacing-bottom-0\"}},\"235\":{\"type\":\"video\",\"enabled\":\"1\",\"fields\":{\"vimeoEmbedUrl\":\"https:\\/\\/player.vimeo.com\\/external\\/112934911.sd.mp4?s=a11efd4f0191a7846bc17eeba07e1739e031775d&profile_id=112\",\"posterImage\":[\"236\"],\"autoplay\":\"\",\"framed\":\"\"}},\"237\":{\"type\":\"video\",\"enabled\":\"1\",\"fields\":{\"vimeoEmbedUrl\":\"https:\\/\\/player.vimeo.com\\/external\\/112936935.sd.mp4?s=ec74a18135c1f7a0b6fceafd06c4cafd448d0cbb&profile_id=165\",\"posterImage\":\"\",\"autoplay\":\"1\",\"framed\":\"1\"}},\"222\":{\"type\":\"centeredText\",\"enabled\":\"1\",\"fields\":{\"text\":\"<p class=\\\"large\\\"><span class=\\\"white\\\">There is also a carousel module. The carousel module is being dialed in and spec\'s aren\'t available. It isn\'t something we\'d intended to be a widely used case study&nbsp;component anyway. Keep on scrolling for color, type, file naming, etc.<\\/span><\\/p>\",\"backgroundColor\":\"#000000\",\"spacingTop\":\"spacing-top-2\",\"spacingBottom\":\"spacing-bottom-2\"}},\"208\":{\"type\":\"imageWithDescription\",\"enabled\":\"1\",\"fields\":{\"position\":\"right\",\"image\":[\"207\"],\"imageWidth\":\"75\",\"description\":\"<p class=\\\"large\\\">Color Palette<\\/p>\\r\\n<p class=\\\"large\\\">All type on the site is off-white or off-black. When designating a type color for the hero area, select one of those two.&nbsp;Background colors & highlight colors can be uniquely specified based on the color palette of a particular project, or for dramatic effect!<\\/p>\",\"backgroundColor\":\"#ffffff\",\"spacingTop\":\"spacing-top-2\",\"spacingBottom\":\"spacing-bottom-2\"}},\"224\":{\"type\":\"imageWithDescription\",\"enabled\":\"1\",\"fields\":{\"position\":\"left\",\"image\":[\"223\"],\"imageWidth\":\"75\",\"description\":\"<p class=\\\"large\\\">Image Types<\\/p>\\r\\n<p class=\\\"large\\\">The CMS&nbsp;will accept just about any image format (JPEG, GIF, PNG, SVG, etc). It is important that our site perform well and look great \\u2013 so there are particular instances where using an SVG may be preferred to a transparent PNG, for icons, logos, etc. The image&nbsp;at left is example of an SVG.<\\/p>\",\"backgroundColor\":\"#ffffff\",\"spacingTop\":\"spacing-top-2\",\"spacingBottom\":\"spacing-bottom-2\"}},\"226\":{\"type\":\"imageWithDescription\",\"enabled\":\"1\",\"fields\":{\"position\":\"right\",\"image\":[\"225\"],\"imageWidth\":\"100\",\"description\":\"<p class=\\\"large\\\">Image Optimization<\\/p>\\r\\n<p class=\\\"large\\\">The majority of the images we upload into our CMS will be JPEGs. JPEGs can get large, and we want to keep the file size down to optimize performance. ALL JPEG images should be optimized with the JPEG High preset. The Quality should be set to 60% and Progressive should be checked.<\\/p>\",\"backgroundColor\":\"#ffffff\",\"spacingTop\":\"spacing-top-2\",\"spacingBottom\":\"spacing-bottom-2\"}},\"230\":{\"type\":\"imageWithDescription\",\"enabled\":\"1\",\"fields\":{\"position\":\"left\",\"image\":[\"227\"],\"imageWidth\":\"75\",\"description\":\"<p class=\\\"large\\\">File Naming<\\/p>\\r\\n<p class=\\\"large\\\">File naming should be consistent across all entries. For common, required&nbsp;elements, such as the Hero Image and the List Image (thumbnail), a common convention should be adhered to. For all other images, use an appropriate description of the content of the image.&nbsp;<\\/p>\\r\\n<p class=\\\"large\\\">All file names should be lowercase, with hyphens separating descriptors, followed by a number. Serial and alternate&nbsp;images should use the same name and the next number, -01, -02, etc.<\\/p>\",\"backgroundColor\":\"#ffffff\",\"spacingTop\":\"spacing-top-2\",\"spacingBottom\":\"spacing-bottom-2\"}}},\"6\":\"Case Study Guide\"}}', '2016-12-20 19:55:11', '2016-12-20 19:55:11', '8c6d4348-3afb-4499-a319-8f2406269aba'),
 ('435', '15', '3', '1', 'en_us', '115', '', '{\"typeId\":\"3\",\"authorId\":\"1\",\"title\":\"Fulcrum Foundation\",\"slug\":\"fulcrum-brand-identity-website\",\"postDate\":1476391140,\"expiryDate\":null,\"enabled\":1,\"parentId\":null,\"fields\":{\"14\":{\"254\":{\"type\":\"2\",\"fields\":{\"header\":\"Website\",\"info\":\"<p><a href=\\\"http:\\/\\/fulcrumfoundation.org\\\" target=\\\"_blank\\\">fulcrumfoundation.org<\\/a><\\/p>\"}}},\"73\":[\"274\"],\"3\":[\"9\",\"10\",\"11\",\"12\"],\"29\":\"#efefef\",\"9\":\"A\\r\\nNEW LOOK\\r\\nFOR\\r\\nCATHOLIC\\r\\nEDUCATION\",\"7\":[\"274\"],\"4\":\"#262628\",\"8\":\"<p class=\\\"large\\\">Donec id elit non mi porta gravida at eget metus. Aenean lacinia bibendum nulla sed consectetur. Cras justo odio, dapibus ac facilisis in, egestas eget quam. Donec id elit non mi porta gravida at eget metus. Cras mattis consectetur purus sit amet fermentum.&nbsp;Maecenas faucibus mollis interdum. Aenean lacinia bibendum nulla sed consectetur. Praesent commodo cursus magna, vel scelerisque nisl consectetur et. Sed posuere consectetur est at lobortis. Cum sociis natoque penatibus et magnis dis parturient montes, nascetur ridiculus mus. Sed posuere consectetur est at lobortis. Lorem ipsum dolor sit amet, consectetur adipiscing elit.<\\/p>\",\"62\":[\"249\"],\"10\":{\"260\":{\"type\":\"insetImage\",\"enabled\":\"1\",\"fields\":{\"image\":[\"259\"],\"imageWidth\":\"50\",\"backgroundColor\":\"#efefef\",\"spacingTop\":\"spacing-top-4\",\"spacingBottom\":\"spacing-bottom-4\"}},\"28\":{\"type\":\"largeImage\",\"enabled\":\"1\",\"fields\":{\"image\":[\"177\"],\"layoutOptions\":\"full-width\",\"spacingTop\":\"spacing-top-0\",\"spacingBottom\":\"spacing-bottom-0\"}}},\"6\":\"Brand Identity & Website\"}}', '2016-12-20 19:55:20', '2016-12-20 19:55:20', '5632969d-d66e-495b-8a00-1a8e6c5150e6'),
 ('436', '16', '3', '1', 'en_us', '40', '', '{\"typeId\":\"3\",\"authorId\":\"1\",\"title\":\"Oiselle\",\"slug\":\"oiselle-identity\",\"postDate\":1476391140,\"expiryDate\":null,\"enabled\":1,\"parentId\":null,\"fields\":{\"14\":\"\",\"73\":[\"273\"],\"3\":[\"10\",\"11\",\"12\",\"14\"],\"29\":\"#efefef\",\"9\":\"AN\\r\\nINFUSION\\r\\nOF\\r\\nNEW\\r\\nENERGY\",\"7\":[\"273\"],\"4\":\"#ff5822\",\"8\":\"<p class=\\\"large\\\">As they prepared to open their first bricks and mortar store, Oiselle&mdash;a pioneer in women\\u2019s running and athletic fashion&mdash;had a mature brand that needed an infusion of new energy. Turnstyle worked with the Oiselle team to establish an updated identity system and then applied it to a huge range of customer touch points, coordinated to deliver, install and deploy in concert with their store opening in Seattle\\u2019s University Village in the summer of 2015.<\\/p>\",\"62\":[\"261\"],\"10\":{\"137\":{\"type\":\"largeImage\",\"enabled\":\"1\",\"fields\":{\"image\":[\"185\"],\"layoutOptions\":\"framed\",\"spacingTop\":\"spacing-top-1\",\"spacingBottom\":\"spacing-bottom-1\"}}},\"6\":\"Brand Identity System\"}}', '2016-12-20 19:55:28', '2016-12-20 19:55:28', 'd766200f-1b6e-4c5f-b3f8-431377f7c329'),
 ('437', '122', '2', '1', 'en_us', '23', '', '{\"typeId\":\"2\",\"authorId\":\"1\",\"title\":\"Steve Judges Comm Arts Design Annual\",\"slug\":\"steve-judges-comm-arts-design-annual\",\"postDate\":1478209620,\"expiryDate\":null,\"enabled\":1,\"parentId\":null,\"fields\":{\"73\":[\"187\"],\"29\":\"#daff00\",\"7\":[\"187\"],\"4\":\"#000000\",\"54\":[\"111\"],\"62\":[\"188\"],\"10\":{\"123\":{\"type\":\"centeredText\",\"enabled\":\"1\",\"fields\":{\"text\":\"<p>Turnstyle principal and creative director Steven Watson was invited to serve as a juror for Communication Arts magazine\\u2019s 56th Annual Design Competition. Communication Arts is a professional journal for designers, art directors, design firms, corporate design departments, agencies and everyone involved in visual communications. The CA Design Annual, published each September,&nbsp;is one of the most respected competitions in our industry.&nbsp;<\\/p>\\r\\n<p>Of the 4,083 entries to the 56th Design Annual, only 153 were accepted, representing the work of 141 designers, design firms and in-house design departments, making the Design Annual the most exclusive major design competition in the world. Entries were selected on the basis of creative excellence and quality of execution.<\\/p>\",\"backgroundColor\":\"#ffffff\",\"spacingTop\":\"spacing-top-0\",\"spacingBottom\":\"spacing-bottom-0\"}},\"124\":{\"type\":\"insetImage\",\"enabled\":\"1\",\"fields\":{\"image\":[\"193\"],\"imageWidth\":\"50\",\"backgroundColor\":\"#ffffff\",\"spacingTop\":\"spacing-top-0\",\"spacingBottom\":\"spacing-bottom-0\"}},\"126\":{\"type\":\"centeredText\",\"enabled\":\"1\",\"fields\":{\"text\":\"<p>Steve screened entries along with five other jurors: Kelly Bjork (VSA Partners), Dora Drimalas (Hybrid-Design), Jay Fletcher (J Fletcher Deisgn), Jeffrey Keyton (MTV), and Jean Coyne (executive editor of Communication Arts magazine). It was an honor to be asked to participate alongside such accomplished fellow jurors.<\\/p>\\r\\n<p>In the column that accompanies the design competition, Steve was asked for his point of view on the entries and the design trends they represent. He replied that \\u201ctechnology will continue to change how we consume media, images, and messages. But the underlying principles of design will always be relevant in communicating effectively, regardless of how the future evolves.\\u201d<\\/p>\",\"backgroundColor\":\"#ffffff\",\"spacingTop\":\"spacing-top-0\",\"spacingBottom\":\"spacing-bottom-0\"}}}}}', '2016-12-20 19:55:41', '2016-12-20 19:55:41', '4e61918e-3b64-4f6f-9126-a28f6c442c4d'),
 ('438', '118', '2', '1', 'en_us', '10', '', '{\"typeId\":\"2\",\"authorId\":\"1\",\"title\":\"We\'re Building Our Own Building\",\"slug\":\"were-building-our-own-building\",\"postDate\":1478209380,\"expiryDate\":null,\"enabled\":1,\"parentId\":null,\"fields\":{\"73\":[\"190\"],\"29\":\"#ffffff\",\"7\":[\"190\"],\"4\":\"#000000\",\"54\":[\"111\"],\"62\":[\"191\"],\"10\":{\"119\":{\"type\":\"centeredText\",\"enabled\":\"1\",\"fields\":{\"text\":\"<p>Together with our brand strategy partners at&nbsp;<a href=\\\"http:\\/\\/stokestrategy.com\\/\\\">Stoke,<\\/a>&nbsp;Turnstyle is breaking ground on a new 5,000 sq. foot office in August 2016. The building will serve as home for 20+ strategists, designers and developers. Located on Canal Street, the park-side project borders the Burke-Gilman Trail and overlooks the Fremont Cut waterway. &nbsp;<\\/p>\\r\\n<p>\\\"The firms continue to grow, and our need for space was at odds with the long-term lease trends of Seattle,\\u201d said Stoke partner Erin Quick. \\u201cIt makes good financial sense for the businesses, and for the firms\\u2019 practices. We\\u2019re creating a unique place where creative thinkers can do their best work, and clients can collaborate with us in new and different ways.\\u201d<\\/p>\\r\\n<p>On the street level, a cafe-style collaboration space serves as a foundation to two levels with open-floor studios and meeting space. Designed with 16\\u2019 floor-to-ceiling windows, the plan takes advantage of the views over the trail and canal.<\\/p>\\r\\n<p>\\u201cThe work areas will be bathed with natural light. An open atrium at the center creates visual interest, with the benefit of passive solar design,\\u201d said Ben Graham, partner at Turnstyle. \\u201cIt\'s a design-friendly environment that makes the best of our open, collaborative work style.\\u201d&nbsp;<\\/p>\\r\\n<p>\\u201cThe commercial office market is racing, and the long-term value for buyers in Seattle looks good,\\u201d noted Graham. \\u201cAs the business environment accelerates, having a place that minimizes our commutes, offers easy access to downtown, with everyday access to great restaurants, and enhances mobility options on the Burke-Gilman Trail \\u2013 all with a deck and a view \\u2013 seemed like a winning combination.\\u201d<\\/p>\\r\\n<p>The architecture was led by award-winning&nbsp;<a href=\\\"http:\\/\\/heliotropearchitects.com\\/\\\">Heliotrope,<\\/a>&nbsp;of Ballard. Seattle\\u2019s&nbsp;<a href=\\\"http:\\/\\/westernventures.com\\/\\\">Western Ventures<\\/a>&nbsp;serves as the general contractor.<\\/p>\\r\\n<p>Construction is targeted for completion in June, 2017.<\\/p>\",\"backgroundColor\":\"#ffffff\",\"spacingTop\":\"spacing-top-0\",\"spacingBottom\":\"spacing-bottom-0\"}}}}}', '2016-12-20 19:55:54', '2016-12-20 19:55:54', 'a923a675-8428-4611-97b6-6b84d8099e7f'),
 ('439', '112', '2', '1', 'en_us', '9', '', '{\"typeId\":\"2\",\"authorId\":\"1\",\"title\":\"Turnstyle Featured in IdN Magazine\",\"slug\":\"turnstyle-featured-in-idn-magazine\",\"postDate\":1478208900,\"expiryDate\":null,\"enabled\":1,\"parentId\":null,\"fields\":{\"73\":[\"233\"],\"29\":\"#ffffff\",\"7\":[\"233\"],\"4\":\"#000000\",\"54\":[\"109\"],\"62\":[\"234\"],\"10\":{\"115\":{\"type\":\"centeredText\",\"enabled\":\"1\",\"fields\":{\"text\":\"<p>Lorem ipsum dolor sit amet, consectetur adipiscing elit. Integer posuere erat a ante venenatis dapibus posuere velit aliquet. Donec ullamcorper nulla non metus auctor fringilla. Nulla vitae elit libero, a pharetra augue. Fusce dapibus, tellus ac cursus commodo, tortor mauris condimentum nibh, ut fermentum massa justo sit amet risus. Etiam porta sem malesuada magna mollis euismod.<\\/p>\",\"backgroundColor\":\"#ffffff\",\"spacingTop\":\"spacing-top-0\",\"spacingBottom\":\"spacing-bottom-0\"}}}}}', '2016-12-20 19:56:03', '2016-12-20 19:56:03', '5bc2f0c9-e613-4add-8ef1-03ae59fe9f0d');



DROP TABLE IF EXISTS `craft_fieldgroups`;


--
-- Schema for table `craft_fieldgroups`
--
CREATE TABLE `craft_fieldgroups` (
  `id` int(11) NOT NULL AUTO_INCREMENT,
  `name` varchar(255) COLLATE utf8_unicode_ci NOT NULL,
  `dateCreated` datetime NOT NULL,
  `dateUpdated` datetime NOT NULL,
  `uid` char(36) COLLATE utf8_unicode_ci NOT NULL DEFAULT '0',
  PRIMARY KEY (`id`),
  UNIQUE KEY `craft_fieldgroups_name_unq_idx` (`name`)
) ENGINE=InnoDB AUTO_INCREMENT=7 DEFAULT CHARSET=utf8 COLLATE=utf8_unicode_ci;

--
-- Data for table `craft_fieldgroups`
--

INSERT INTO `craft_fieldgroups` (`id`, `name`, `dateCreated`, `dateUpdated`, `uid`) VALUES
 ('1', 'Default', '2016-10-07 18:01:54', '2016-10-07 18:01:54', 'f6209cd5-aa7c-4a4b-8f90-256b7bfcb098'),
 ('2', 'Work', '2016-10-13 20:37:18', '2016-10-13 20:37:18', '6f1dc5e5-1c63-4298-8ed3-63c40dde09d3'),
 ('3', 'Contact', '2016-10-31 22:23:06', '2016-10-31 22:23:06', 'fc699ef8-6da2-4b6f-87af-20765c8f407d'),
 ('4', 'Team', '2016-11-01 21:40:05', '2016-11-01 21:40:05', '295ea159-8178-4665-bd13-f9bae481214d'),
 ('5', 'Journal', '2016-11-03 21:11:13', '2016-11-03 21:11:13', '47471912-0654-4f07-b452-af4ce91f2c5e'),
 ('6', 'Editorial', '2016-11-22 22:21:51', '2016-11-22 22:21:51', 'c67c1fd5-148e-4c32-b6f8-4a10ee45a4da');



DROP TABLE IF EXISTS `craft_fieldlayoutfields`;


--
-- Schema for table `craft_fieldlayoutfields`
--
CREATE TABLE `craft_fieldlayoutfields` (
  `id` int(11) NOT NULL AUTO_INCREMENT,
  `layoutId` int(11) NOT NULL,
  `tabId` int(11) NOT NULL,
  `fieldId` int(11) NOT NULL,
  `required` tinyint(1) unsigned NOT NULL DEFAULT '0',
  `sortOrder` smallint(6) unsigned DEFAULT NULL,
  `dateCreated` datetime NOT NULL,
  `dateUpdated` datetime NOT NULL,
  `uid` char(36) COLLATE utf8_unicode_ci NOT NULL DEFAULT '0',
  PRIMARY KEY (`id`),
  UNIQUE KEY `craft_fieldlayoutfields_layoutId_fieldId_unq_idx` (`layoutId`,`fieldId`),
  KEY `craft_fieldlayoutfields_sortOrder_idx` (`sortOrder`),
  KEY `craft_fieldlayoutfields_tabId_fk` (`tabId`),
  KEY `craft_fieldlayoutfields_fieldId_fk` (`fieldId`)
) ENGINE=InnoDB AUTO_INCREMENT=1183 DEFAULT CHARSET=utf8 COLLATE=utf8_unicode_ci;

--
-- Data for table `craft_fieldlayoutfields`
--

INSERT INTO `craft_fieldlayoutfields` (`id`, `layoutId`, `tabId`, `fieldId`, `required`, `sortOrder`, `dateCreated`, `dateUpdated`, `uid`) VALUES
 ('285', '111', '96', '41', '0', '1', '2016-11-01 21:45:13', '2016-11-01 21:45:13', 'cefe9108-0ead-4885-960c-e79115715107'),
 ('286', '111', '96', '43', '0', '2', '2016-11-01 21:45:13', '2016-11-01 21:45:13', '3074ff67-0e4c-49c4-ad43-6ca0ad0e563e'),
 ('320', '122', '105', '33', '1', '1', '2016-11-02 20:47:41', '2016-11-02 20:47:41', 'f86ea923-6461-471d-8351-c5c2bd687461'),
 ('321', '122', '105', '34', '1', '2', '2016-11-02 20:47:41', '2016-11-02 20:47:41', '620bb19f-d2fe-4d7c-bb1b-a6fdccc88964'),
 ('322', '122', '105', '35', '1', '3', '2016-11-02 20:47:41', '2016-11-02 20:47:41', 'aea6c1cc-0e9f-4162-828d-94c8cc1b3e6f'),
 ('323', '122', '105', '36', '1', '4', '2016-11-02 20:47:41', '2016-11-02 20:47:41', '0d902bf5-c5ed-4bb6-8613-bfd8a7c3737e'),
 ('324', '122', '105', '48', '0', '5', '2016-11-02 20:47:41', '2016-11-02 20:47:41', '014f1610-aaac-47a9-8682-3da6e81e2454'),
 ('331', '126', '108', '45', '0', '1', '2016-11-02 23:33:15', '2016-11-02 23:33:15', '7845d9d5-f3df-4511-aa45-407871627209'),
 ('332', '126', '108', '46', '0', '2', '2016-11-02 23:33:15', '2016-11-02 23:33:15', 'bf6687ae-a633-4794-a78e-48f01704b0ff'),
 ('333', '126', '108', '48', '0', '3', '2016-11-02 23:33:15', '2016-11-02 23:33:15', 'dde231fa-9aa9-4a96-958d-a8bf5837249a'),
 ('414', '153', '132', '49', '0', '1', '2016-11-04 18:31:50', '2016-11-04 18:31:50', '6d1eb219-762c-4be7-a41a-96feb267ad94'),
 ('415', '153', '132', '52', '0', '2', '2016-11-04 18:31:50', '2016-11-04 18:31:50', '44937ec6-eb41-4c46-a0f0-e4eb8a096243'),
 ('416', '153', '132', '53', '1', '3', '2016-11-04 18:31:50', '2016-11-04 18:31:50', '51ab50ba-a69e-4e00-be67-7026ca74044c'),
 ('417', '153', '132', '50', '1', '4', '2016-11-04 18:31:50', '2016-11-04 18:31:50', 'a7a20d49-328d-42b5-9e80-bc70c5d7db9f'),
 ('418', '153', '132', '51', '0', '5', '2016-11-04 18:31:50', '2016-11-04 18:31:50', 'c0a32b1e-aadd-43e0-a330-d52d4c34f65d'),
 ('419', '153', '132', '57', '0', '6', '2016-11-04 18:31:50', '2016-11-04 18:31:50', '94dd72d8-50d6-4ff5-8dd2-b5f463ffd5c1'),
 ('762', '258', '237', '46', '0', '1', '2016-11-22 00:53:54', '2016-11-22 00:53:54', '568b9eaf-0f7d-4148-924f-ee75d98abd82'),
 ('763', '258', '237', '10', '0', '2', '2016-11-22 00:53:54', '2016-11-22 00:53:54', 'a613da0c-6136-436e-a379-966319e2b32c'),
 ('764', '258', '237', '44', '0', '3', '2016-11-22 00:53:54', '2016-11-22 00:53:54', 'f460be0e-83b6-4e81-9066-7285b1004e59'),
 ('765', '258', '237', '47', '0', '4', '2016-11-22 00:53:54', '2016-11-22 00:53:54', 'a71b4824-4a39-44f0-a7bd-5d698d40dc4d'),
 ('766', '258', '237', '48', '0', '5', '2016-11-22 00:53:54', '2016-11-22 00:53:54', '3796c2f3-f223-432c-a458-1252d8f0db65'),
 ('882', '288', '266', '48', '0', '1', '2016-11-22 23:46:07', '2016-11-22 23:46:07', 'd22c97f9-b2ff-4d1b-b0f4-0b66691e891f'),
 ('889', '290', '268', '34', '0', '1', '2016-11-29 00:15:51', '2016-11-29 00:15:51', '182b0ac4-1caf-4a83-a571-9e0d5fe07e4a'),
 ('1107', '347', '325', '11', '0', '1', '2016-12-09 00:30:20', '2016-12-09 00:30:20', 'af8803d7-528e-40e0-9e57-bac80366be6b'),
 ('1108', '347', '325', '12', '0', '2', '2016-12-09 00:30:20', '2016-12-09 00:30:20', 'a1b093c3-9f14-405c-82c0-86cafd665238'),
 ('1109', '347', '325', '13', '0', '3', '2016-12-09 00:30:20', '2016-12-09 00:30:20', '6f987330-4406-4304-a318-016dc9e981d6'),
 ('1110', '347', '325', '64', '0', '4', '2016-12-09 00:30:20', '2016-12-09 00:30:20', '5b359671-485a-46ac-82ce-91e5b7970653'),
 ('1111', '348', '326', '15', '0', '1', '2016-12-09 00:30:20', '2016-12-09 00:30:20', 'a2b396c8-2cc6-4225-88b4-251c50805787'),
 ('1112', '348', '326', '58', '0', '2', '2016-12-09 00:30:20', '2016-12-09 00:30:20', 'ff729886-8a85-435f-bb9f-38b15cb660c8'),
 ('1113', '348', '326', '17', '0', '3', '2016-12-09 00:30:20', '2016-12-09 00:30:20', '4661249a-1c5a-4f17-a760-a639022fce6e'),
 ('1114', '348', '326', '16', '0', '4', '2016-12-09 00:30:20', '2016-12-09 00:30:20', 'bada3ad7-e0a8-43e0-8a34-cc0d7929c7a8'),
 ('1115', '348', '326', '65', '0', '5', '2016-12-09 00:30:20', '2016-12-09 00:30:20', 'cabbb9c3-86ff-48c3-82a8-4db2bc08edc3'),
 ('1116', '349', '327', '18', '0', '1', '2016-12-09 00:30:20', '2016-12-09 00:30:20', '64cbb012-2d23-47e4-a36b-fd87fa493109'),
 ('1117', '349', '327', '19', '0', '2', '2016-12-09 00:30:20', '2016-12-09 00:30:20', '14c58014-313c-4b6a-bb73-361fc8c0f819'),
 ('1118', '349', '327', '59', '0', '3', '2016-12-09 00:30:20', '2016-12-09 00:30:20', '83660f28-881c-4558-950b-7b68e283edda'),
 ('1119', '349', '327', '20', '1', '4', '2016-12-09 00:30:20', '2016-12-09 00:30:20', '191581fa-3e60-4c07-9322-6f2d8b9a33d8'),
 ('1120', '349', '327', '60', '0', '5', '2016-12-09 00:30:20', '2016-12-09 00:30:20', 'c08d65c5-30e2-4826-84c6-cd9e45d12ed0'),
 ('1121', '349', '327', '21', '0', '6', '2016-12-09 00:30:20', '2016-12-09 00:30:20', 'ab0af530-a776-4570-9416-35f58b94d60e'),
 ('1122', '349', '327', '66', '0', '7', '2016-12-09 00:30:20', '2016-12-09 00:30:20', '5dbbdf89-f366-4f1d-a351-ae5425659997'),
 ('1123', '350', '328', '22', '0', '1', '2016-12-09 00:30:20', '2016-12-09 00:30:20', '53bff777-399e-49a9-b398-cb8e6d0be65a'),
 ('1124', '350', '328', '23', '0', '2', '2016-12-09 00:30:20', '2016-12-09 00:30:20', '5c6b6436-5192-40c8-b7f8-cf4c67e4488a'),
 ('1125', '350', '328', '24', '0', '3', '2016-12-09 00:30:20', '2016-12-09 00:30:20', 'eeaeebb4-9483-4b9a-8497-8cba280c7901'),
 ('1126', '350', '328', '67', '0', '4', '2016-12-09 00:30:20', '2016-12-09 00:30:20', '89ae08fe-4c9a-4fe3-9779-f8481761d12f'),
 ('1127', '351', '329', '25', '1', '1', '2016-12-09 00:30:20', '2016-12-09 00:30:20', '7e420785-bbca-4cf1-b8c9-fd2016f36031'),
 ('1128', '351', '329', '61', '0', '2', '2016-12-09 00:30:20', '2016-12-09 00:30:20', '19e22645-3419-4e2e-82b8-0fad6c2ba80b'),
 ('1129', '351', '329', '26', '0', '3', '2016-12-09 00:30:20', '2016-12-09 00:30:20', '2adb08e5-3aec-48e7-9109-d15b5a4e9f56'),
 ('1130', '351', '329', '68', '0', '4', '2016-12-09 00:30:20', '2016-12-09 00:30:20', 'f084a038-a0e3-4e02-9f80-5016e321be08'),
 ('1131', '352', '330', '27', '1', '1', '2016-12-09 00:30:20', '2016-12-09 00:30:20', 'd7eb254a-d7b2-482f-b236-f649fa1c2bb9'),
 ('1132', '352', '330', '63', '0', '2', '2016-12-09 00:30:20', '2016-12-09 00:30:20', 'cc98292c-9cd7-4082-acb5-276713079a87'),
 ('1133', '352', '330', '28', '0', '3', '2016-12-09 00:30:20', '2016-12-09 00:30:20', 'c7e45cea-1fb3-45b6-96e3-e22c9a061cb5'),
 ('1134', '352', '330', '32', '0', '4', '2016-12-09 00:30:20', '2016-12-09 00:30:20', '5d5d186b-b680-4eff-a3c5-1fafa5c6d761'),
 ('1135', '353', '331', '30', '1', '1', '2016-12-09 00:30:20', '2016-12-09 00:30:20', '8f864846-75fd-4c16-adad-cf05a9e93de2'),
 ('1136', '353', '331', '31', '0', '2', '2016-12-09 00:30:20', '2016-12-09 00:30:20', '2f9a5f52-a56d-4a92-80bd-c0908b49e9c4'),
 ('1137', '353', '331', '69', '0', '3', '2016-12-09 00:30:20', '2016-12-09 00:30:20', '749fc054-d848-4456-b46c-da0ca945f73a'),
 ('1138', '354', '332', '39', '0', '1', '2016-12-09 00:30:20', '2016-12-09 00:30:20', 'b7e8aa6d-7300-4ce8-9917-e17201bfabf6'),
 ('1139', '354', '332', '37', '0', '2', '2016-12-09 00:30:20', '2016-12-09 00:30:20', 'cf81e7d1-2a1f-4c9b-8edf-f8266a203fd9'),
 ('1140', '354', '332', '38', '0', '3', '2016-12-09 00:30:20', '2016-12-09 00:30:20', 'e24e0efd-7172-4d42-8068-fa7f878e3bbf'),
 ('1141', '354', '332', '40', '0', '4', '2016-12-09 00:30:20', '2016-12-09 00:30:20', 'c67a60aa-efb4-4578-b1b2-44cf21bd935a'),
 ('1142', '354', '332', '70', '0', '5', '2016-12-09 00:30:20', '2016-12-09 00:30:20', '61b1a8f2-daa1-4188-8136-48bc7192c4e0'),
 ('1145', '356', '334', '71', '0', '1', '2016-12-14 23:35:16', '2016-12-14 23:35:16', '58693446-2a83-40e9-baeb-b924f76b8287'),
 ('1146', '356', '334', '72', '0', '2', '2016-12-14 23:35:16', '2016-12-14 23:35:16', 'beceb6ee-1b37-482a-8666-5795f636b4c0'),
 ('1165', '359', '337', '7', '1', '1', '2016-12-20 19:58:05', '2016-12-20 19:58:05', '7b3e5a23-af6d-4ff4-a8b7-bc8e801e62ab'),
 ('1166', '359', '337', '62', '1', '2', '2016-12-20 19:58:05', '2016-12-20 19:58:05', '8d71eb6c-0394-44b1-8d2c-a33f6fd3fcd2'),
 ('1167', '359', '337', '73', '1', '3', '2016-12-20 19:58:05', '2016-12-20 19:58:05', '950dbd51-1fe7-42b7-ad29-af4e261c9bdb'),
 ('1168', '359', '337', '29', '0', '4', '2016-12-20 19:58:05', '2016-12-20 19:58:05', 'cd23bf75-b84e-445b-843d-3a43e716d577'),
 ('1169', '359', '337', '9', '1', '5', '2016-12-20 19:58:05', '2016-12-20 19:58:05', 'c69d65ab-8b36-4551-97a2-f5a75b0421e7'),
 ('1170', '359', '337', '6', '0', '6', '2016-12-20 19:58:05', '2016-12-20 19:58:05', '2d613d66-49a6-4999-b61a-69b9c536ff42'),
 ('1171', '359', '337', '3', '1', '7', '2016-12-20 19:58:05', '2016-12-20 19:58:05', '981bd9d5-ef60-4791-810e-166604598af9'),
 ('1172', '359', '337', '8', '0', '8', '2016-12-20 19:58:05', '2016-12-20 19:58:05', 'ae388f7f-a7c9-4dd8-8744-3f9e402b1ba5'),
 ('1173', '359', '337', '14', '0', '9', '2016-12-20 19:58:06', '2016-12-20 19:58:06', 'a0d013fd-e923-453d-a99d-a5877627a4f8'),
 ('1174', '359', '337', '4', '0', '10', '2016-12-20 19:58:06', '2016-12-20 19:58:06', '67835e5f-d47b-4c07-a319-0facce7d889a'),
 ('1175', '359', '337', '10', '0', '11', '2016-12-20 19:58:06', '2016-12-20 19:58:06', 'dbd300ee-b4f2-48c2-bc64-43185e10baa6'),
 ('1176', '360', '338', '7', '1', '1', '2016-12-20 19:58:40', '2016-12-20 19:58:40', 'e47a5686-f10a-4cb9-afee-77bedf41c599'),
 ('1177', '360', '338', '62', '1', '2', '2016-12-20 19:58:40', '2016-12-20 19:58:40', '9b5a11e9-e725-48a6-a6fa-f520fbe88779'),
 ('1178', '360', '338', '73', '1', '3', '2016-12-20 19:58:40', '2016-12-20 19:58:40', 'f48258fb-33b0-49ce-8077-442fc12435ad'),
 ('1179', '360', '338', '29', '0', '4', '2016-12-20 19:58:40', '2016-12-20 19:58:40', '79b0ed00-61b8-4103-b29d-d2f366c5f423'),
 ('1180', '360', '338', '4', '1', '5', '2016-12-20 19:58:40', '2016-12-20 19:58:40', '94df94ed-ee4b-438c-ab07-70773ae7dab1'),
 ('1181', '360', '338', '54', '1', '6', '2016-12-20 19:58:40', '2016-12-20 19:58:40', '410d334d-1263-46c1-84a7-ff8f700df90d'),
 ('1182', '360', '338', '10', '0', '7', '2016-12-20 19:58:40', '2016-12-20 19:58:40', '3fae7f0a-bbfc-4b86-844c-5a4a77c42965');



DROP TABLE IF EXISTS `craft_fieldlayouts`;


--
-- Schema for table `craft_fieldlayouts`
--
CREATE TABLE `craft_fieldlayouts` (
  `id` int(11) NOT NULL AUTO_INCREMENT,
  `type` varchar(150) COLLATE utf8_unicode_ci NOT NULL,
  `dateCreated` datetime NOT NULL,
  `dateUpdated` datetime NOT NULL,
  `uid` char(36) COLLATE utf8_unicode_ci NOT NULL DEFAULT '0',
  PRIMARY KEY (`id`),
  KEY `craft_fieldlayouts_type_idx` (`type`)
) ENGINE=InnoDB AUTO_INCREMENT=361 DEFAULT CHARSET=utf8 COLLATE=utf8_unicode_ci;

--
-- Data for table `craft_fieldlayouts`
--

INSERT INTO `craft_fieldlayouts` (`id`, `type`, `dateCreated`, `dateUpdated`, `uid`) VALUES
 ('1', 'Tag', '2016-10-07 18:01:54', '2016-10-07 18:01:54', '7146b624-8722-42e4-adbf-a0b95678f4ca'),
 ('3', 'Entry', '2016-10-07 18:01:54', '2016-10-07 18:01:54', '02985aac-0248-4255-9d27-b6df3dc23d7f'),
 ('7', 'Entry', '2016-10-13 20:24:42', '2016-10-13 20:24:42', '7bc95238-b9f1-49ea-977b-d4872c5fdc0d'),
 ('11', 'Category', '2016-10-13 21:56:23', '2016-10-13 21:56:23', 'af216fc8-8462-4373-851b-012a578367aa'),
 ('110', 'Asset', '2016-11-01 21:41:09', '2016-11-01 21:41:09', 'd18d50d0-7d8d-4721-bc94-f2984a772ddf'),
 ('111', 'Entry', '2016-11-01 21:45:13', '2016-11-01 21:45:13', '4d7e6820-0c72-4513-931a-015e8fe6d73d'),
 ('115', 'Entry', '2016-11-01 22:53:15', '2016-11-01 22:53:15', 'dc3919fd-e7e6-4186-831b-df92571f3b78'),
 ('117', 'Asset', '2016-11-02 18:41:24', '2016-11-02 18:41:24', '303634dc-792d-4c5b-bbb0-599a53b34fb4'),
 ('122', 'Entry', '2016-11-02 20:47:41', '2016-11-02 20:47:41', 'c2ddc83d-e907-489d-b267-a25e6e3165fc'),
 ('126', 'Entry', '2016-11-02 23:33:15', '2016-11-02 23:33:15', '0f30d61b-9d82-4ed3-82e5-aa103b3a1f37'),
 ('139', 'Asset', '2016-11-03 21:34:44', '2016-11-03 21:34:44', '2f87382d-7df7-4c83-b68a-84281e0d7063'),
 ('149', 'Category', '2016-11-03 22:10:44', '2016-11-03 22:10:44', '792969e0-d7a9-4fc6-8dd3-b9cf6eca091a'),
 ('153', 'SuperTable_Block', '2016-11-04 18:31:50', '2016-11-04 18:31:50', '7d976b7e-bb35-444c-91cc-5acf54bccd38'),
 ('258', 'Entry', '2016-11-22 00:53:54', '2016-11-22 00:53:54', 'c018dfa2-5aba-4c1b-b47b-29145c0d3b3b'),
 ('277', 'Asset', '2016-11-22 22:20:46', '2016-11-22 22:20:46', '52e85a9e-4a23-4f3c-8377-e79cd227872f'),
 ('288', 'Entry', '2016-11-22 23:46:07', '2016-11-22 23:46:07', '9fe2c0c4-f5b7-4984-9d2a-91a8a35fbd27'),
 ('290', 'GlobalSet', '2016-11-29 00:15:51', '2016-11-29 00:15:51', 'fb4bece1-71a3-4d0e-8945-ff4667fdaff9'),
 ('347', 'MatrixBlock', '2016-12-09 00:30:20', '2016-12-09 00:30:20', '9944a21a-0d7d-4895-bef5-136d2e82f0ec'),
 ('348', 'MatrixBlock', '2016-12-09 00:30:20', '2016-12-09 00:30:20', 'bf6aa74f-307d-443b-b26b-65ce8cf50e40'),
 ('349', 'MatrixBlock', '2016-12-09 00:30:20', '2016-12-09 00:30:20', '413f1593-6e6d-4d2b-b666-b1b2c8a6505e'),
 ('350', 'MatrixBlock', '2016-12-09 00:30:20', '2016-12-09 00:30:20', '2797cb58-4c85-4dc8-b914-fa3d4c7de4d4'),
 ('351', 'MatrixBlock', '2016-12-09 00:30:20', '2016-12-09 00:30:20', 'a28d7d26-d895-4e81-be0c-4e0046b21263'),
 ('352', 'MatrixBlock', '2016-12-09 00:30:20', '2016-12-09 00:30:20', '6ac82d03-33f2-45b0-a224-a5acdce1ab11'),
 ('353', 'MatrixBlock', '2016-12-09 00:30:20', '2016-12-09 00:30:20', '884b226a-b665-42be-9779-bf5f8c73d864'),
 ('354', 'MatrixBlock', '2016-12-09 00:30:20', '2016-12-09 00:30:20', '81181fe4-ad98-4b86-8d83-20ff83c84ad2'),
 ('356', 'SuperTable_Block', '2016-12-14 23:35:16', '2016-12-14 23:35:16', '039b9d3c-932a-4be8-b17a-65938741e577'),
 ('359', 'Entry', '2016-12-20 19:58:05', '2016-12-20 19:58:05', 'c6dd850a-a04a-44dc-a0ca-3023b996d848'),
 ('360', 'Entry', '2016-12-20 19:58:40', '2016-12-20 19:58:40', '186c8d57-1a60-4a72-a83c-558234175db1');



DROP TABLE IF EXISTS `craft_fieldlayouttabs`;


--
-- Schema for table `craft_fieldlayouttabs`
--
CREATE TABLE `craft_fieldlayouttabs` (
  `id` int(11) NOT NULL AUTO_INCREMENT,
  `layoutId` int(11) NOT NULL,
  `name` varchar(255) COLLATE utf8_unicode_ci NOT NULL,
  `sortOrder` smallint(6) unsigned DEFAULT NULL,
  `dateCreated` datetime NOT NULL,
  `dateUpdated` datetime NOT NULL,
  `uid` char(36) COLLATE utf8_unicode_ci NOT NULL DEFAULT '0',
  PRIMARY KEY (`id`),
  KEY `craft_fieldlayouttabs_sortOrder_idx` (`sortOrder`),
  KEY `craft_fieldlayouttabs_layoutId_fk` (`layoutId`)
) ENGINE=InnoDB AUTO_INCREMENT=339 DEFAULT CHARSET=utf8 COLLATE=utf8_unicode_ci;

--
-- Data for table `craft_fieldlayouttabs`
--

INSERT INTO `craft_fieldlayouttabs` (`id`, `layoutId`, `name`, `sortOrder`, `dateCreated`, `dateUpdated`, `uid`) VALUES
 ('1', '3', 'Content', '1', '2016-10-07 18:01:54', '2016-10-07 18:01:54', '254099b6-1643-474a-b6f5-e8ba7c4e58ad'),
 ('96', '111', 'Team', '1', '2016-11-01 21:45:13', '2016-11-01 21:45:13', '977b2236-231c-4766-bf8b-51bb2fdac52f'),
 ('105', '122', 'Contact', '1', '2016-11-02 20:47:41', '2016-11-02 20:47:41', 'ce8f4df5-0071-4812-9abf-9706768b4fe9'),
 ('108', '126', 'Offering', '1', '2016-11-02 23:33:15', '2016-11-02 23:33:15', 'ed819ef7-2760-4314-b263-6f6723853724'),
 ('132', '153', 'Content', '1', '2016-11-04 18:31:50', '2016-11-04 18:31:50', 'e24e5fc4-5e56-435f-bac5-8eadc40d66d6'),
 ('237', '258', 'Overview', '1', '2016-11-22 00:53:54', '2016-11-22 00:53:54', '8f9873bd-e7e3-4e1a-82cf-98a5ebd61dc8'),
 ('266', '288', 'Journal', '1', '2016-11-22 23:46:07', '2016-11-22 23:46:07', 'cc4ce008-4780-4169-8a26-ff9611e032ff'),
 ('268', '290', 'Content', '1', '2016-11-29 00:15:51', '2016-11-29 00:15:51', '37bd3aa0-6115-4e71-9a93-de8e8ffc4afa'),
 ('325', '347', 'Content', '1', '2016-12-09 00:30:20', '2016-12-09 00:30:20', '5e0fbf61-8a9a-4626-93ce-0c762bb04d03'),
 ('326', '348', 'Content', '1', '2016-12-09 00:30:20', '2016-12-09 00:30:20', 'f7510a71-fe0f-49dc-9719-c79c0073a824'),
 ('327', '349', 'Content', '1', '2016-12-09 00:30:20', '2016-12-09 00:30:20', '78986bc7-ce88-4bb2-913c-495427aadfd9'),
 ('328', '350', 'Content', '1', '2016-12-09 00:30:20', '2016-12-09 00:30:20', 'd21088e9-d419-4958-831a-3beadf815e3c'),
 ('329', '351', 'Content', '1', '2016-12-09 00:30:20', '2016-12-09 00:30:20', '8b4ac3ab-2cc7-4b80-8f14-4640ec911ff1'),
 ('330', '352', 'Content', '1', '2016-12-09 00:30:20', '2016-12-09 00:30:20', '3b963cbc-c54d-4e29-81ad-f444ad74db5b'),
 ('331', '353', 'Content', '1', '2016-12-09 00:30:20', '2016-12-09 00:30:20', 'cd3d8fc1-df01-45b2-ae08-ba3b4c453473'),
 ('332', '354', 'Content', '1', '2016-12-09 00:30:20', '2016-12-09 00:30:20', 'f71015d3-9887-467d-8f26-bedcc8ba8d6c'),
 ('334', '356', 'Content', '1', '2016-12-14 23:35:16', '2016-12-14 23:35:16', '1779060d-17da-473e-b996-0bc69caf914d'),
 ('337', '359', 'Work', '1', '2016-12-20 19:58:05', '2016-12-20 19:58:05', 'ff04b7d0-84a8-4d89-b710-fb1ec483fb3f'),
 ('338', '360', 'Content', '1', '2016-12-20 19:58:40', '2016-12-20 19:58:40', '63ef7d0f-0601-42e9-9ec6-c59d99f04561');



DROP TABLE IF EXISTS `craft_fields`;


--
-- Schema for table `craft_fields`
--
CREATE TABLE `craft_fields` (
  `id` int(11) NOT NULL AUTO_INCREMENT,
  `groupId` int(11) DEFAULT NULL,
  `name` varchar(255) COLLATE utf8_unicode_ci NOT NULL,
  `handle` varchar(58) COLLATE utf8_unicode_ci NOT NULL,
  `context` varchar(255) COLLATE utf8_unicode_ci NOT NULL DEFAULT 'global',
  `instructions` text COLLATE utf8_unicode_ci,
  `translatable` tinyint(1) unsigned NOT NULL DEFAULT '0',
  `type` varchar(150) COLLATE utf8_unicode_ci NOT NULL,
  `settings` text COLLATE utf8_unicode_ci,
  `dateCreated` datetime NOT NULL,
  `dateUpdated` datetime NOT NULL,
  `uid` char(36) COLLATE utf8_unicode_ci NOT NULL DEFAULT '0',
  PRIMARY KEY (`id`),
  UNIQUE KEY `craft_fields_handle_context_unq_idx` (`handle`,`context`),
  KEY `craft_fields_context_idx` (`context`),
  KEY `craft_fields_groupId_fk` (`groupId`)
) ENGINE=InnoDB AUTO_INCREMENT=74 DEFAULT CHARSET=utf8 COLLATE=utf8_unicode_ci;

--
-- Data for table `craft_fields`
--

INSERT INTO `craft_fields` (`id`, `groupId`, `name`, `handle`, `context`, `instructions`, `translatable`, `type`, `settings`, `dateCreated`, `dateUpdated`, `uid`) VALUES
 ('3', '2', 'Disciplines', 'disciplines', 'global', '', '0', 'Categories', '{\"source\":\"group:1\",\"limit\":\"\",\"selectionLabel\":\"\"}', '2016-10-13 20:37:33', '2016-10-17 20:36:43', '6a862213-7ddf-4e92-9765-adc930123ca7'),
 ('4', '6', 'Highlight Color', 'highlightColor', 'global', '', '0', 'Color', NULL, '2016-10-13 22:55:18', '2016-11-22 22:23:26', '85d677e4-d08a-4ce2-a3fe-942bcfd78be0'),
 ('6', '2', 'Project Title', 'projectTitle', 'global', '', '0', 'PlainText', '{\"placeholder\":\"\",\"maxLength\":\"\",\"multiline\":\"\",\"initialRows\":\"4\"}', '2016-10-13 23:07:09', '2016-10-13 23:07:09', '0c64cf43-d474-4f47-9fcd-70f39be35c59'),
 ('7', '6', 'Hero Image', 'heroImage', 'global', '2400 x 1800', '0', 'Assets', '{\"useSingleFolder\":\"1\",\"sources\":\"*\",\"defaultUploadLocationSource\":\"1\",\"defaultUploadLocationSubpath\":\"\",\"singleUploadLocationSource\":\"1\",\"singleUploadLocationSubpath\":\"{slug}\",\"restrictFiles\":\"1\",\"allowedKinds\":[\"image\"],\"limit\":\"1\",\"viewMode\":\"list\",\"selectionLabel\":\"\"}', '2016-10-17 19:49:10', '2016-11-22 22:22:02', '73245140-400e-484a-a6ea-2e26a32ce9ca'),
 ('8', '2', 'Introduction', 'introduction', 'global', '', '0', 'RichText', '{\"configFile\":\"Standard.json\",\"availableAssetSources\":\"*\",\"availableTransforms\":\"*\",\"cleanupHtml\":\"\",\"purifyHtml\":\"\",\"columnType\":\"text\"}', '2016-10-17 19:50:59', '2016-11-11 19:44:41', '610fc480-4bda-439e-9d2d-b576046180e0'),
 ('9', '6', 'Hero Headline', 'heroHeadline', 'global', '', '0', 'PlainText', '{\"placeholder\":\"\",\"maxLength\":\"\",\"multiline\":\"1\",\"initialRows\":\"4\"}', '2016-10-17 19:52:39', '2016-11-22 22:23:16', 'ba348bfd-eba6-4425-ba27-84826af1f64b'),
 ('10', '1', 'Modules', 'modules', 'global', '', '0', 'Matrix', '{\"maxBlocks\":null}', '2016-10-17 20:17:12', '2016-12-09 00:30:20', 'b01f8465-86f0-413d-945b-38865da85704'),
 ('11', NULL, 'Image', 'image', 'matrixBlockType:1', '2400px wide ( default 2400 x 1800 )', '0', 'Assets', '{\"useSingleFolder\":\"1\",\"sources\":\"*\",\"defaultUploadLocationSource\":\"1\",\"defaultUploadLocationSubpath\":\"\",\"singleUploadLocationSource\":\"1\",\"singleUploadLocationSubpath\":\"{owner.slug}\",\"restrictFiles\":\"1\",\"allowedKinds\":[\"image\"],\"limit\":\"1\",\"viewMode\":\"list\",\"selectionLabel\":\"\"}', '2016-10-17 20:17:12', '2016-12-09 00:30:20', 'e510ba83-9fb2-487d-8b0f-f9382d9f43fd'),
 ('12', NULL, 'Layout Options', 'layoutOptions', 'matrixBlockType:1', '', '0', 'Dropdown', '{\"options\":[{\"label\":\"Full Width\",\"value\":\"full-width\",\"default\":\"1\"},{\"label\":\"Framed\",\"value\":\"framed\",\"default\":\"\"}]}', '2016-10-17 20:17:12', '2016-12-09 00:30:20', '244465de-651d-4a4a-935a-50c7ba920a37'),
 ('13', NULL, 'Spacing Top', 'spacingTop', 'matrixBlockType:1', '', '0', 'Dropdown', '{\"options\":[{\"label\":\"0\",\"value\":\"spacing-top-0\",\"default\":\"1\"},{\"label\":\"1\",\"value\":\"spacing-top-1\",\"default\":\"\"},{\"label\":\"2\",\"value\":\"spacing-top-2\",\"default\":\"\"},{\"label\":\"3\",\"value\":\"spacing-top-3\",\"default\":\"\"},{\"label\":\"4\",\"value\":\"spacing-top-4\",\"default\":\"\"},{\"label\":\"5\",\"value\":\"spacing-top-5\",\"default\":\"\"}]}', '2016-10-17 20:17:12', '2016-12-09 00:30:20', '28392396-6ed4-4995-a521-a276fc3b9a29'),
 ('14', '2', 'Additional Information', 'additionalInformation', 'global', '', '0', 'SuperTable', '{\"columns\":{\"71\":{\"width\":\"\"},\"72\":{\"width\":\"\"}},\"fieldLayout\":\"row\",\"staticField\":null,\"selectionLabel\":\"Add a row\",\"maxRows\":null}', '2016-10-17 20:25:04', '2016-12-14 23:35:16', '38307a90-ee61-4828-b5c4-9ae45dcdee88'),
 ('15', NULL, 'Image', 'image', 'matrixBlockType:2', '1600px wide ', '0', 'Assets', '{\"useSingleFolder\":\"1\",\"sources\":\"*\",\"defaultUploadLocationSource\":\"1\",\"defaultUploadLocationSubpath\":\"\",\"singleUploadLocationSource\":\"1\",\"singleUploadLocationSubpath\":\"{owner.slug}\",\"restrictFiles\":\"1\",\"allowedKinds\":[\"image\"],\"limit\":\"1\",\"viewMode\":\"list\",\"selectionLabel\":\"\"}', '2016-10-17 21:06:03', '2016-12-09 00:30:20', 'e31d3542-1819-41ee-8ee7-290ab1ded0fd'),
 ('16', NULL, 'Spacing Top', 'spacingTop', 'matrixBlockType:2', '', '0', 'Dropdown', '{\"options\":[{\"label\":\"0\",\"value\":\"spacing-top-0\",\"default\":\"1\"},{\"label\":\"1\",\"value\":\"spacing-top-1\",\"default\":\"\"},{\"label\":\"2\",\"value\":\"spacing-top-2\",\"default\":\"\"},{\"label\":\"3\",\"value\":\"spacing-top-3\",\"default\":\"\"},{\"label\":\"4\",\"value\":\"spacing-top-4\",\"default\":\"\"},{\"label\":\"5\",\"value\":\"spacing-top-5\",\"default\":\"\"}]}', '2016-10-17 21:06:03', '2016-12-09 00:30:20', '92ff529f-797f-461e-96d8-4f305eeb6745'),
 ('17', NULL, 'Background Color', 'backgroundColor', 'matrixBlockType:2', '', '0', 'Color', NULL, '2016-10-17 21:06:03', '2016-12-09 00:30:20', 'ca914f69-23d7-439d-8968-c7d143fc017b'),
 ('18', NULL, 'Position', 'position', 'matrixBlockType:3', '', '0', 'PositionSelect', '{\"options\":[\"left\",\"right\"]}', '2016-10-17 21:24:28', '2016-12-09 00:30:20', 'd4a2a5ab-5153-458d-ab24-c87e8652642f'),
 ('19', NULL, 'Image', 'image', 'matrixBlockType:3', '1600px wide', '0', 'Assets', '{\"useSingleFolder\":\"1\",\"sources\":\"*\",\"defaultUploadLocationSource\":\"1\",\"defaultUploadLocationSubpath\":\"\",\"singleUploadLocationSource\":\"1\",\"singleUploadLocationSubpath\":\"{owner.slug}\",\"restrictFiles\":\"1\",\"allowedKinds\":[\"image\"],\"limit\":\"1\",\"viewMode\":\"list\",\"selectionLabel\":\"\"}', '2016-10-17 21:24:28', '2016-12-09 00:30:20', '3fe61e34-561a-449b-8012-494b5cf222c6'),
 ('20', NULL, 'Description', 'description', 'matrixBlockType:3', '', '0', 'RichText', '{\"configFile\":\"Standard.json\",\"availableAssetSources\":\"*\",\"availableTransforms\":\"*\",\"cleanupHtml\":\"\",\"purifyHtml\":\"\",\"columnType\":\"text\"}', '2016-10-17 21:24:28', '2016-12-09 00:30:20', '3d0b119a-fb6e-4bbb-a2aa-090e66f44882'),
 ('21', NULL, 'Spacing Top', 'spacingTop', 'matrixBlockType:3', '', '0', 'Dropdown', '{\"options\":[{\"label\":\"0\",\"value\":\"spacing-top-0\",\"default\":\"1\"},{\"label\":\"1\",\"value\":\"spacing-top-1\",\"default\":\"\"},{\"label\":\"2\",\"value\":\"spacing-top-2\",\"default\":\"\"},{\"label\":\"3\",\"value\":\"spacing-top-3\",\"default\":\"\"},{\"label\":\"4\",\"value\":\"spacing-top-4\",\"default\":\"\"},{\"label\":\"5\",\"value\":\"spacing-top-5\",\"default\":\"\"}]}', '2016-10-17 21:26:27', '2016-12-09 00:30:20', 'b5bba079-92eb-4060-bb65-764b980ab6ac'),
 ('22', NULL, 'Left Image', 'leftImage', 'matrixBlockType:4', '1600px wide', '0', 'Assets', '{\"useSingleFolder\":\"1\",\"sources\":\"*\",\"defaultUploadLocationSource\":\"1\",\"defaultUploadLocationSubpath\":\"\",\"singleUploadLocationSource\":\"1\",\"singleUploadLocationSubpath\":\"{owner.slug}\",\"restrictFiles\":\"1\",\"allowedKinds\":[\"image\"],\"limit\":\"1\",\"viewMode\":\"list\",\"selectionLabel\":\"\"}', '2016-10-17 22:05:28', '2016-12-09 00:30:20', '99d3056b-0c6e-4c73-bd8e-8c3b8c233b60'),
 ('23', NULL, 'Right Image', 'rightImage', 'matrixBlockType:4', '1600px wide', '0', 'Assets', '{\"useSingleFolder\":\"1\",\"sources\":\"*\",\"defaultUploadLocationSource\":\"1\",\"defaultUploadLocationSubpath\":\"\",\"singleUploadLocationSource\":\"1\",\"singleUploadLocationSubpath\":\"{owner.slug}\",\"restrictFiles\":\"1\",\"allowedKinds\":[\"image\"],\"limit\":\"1\",\"viewMode\":\"list\",\"selectionLabel\":\"\"}', '2016-10-17 22:05:28', '2016-12-09 00:30:20', 'c5331def-8d6c-414a-b92a-7b3a2de4fc73'),
 ('24', NULL, 'Spacing Top', 'spacingTop', 'matrixBlockType:4', '', '0', 'Dropdown', '{\"options\":[{\"label\":\"0\",\"value\":\"spacing-top-0\",\"default\":\"\"},{\"label\":\"1\",\"value\":\"spacing-top-1\",\"default\":\"\"},{\"label\":\"2\",\"value\":\"spacing-top-2\",\"default\":\"\"},{\"label\":\"3\",\"value\":\"spacing-top-3\",\"default\":\"\"},{\"label\":\"4\",\"value\":\"spacing-top-4\",\"default\":\"\"},{\"label\":\"5\",\"value\":\"spacing-top-5\",\"default\":\"\"}]}', '2016-10-17 22:05:28', '2016-12-09 00:30:20', '0355c8be-6c14-45de-8ece-f6cd4c8592c2'),
 ('25', NULL, 'Text', 'text', 'matrixBlockType:5', '', '0', 'RichText', '{\"configFile\":\"Standard.json\",\"availableAssetSources\":\"*\",\"availableTransforms\":\"*\",\"cleanupHtml\":\"\",\"purifyHtml\":\"\",\"columnType\":\"text\"}', '2016-10-17 22:31:03', '2016-12-09 00:30:20', '98f456e0-5e2e-465d-9c1c-5039d4a05dbc'),
 ('26', NULL, 'Spacing Top', 'spacingTop', 'matrixBlockType:5', '', '0', 'Dropdown', '{\"options\":[{\"label\":\"0\",\"value\":\"spacing-top-0\",\"default\":\"\"},{\"label\":\"1\",\"value\":\"spacing-top-1\",\"default\":\"\"},{\"label\":\"2\",\"value\":\"spacing-top-2\",\"default\":\"\"},{\"label\":\"3\",\"value\":\"spacing-top-3\",\"default\":\"\"},{\"label\":\"4\",\"value\":\"spacing-top-4\",\"default\":\"\"},{\"label\":\"5\",\"value\":\"spacing-top-5\",\"default\":\"\"}]}', '2016-10-17 22:31:03', '2016-12-09 00:30:20', '31594943-0a86-4def-9567-8653f785189c'),
 ('27', NULL, 'Vimeo Embed Url', 'vimeoEmbedUrl', 'matrixBlockType:6', 'While logged into Vimeo, go to a video\'s settings. In the left hand navigation, select \"Video file\" and scroll to the bottom of the page. Select your preferred quality level and copy the entire link provided for it and paste it here.', '0', 'PlainText', '{\"placeholder\":\"\",\"maxLength\":\"\",\"multiline\":\"\",\"initialRows\":\"4\"}', '2016-10-17 23:43:02', '2016-12-09 00:30:20', '3e42d637-0b10-451d-8f73-c9d2cd0e603b'),
 ('28', NULL, 'Autoplay', 'autoplay', 'matrixBlockType:6', '', '0', 'Lightswitch', '{\"default\":\"\"}', '2016-10-17 23:43:02', '2016-12-09 00:30:20', 'f2081b41-d257-49ab-9bb1-5183c2d01c87'),
 ('29', '6', 'Hero Font Color', 'heroFontColor', 'global', '', '0', 'Color', NULL, '2016-10-18 17:33:53', '2016-11-22 22:23:03', '2027dd1b-e0dd-4c82-824f-53cf2bbab894'),
 ('30', NULL, 'Images', 'images', 'matrixBlockType:7', '800px tall', '0', 'Assets', '{\"useSingleFolder\":\"1\",\"sources\":\"*\",\"defaultUploadLocationSource\":\"1\",\"defaultUploadLocationSubpath\":\"\",\"singleUploadLocationSource\":\"1\",\"singleUploadLocationSubpath\":\"{owner.slug}\",\"restrictFiles\":\"1\",\"allowedKinds\":[\"image\"],\"limit\":\"\",\"viewMode\":\"list\",\"selectionLabel\":\"\"}', '2016-10-31 20:49:06', '2016-12-09 00:30:20', 'cfaefb07-189a-4b01-8535-2b6def6f98a1'),
 ('31', NULL, 'Spacing Top', 'spacingTop', 'matrixBlockType:7', '', '0', 'Dropdown', '{\"options\":[{\"label\":\"0\",\"value\":\"spacing-top-0\",\"default\":\"\"},{\"label\":\"1\",\"value\":\"spacing-top-1\",\"default\":\"\"},{\"label\":\"2\",\"value\":\"spacing-top-2\",\"default\":\"\"},{\"label\":\"3\",\"value\":\"spacing-top-3\",\"default\":\"\"},{\"label\":\"4\",\"value\":\"spacing-top-4\",\"default\":\"\"},{\"label\":\"5\",\"value\":\"spacing-top-5\",\"default\":\"\"}]}', '2016-10-31 21:18:33', '2016-12-09 00:30:20', 'e7ac0d73-1cd6-4648-9ee9-4bd0e779a51a'),
 ('32', NULL, 'Framed', 'framed', 'matrixBlockType:6', '', '0', 'Lightswitch', '{\"default\":\"\"}', '2016-10-31 21:46:38', '2016-12-09 00:30:20', '97c4fa82-e310-4cbb-b9e2-dadf159c8b00'),
 ('33', '3', 'Email', 'email', 'global', '', '0', 'PlainText', '{\"placeholder\":\"\",\"maxLength\":\"\",\"multiline\":\"1\",\"initialRows\":\"4\"}', '2016-10-31 22:29:14', '2016-10-31 22:46:37', '5bff9fa1-5add-4e29-a955-c66a64fe6225'),
 ('34', '3', 'Address', 'address', 'global', '', '0', 'PlainText', '{\"placeholder\":\"\",\"maxLength\":\"\",\"multiline\":\"1\",\"initialRows\":\"4\"}', '2016-10-31 22:29:55', '2016-10-31 22:29:55', '65448f85-9bb6-4883-a247-d7467f27a152'),
 ('35', '3', 'Phone Number', 'phoneNumber', 'global', '', '0', 'PlainText', '{\"placeholder\":\"\",\"maxLength\":\"\",\"multiline\":\"1\",\"initialRows\":\"4\"}', '2016-10-31 22:30:10', '2016-10-31 22:30:10', '8e872dc0-da9c-409f-b764-9cc161e90199'),
 ('36', '3', 'Fax Number', 'faxNumber', 'global', '', '0', 'PlainText', '{\"placeholder\":\"\",\"maxLength\":\"\",\"multiline\":\"1\",\"initialRows\":\"4\"}', '2016-10-31 22:30:34', '2016-10-31 22:30:34', '023dbff3-b2c4-4717-902c-fa3ae8bf0994'),
 ('37', NULL, 'Left Column', 'leftColumn', 'matrixBlockType:8', '', '0', 'RichText', '{\"configFile\":\"Standard.json\",\"availableAssetSources\":\"*\",\"availableTransforms\":\"*\",\"cleanupHtml\":\"\",\"purifyHtml\":\"\",\"columnType\":\"text\"}', '2016-11-01 18:50:10', '2016-12-09 00:30:20', '247dcdd6-7857-4fd2-95aa-aeef9b548fce'),
 ('38', NULL, 'Right Column', 'rightColumn', 'matrixBlockType:8', '', '0', 'RichText', '{\"configFile\":\"Standard.json\",\"availableAssetSources\":\"*\",\"availableTransforms\":\"*\",\"cleanupHtml\":\"\",\"purifyHtml\":\"\",\"columnType\":\"text\"}', '2016-11-01 18:50:10', '2016-12-09 00:30:20', 'd61ed1bf-4c6b-470a-ba6e-179fb4613638'),
 ('39', NULL, 'Background Color', 'backgroundColor', 'matrixBlockType:8', '', '0', 'Color', NULL, '2016-11-01 18:54:24', '2016-12-09 00:30:20', 'ad78c325-a52e-4002-89ea-0e77a3bb2879'),
 ('40', NULL, 'Spacing Top', 'spacingTop', 'matrixBlockType:8', '', '0', 'Dropdown', '{\"options\":[{\"label\":\"0\",\"value\":\"spacing-top-0\",\"default\":\"\"},{\"label\":\"1\",\"value\":\"spacing-top-1\",\"default\":\"\"},{\"label\":\"2\",\"value\":\"spacing-top-2\",\"default\":\"\"},{\"label\":\"3\",\"value\":\"spacing-top-3\",\"default\":\"\"},{\"label\":\"4\",\"value\":\"spacing-top-4\",\"default\":\"\"},{\"label\":\"5\",\"value\":\"spacing-top-5\",\"default\":\"\"}]}', '2016-11-01 18:54:24', '2016-12-09 00:30:20', 'c2a9651d-c7ab-46e6-80a3-96f20d602b55'),
 ('41', '4', 'Job Title', 'jobTitle', 'global', '', '0', 'PlainText', '{\"placeholder\":\"\",\"maxLength\":\"\",\"multiline\":\"\",\"initialRows\":\"4\"}', '2016-11-01 21:40:25', '2016-11-01 21:40:25', '19fd5da5-219a-4da8-9980-8542e94794a4'),
 ('43', '4', 'Team Member Image', 'teamMemberImage', 'global', '1200 x 1200', '0', 'Assets', '{\"useSingleFolder\":\"1\",\"sources\":\"*\",\"defaultUploadLocationSource\":\"1\",\"defaultUploadLocationSubpath\":\"\",\"singleUploadLocationSource\":\"2\",\"singleUploadLocationSubpath\":\"\",\"restrictFiles\":\"1\",\"allowedKinds\":[\"image\"],\"limit\":\"1\",\"viewMode\":\"list\",\"selectionLabel\":\"\"}', '2016-11-01 21:44:49', '2016-11-22 20:46:34', '443b02ce-fb1a-4fbc-a498-44505ba1812f'),
 ('44', '4', 'Team Header', 'teamHeader', 'global', '', '0', 'PlainText', '{\"placeholder\":\"\",\"maxLength\":\"\",\"multiline\":\"1\",\"initialRows\":\"4\"}', '2016-11-01 22:29:44', '2016-11-01 22:29:44', '4e5c0934-d550-48a4-8e8f-11927b201ebb'),
 ('45', '1', 'Intro Left Column', 'introLeftColumn', 'global', '', '0', 'RichText', '{\"configFile\":\"Standard.json\",\"availableAssetSources\":\"*\",\"availableTransforms\":\"*\",\"cleanupHtml\":\"\",\"purifyHtml\":\"\",\"columnType\":\"text\"}', '2016-11-01 22:34:28', '2016-11-01 22:47:56', '62d046cb-a825-4a5f-9efb-b88749611afc'),
 ('46', '1', 'Intro Right Column', 'introRightColumn', 'global', '', '0', 'RichText', '{\"configFile\":\"Standard.json\",\"availableAssetSources\":\"*\",\"availableTransforms\":\"*\",\"cleanupHtml\":\"\",\"purifyHtml\":\"\",\"columnType\":\"text\"}', '2016-11-01 22:34:43', '2016-11-01 22:48:07', '267180cc-6bad-4ecf-9acd-5d0c4db275b5'),
 ('47', '1', 'Press & Awards', 'pressAwards', 'global', '', '0', 'RichText', '{\"configFile\":\"Standard.json\",\"availableAssetSources\":\"*\",\"availableTransforms\":\"*\",\"cleanupHtml\":\"\",\"purifyHtml\":\"\",\"columnType\":\"text\"}', '2016-11-01 22:48:48', '2016-11-14 20:03:12', 'ac5e844b-ef74-45fc-a021-a12d2dd79490'),
 ('48', '1', 'CTA', 'cta', 'global', '', '0', 'SuperTable', '{\"columns\":{\"49\":{\"width\":\"\"},\"52\":{\"width\":\"\"},\"53\":{\"width\":\"\"},\"50\":{\"width\":\"\"},\"51\":{\"width\":\"\"},\"new1\":{\"width\":\"\"}},\"fieldLayout\":\"row\",\"staticField\":null,\"selectionLabel\":\"Add a row\",\"maxRows\":\"1\"}', '2016-11-02 18:38:31', '2016-11-04 18:31:50', '25c47af6-87c1-40e6-9928-d455ccc78a09'),
 ('49', NULL, 'Background Image', 'backgroundImage', 'superTableBlockType:1', '', '0', 'Assets', '{\"useSingleFolder\":\"1\",\"sources\":\"*\",\"defaultUploadLocationSource\":\"1\",\"defaultUploadLocationSubpath\":\"\",\"singleUploadLocationSource\":\"3\",\"singleUploadLocationSubpath\":\"\",\"restrictFiles\":\"1\",\"allowedKinds\":[\"image\"],\"limit\":\"1\",\"viewMode\":\"list\",\"selectionLabel\":\"\"}', '2016-11-02 18:38:31', '2016-11-04 18:31:50', 'e6a0c2a6-89a7-4787-9055-b8de49b12e2e'),
 ('50', NULL, 'Header', 'header', 'superTableBlockType:1', '', '0', 'PlainText', '{\"placeholder\":\"\",\"maxLength\":\"\",\"multiline\":\"1\",\"initialRows\":\"4\"}', '2016-11-02 18:38:31', '2016-11-04 18:31:50', '6f60b15c-495d-47d4-a4b9-b3ef90aa0e38'),
 ('51', NULL, 'Subtext', 'subtext', 'superTableBlockType:1', '', '0', 'PlainText', '{\"placeholder\":\"\",\"maxLength\":\"\",\"multiline\":\"1\",\"initialRows\":\"4\"}', '2016-11-02 18:38:31', '2016-11-04 18:31:50', 'ceba0cde-9420-46e1-9daa-9f549fd293c7'),
 ('52', NULL, 'Background Color', 'backgroundColor', 'superTableBlockType:1', 'Only important if you don\'t choose an image.', '0', 'Color', NULL, '2016-11-02 18:42:23', '2016-11-04 18:31:50', '0c97040c-4a9b-461b-8cc6-6a38efbcca5d'),
 ('53', NULL, 'Link URL', 'linkUrl', 'superTableBlockType:1', '', '0', 'PlainText', '{\"placeholder\":\"\",\"maxLength\":\"\",\"multiline\":\"\",\"initialRows\":\"4\"}', '2016-11-02 19:01:06', '2016-11-04 18:31:50', 'f02fd837-4949-465a-972a-65f807fe881b'),
 ('54', '5', 'Journal Category', 'journalCategory', 'global', '', '0', 'Categories', '{\"source\":\"group:2\",\"limit\":\"1\",\"selectionLabel\":\"\"}', '2016-11-03 21:27:15', '2016-11-03 21:27:15', '239f9a87-d3f7-45df-a1a2-236715acc1fa'),
 ('57', NULL, 'Font Color', 'fontColor', 'superTableBlockType:1', '', '0', 'Color', NULL, '2016-11-04 18:31:50', '2016-11-04 18:31:50', 'b150e07e-459e-4e45-9d09-62e8ad8b18d2'),
 ('58', NULL, 'Image Width', 'imageWidth', 'matrixBlockType:2', '', '0', 'Dropdown', '{\"options\":[{\"label\":\"50% \",\"value\":\"50\",\"default\":\"1\"},{\"label\":\"75%\",\"value\":\"75\",\"default\":\"\"},{\"label\":\"100% \",\"value\":\"100\",\"default\":\"\"}]}', '2016-11-11 22:58:02', '2016-12-09 00:30:20', '765f580a-4353-4af6-9004-0cc75ca32966'),
 ('59', NULL, 'Image Width', 'imageWidth', 'matrixBlockType:3', '', '0', 'Dropdown', '{\"options\":[{\"label\":\"50%\",\"value\":\"50\",\"default\":\"1\"},{\"label\":\"75%\",\"value\":\"75\",\"default\":\"\"},{\"label\":\"100%\",\"value\":\"100\",\"default\":\"\"}]}', '2016-11-11 22:58:02', '2016-12-09 00:30:20', '805945e1-487a-454c-8476-04c05128b2ec'),
 ('60', NULL, 'Background Color', 'backgroundColor', 'matrixBlockType:3', '', '0', 'Color', NULL, '2016-11-11 23:02:10', '2016-12-09 00:30:20', 'a5fb2133-ecc5-45f3-adb1-bc586ac550c3'),
 ('61', NULL, 'Background Color', 'backgroundColor', 'matrixBlockType:5', '', '0', 'Color', NULL, '2016-11-14 20:15:15', '2016-12-09 00:30:20', 'd81ec270-385b-4fd7-8af6-f24e177c3fd9'),
 ('62', '6', 'List Image', 'listImage', 'global', '1200x900 or 1200x1200 or 1200x1500 or 1200x1800', '0', 'Assets', '{\"useSingleFolder\":\"1\",\"sources\":\"*\",\"defaultUploadLocationSource\":\"1\",\"defaultUploadLocationSubpath\":\"\",\"singleUploadLocationSource\":\"1\",\"singleUploadLocationSubpath\":\"{slug}\",\"restrictFiles\":\"1\",\"allowedKinds\":[\"image\"],\"limit\":\"1\",\"viewMode\":\"list\",\"selectionLabel\":\"\"}', '2016-11-22 22:45:21', '2016-12-15 23:15:34', '97061429-3fba-48aa-96c0-029bfdb2e7a1'),
 ('63', NULL, 'Poster Image', 'posterImage', 'matrixBlockType:6', '', '0', 'Assets', '{\"useSingleFolder\":\"\",\"sources\":\"*\",\"defaultUploadLocationSource\":\"1\",\"defaultUploadLocationSubpath\":\"\",\"singleUploadLocationSource\":\"1\",\"singleUploadLocationSubpath\":\"\",\"restrictFiles\":\"1\",\"allowedKinds\":[\"image\"],\"limit\":\"1\",\"viewMode\":\"list\",\"selectionLabel\":\"\"}', '2016-11-30 21:34:17', '2016-12-09 00:30:20', 'bbcb6137-0270-4bfa-afef-7d292a927c6b'),
 ('64', NULL, 'Spacing Bottom', 'spacingBottom', 'matrixBlockType:1', '', '0', 'Dropdown', '{\"options\":[{\"label\":\"0\",\"value\":\"spacing-bottom-0\",\"default\":\"\"},{\"label\":\"1\",\"value\":\"spacing-bottom-1\",\"default\":\"\"},{\"label\":\"2\",\"value\":\"spacing-bottom-2\",\"default\":\"\"},{\"label\":\"3\",\"value\":\"spacing-bottom-3\",\"default\":\"\"},{\"label\":\"4\",\"value\":\"spacing-bottom-4\",\"default\":\"\"},{\"label\":\"5\",\"value\":\"spacing-bottom-5\",\"default\":\"\"}]}', '2016-12-09 00:15:02', '2016-12-09 00:30:20', 'c6db209c-d1c3-497d-81be-921390c84680'),
 ('65', NULL, 'Spacing Bottom', 'spacingBottom', 'matrixBlockType:2', '', '0', 'Dropdown', '{\"options\":[{\"label\":\"0\",\"value\":\"spacing-bottom-0\",\"default\":\"\"},{\"label\":\"1\",\"value\":\"spacing-bottom-1\",\"default\":\"\"},{\"label\":\"2\",\"value\":\"spacing-bottom-2\",\"default\":\"\"},{\"label\":\"3\",\"value\":\"spacing-bottom-3\",\"default\":\"\"},{\"label\":\"4\",\"value\":\"spacing-bottom-4\",\"default\":\"\"},{\"label\":\"5\",\"value\":\"spacing-bottom-5\",\"default\":\"\"}]}', '2016-12-09 00:16:44', '2016-12-09 00:30:20', '8b5555c4-6710-4db0-9567-e37a31937daa'),
 ('66', NULL, 'Spacing Bottom', 'spacingBottom', 'matrixBlockType:3', '', '0', 'Dropdown', '{\"options\":[{\"label\":\"0\",\"value\":\"spacing-bottom-0\",\"default\":\"\"},{\"label\":\"1\",\"value\":\"spacing-bottom-1\",\"default\":\"\"},{\"label\":\"2\",\"value\":\"spacing-bottom-2\",\"default\":\"\"},{\"label\":\"3\",\"value\":\"spacing-bottom-3\",\"default\":\"\"},{\"label\":\"4\",\"value\":\"spacing-bottom-4\",\"default\":\"\"},{\"label\":\"5\",\"value\":\"spacing-bottom-5\",\"default\":\"\"}]}', '2016-12-09 00:19:08', '2016-12-09 00:30:20', 'bacd5727-e574-4489-a757-c84e4575c609'),
 ('67', NULL, 'Spacing Bottom', 'spacingBottom', 'matrixBlockType:4', '', '0', 'Dropdown', '{\"options\":[{\"label\":\"0\",\"value\":\"spacing-bottom-0\",\"default\":\"\"},{\"label\":\"1\",\"value\":\"spacing-bottom-1\",\"default\":\"\"},{\"label\":\"2\",\"value\":\"spacing-bottom-2\",\"default\":\"\"},{\"label\":\"3\",\"value\":\"spacing-bottom-3\",\"default\":\"\"},{\"label\":\"4\",\"value\":\"spacing-bottom-4\",\"default\":\"\"},{\"label\":\"5\",\"value\":\"spacing-bottom-5\",\"default\":\"\"}]}', '2016-12-09 00:21:43', '2016-12-09 00:30:20', '7b4346df-3ca8-4fa1-94f2-d99dc3e4b26c'),
 ('68', NULL, 'Spacing Bottom', 'spacingBottom', 'matrixBlockType:5', '', '0', 'Dropdown', '{\"options\":[{\"label\":\"0\",\"value\":\"spacing-bottom-0\",\"default\":\"\"},{\"label\":\"1\",\"value\":\"spacing-bottom-1\",\"default\":\"\"},{\"label\":\"2\",\"value\":\"spacing-bottom-2\",\"default\":\"\"},{\"label\":\"3\",\"value\":\"spacing-bottom-3\",\"default\":\"\"},{\"label\":\"4\",\"value\":\"spacing-bottom-4\",\"default\":\"\"},{\"label\":\"5\",\"value\":\"spacing-bottom-5\",\"default\":\"\"}]}', '2016-12-09 00:23:20', '2016-12-09 00:30:20', '8e370b95-98b8-465f-9fbc-a0cb3d551db1'),
 ('69', NULL, 'Spacing Bottom', 'spacingBottom', 'matrixBlockType:7', '', '0', 'Dropdown', '{\"options\":[{\"label\":\"0\",\"value\":\"spacing-bottom-0\",\"default\":\"\"},{\"label\":\"1\",\"value\":\"spacing-bottom-1\",\"default\":\"\"},{\"label\":\"2\",\"value\":\"spacing-bottom-2\",\"default\":\"\"},{\"label\":\"3\",\"value\":\"spacing-bottom-3\",\"default\":\"\"},{\"label\":\"4\",\"value\":\"spacing-bottom-4\",\"default\":\"\"},{\"label\":\"5\",\"value\":\"spacing-bottom-5\",\"default\":\"\"}]}', '2016-12-09 00:30:20', '2016-12-09 00:30:20', '7084f60a-2447-4717-af54-ef0b32995605'),
 ('70', NULL, 'Spacing Bottom', 'spacingBottom', 'matrixBlockType:8', '', '0', 'Dropdown', '{\"options\":[{\"label\":\"0\",\"value\":\"spacing-bottom-0\",\"default\":\"\"},{\"label\":\"1\",\"value\":\"spacing-bottom-1\",\"default\":\"\"},{\"label\":\"2\",\"value\":\"spacing-bottom-2\",\"default\":\"\"},{\"label\":\"3\",\"value\":\"spacing-bottom-3\",\"default\":\"\"},{\"label\":\"4\",\"value\":\"spacing-bottom-4\",\"default\":\"\"},{\"label\":\"5\",\"value\":\"spacing-bottom-5\",\"default\":\"\"}]}', '2016-12-09 00:30:20', '2016-12-09 00:30:20', 'd3d2f4a7-3841-4868-86d7-5a80de2ac828'),
 ('71', NULL, 'Header', 'header', 'superTableBlockType:2', '', '0', 'PlainText', '{\"placeholder\":\"\",\"maxLength\":\"\",\"multiline\":\"\",\"initialRows\":\"4\"}', '2016-12-14 23:24:12', '2016-12-14 23:35:16', '82ee517b-3118-44be-80cf-dacde3c6696c'),
 ('72', NULL, 'Info', 'info', 'superTableBlockType:2', '', '0', 'RichText', '{\"configFile\":\"Simple.json\",\"availableAssetSources\":\"\",\"availableTransforms\":\"\",\"cleanupHtml\":\"1\",\"purifyHtml\":\"1\",\"columnType\":\"text\"}', '2016-12-14 23:24:12', '2016-12-14 23:35:16', '547c8207-86ab-4f5f-986a-d1c5ecdcc67a'),
 ('73', '6', 'CTA Image', 'ctaImage', 'global', '2400 x ?', '0', 'Assets', '{\"useSingleFolder\":\"1\",\"sources\":\"*\",\"defaultUploadLocationSource\":\"1\",\"defaultUploadLocationSubpath\":\"\",\"singleUploadLocationSource\":\"1\",\"singleUploadLocationSubpath\":\"{slug}\",\"restrictFiles\":\"1\",\"allowedKinds\":[\"image\"],\"limit\":\"1\",\"viewMode\":\"list\",\"selectionLabel\":\"\"}', '2016-12-20 19:50:54', '2016-12-20 19:52:12', 'c1157ee3-33b9-428a-975a-04caa00af2b4');



DROP TABLE IF EXISTS `craft_globalsets`;


--
-- Schema for table `craft_globalsets`
--
CREATE TABLE `craft_globalsets` (
  `id` int(11) NOT NULL,
  `name` varchar(255) COLLATE utf8_unicode_ci NOT NULL,
  `handle` varchar(255) COLLATE utf8_unicode_ci NOT NULL,
  `fieldLayoutId` int(10) DEFAULT NULL,
  `dateCreated` datetime NOT NULL,
  `dateUpdated` datetime NOT NULL,
  `uid` char(36) COLLATE utf8_unicode_ci NOT NULL DEFAULT '0',
  PRIMARY KEY (`id`),
  UNIQUE KEY `craft_globalsets_name_unq_idx` (`name`),
  UNIQUE KEY `craft_globalsets_handle_unq_idx` (`handle`),
  KEY `craft_globalsets_fieldLayoutId_fk` (`fieldLayoutId`)
) ENGINE=InnoDB DEFAULT CHARSET=utf8 COLLATE=utf8_unicode_ci;

--
-- Data for table `craft_globalsets`
--

INSERT INTO `craft_globalsets` (`id`, `name`, `handle`, `fieldLayoutId`, `dateCreated`, `dateUpdated`, `uid`) VALUES
 ('232', 'Global', 'global', '290', '2016-11-29 00:15:51', '2016-11-29 00:15:51', '14e9136e-f583-496a-86e9-b29860a6cee6');



DROP TABLE IF EXISTS `craft_info`;


--
-- Schema for table `craft_info`
--
CREATE TABLE `craft_info` (
  `id` int(11) NOT NULL AUTO_INCREMENT,
  `version` varchar(50) COLLATE utf8_unicode_ci NOT NULL,
  `schemaVersion` varchar(15) COLLATE utf8_unicode_ci NOT NULL,
  `edition` tinyint(1) unsigned NOT NULL DEFAULT '0',
  `siteName` varchar(100) COLLATE utf8_unicode_ci NOT NULL,
  `siteUrl` varchar(255) COLLATE utf8_unicode_ci NOT NULL,
  `timezone` varchar(30) COLLATE utf8_unicode_ci DEFAULT NULL,
  `on` tinyint(1) unsigned NOT NULL DEFAULT '0',
  `maintenance` tinyint(1) unsigned NOT NULL DEFAULT '0',
  `dateCreated` datetime NOT NULL,
  `dateUpdated` datetime NOT NULL,
  `uid` char(36) COLLATE utf8_unicode_ci NOT NULL DEFAULT '0',
  PRIMARY KEY (`id`)
) ENGINE=InnoDB AUTO_INCREMENT=2 DEFAULT CHARSET=utf8 COLLATE=utf8_unicode_ci;

--
-- Data for table `craft_info`
--

INSERT INTO `craft_info` (`id`, `version`, `schemaVersion`, `edition`, `siteName`, `siteUrl`, `timezone`, `on`, `maintenance`, `dateCreated`, `dateUpdated`, `uid`) VALUES
 ('1', '2.6.2952', '2.6.9', '2', 'Turnstyle', 'http://turnstyle.studio', 'UTC', '1', '1', '2016-10-07 18:01:49', '2016-12-20 19:59:32', 'ccfc5212-7b67-488b-80cc-468436a8346e');



DROP TABLE IF EXISTS `craft_locales`;


--
-- Schema for table `craft_locales`
--
CREATE TABLE `craft_locales` (
  `locale` char(12) COLLATE utf8_unicode_ci NOT NULL,
  `sortOrder` smallint(6) unsigned DEFAULT NULL,
  `dateCreated` datetime NOT NULL,
  `dateUpdated` datetime NOT NULL,
  `uid` char(36) COLLATE utf8_unicode_ci NOT NULL DEFAULT '0',
  PRIMARY KEY (`locale`),
  KEY `craft_locales_sortOrder_idx` (`sortOrder`)
) ENGINE=InnoDB DEFAULT CHARSET=utf8 COLLATE=utf8_unicode_ci;

--
-- Data for table `craft_locales`
--

INSERT INTO `craft_locales` (`locale`, `sortOrder`, `dateCreated`, `dateUpdated`, `uid`) VALUES
 ('en_us', '1', '2016-10-07 18:01:49', '2016-10-07 18:01:49', 'f96779a5-1968-4d73-9d30-9698c26a2c5c');



DROP TABLE IF EXISTS `craft_matrixblocks`;


--
-- Schema for table `craft_matrixblocks`
--
CREATE TABLE `craft_matrixblocks` (
  `id` int(11) NOT NULL,
  `ownerId` int(11) NOT NULL,
  `fieldId` int(11) NOT NULL,
  `typeId` int(11) DEFAULT NULL,
  `sortOrder` smallint(6) unsigned DEFAULT NULL,
  `ownerLocale` char(12) COLLATE utf8_unicode_ci DEFAULT NULL,
  `dateCreated` datetime NOT NULL,
  `dateUpdated` datetime NOT NULL,
  `uid` char(36) COLLATE utf8_unicode_ci NOT NULL DEFAULT '0',
  PRIMARY KEY (`id`),
  KEY `craft_matrixblocks_ownerId_idx` (`ownerId`),
  KEY `craft_matrixblocks_fieldId_idx` (`fieldId`),
  KEY `craft_matrixblocks_typeId_idx` (`typeId`),
  KEY `craft_matrixblocks_sortOrder_idx` (`sortOrder`),
  KEY `craft_matrixblocks_ownerLocale_fk` (`ownerLocale`)
) ENGINE=InnoDB DEFAULT CHARSET=utf8 COLLATE=utf8_unicode_ci;

--
-- Data for table `craft_matrixblocks`
--

INSERT INTO `craft_matrixblocks` (`id`, `ownerId`, `fieldId`, `typeId`, `sortOrder`, `ownerLocale`, `dateCreated`, `dateUpdated`, `uid`) VALUES
 ('28', '15', '10', '1', '2', NULL, '2016-10-17 20:30:09', '2016-12-20 19:55:20', 'ac4fac9a-168a-4b69-8b8a-717f024742f8'),
 ('103', '101', '10', '7', '1', NULL, '2016-11-02 23:38:39', '2016-12-20 19:32:08', '82c650fd-0afa-4b3b-b20f-f8f3d3a8c84a'),
 ('104', '101', '10', '8', '2', NULL, '2016-11-02 23:38:39', '2016-12-20 19:32:08', '1b877d9c-3c58-4c8c-89dc-3973948821c8'),
 ('106', '101', '10', '8', '3', NULL, '2016-11-02 23:38:39', '2016-12-20 19:32:08', 'b4a969ef-4697-43d4-b89d-0457477481a6'),
 ('107', '101', '10', '8', '4', NULL, '2016-11-02 23:38:39', '2016-12-20 19:32:08', '2a176d4f-bf0a-404d-bdb0-843eaa8625a4'),
 ('108', '101', '10', '8', '5', NULL, '2016-11-02 23:38:39', '2016-12-20 19:32:08', '18cf39e9-9298-4238-936b-33c6486cd5f2'),
 ('115', '112', '10', '5', '1', NULL, '2016-11-03 21:38:50', '2016-12-20 19:56:03', '84c5bd67-de7d-430b-b9a9-a690f83cc399'),
 ('119', '118', '10', '5', '1', NULL, '2016-11-03 21:43:51', '2016-12-20 19:55:54', '38eb6a56-af03-49a4-8588-22e0b6abdf3f'),
 ('123', '122', '10', '5', '1', NULL, '2016-11-03 21:47:05', '2016-12-20 19:55:41', 'dd80b007-3320-4ca5-a247-73f58b69e248'),
 ('124', '122', '10', '2', '2', NULL, '2016-11-03 21:47:05', '2016-12-20 19:55:41', '87b973ac-d780-4c4f-b47f-22a10f744b92'),
 ('126', '122', '10', '5', '3', NULL, '2016-11-04 15:59:58', '2016-12-20 19:55:41', '23401fb5-a633-4c98-8a26-6e5098186484'),
 ('133', '5', '10', '1', '1', NULL, '2016-11-11 21:04:30', '2016-12-01 19:30:39', '282add8b-9d80-46e3-a872-1d65cc247b60'),
 ('137', '16', '10', '1', '1', NULL, '2016-11-15 18:22:12', '2016-12-20 19:55:28', 'd7a49dc6-b4d0-440f-8489-bcdcf4c38bc0'),
 ('208', '201', '10', '3', '11', NULL, '2016-11-23 22:31:29', '2016-12-20 19:55:11', '698b4344-649a-44c3-9655-f61b8eefb4b8'),
 ('211', '201', '10', '5', '1', NULL, '2016-11-23 22:49:35', '2016-12-20 19:55:11', '0ef19d88-6314-4c63-a72c-934f1edbcf80'),
 ('212', '201', '10', '1', '2', NULL, '2016-11-23 22:52:02', '2016-12-20 19:55:11', '5a4cc90d-ef7d-4430-ae84-6462ea883bc1'),
 ('215', '201', '10', '2', '4', NULL, '2016-11-23 23:00:38', '2016-12-20 19:55:11', '9651f900-b875-4e42-9a16-f42ea6a29023'),
 ('216', '201', '10', '3', '5', NULL, '2016-11-23 23:00:38', '2016-12-20 19:55:11', '3b83a6d3-1fc7-4f37-9440-a57cab7cde1f'),
 ('218', '201', '10', '4', '6', NULL, '2016-11-23 23:01:53', '2016-12-20 19:55:11', '7b6fc200-cc2c-4257-bd76-b0a8d0bac418'),
 ('219', '201', '10', '1', '3', NULL, '2016-11-23 23:04:00', '2016-12-20 19:55:11', '048ce7f9-8d1c-4515-9f4a-a27243091f08'),
 ('222', '201', '10', '5', '10', NULL, '2016-11-23 23:16:03', '2016-12-20 19:55:11', 'c2394cfe-5678-4725-8fed-60967577a2ee'),
 ('224', '201', '10', '3', '12', NULL, '2016-11-23 23:25:13', '2016-12-20 19:55:11', 'aae7cd5d-6247-49f5-9759-56fb858ad698'),
 ('226', '201', '10', '3', '13', NULL, '2016-11-23 23:30:19', '2016-12-20 19:55:11', '4d1f334d-8402-4f8a-9599-d9e4dbf95ba8'),
 ('230', '201', '10', '3', '14', NULL, '2016-11-23 23:57:30', '2016-12-20 19:55:11', 'a74e4a0a-a136-49dc-96d8-7f66f41ba703'),
 ('235', '201', '10', '6', '8', NULL, '2016-11-30 20:47:45', '2016-12-20 19:55:11', '4b88d0a9-afef-4aab-bf1e-6f85263b1b5d'),
 ('237', '201', '10', '6', '9', NULL, '2016-11-30 23:25:46', '2016-12-20 19:55:11', '1880b87f-4d88-4ab4-bb38-ca5c2bded573'),
 ('243', '201', '10', '1', '7', NULL, '2016-12-06 22:36:29', '2016-12-20 19:55:11', '8d9a4940-2234-444c-a142-f5bbd0b52fba'),
 ('260', '15', '10', '2', '1', NULL, '2016-12-15 00:50:00', '2016-12-20 19:55:20', 'af5bf402-0dc3-46d1-8378-2741f0c2f3f0'),
 ('295', '294', '10', '1', '1', NULL, '2016-12-16 20:42:31', '2016-12-20 19:54:43', '112a5021-608f-427a-a607-4348d50e8d9f'),
 ('296', '294', '10', '5', '2', NULL, '2016-12-16 20:42:31', '2016-12-20 19:54:43', 'd5b9f849-80b9-4ac6-a951-4afe2618c65a'),
 ('297', '294', '10', '2', '3', NULL, '2016-12-16 20:42:31', '2016-12-20 19:54:43', '0b1bd170-fa2d-4aa4-8bf8-8d25ed4f7170'),
 ('299', '294', '10', '5', '5', NULL, '2016-12-16 20:42:31', '2016-12-20 19:54:43', '3a6d873b-e6ba-478e-b9bb-b7e280ee5d6c'),
 ('301', '294', '10', '3', '7', NULL, '2016-12-16 20:42:31', '2016-12-20 19:54:43', '48f39c9f-7494-4754-ac34-2d47e035732c'),
 ('302', '294', '10', '2', '8', NULL, '2016-12-16 20:42:31', '2016-12-20 19:54:43', '4a0dd9a6-fe14-4487-ba0a-9d26574bb6e5'),
 ('304', '294', '10', '2', '4', NULL, '2016-12-16 20:58:01', '2016-12-20 19:54:43', '4931b5c4-e07f-4896-9269-60293b326663'),
 ('319', '307', '10', '1', '1', NULL, '2016-12-17 00:01:00', '2016-12-20 19:54:33', '5f4f3c5e-d470-4714-853a-0a5ced315a31'),
 ('320', '294', '10', '1', '9', NULL, '2016-12-17 00:03:22', '2016-12-20 19:54:43', '5721311d-df02-4aeb-971d-01120d77246e'),
 ('323', '307', '10', '1', '4', NULL, '2016-12-17 00:18:50', '2016-12-20 19:54:33', 'c2f07c00-aa23-4d8e-85b9-00e55b320e5d'),
 ('333', '307', '10', '2', '2', NULL, '2016-12-17 01:30:14', '2016-12-20 19:54:33', 'cfea28b4-dcee-4415-a6c7-cf0344d4b404'),
 ('334', '307', '10', '1', '3', NULL, '2016-12-17 01:30:14', '2016-12-20 19:54:33', '9535764e-c7ee-4ec2-938f-df6a86b9cc10'),
 ('336', '294', '10', '1', '6', NULL, '2016-12-19 23:39:56', '2016-12-20 19:54:43', '03684972-ad7d-4b28-9607-725bc241d7ce');



DROP TABLE IF EXISTS `craft_matrixblocktypes`;


--
-- Schema for table `craft_matrixblocktypes`
--
CREATE TABLE `craft_matrixblocktypes` (
  `id` int(11) NOT NULL AUTO_INCREMENT,
  `fieldId` int(11) NOT NULL,
  `fieldLayoutId` int(11) DEFAULT NULL,
  `name` varchar(255) COLLATE utf8_unicode_ci NOT NULL,
  `handle` varchar(255) COLLATE utf8_unicode_ci NOT NULL,
  `sortOrder` smallint(6) unsigned DEFAULT NULL,
  `dateCreated` datetime NOT NULL,
  `dateUpdated` datetime NOT NULL,
  `uid` char(36) COLLATE utf8_unicode_ci NOT NULL DEFAULT '0',
  PRIMARY KEY (`id`),
  UNIQUE KEY `craft_matrixblocktypes_name_fieldId_unq_idx` (`name`,`fieldId`),
  UNIQUE KEY `craft_matrixblocktypes_handle_fieldId_unq_idx` (`handle`,`fieldId`),
  KEY `craft_matrixblocktypes_fieldId_fk` (`fieldId`),
  KEY `craft_matrixblocktypes_fieldLayoutId_fk` (`fieldLayoutId`)
) ENGINE=InnoDB AUTO_INCREMENT=9 DEFAULT CHARSET=utf8 COLLATE=utf8_unicode_ci;

--
-- Data for table `craft_matrixblocktypes`
--

INSERT INTO `craft_matrixblocktypes` (`id`, `fieldId`, `fieldLayoutId`, `name`, `handle`, `sortOrder`, `dateCreated`, `dateUpdated`, `uid`) VALUES
 ('1', '10', '347', 'Large Image', 'largeImage', '1', '2016-10-17 20:17:12', '2016-12-09 00:30:20', '0edc4efb-ac7c-4e97-b81b-7a88fe1809b2'),
 ('2', '10', '348', 'Inset Image', 'insetImage', '2', '2016-10-17 21:06:03', '2016-12-09 00:30:20', 'b3a5ff83-41a7-4b71-8716-9cec9a1ecdf1'),
 ('3', '10', '349', 'Image with Description', 'imageWithDescription', '3', '2016-10-17 21:24:28', '2016-12-09 00:30:20', '4d6110ce-c7e8-416d-9856-6bbde2800206'),
 ('4', '10', '350', 'Two Up Images', 'twoUpImages', '4', '2016-10-17 22:05:28', '2016-12-09 00:30:20', 'd3c2bc15-9299-438a-911c-862c86592d20'),
 ('5', '10', '351', 'Centered Text', 'centeredText', '5', '2016-10-17 22:31:03', '2016-12-09 00:30:20', '18a48efc-3cb9-4b03-b6fe-e457ccf93998'),
 ('6', '10', '352', 'Video', 'video', '6', '2016-10-17 23:43:02', '2016-12-09 00:30:20', 'bbe64627-53e5-4ad9-ad3b-ecffe55681ab'),
 ('7', '10', '353', 'Carousel', 'carousel', '7', '2016-10-31 20:49:06', '2016-12-09 00:30:20', '6bf560a6-459f-4f40-a1cf-70b9bf339adf'),
 ('8', '10', '354', 'Two Column Content', 'twoColumnContent', '8', '2016-11-01 18:50:10', '2016-12-09 00:30:20', 'e5957234-6b1b-43c8-8f15-caf1210bd335');



DROP TABLE IF EXISTS `craft_matrixcontent_modules`;


--
-- Schema for table `craft_matrixcontent_modules`
--
CREATE TABLE `craft_matrixcontent_modules` (
  `id` int(11) NOT NULL AUTO_INCREMENT,
  `elementId` int(11) NOT NULL,
  `locale` char(12) COLLATE utf8_unicode_ci NOT NULL,
  `field_largeImage_layoutOptions` varchar(255) COLLATE utf8_unicode_ci DEFAULT 'full-width',
  `field_largeImage_spacingTop` varchar(255) COLLATE utf8_unicode_ci DEFAULT 'spacing-top-0',
  `field_insetImage_spacingTop` varchar(255) COLLATE utf8_unicode_ci DEFAULT 'spacing-top-0',
  `field_insetImage_backgroundColor` char(7) COLLATE utf8_unicode_ci DEFAULT NULL,
  `field_imageWithDescription_position` varchar(255) COLLATE utf8_unicode_ci DEFAULT NULL,
  `field_imageWithDescription_description` text COLLATE utf8_unicode_ci,
  `field_imageWithDescription_spacingTop` varchar(255) COLLATE utf8_unicode_ci DEFAULT 'spacing-top-0',
  `field_twoUpImages_spacingTop` varchar(255) COLLATE utf8_unicode_ci DEFAULT NULL,
  `field_centeredText_text` text COLLATE utf8_unicode_ci,
  `field_centeredText_spacingTop` varchar(255) COLLATE utf8_unicode_ci DEFAULT NULL,
  `field_video_vimeoEmbedUrl` text COLLATE utf8_unicode_ci,
  `field_video_autoplay` tinyint(1) unsigned NOT NULL DEFAULT '0',
  `field_carousel_spacingTop` varchar(255) COLLATE utf8_unicode_ci DEFAULT NULL,
  `field_video_framed` tinyint(1) unsigned NOT NULL DEFAULT '0',
  `field_twoColumnContent_leftColumn` text COLLATE utf8_unicode_ci,
  `field_twoColumnContent_rightColumn` text COLLATE utf8_unicode_ci,
  `field_twoColumnContent_backgroundColor` char(7) COLLATE utf8_unicode_ci DEFAULT NULL,
  `field_twoColumnContent_spacingTop` varchar(255) COLLATE utf8_unicode_ci DEFAULT NULL,
  `field_insetImage_imageWidth` varchar(255) COLLATE utf8_unicode_ci DEFAULT '50',
  `field_imageWithDescription_imageWidth` varchar(255) COLLATE utf8_unicode_ci DEFAULT '50',
  `field_imageWithDescription_backgroundColor` char(7) COLLATE utf8_unicode_ci DEFAULT NULL,
  `field_centeredText_backgroundColor` char(7) COLLATE utf8_unicode_ci DEFAULT NULL,
  `field_largeImage_spacingBottom` varchar(255) COLLATE utf8_unicode_ci DEFAULT NULL,
  `field_insetImage_spacingBottom` varchar(255) COLLATE utf8_unicode_ci DEFAULT NULL,
  `field_imageWithDescription_spacingBottom` varchar(255) COLLATE utf8_unicode_ci DEFAULT NULL,
  `field_twoUpImages_spacingBottom` varchar(255) COLLATE utf8_unicode_ci DEFAULT NULL,
  `field_centeredText_spacingBottom` varchar(255) COLLATE utf8_unicode_ci DEFAULT NULL,
  `field_carousel_spacingBottom` varchar(255) COLLATE utf8_unicode_ci DEFAULT NULL,
  `field_twoColumnContent_spacingBottom` varchar(255) COLLATE utf8_unicode_ci DEFAULT NULL,
  `dateCreated` datetime NOT NULL,
  `dateUpdated` datetime NOT NULL,
  `uid` char(36) COLLATE utf8_unicode_ci NOT NULL DEFAULT '0',
  PRIMARY KEY (`id`),
  UNIQUE KEY `craft_matrixcontent_modules_elementId_locale_unq_idx` (`elementId`,`locale`),
  KEY `craft_matrixcontent_modules_locale_fk` (`locale`)
) ENGINE=InnoDB AUTO_INCREMENT=73 DEFAULT CHARSET=utf8 COLLATE=utf8_unicode_ci;

--
-- Data for table `craft_matrixcontent_modules`
--

INSERT INTO `craft_matrixcontent_modules` (`id`, `elementId`, `locale`, `field_largeImage_layoutOptions`, `field_largeImage_spacingTop`, `field_insetImage_spacingTop`, `field_insetImage_backgroundColor`, `field_imageWithDescription_position`, `field_imageWithDescription_description`, `field_imageWithDescription_spacingTop`, `field_twoUpImages_spacingTop`, `field_centeredText_text`, `field_centeredText_spacingTop`, `field_video_vimeoEmbedUrl`, `field_video_autoplay`, `field_carousel_spacingTop`, `field_video_framed`, `field_twoColumnContent_leftColumn`, `field_twoColumnContent_rightColumn`, `field_twoColumnContent_backgroundColor`, `field_twoColumnContent_spacingTop`, `field_insetImage_imageWidth`, `field_imageWithDescription_imageWidth`, `field_imageWithDescription_backgroundColor`, `field_centeredText_backgroundColor`, `field_largeImage_spacingBottom`, `field_insetImage_spacingBottom`, `field_imageWithDescription_spacingBottom`, `field_twoUpImages_spacingBottom`, `field_centeredText_spacingBottom`, `field_carousel_spacingBottom`, `field_twoColumnContent_spacingBottom`, `dateCreated`, `dateUpdated`, `uid`) VALUES
 ('1', '28', 'en_us', 'full-width', 'spacing-top-0', NULL, NULL, NULL, NULL, NULL, NULL, NULL, NULL, NULL, '0', NULL, '0', NULL, NULL, NULL, NULL, NULL, NULL, NULL, NULL, 'spacing-bottom-0', NULL, NULL, NULL, NULL, NULL, NULL, '2016-10-17 20:30:09', '2016-12-20 19:55:20', '24f3d1f7-73bd-493d-b93d-6c966e26e207'),
 ('18', '103', 'en_us', NULL, NULL, NULL, NULL, NULL, NULL, NULL, NULL, NULL, NULL, NULL, '0', 'spacing-top-0', '0', NULL, NULL, NULL, NULL, NULL, NULL, NULL, NULL, NULL, NULL, NULL, NULL, NULL, 'spacing-bottom-1', NULL, '2016-11-02 23:38:39', '2016-12-20 19:32:08', 'a9045466-cd9a-4199-a7ea-d2b39eb8ae39'),
 ('19', '104', 'en_us', NULL, NULL, NULL, NULL, NULL, NULL, NULL, NULL, NULL, NULL, NULL, '0', NULL, '0', '<p class=\"h3 med\"><span class=\"white\">STYLE<br>IS A<br>SIMPLE<br>WAY<br>OF<br>SAYING<br>COMPLEX<br>THINGS<br></span><span class=\"blue\">&mdash;JEAN<br>COCTEAU</span></p>', '<p class=\"large\"><span class=\"white\"><span></span>Style is Not a&nbsp;4-letter Word<span></span></span></p>\r\n<p class=\"large\"><span class=\"white\"><span></span>In our experience, the brands that are the most magnetic are those which project distinct, memorable and charismatic personalities. These brands place equal emphasis on what they say and how they say it. Some design purists might say that style is merely artificial decoration that should be avoided in favor of logic&mdash;“form follows function” and all that. Don’t get us wrong, we’re not proponents of style for its own sake, or as ornament applied after an idea has already been defined. Rather, we employ style as an integral and strategic component of our brand-development process. At its best, style can be that magical something about a company or product that pulls people in and transcends the logical. So, to us, style is not a 4-letter word. On the contrary, we embrace it, harnessing its power to cut through the clutter.&nbsp;</span></p>\r\n<p class=\"large\"><span class=\"white\">And besides, “style” has five letters.</span></p>', '#000000', 'spacing-top-2', NULL, NULL, NULL, NULL, NULL, NULL, NULL, NULL, NULL, NULL, 'spacing-bottom-0', '2016-11-02 23:38:39', '2016-12-20 19:32:08', '8d4c75d3-9de1-48ae-87fb-a6d3a971ec49'),
 ('21', '106', 'en_us', NULL, NULL, NULL, NULL, NULL, NULL, NULL, NULL, NULL, NULL, NULL, '0', NULL, '0', '<p class=\"large\"><span class=\"white\">We Do</span></p>', '<p class=\"h2 caps\"><a href=\"/strategy\">Strategy</a><br><a href=\"/identity\">Identity</a><br><a href=\"/digital\">Digital</a><br><a href=\"/print\">Print</a><br><a href=\"/packaging\">Packaging</a><br><a href=\"/environment\">Environment</a></p>', '#000000', 'spacing-top-2', NULL, NULL, NULL, NULL, NULL, NULL, NULL, NULL, NULL, NULL, 'spacing-bottom-1', '2016-11-02 23:38:39', '2016-12-20 19:32:08', '583a6015-86d0-4d93-8921-a611922de4ef'),
 ('22', '107', 'en_us', NULL, NULL, NULL, NULL, NULL, NULL, NULL, NULL, NULL, NULL, NULL, '0', NULL, '0', '<p class=\"h3 caps\">OUR<br>CLIENTS<br>&<br>INDUSTRIES</p>\r\n<p class=\"h3 caps\"></p>', '', '#ffffff', 'spacing-top-2', NULL, NULL, NULL, NULL, NULL, NULL, NULL, NULL, NULL, NULL, 'spacing-bottom-0', '2016-11-02 23:38:39', '2016-12-20 19:32:08', 'd5126e56-86f7-496b-bb7d-a8ffafbf09d6'),
 ('23', '108', 'en_us', NULL, NULL, NULL, NULL, NULL, NULL, NULL, NULL, NULL, NULL, NULL, '0', NULL, '0', '<p class=\"large\"><span class=\"gray\">Industry</span></p>\r\n<p class=\"h3 caps\">TEAGUE<br>NIKE<br>STARBUCKS<br>MICROSOFT<br>AMAZON<br>AIGA<br>NORDSTROM<br>TEAGUE<br>NIKE</p>\r\n<p class=\"large\"><span class=\"gray\">Industry</span></p>\r\n<p class=\"h3 caps\">TEAGUE<br>NIKE<br>STARBUCKS<br>MICROSOFT<br>AMAZON<br>AIGA<br>NORDSTROM<br>TEAGUE<br>NIKE</p>\r\n<p class=\"large\"><span class=\"gray\">Industry</span></p>\r\n<p class=\"h3 caps\">TEAGUE<br>NIKE<br>STARBUCKS<br>MICROSOFT<br>AMAZON<br>AIGA<br>NORDSTROM<br>TEAGUE<br>NIKE</p>', '<p class=\"large\"><span class=\"gray\">Industry</span></p>\r\n<p class=\"h3 caps\">TEAGUE<br>NIKE<br>STARBUCKS<br>MICROSOFT<br>AMAZON<br>AIGA<br>NORDSTROM<br>TEAGUE<br>NIKE</p>\r\n<p class=\"large\"><span class=\"gray\">Industry</span></p>\r\n<p class=\"h3 caps\">TEAGUE<br>NIKE<br>STARBUCKS<br>MICROSOFT<br>AMAZON<br>AIGA<br>NORDSTROM<br>TEAGUE<br>NIKE</p>\r\n<p class=\"large\"><span class=\"gray\">Industry</span></p>\r\n<p class=\"h3 caps\">TEAGUE<br>NIKE<br>STARBUCKS<br>MICROSOFT<br>AMAZON<br>AIGA<br>NORDSTROM<br>TEAGUE<br>NIKE</p>', '#ffffff', 'spacing-top-1', NULL, NULL, NULL, NULL, NULL, NULL, NULL, NULL, NULL, NULL, 'spacing-bottom-2', '2016-11-02 23:38:39', '2016-12-20 19:32:08', 'd6277ad1-6ca2-4887-9a36-6ec7c54f9aff'),
 ('24', '115', 'en_us', NULL, NULL, NULL, NULL, NULL, NULL, NULL, NULL, '<p>Lorem ipsum dolor sit amet, consectetur adipiscing elit. Integer posuere erat a ante venenatis dapibus posuere velit aliquet. Donec ullamcorper nulla non metus auctor fringilla. Nulla vitae elit libero, a pharetra augue. Fusce dapibus, tellus ac cursus commodo, tortor mauris condimentum nibh, ut fermentum massa justo sit amet risus. Etiam porta sem malesuada magna mollis euismod.</p>', 'spacing-top-0', NULL, '0', NULL, '0', NULL, NULL, NULL, NULL, NULL, NULL, NULL, '#ffffff', NULL, NULL, NULL, NULL, 'spacing-bottom-0', NULL, NULL, '2016-11-03 21:38:50', '2016-12-20 19:56:03', '4a56267f-4936-4891-9e89-47b34e927c44'),
 ('26', '119', 'en_us', NULL, NULL, NULL, NULL, NULL, NULL, NULL, NULL, '<p>Together with our brand strategy partners at&nbsp;<a href=\"http://stokestrategy.com/\">Stoke,</a>&nbsp;Turnstyle is breaking ground on a new 5,000 sq. foot office in August 2016. The building will serve as home for 20+ strategists, designers and developers. Located on Canal Street, the park-side project borders the Burke-Gilman Trail and overlooks the Fremont Cut waterway. &nbsp;</p>\r\n<p>\"The firms continue to grow, and our need for space was at odds with the long-term lease trends of Seattle,” said Stoke partner Erin Quick. “It makes good financial sense for the businesses, and for the firms’ practices. We’re creating a unique place where creative thinkers can do their best work, and clients can collaborate with us in new and different ways.”</p>\r\n<p>On the street level, a cafe-style collaboration space serves as a foundation to two levels with open-floor studios and meeting space. Designed with 16’ floor-to-ceiling windows, the plan takes advantage of the views over the trail and canal.</p>\r\n<p>“The work areas will be bathed with natural light. An open atrium at the center creates visual interest, with the benefit of passive solar design,” said Ben Graham, partner at Turnstyle. “It\'s a design-friendly environment that makes the best of our open, collaborative work style.”&nbsp;</p>\r\n<p>“The commercial office market is racing, and the long-term value for buyers in Seattle looks good,” noted Graham. “As the business environment accelerates, having a place that minimizes our commutes, offers easy access to downtown, with everyday access to great restaurants, and enhances mobility options on the Burke-Gilman Trail – all with a deck and a view – seemed like a winning combination.”</p>\r\n<p>The architecture was led by award-winning&nbsp;<a href=\"http://heliotropearchitects.com/\">Heliotrope,</a>&nbsp;of Ballard. Seattle’s&nbsp;<a href=\"http://westernventures.com/\">Western Ventures</a>&nbsp;serves as the general contractor.</p>\r\n<p>Construction is targeted for completion in June, 2017.</p>', 'spacing-top-0', NULL, '0', NULL, '0', NULL, NULL, NULL, NULL, NULL, NULL, NULL, '#ffffff', NULL, NULL, NULL, NULL, 'spacing-bottom-0', NULL, NULL, '2016-11-03 21:43:51', '2016-12-20 19:55:54', '1f1356bc-72a1-4784-aab8-af391e0b0d0e'),
 ('27', '123', 'en_us', NULL, NULL, NULL, NULL, NULL, NULL, NULL, NULL, '<p>Turnstyle principal and creative director Steven Watson was invited to serve as a juror for Communication Arts magazine’s 56th Annual Design Competition. Communication Arts is a professional journal for designers, art directors, design firms, corporate design departments, agencies and everyone involved in visual communications. The CA Design Annual, published each September,&nbsp;is one of the most respected competitions in our industry.&nbsp;</p>\r\n<p>Of the 4,083 entries to the 56th Design Annual, only 153 were accepted, representing the work of 141 designers, design firms and in-house design departments, making the Design Annual the most exclusive major design competition in the world. Entries were selected on the basis of creative excellence and quality of execution.</p>', 'spacing-top-0', NULL, '0', NULL, '0', NULL, NULL, NULL, NULL, NULL, NULL, NULL, '#ffffff', NULL, NULL, NULL, NULL, 'spacing-bottom-0', NULL, NULL, '2016-11-03 21:47:05', '2016-12-20 19:55:41', 'b6cdf51d-f863-4a60-bee5-e63c474cee6c'),
 ('28', '124', 'en_us', NULL, NULL, 'spacing-top-0', '#ffffff', NULL, NULL, NULL, NULL, NULL, NULL, NULL, '0', NULL, '0', NULL, NULL, NULL, NULL, '50', NULL, NULL, NULL, NULL, 'spacing-bottom-0', NULL, NULL, NULL, NULL, NULL, '2016-11-03 21:47:05', '2016-12-20 19:55:41', '28d0884a-62c4-44db-85eb-4d36cef551c0'),
 ('29', '126', 'en_us', NULL, NULL, NULL, NULL, NULL, NULL, NULL, NULL, '<p>Steve screened entries along with five other jurors: Kelly Bjork (VSA Partners), Dora Drimalas (Hybrid-Design), Jay Fletcher (J Fletcher Deisgn), Jeffrey Keyton (MTV), and Jean Coyne (executive editor of Communication Arts magazine). It was an honor to be asked to participate alongside such accomplished fellow jurors.</p>\r\n<p>In the column that accompanies the design competition, Steve was asked for his point of view on the entries and the design trends they represent. He replied that “technology will continue to change how we consume media, images, and messages. But the underlying principles of design will always be relevant in communicating effectively, regardless of how the future evolves.”</p>', 'spacing-top-0', NULL, '0', NULL, '0', NULL, NULL, NULL, NULL, NULL, NULL, NULL, '#ffffff', NULL, NULL, NULL, NULL, 'spacing-bottom-0', NULL, NULL, '2016-11-04 15:59:58', '2016-12-20 19:55:41', '705ef58e-a5a8-44f6-8484-6a99da3956cb'),
 ('32', '133', 'en_us', 'full-width', 'vertical-spacing-0', NULL, NULL, NULL, NULL, NULL, NULL, NULL, NULL, NULL, '0', NULL, '0', NULL, NULL, NULL, NULL, NULL, NULL, NULL, NULL, NULL, NULL, NULL, NULL, NULL, NULL, NULL, '2016-11-11 21:04:30', '2016-12-01 19:30:39', '9d989ea1-e0aa-415f-9d5e-4184563681e5'),
 ('34', '137', 'en_us', 'framed', 'spacing-top-1', NULL, NULL, NULL, NULL, NULL, NULL, NULL, NULL, NULL, '0', NULL, '0', NULL, NULL, NULL, NULL, NULL, NULL, NULL, NULL, 'spacing-bottom-1', NULL, NULL, NULL, NULL, NULL, NULL, '2016-11-15 18:22:12', '2016-12-20 19:55:28', '327f795a-f27f-473f-bed0-70dcac195950'),
 ('43', '208', 'en_us', NULL, NULL, NULL, NULL, 'right', '<p class=\"large\">Color Palette</p>\r\n<p class=\"large\">All type on the site is off-white or off-black. When designating a type color for the hero area, select one of those two.&nbsp;Background colors & highlight colors can be uniquely specified based on the color palette of a particular project, or for dramatic effect!</p>', 'spacing-top-2', NULL, NULL, NULL, NULL, '0', NULL, '0', NULL, NULL, NULL, NULL, NULL, '75', '#ffffff', NULL, NULL, NULL, 'spacing-bottom-2', NULL, NULL, NULL, NULL, '2016-11-23 22:31:29', '2016-12-20 19:55:11', 'ae9ff83d-337f-426b-a883-c90efd53f6cc'),
 ('44', '211', 'en_us', NULL, NULL, NULL, NULL, NULL, NULL, NULL, NULL, '<p class=\"large\"><span class=\"white\">The Modules (this is the Centered Text module)</span></p>\r\n<p class=\"large\"><span class=\"white\">Below are all the modules in the CMS, with accompanying image sizing and other specs. There are several variables available to each module, some have more than others. You can specify vertical spacing (padding), background color, image/text orientation, full width vs framed, etc. Each module has a unique set of components one can set. Image modules have the image sizes specified in the CMS with the associated field.</span></p>', 'spacing-top-2', NULL, '0', NULL, '0', NULL, NULL, NULL, NULL, NULL, NULL, NULL, '#000000', NULL, NULL, NULL, NULL, 'spacing-bottom-2', NULL, NULL, '2016-11-23 22:49:35', '2016-12-20 19:55:11', '263e57c5-a766-4cf3-bbe0-d2e302db30c2'),
 ('45', '212', 'en_us', 'full-width', 'spacing-top-0', NULL, NULL, NULL, NULL, NULL, NULL, NULL, NULL, NULL, '0', NULL, '0', NULL, NULL, NULL, NULL, NULL, NULL, NULL, NULL, 'spacing-bottom-0', NULL, NULL, NULL, NULL, NULL, NULL, '2016-11-23 22:52:02', '2016-12-20 19:55:11', '7727a6dc-8962-4ab0-93d3-5ffd2bf368ee'),
 ('46', '215', 'en_us', NULL, NULL, 'spacing-top-2', '#000000', NULL, NULL, NULL, NULL, NULL, NULL, NULL, '0', NULL, '0', NULL, NULL, NULL, NULL, '50', NULL, NULL, NULL, NULL, 'spacing-bottom-2', NULL, NULL, NULL, NULL, NULL, '2016-11-23 23:00:38', '2016-12-20 19:55:11', '271ede1e-6616-41be-8344-6fbec89793c3'),
 ('47', '216', 'en_us', NULL, NULL, NULL, NULL, 'left', '<p class=\"large\">This is the Image with Description module. The text orientation (left/right), background color and&nbsp;vertical spacing is variable.</p>', 'spacing-top-2', NULL, NULL, NULL, NULL, '0', NULL, '0', NULL, NULL, NULL, NULL, NULL, '75', '#efefef', NULL, NULL, NULL, 'spacing-bottom-2', NULL, NULL, NULL, NULL, '2016-11-23 23:00:38', '2016-12-20 19:55:11', 'be6c1676-a809-4bd2-b2e2-3e03e5649027'),
 ('48', '218', 'en_us', NULL, NULL, NULL, NULL, NULL, NULL, NULL, 'spacing-top-2', NULL, NULL, NULL, '0', NULL, '0', NULL, NULL, NULL, NULL, NULL, NULL, NULL, NULL, NULL, NULL, NULL, 'spacing-bottom-2', NULL, NULL, NULL, '2016-11-23 23:01:53', '2016-12-20 19:55:11', '5d9f6a92-4e0b-471a-8b44-4fb24c3bd077'),
 ('49', '219', 'en_us', 'framed', 'spacing-top-2', NULL, NULL, NULL, NULL, NULL, NULL, NULL, NULL, NULL, '0', NULL, '0', NULL, NULL, NULL, NULL, NULL, NULL, NULL, NULL, 'spacing-bottom-2', NULL, NULL, NULL, NULL, NULL, NULL, '2016-11-23 23:04:00', '2016-12-20 19:55:11', '13a62539-b301-4096-accb-f02b4027e33c'),
 ('50', '222', 'en_us', NULL, NULL, NULL, NULL, NULL, NULL, NULL, NULL, '<p class=\"large\"><span class=\"white\">There is also a carousel module. The carousel module is being dialed in and spec\'s aren\'t available. It isn\'t something we\'d intended to be a widely used case study&nbsp;component anyway. Keep on scrolling for color, type, file naming, etc.</span></p>', 'spacing-top-2', NULL, '0', NULL, '0', NULL, NULL, NULL, NULL, NULL, NULL, NULL, '#000000', NULL, NULL, NULL, NULL, 'spacing-bottom-2', NULL, NULL, '2016-11-23 23:16:03', '2016-12-20 19:55:11', '33b44781-8c1a-4b76-b395-a90e998fbe94'),
 ('51', '224', 'en_us', NULL, NULL, NULL, NULL, 'left', '<p class=\"large\">Image Types</p>\r\n<p class=\"large\">The CMS&nbsp;will accept just about any image format (JPEG, GIF, PNG, SVG, etc). It is important that our site perform well and look great – so there are particular instances where using an SVG may be preferred to a transparent PNG, for icons, logos, etc. The image&nbsp;at left is example of an SVG.</p>', 'spacing-top-2', NULL, NULL, NULL, NULL, '0', NULL, '0', NULL, NULL, NULL, NULL, NULL, '75', '#ffffff', NULL, NULL, NULL, 'spacing-bottom-2', NULL, NULL, NULL, NULL, '2016-11-23 23:25:13', '2016-12-20 19:55:11', '92bc652e-74fa-4eaa-9ecf-c177094cec62'),
 ('52', '226', 'en_us', NULL, NULL, NULL, NULL, 'right', '<p class=\"large\">Image Optimization</p>\r\n<p class=\"large\">The majority of the images we upload into our CMS will be JPEGs. JPEGs can get large, and we want to keep the file size down to optimize performance. ALL JPEG images should be optimized with the JPEG High preset. The Quality should be set to 60% and Progressive should be checked.</p>', 'spacing-top-2', NULL, NULL, NULL, NULL, '0', NULL, '0', NULL, NULL, NULL, NULL, NULL, '100', '#ffffff', NULL, NULL, NULL, 'spacing-bottom-2', NULL, NULL, NULL, NULL, '2016-11-23 23:30:19', '2016-12-20 19:55:11', 'fc1e7fda-56b6-43e1-b59a-c4fa187d04d4'),
 ('53', '230', 'en_us', NULL, NULL, NULL, NULL, 'left', '<p class=\"large\">File Naming</p>\r\n<p class=\"large\">File naming should be consistent across all entries. For common, required&nbsp;elements, such as the Hero Image and the List Image (thumbnail), a common convention should be adhered to. For all other images, use an appropriate description of the content of the image.&nbsp;</p>\r\n<p class=\"large\">All file names should be lowercase, with hyphens separating descriptors, followed by a number. Serial and alternate&nbsp;images should use the same name and the next number, -01, -02, etc.</p>', 'spacing-top-2', NULL, NULL, NULL, NULL, '0', NULL, '0', NULL, NULL, NULL, NULL, NULL, '75', '#ffffff', NULL, NULL, NULL, 'spacing-bottom-2', NULL, NULL, NULL, NULL, '2016-11-23 23:57:30', '2016-12-20 19:55:11', 'a95c86b8-1d71-4829-9ff3-9ed39595fa8f'),
 ('54', '235', 'en_us', NULL, NULL, NULL, NULL, NULL, NULL, NULL, NULL, NULL, NULL, 'https://player.vimeo.com/external/112934911.sd.mp4?s=a11efd4f0191a7846bc17eeba07e1739e031775d&profile_id=112', '0', NULL, '0', NULL, NULL, NULL, NULL, NULL, NULL, NULL, NULL, NULL, NULL, NULL, NULL, NULL, NULL, NULL, '2016-11-30 20:47:45', '2016-12-20 19:55:11', 'f489f2b0-ca6b-4c73-9bc9-309bf25d9deb'),
 ('55', '237', 'en_us', NULL, NULL, NULL, NULL, NULL, NULL, NULL, NULL, NULL, NULL, 'https://player.vimeo.com/external/112936935.sd.mp4?s=ec74a18135c1f7a0b6fceafd06c4cafd448d0cbb&profile_id=165', '1', NULL, '1', NULL, NULL, NULL, NULL, NULL, NULL, NULL, NULL, NULL, NULL, NULL, NULL, NULL, NULL, NULL, '2016-11-30 23:25:46', '2016-12-20 19:55:11', '2add280a-e55a-4be3-904f-c50ce6c9fe9b'),
 ('56', '243', 'en_us', 'full-width', 'spacing-top-0', NULL, NULL, NULL, NULL, NULL, NULL, NULL, NULL, NULL, '0', NULL, '0', NULL, NULL, NULL, NULL, NULL, NULL, NULL, NULL, 'spacing-bottom-0', NULL, NULL, NULL, NULL, NULL, NULL, '2016-12-06 22:36:29', '2016-12-20 19:55:11', '0e55520c-c878-4be8-b680-0b959ee10fc7'),
 ('57', '260', 'en_us', NULL, NULL, 'spacing-top-4', '#efefef', NULL, NULL, NULL, NULL, NULL, NULL, NULL, '0', NULL, '0', NULL, NULL, NULL, NULL, '50', NULL, NULL, NULL, NULL, 'spacing-bottom-4', NULL, NULL, NULL, NULL, NULL, '2016-12-15 00:50:00', '2016-12-20 19:55:20', 'e6f7501b-de8c-44c7-88d3-21ff6e9761df'),
 ('58', '295', 'en_us', 'full-width', 'spacing-top-0', NULL, NULL, NULL, NULL, NULL, NULL, NULL, NULL, NULL, '0', NULL, '0', NULL, NULL, NULL, NULL, NULL, NULL, NULL, NULL, 'spacing-bottom-0', NULL, NULL, NULL, NULL, NULL, NULL, '2016-12-16 20:42:30', '2016-12-20 19:54:43', '8ac31434-1340-4746-b7f6-9c30571cfca4'),
 ('59', '296', 'en_us', NULL, NULL, NULL, NULL, NULL, NULL, NULL, NULL, '<p class=\"large\">Lorem ipsum dolor sit amet, consectetur adipiscing elit, sed do eiusmod tempor incididunt ut labore et dolore magna aliqua.&nbsp;Ut enim ad minim veniam, quis nostrud exercitation ullamco laboris nisi ut aliquip ex ea commodo consequat.</p>', 'spacing-top-1', NULL, '0', NULL, '0', NULL, NULL, NULL, NULL, NULL, NULL, NULL, '#f6f6f7', NULL, NULL, NULL, NULL, 'spacing-bottom-1', NULL, NULL, '2016-12-16 20:42:31', '2016-12-20 19:54:43', '22de32fa-aa24-4aa8-a61b-d3867060cc04'),
 ('60', '297', 'en_us', NULL, NULL, 'spacing-top-0', '#f6f6f7', NULL, NULL, NULL, NULL, NULL, NULL, NULL, '0', NULL, '0', NULL, NULL, NULL, NULL, '75', NULL, NULL, NULL, NULL, 'spacing-bottom-0', NULL, NULL, NULL, NULL, NULL, '2016-12-16 20:42:31', '2016-12-20 19:54:43', 'f49298b7-0caf-41b8-9674-802ec9db7646'),
 ('62', '299', 'en_us', NULL, NULL, NULL, NULL, NULL, NULL, NULL, NULL, '<p class=\"large\"><span class=\"white\"></span>Lorem ipsum dolor sit amet, consectetur adipiscing elit, sed do eiusmod tempor incididunt ut labore et dolore magna aliqua.</p>', 'spacing-top-1', NULL, '0', NULL, '0', NULL, NULL, NULL, NULL, NULL, NULL, NULL, '#f6f6f7', NULL, NULL, NULL, NULL, 'spacing-bottom-1', NULL, NULL, '2016-12-16 20:42:31', '2016-12-20 19:54:43', '9223ae4c-be2c-4573-8e26-409036f059eb'),
 ('64', '301', 'en_us', NULL, NULL, NULL, NULL, 'left', '<p class=\"large\"><span class=\"white\">The world’s most thrilling opportunities\r\nwill be realized,\r\nand the most\r\ngrinding challenges\r\nconquered by systems designed to unlock human\r\ncreative potential.</span></p>', 'spacing-top-1', NULL, NULL, NULL, NULL, '0', NULL, '0', NULL, NULL, NULL, NULL, NULL, '100', '#ff4100', NULL, NULL, NULL, 'spacing-bottom-1', NULL, NULL, NULL, NULL, '2016-12-16 20:42:31', '2016-12-20 19:54:43', '9fb3879f-1ba0-44ca-bdea-9208f376dd79'),
 ('65', '302', 'en_us', NULL, NULL, 'spacing-top-1', '#898796', NULL, NULL, NULL, NULL, NULL, NULL, NULL, '0', NULL, '0', NULL, NULL, NULL, NULL, '100', NULL, NULL, NULL, NULL, 'spacing-bottom-1', NULL, NULL, NULL, NULL, NULL, '2016-12-16 20:42:31', '2016-12-20 19:54:43', 'e4c32936-6f3f-4c65-bda8-9c72a38d5f74'),
 ('66', '304', 'en_us', NULL, NULL, 'spacing-top-0', '#041e41', NULL, NULL, NULL, NULL, NULL, NULL, NULL, '0', NULL, '0', NULL, NULL, NULL, NULL, '100', NULL, NULL, NULL, NULL, 'spacing-bottom-0', NULL, NULL, NULL, NULL, NULL, '2016-12-16 20:58:01', '2016-12-20 19:54:43', '0f603b55-964d-45ac-a9e9-da21bd11b963'),
 ('67', '319', 'en_us', 'full-width', 'spacing-top-0', NULL, NULL, NULL, NULL, NULL, NULL, NULL, NULL, NULL, '0', NULL, '0', NULL, NULL, NULL, NULL, NULL, NULL, NULL, NULL, 'spacing-bottom-0', NULL, NULL, NULL, NULL, NULL, NULL, '2016-12-17 00:01:00', '2016-12-20 19:54:33', 'b6369664-8992-426d-9d8e-2f500e80c0cb'),
 ('68', '320', 'en_us', 'framed', 'spacing-top-1', NULL, NULL, NULL, NULL, NULL, NULL, NULL, NULL, NULL, '0', NULL, '0', NULL, NULL, NULL, NULL, NULL, NULL, NULL, NULL, 'spacing-bottom-1', NULL, NULL, NULL, NULL, NULL, NULL, '2016-12-17 00:03:22', '2016-12-20 19:54:43', '07090abc-2692-4d7a-921b-f3a052032293'),
 ('69', '323', 'en_us', 'framed', 'spacing-top-1', NULL, NULL, NULL, NULL, NULL, NULL, NULL, NULL, NULL, '0', NULL, '0', NULL, NULL, NULL, NULL, NULL, NULL, NULL, NULL, 'spacing-bottom-1', NULL, NULL, NULL, NULL, NULL, NULL, '2016-12-17 00:18:50', '2016-12-20 19:54:33', '5785b3e8-dc81-4187-88f8-07ab3985cefe'),
 ('70', '333', 'en_us', NULL, NULL, 'spacing-top-5', '#ffffff', NULL, NULL, NULL, NULL, NULL, NULL, NULL, '0', NULL, '0', NULL, NULL, NULL, NULL, '50', NULL, NULL, NULL, NULL, 'spacing-bottom-5', NULL, NULL, NULL, NULL, NULL, '2016-12-17 01:30:14', '2016-12-20 19:54:33', 'f528f3d2-6674-4bad-88a4-6df684e0b2ee'),
 ('71', '334', 'en_us', 'full-width', 'spacing-top-0', NULL, NULL, NULL, NULL, NULL, NULL, NULL, NULL, NULL, '0', NULL, '0', NULL, NULL, NULL, NULL, NULL, NULL, NULL, NULL, 'spacing-bottom-0', NULL, NULL, NULL, NULL, NULL, NULL, '2016-12-17 01:30:14', '2016-12-20 19:54:33', 'bdd37f5e-feb2-4469-9de7-e9ef88d89421'),
 ('72', '336', 'en_us', 'full-width', 'spacing-top-0', NULL, NULL, NULL, NULL, NULL, NULL, NULL, NULL, NULL, '0', NULL, '0', NULL, NULL, NULL, NULL, NULL, NULL, NULL, NULL, 'spacing-bottom-0', NULL, NULL, NULL, NULL, NULL, NULL, '2016-12-19 23:39:56', '2016-12-20 19:54:43', '06f96cfb-ecff-4b26-9193-0389981386e1');



DROP TABLE IF EXISTS `craft_migrations`;


--
-- Schema for table `craft_migrations`
--
CREATE TABLE `craft_migrations` (
  `id` int(11) NOT NULL AUTO_INCREMENT,
  `pluginId` int(11) DEFAULT NULL,
  `version` varchar(255) COLLATE utf8_unicode_ci NOT NULL,
  `applyTime` datetime NOT NULL,
  `dateCreated` datetime NOT NULL,
  `dateUpdated` datetime NOT NULL,
  `uid` char(36) COLLATE utf8_unicode_ci NOT NULL DEFAULT '0',
  PRIMARY KEY (`id`),
  UNIQUE KEY `craft_migrations_version_unq_idx` (`version`),
  KEY `craft_migrations_pluginId_fk` (`pluginId`)
) ENGINE=InnoDB AUTO_INCREMENT=40 DEFAULT CHARSET=utf8 COLLATE=utf8_unicode_ci;

--
-- Data for table `craft_migrations`
--

INSERT INTO `craft_migrations` (`id`, `pluginId`, `version`, `applyTime`, `dateCreated`, `dateUpdated`, `uid`) VALUES
 ('1', NULL, 'm000000_000000_base', '2016-10-07 18:01:49', '2016-10-07 18:01:49', '2016-10-07 18:01:49', 'db821163-206b-48dd-9d44-5c9a137bce64'),
 ('2', NULL, 'm140730_000001_add_filename_and_format_to_transformindex', '2016-10-07 18:01:49', '2016-10-07 18:01:49', '2016-10-07 18:01:49', '8130e114-cdc2-4062-8d87-a73b80a6cf27'),
 ('3', NULL, 'm140815_000001_add_format_to_transforms', '2016-10-07 18:01:49', '2016-10-07 18:01:49', '2016-10-07 18:01:49', '3427f467-7e9b-463b-b0d2-868a8a6937cd'),
 ('4', NULL, 'm140822_000001_allow_more_than_128_items_per_field', '2016-10-07 18:01:49', '2016-10-07 18:01:49', '2016-10-07 18:01:49', '34536673-344d-42b2-91b0-6a3f79d076f4'),
 ('5', NULL, 'm140829_000001_single_title_formats', '2016-10-07 18:01:49', '2016-10-07 18:01:49', '2016-10-07 18:01:49', '26163d2f-0f0b-469f-a33f-70092e2988c7'),
 ('6', NULL, 'm140831_000001_extended_cache_keys', '2016-10-07 18:01:49', '2016-10-07 18:01:49', '2016-10-07 18:01:49', 'e2e40914-5ada-408c-b9c0-7ff319f53dce'),
 ('7', NULL, 'm140922_000001_delete_orphaned_matrix_blocks', '2016-10-07 18:01:49', '2016-10-07 18:01:49', '2016-10-07 18:01:49', '81cbb327-1f1d-4a21-82f1-91172ebf1374'),
 ('8', NULL, 'm141008_000001_elements_index_tune', '2016-10-07 18:01:49', '2016-10-07 18:01:49', '2016-10-07 18:01:49', '2342acbc-004e-4d91-a39e-a71643f6e800'),
 ('9', NULL, 'm141009_000001_assets_source_handle', '2016-10-07 18:01:49', '2016-10-07 18:01:49', '2016-10-07 18:01:49', '8c30ece4-d9d3-4424-b166-e1628ac6ad88'),
 ('10', NULL, 'm141024_000001_field_layout_tabs', '2016-10-07 18:01:49', '2016-10-07 18:01:49', '2016-10-07 18:01:49', '44076965-3f66-42eb-b91a-48e879f26a7e'),
 ('11', NULL, 'm141030_000000_plugin_schema_versions', '2016-10-07 18:01:49', '2016-10-07 18:01:49', '2016-10-07 18:01:49', '37456742-4912-42e6-b694-1282fedc6067'),
 ('12', NULL, 'm141030_000001_drop_structure_move_permission', '2016-10-07 18:01:49', '2016-10-07 18:01:49', '2016-10-07 18:01:49', '0223af46-26f9-4b28-9a0f-635525a2bd89'),
 ('13', NULL, 'm141103_000001_tag_titles', '2016-10-07 18:01:49', '2016-10-07 18:01:49', '2016-10-07 18:01:49', '0b9cec45-df10-4cb3-a00c-2bfd4c4bfc73'),
 ('14', NULL, 'm141109_000001_user_status_shuffle', '2016-10-07 18:01:49', '2016-10-07 18:01:49', '2016-10-07 18:01:49', 'fce244c2-87f2-40b8-9c5b-9b01131f9704'),
 ('15', NULL, 'm141126_000001_user_week_start_day', '2016-10-07 18:01:49', '2016-10-07 18:01:49', '2016-10-07 18:01:49', '6a0e7c8e-9295-43cd-8b12-4e1d4a65a485'),
 ('16', NULL, 'm150210_000001_adjust_user_photo_size', '2016-10-07 18:01:49', '2016-10-07 18:01:49', '2016-10-07 18:01:49', '240b250a-bd67-4dc7-a6a2-71a5e82f8db7'),
 ('17', NULL, 'm150724_000001_adjust_quality_settings', '2016-10-07 18:01:49', '2016-10-07 18:01:49', '2016-10-07 18:01:49', '3034e919-5384-4d3a-a39f-ebd071e9c6a5'),
 ('18', NULL, 'm150827_000000_element_index_settings', '2016-10-07 18:01:49', '2016-10-07 18:01:49', '2016-10-07 18:01:49', '3f892e00-f70c-4fba-b256-fa1410b1b485'),
 ('19', NULL, 'm150918_000001_add_colspan_to_widgets', '2016-10-07 18:01:49', '2016-10-07 18:01:49', '2016-10-07 18:01:49', '12741796-fc82-421a-99e1-6cec75e07abd'),
 ('20', NULL, 'm151007_000000_clear_asset_caches', '2016-10-07 18:01:49', '2016-10-07 18:01:49', '2016-10-07 18:01:49', '46ffdcac-d310-4f55-bd86-b8e1d19a6469'),
 ('21', NULL, 'm151109_000000_text_url_formats', '2016-10-07 18:01:49', '2016-10-07 18:01:49', '2016-10-07 18:01:49', '45cf8319-5d39-48c6-bfbd-b664ac37d62a'),
 ('22', NULL, 'm151110_000000_move_logo', '2016-10-07 18:01:49', '2016-10-07 18:01:49', '2016-10-07 18:01:49', '90d2dd17-dae0-4ded-aa57-8be47ebe27a5'),
 ('23', NULL, 'm151117_000000_adjust_image_widthheight', '2016-10-07 18:01:49', '2016-10-07 18:01:49', '2016-10-07 18:01:49', '1c303fa0-1f3d-4aa4-8f3a-7e653bb5d8f5'),
 ('24', NULL, 'm151127_000000_clear_license_key_status', '2016-10-07 18:01:49', '2016-10-07 18:01:49', '2016-10-07 18:01:49', '0ddeb4e6-aebb-4028-a284-d8ef8fbd1d70'),
 ('25', NULL, 'm151127_000000_plugin_license_keys', '2016-10-07 18:01:49', '2016-10-07 18:01:49', '2016-10-07 18:01:49', '1beea34f-f4af-4396-9486-8654806bd623'),
 ('26', NULL, 'm151130_000000_update_pt_widget_feeds', '2016-10-07 18:01:49', '2016-10-07 18:01:49', '2016-10-07 18:01:49', '9afa11cd-3885-4dce-b23e-0c39e2abd026'),
 ('27', NULL, 'm160114_000000_asset_sources_public_url_default_true', '2016-10-07 18:01:49', '2016-10-07 18:01:49', '2016-10-07 18:01:49', '3188106c-253a-4cc8-b3c7-bf40628c1277'),
 ('28', NULL, 'm160223_000000_sortorder_to_smallint', '2016-10-07 18:01:49', '2016-10-07 18:01:49', '2016-10-07 18:01:49', '0a128e6f-d5c0-402e-8ee1-e6b2b88615e5'),
 ('29', NULL, 'm160229_000000_set_default_entry_statuses', '2016-10-07 18:01:49', '2016-10-07 18:01:49', '2016-10-07 18:01:49', 'deb69458-2bec-4385-a540-a656841dc47d'),
 ('30', NULL, 'm160304_000000_client_permissions', '2016-10-07 18:01:49', '2016-10-07 18:01:49', '2016-10-07 18:01:49', '20267827-6dc4-4d8f-863b-167b6f089f4c'),
 ('31', NULL, 'm160322_000000_asset_filesize', '2016-10-07 18:01:49', '2016-10-07 18:01:49', '2016-10-07 18:01:49', '921b9920-12bc-4fa9-b414-6de8052ea190'),
 ('32', NULL, 'm160503_000000_orphaned_fieldlayouts', '2016-10-07 18:01:49', '2016-10-07 18:01:49', '2016-10-07 18:01:49', '82122ac3-a967-4bfb-b2db-f40bfb392ced'),
 ('33', NULL, 'm160510_000000_tasksettings', '2016-10-07 18:01:49', '2016-10-07 18:01:49', '2016-10-07 18:01:49', '3b23901c-c162-4744-baac-73b42a612b44'),
 ('34', NULL, 'm160829_000000_pending_user_content_cleanup', '2016-10-07 18:01:49', '2016-10-07 18:01:49', '2016-10-07 18:01:49', '4f9d690f-98be-4643-931e-8d5d1d07a3f0'),
 ('35', NULL, 'm160830_000000_asset_index_uri_increase', '2016-10-07 18:01:49', '2016-10-07 18:01:49', '2016-10-07 18:01:49', 'da739632-9a8b-4c36-9f94-a36495148820'),
 ('36', NULL, 'm160919_000000_usergroup_handle_title_unique', '2016-10-07 18:01:49', '2016-10-07 18:01:49', '2016-10-07 18:01:49', '3cbb9fec-a60c-445e-81c3-f13a4cede99c'),
 ('37', '1', 'm150901_144609_superTable_fixForContentTables', '2016-11-02 18:37:15', '2016-11-02 18:37:15', '2016-11-02 18:37:15', '7b97eece-af4d-4cb7-857b-7f49e81ff0c3'),
 ('38', NULL, 'm161108_000000_new_version_format', '2016-11-22 22:13:38', '2016-11-22 22:13:38', '2016-11-22 22:13:38', 'f9d5e129-926a-48be-ae8f-d04d28ee1468'),
 ('39', NULL, 'm161109_000000_index_shuffle', '2016-11-22 22:13:42', '2016-11-22 22:13:42', '2016-11-22 22:13:42', '46dbd1b5-af74-4982-8ef0-4d3917ee9528');



DROP TABLE IF EXISTS `craft_plugins`;


--
-- Schema for table `craft_plugins`
--
CREATE TABLE `craft_plugins` (
  `id` int(11) NOT NULL AUTO_INCREMENT,
  `class` varchar(150) COLLATE utf8_unicode_ci NOT NULL,
  `version` varchar(15) COLLATE utf8_unicode_ci NOT NULL,
  `schemaVersion` varchar(15) COLLATE utf8_unicode_ci DEFAULT NULL,
  `licenseKey` char(24) COLLATE utf8_unicode_ci DEFAULT NULL,
  `licenseKeyStatus` enum('valid','invalid','mismatched','unknown') COLLATE utf8_unicode_ci NOT NULL DEFAULT 'unknown',
  `enabled` tinyint(1) unsigned NOT NULL DEFAULT '0',
  `settings` text COLLATE utf8_unicode_ci,
  `installDate` datetime NOT NULL,
  `dateCreated` datetime NOT NULL,
  `dateUpdated` datetime NOT NULL,
  `uid` char(36) COLLATE utf8_unicode_ci NOT NULL DEFAULT '0',
  PRIMARY KEY (`id`)
) ENGINE=InnoDB AUTO_INCREMENT=2 DEFAULT CHARSET=utf8 COLLATE=utf8_unicode_ci;

--
-- Data for table `craft_plugins`
--

INSERT INTO `craft_plugins` (`id`, `class`, `version`, `schemaVersion`, `licenseKey`, `licenseKeyStatus`, `enabled`, `settings`, `installDate`, `dateCreated`, `dateUpdated`, `uid`) VALUES
 ('1', 'SuperTable', '1.0.2', '1.0.0', NULL, 'unknown', '1', NULL, '2016-11-02 18:37:15', '2016-11-02 18:37:15', '2016-12-20 19:59:26', '179722d3-0d9d-4a1c-8941-971c2e3ceaee');



DROP TABLE IF EXISTS `craft_rackspaceaccess`;


--
-- Schema for table `craft_rackspaceaccess`
--
CREATE TABLE `craft_rackspaceaccess` (
  `id` int(11) NOT NULL AUTO_INCREMENT,
  `connectionKey` varchar(255) COLLATE utf8_unicode_ci NOT NULL,
  `token` varchar(255) COLLATE utf8_unicode_ci NOT NULL,
  `storageUrl` varchar(255) COLLATE utf8_unicode_ci NOT NULL,
  `cdnUrl` varchar(255) COLLATE utf8_unicode_ci NOT NULL,
  `dateCreated` datetime NOT NULL,
  `dateUpdated` datetime NOT NULL,
  `uid` char(36) COLLATE utf8_unicode_ci NOT NULL DEFAULT '0',
  PRIMARY KEY (`id`),
  UNIQUE KEY `craft_rackspaceaccess_connectionKey_unq_idx` (`connectionKey`)
) ENGINE=InnoDB DEFAULT CHARSET=utf8 COLLATE=utf8_unicode_ci;

DROP TABLE IF EXISTS `craft_relations`;


--
-- Schema for table `craft_relations`
--
CREATE TABLE `craft_relations` (
  `id` int(11) NOT NULL AUTO_INCREMENT,
  `fieldId` int(11) NOT NULL,
  `sourceId` int(11) NOT NULL,
  `sourceLocale` char(12) COLLATE utf8_unicode_ci DEFAULT NULL,
  `targetId` int(11) NOT NULL,
  `sortOrder` smallint(6) DEFAULT NULL,
  `dateCreated` datetime NOT NULL,
  `dateUpdated` datetime NOT NULL,
  `uid` char(36) COLLATE utf8_unicode_ci NOT NULL DEFAULT '0',
  PRIMARY KEY (`id`),
  UNIQUE KEY `craft_relations_fieldId_sourceId_sourceLocale_targetId_unq_idx` (`fieldId`,`sourceId`,`sourceLocale`,`targetId`),
  KEY `craft_relations_sourceId_fk` (`sourceId`),
  KEY `craft_relations_sourceLocale_fk` (`sourceLocale`),
  KEY `craft_relations_targetId_fk` (`targetId`)
) ENGINE=InnoDB AUTO_INCREMENT=2791 DEFAULT CHARSET=utf8 COLLATE=utf8_unicode_ci;

--
-- Data for table `craft_relations`
--

INSERT INTO `craft_relations` (`id`, `fieldId`, `sourceId`, `sourceLocale`, `targetId`, `sortOrder`, `dateCreated`, `dateUpdated`, `uid`) VALUES
 ('476', '43', '67', NULL, '66', '1', '2016-11-01 21:53:12', '2016-11-01 21:53:12', '253293df-362d-4935-be38-d0f3fb20247f'),
 ('477', '43', '68', NULL, '66', '1', '2016-11-01 21:53:33', '2016-11-01 21:53:33', 'c4e1c594-b991-4cfe-9e5b-ebe85881492b'),
 ('478', '43', '69', NULL, '66', '1', '2016-11-01 21:53:49', '2016-11-01 21:53:49', 'f054d499-3c86-474c-b570-a753572c425d'),
 ('479', '43', '70', NULL, '66', '1', '2016-11-01 21:54:05', '2016-11-01 21:54:05', '04877a67-e025-4246-a802-4332b6b0369c'),
 ('480', '43', '71', NULL, '66', '1', '2016-11-01 21:54:25', '2016-11-01 21:54:25', '1f35aeac-ee8e-4835-8232-56b0d19e1c60'),
 ('481', '43', '72', NULL, '66', '1', '2016-11-01 21:54:57', '2016-11-01 21:54:57', '409242aa-caaf-46fd-a1e0-6ba0d29a8593'),
 ('483', '43', '74', NULL, '66', '1', '2016-11-01 21:55:48', '2016-11-01 21:55:48', '212b05c7-f387-4812-9549-641bdaa67cb2'),
 ('484', '43', '75', NULL, '66', '1', '2016-11-01 21:56:07', '2016-11-01 21:56:07', '4231959d-b8e6-4dc6-96fa-922dc0d8c59c'),
 ('485', '43', '76', NULL, '66', '1', '2016-11-01 21:56:55', '2016-11-01 21:56:55', '4e79fbe7-d48d-4ec8-a2b3-4ccf79a7bc7e'),
 ('486', '43', '77', NULL, '66', '1', '2016-11-01 21:57:12', '2016-11-01 21:57:12', '4672dad7-a14a-4865-9290-988843c79cab'),
 ('487', '43', '78', NULL, '66', '1', '2016-11-01 21:57:25', '2016-11-01 21:57:25', '43027c2e-53fd-4f01-89c1-bdb567dafc21'),
 ('488', '43', '79', NULL, '66', '1', '2016-11-01 21:57:45', '2016-11-01 21:57:45', '9c400220-7651-4310-8335-4b9ed6710ca7'),
 ('489', '43', '80', NULL, '66', '1', '2016-11-01 21:58:24', '2016-11-01 21:58:24', '477bcce4-eb26-4595-8b5f-89fe116efe0b'),
 ('519', '49', '98', NULL, '97', '1', '2016-11-02 23:39:00', '2016-11-02 23:39:00', 'eea872fa-3002-4f78-bd1c-24f024db2b95'),
 ('1783', '62', '8', NULL, '238', '1', '2016-12-01 19:30:24', '2016-12-01 19:30:24', '42cb2569-bd7b-490f-a19d-8778f2b77ccf'),
 ('1784', '3', '8', NULL, '9', '1', '2016-12-01 19:30:24', '2016-12-01 19:30:24', '13952eb1-75be-4a18-903f-088a6f34ade1'),
 ('1785', '62', '5', NULL, '239', '1', '2016-12-01 19:30:39', '2016-12-01 19:30:39', '1694bf31-0300-4de5-80b8-f952f40fb6f0'),
 ('1786', '3', '5', NULL, '12', '1', '2016-12-01 19:30:39', '2016-12-01 19:30:39', '44bfd8e2-8f72-4650-997d-45938415c2cb'),
 ('1788', '3', '7', NULL, '10', '1', '2016-12-01 19:31:02', '2016-12-01 19:31:02', 'a18d37d7-e2fb-4b38-b3ff-32b915e0e812'),
 ('1789', '62', '6', NULL, '241', '1', '2016-12-01 19:33:04', '2016-12-01 19:33:04', 'b19434df-1037-4ecf-aa10-f96c0e407974'),
 ('1790', '3', '6', NULL, '11', '1', '2016-12-01 19:33:04', '2016-12-01 19:33:04', 'cf56833c-a569-468f-8484-5e7e40f49550'),
 ('1885', '49', '100', NULL, '97', '1', '2016-12-08 23:13:21', '2016-12-08 23:13:21', '0ee7f2ab-09d2-402c-a7ec-d7dfd6765c69'),
 ('2192', '43', '73', NULL, '262', '1', '2016-12-15 19:17:52', '2016-12-15 19:17:52', '69dcc8ac-42ae-44e8-a502-611ae228d8b2'),
 ('2706', '30', '103', NULL, '197', '1', '2016-12-20 19:32:08', '2016-12-20 19:32:08', '9d5bc64f-fef5-4411-adae-d005c2daca0c'),
 ('2707', '30', '103', NULL, '198', '2', '2016-12-20 19:32:08', '2016-12-20 19:32:08', '2b2f5c05-b9a7-44eb-a905-d9b4dfd17e79'),
 ('2708', '30', '103', NULL, '196', '3', '2016-12-20 19:32:08', '2016-12-20 19:32:08', '7e0734c8-346d-4f5f-a721-5919804a1ea4'),
 ('2709', '30', '103', NULL, '199', '4', '2016-12-20 19:32:08', '2016-12-20 19:32:08', '324b89d4-7bed-421f-850b-0531e797e7bd'),
 ('2710', '49', '102', NULL, '97', '1', '2016-12-20 19:32:08', '2016-12-20 19:32:08', 'e4e9963d-b62a-43a0-8737-4fcb6573cad4'),
 ('2711', '7', '307', NULL, '328', '1', '2016-12-20 19:54:33', '2016-12-20 19:54:33', '97c8b502-61ce-4be8-9dae-512c84369c1d'),
 ('2712', '62', '307', NULL, '306', '1', '2016-12-20 19:54:33', '2016-12-20 19:54:33', '4d0720ca-d3d8-4a70-81ab-d3fcad6a7eb2'),
 ('2713', '73', '307', NULL, '328', '1', '2016-12-20 19:54:33', '2016-12-20 19:54:33', 'ecab856b-c20a-4a30-9139-474556ea0cfc'),
 ('2714', '3', '307', NULL, '10', '1', '2016-12-20 19:54:33', '2016-12-20 19:54:33', '3a0ee725-1861-4ce2-aad3-2ed93341e802'),
 ('2715', '3', '307', NULL, '12', '2', '2016-12-20 19:54:33', '2016-12-20 19:54:33', '800fb03e-4a58-4fec-8233-892bc7425f9f'),
 ('2716', '3', '307', NULL, '13', '3', '2016-12-20 19:54:33', '2016-12-20 19:54:33', '12bc2d1d-c521-413d-8712-cb4371768b67'),
 ('2717', '11', '319', NULL, '318', '1', '2016-12-20 19:54:33', '2016-12-20 19:54:33', '583f922c-1a21-4dd9-adfc-b31d3498f084'),
 ('2718', '15', '333', NULL, '329', '1', '2016-12-20 19:54:33', '2016-12-20 19:54:33', '12d09de1-ec99-4005-82ee-2e73c591fbf7'),
 ('2719', '11', '334', NULL, '331', '1', '2016-12-20 19:54:33', '2016-12-20 19:54:33', '142a9c76-2843-40de-a423-3eddb43976c9'),
 ('2720', '11', '323', NULL, '326', '1', '2016-12-20 19:54:33', '2016-12-20 19:54:33', '3b7e522d-f97d-4a5c-8d79-059f89d490f8'),
 ('2721', '7', '294', NULL, '324', '1', '2016-12-20 19:54:43', '2016-12-20 19:54:43', '3bdb9a2b-c89f-4653-980c-1f9981fea26f'),
 ('2722', '62', '294', NULL, '303', '1', '2016-12-20 19:54:43', '2016-12-20 19:54:43', 'ea350dad-d120-4bb8-befc-759edb078817'),
 ('2723', '73', '294', NULL, '324', '1', '2016-12-20 19:54:43', '2016-12-20 19:54:43', 'b17c02c8-395f-4db6-9ccd-c818587c63c7'),
 ('2724', '3', '294', NULL, '10', '1', '2016-12-20 19:54:43', '2016-12-20 19:54:43', '0e7b5c7d-3452-45b5-998f-bb86f84e61c2'),
 ('2725', '3', '294', NULL, '11', '2', '2016-12-20 19:54:43', '2016-12-20 19:54:43', '98f75bfb-a123-43e2-bbf2-c0477e4d3ad0'),
 ('2726', '3', '294', NULL, '12', '3', '2016-12-20 19:54:43', '2016-12-20 19:54:43', 'f02603cc-b7ae-4fe4-94f2-8a643eabbe77'),
 ('2727', '11', '295', NULL, '286', '1', '2016-12-20 19:54:43', '2016-12-20 19:54:43', 'fc2b21e4-a8c0-4b67-8b74-911469b8911f'),
 ('2728', '15', '297', NULL, '315', '1', '2016-12-20 19:54:43', '2016-12-20 19:54:43', '48637d25-7586-4982-ac13-34ea77d02d45'),
 ('2729', '15', '304', NULL, '289', '1', '2016-12-20 19:54:43', '2016-12-20 19:54:43', '706f3326-5bef-423c-aa88-4d8589ceefcd'),
 ('2730', '11', '336', NULL, '335', '1', '2016-12-20 19:54:43', '2016-12-20 19:54:43', '82416bf2-ae62-4798-97d2-4b4f2df0efac'),
 ('2731', '19', '301', NULL, '290', '1', '2016-12-20 19:54:43', '2016-12-20 19:54:43', 'ed91e8cc-71c8-4bb2-919f-2176ac640654'),
 ('2732', '15', '302', NULL, '292', '1', '2016-12-20 19:54:43', '2016-12-20 19:54:43', '8117fb98-79c5-4b97-aeab-ef0965829bc6'),
 ('2733', '11', '320', NULL, '325', '1', '2016-12-20 19:54:43', '2016-12-20 19:54:43', 'f5f5d19f-106e-4075-a1c6-818cf6774c1e'),
 ('2734', '7', '276', NULL, '275', '1', '2016-12-20 19:54:51', '2016-12-20 19:54:51', '5ccba32a-4e63-474f-a4ed-c8bf5762bf0d'),
 ('2735', '62', '276', NULL, '277', '1', '2016-12-20 19:54:51', '2016-12-20 19:54:51', 'd4855f39-1728-4da6-baaa-d3a0a1386a34'),
 ('2736', '73', '276', NULL, '275', '1', '2016-12-20 19:54:51', '2016-12-20 19:54:51', 'ed5d2c19-4818-4e6d-9229-8b471aeccfd8'),
 ('2737', '7', '265', NULL, '264', '1', '2016-12-20 19:54:58', '2016-12-20 19:54:58', 'a2de9816-cffd-46ec-8e32-c3d7d7bebc70'),
 ('2738', '62', '265', NULL, '263', '1', '2016-12-20 19:54:58', '2016-12-20 19:54:58', 'be103010-ccbf-4859-907a-b026e66ce6d4'),
 ('2739', '73', '265', NULL, '264', '1', '2016-12-20 19:54:58', '2016-12-20 19:54:58', 'd11857b6-779c-4642-b7fe-c92bf9c34d16'),
 ('2740', '3', '265', NULL, '10', '1', '2016-12-20 19:54:58', '2016-12-20 19:54:58', 'f71977b1-41cd-4127-94da-79184d786780'),
 ('2741', '3', '265', NULL, '11', '2', '2016-12-20 19:54:58', '2016-12-20 19:54:58', 'e4330721-06bd-4de4-8a87-3dcedf1ffcc6'),
 ('2742', '3', '265', NULL, '14', '3', '2016-12-20 19:54:58', '2016-12-20 19:54:58', 'a39d9cba-cd29-4dfb-9fdc-fd1607e1ffbd'),
 ('2743', '7', '201', NULL, '244', '1', '2016-12-20 19:55:11', '2016-12-20 19:55:11', '23733bd0-c7de-4c1c-92ac-15d2dab9a5a5'),
 ('2744', '62', '201', NULL, '270', '1', '2016-12-20 19:55:11', '2016-12-20 19:55:11', 'a5d83887-56d9-464f-8154-cc79da3d103b'),
 ('2745', '73', '201', NULL, '244', '1', '2016-12-20 19:55:11', '2016-12-20 19:55:11', '275b3dc1-5861-4964-8024-4832b031a792'),
 ('2746', '3', '201', NULL, '11', '1', '2016-12-20 19:55:11', '2016-12-20 19:55:11', '1f56223c-d936-4d8d-944d-a9c9daa7eded'),
 ('2747', '3', '201', NULL, '12', '2', '2016-12-20 19:55:11', '2016-12-20 19:55:11', '7b0f2813-3da7-4fa0-bfe4-c585093c3340'),
 ('2748', '3', '201', NULL, '13', '3', '2016-12-20 19:55:11', '2016-12-20 19:55:11', '805eebe8-f86d-4c2f-b09d-e6d529c38cad'),
 ('2749', '11', '212', NULL, '213', '1', '2016-12-20 19:55:11', '2016-12-20 19:55:11', '7b15f9f5-147e-46bf-83fe-330a355717ea'),
 ('2750', '11', '219', NULL, '213', '1', '2016-12-20 19:55:11', '2016-12-20 19:55:11', '06551097-835d-4f30-a823-19679728895c'),
 ('2751', '15', '215', NULL, '214', '1', '2016-12-20 19:55:11', '2016-12-20 19:55:11', '1f6596f7-3f09-455e-8990-7e8a51880d7e'),
 ('2752', '19', '216', NULL, '214', '1', '2016-12-20 19:55:11', '2016-12-20 19:55:11', 'a68ee26e-19a0-4f6b-9bc7-3b9a77c4397b'),
 ('2753', '22', '218', NULL, '221', '1', '2016-12-20 19:55:11', '2016-12-20 19:55:11', '9d9146d2-4173-4d21-b84a-128657255ee9'),
 ('2754', '23', '218', NULL, '217', '1', '2016-12-20 19:55:11', '2016-12-20 19:55:11', 'b8621903-4932-4524-bc82-db3f523d500f'),
 ('2755', '11', '243', NULL, '242', '1', '2016-12-20 19:55:11', '2016-12-20 19:55:11', '9acb2523-3147-4a4a-98c9-a9502d99b7dc'),
 ('2756', '63', '235', NULL, '236', '1', '2016-12-20 19:55:11', '2016-12-20 19:55:11', '50c0bf49-ba28-44ed-8cc6-55650af47b3d'),
 ('2757', '19', '208', NULL, '207', '1', '2016-12-20 19:55:11', '2016-12-20 19:55:11', 'a00e78d7-3240-41b6-8111-405435854a48'),
 ('2758', '19', '224', NULL, '223', '1', '2016-12-20 19:55:11', '2016-12-20 19:55:11', 'fcb79f1b-60fb-40d7-88dd-daf10059c105'),
 ('2759', '19', '226', NULL, '225', '1', '2016-12-20 19:55:11', '2016-12-20 19:55:11', '5cdbcdab-02c5-44fe-a6ee-6f17a4659523'),
 ('2760', '19', '230', NULL, '227', '1', '2016-12-20 19:55:11', '2016-12-20 19:55:11', 'dcb043e4-e6dc-4aee-a24f-552f995f4f9c'),
 ('2761', '7', '15', NULL, '274', '1', '2016-12-20 19:55:20', '2016-12-20 19:55:20', '9718f9e3-b348-4c85-9c25-99389b85df67'),
 ('2762', '62', '15', NULL, '249', '1', '2016-12-20 19:55:20', '2016-12-20 19:55:20', '0a52710b-e39e-4156-8308-b1eb391ce59d'),
 ('2763', '73', '15', NULL, '274', '1', '2016-12-20 19:55:20', '2016-12-20 19:55:20', 'f6c088e2-476a-4853-bb38-72b5e4a7a1c5'),
 ('2764', '3', '15', NULL, '9', '1', '2016-12-20 19:55:20', '2016-12-20 19:55:20', '8f35f0e3-c586-4289-a217-4024f591dec5'),
 ('2765', '3', '15', NULL, '10', '2', '2016-12-20 19:55:20', '2016-12-20 19:55:20', 'cd0a9eb6-0537-4c9f-a3dd-2275ab58e679'),
 ('2766', '3', '15', NULL, '11', '3', '2016-12-20 19:55:20', '2016-12-20 19:55:20', '936836d2-4afe-4fbe-b46c-1848ec4e7cac'),
 ('2767', '3', '15', NULL, '12', '4', '2016-12-20 19:55:20', '2016-12-20 19:55:20', 'd4f913b9-1b0a-44e3-8ad8-614b3602eaf1'),
 ('2768', '15', '260', NULL, '259', '1', '2016-12-20 19:55:20', '2016-12-20 19:55:20', '92a2e731-4dc1-4cf5-a9d5-5854324dd6fd'),
 ('2769', '11', '28', NULL, '177', '1', '2016-12-20 19:55:20', '2016-12-20 19:55:20', '6790fe46-d91b-4bb2-a626-b6b5cbb3f6b9'),
 ('2770', '7', '16', NULL, '273', '1', '2016-12-20 19:55:27', '2016-12-20 19:55:27', '6b5ab537-45c2-4b6d-9864-e4ab9e69cc83'),
 ('2771', '62', '16', NULL, '261', '1', '2016-12-20 19:55:27', '2016-12-20 19:55:27', 'a24d404a-3709-4f7a-8096-abcd04a2ef01'),
 ('2772', '73', '16', NULL, '273', '1', '2016-12-20 19:55:27', '2016-12-20 19:55:27', '30c05712-d719-46d4-a3b8-37b8ce44dcb0'),
 ('2773', '3', '16', NULL, '10', '1', '2016-12-20 19:55:27', '2016-12-20 19:55:27', '578728a3-490a-4a3c-a6e4-f27cf61ae5ab'),
 ('2774', '3', '16', NULL, '11', '2', '2016-12-20 19:55:27', '2016-12-20 19:55:27', '3c266180-fd4e-4e61-88aa-458eb2937336'),
 ('2775', '3', '16', NULL, '12', '3', '2016-12-20 19:55:27', '2016-12-20 19:55:27', '3ea35bcc-a27e-43e6-9402-6f069c8a5972'),
 ('2776', '3', '16', NULL, '14', '4', '2016-12-20 19:55:27', '2016-12-20 19:55:27', '5e37c967-0b8f-4e96-ac5d-cef1a16f1ab6'),
 ('2777', '11', '137', NULL, '185', '1', '2016-12-20 19:55:28', '2016-12-20 19:55:28', 'fe443881-aa92-41c3-90ff-739ee5e02e99'),
 ('2778', '7', '122', NULL, '187', '1', '2016-12-20 19:55:41', '2016-12-20 19:55:41', '5bbfbc86-752c-4f93-9ea0-7f7ce7a23ac5'),
 ('2779', '62', '122', NULL, '188', '1', '2016-12-20 19:55:41', '2016-12-20 19:55:41', '7def850b-1fc1-47ed-8bee-773006fc3feb'),
 ('2780', '73', '122', NULL, '187', '1', '2016-12-20 19:55:41', '2016-12-20 19:55:41', '5fc1d37d-2cdb-4aa9-b2ac-93ca8d369fa3'),
 ('2781', '54', '122', NULL, '111', '1', '2016-12-20 19:55:41', '2016-12-20 19:55:41', 'c2094fdd-29f5-42dc-8668-b6b610b3a97a'),
 ('2782', '15', '124', NULL, '193', '1', '2016-12-20 19:55:41', '2016-12-20 19:55:41', '612c6166-b56b-4915-bd26-2fd3c79bf950');
INSERT INTO `craft_relations` (`id`, `fieldId`, `sourceId`, `sourceLocale`, `targetId`, `sortOrder`, `dateCreated`, `dateUpdated`, `uid`) VALUES
 ('2783', '7', '118', NULL, '190', '1', '2016-12-20 19:55:54', '2016-12-20 19:55:54', '46cd0a13-1d0b-4276-b114-f29c072ac025'),
 ('2784', '62', '118', NULL, '191', '1', '2016-12-20 19:55:54', '2016-12-20 19:55:54', '9e1f40c7-4e2a-4e8a-a1b6-e84ba6a84408'),
 ('2785', '73', '118', NULL, '190', '1', '2016-12-20 19:55:54', '2016-12-20 19:55:54', 'f848fa9c-5fb1-499f-8fd6-7074917f87af'),
 ('2786', '54', '118', NULL, '111', '1', '2016-12-20 19:55:54', '2016-12-20 19:55:54', '957691cc-802a-4583-aabe-04aba309128d'),
 ('2787', '7', '112', NULL, '233', '1', '2016-12-20 19:56:03', '2016-12-20 19:56:03', 'a8353976-35a8-48ac-abd1-01af2bc32b04'),
 ('2788', '62', '112', NULL, '234', '1', '2016-12-20 19:56:03', '2016-12-20 19:56:03', '5c975d53-a3ae-4882-b333-cbefd83a246b'),
 ('2789', '73', '112', NULL, '233', '1', '2016-12-20 19:56:03', '2016-12-20 19:56:03', '11c8334a-9597-49c0-bcdf-de25b8c4a6db'),
 ('2790', '54', '112', NULL, '109', '1', '2016-12-20 19:56:03', '2016-12-20 19:56:03', 'bf62414b-9411-430b-8ff7-41fc9e6c7d22');



DROP TABLE IF EXISTS `craft_routes`;


--
-- Schema for table `craft_routes`
--
CREATE TABLE `craft_routes` (
  `id` int(11) NOT NULL AUTO_INCREMENT,
  `locale` char(12) COLLATE utf8_unicode_ci DEFAULT NULL,
  `urlParts` varchar(255) COLLATE utf8_unicode_ci NOT NULL,
  `urlPattern` varchar(255) COLLATE utf8_unicode_ci NOT NULL,
  `template` varchar(255) COLLATE utf8_unicode_ci NOT NULL,
  `sortOrder` smallint(6) unsigned DEFAULT NULL,
  `dateCreated` datetime NOT NULL,
  `dateUpdated` datetime NOT NULL,
  `uid` char(36) COLLATE utf8_unicode_ci NOT NULL DEFAULT '0',
  PRIMARY KEY (`id`),
  UNIQUE KEY `craft_routes_urlPattern_unq_idx` (`urlPattern`),
  KEY `craft_routes_locale_idx` (`locale`)
) ENGINE=InnoDB DEFAULT CHARSET=utf8 COLLATE=utf8_unicode_ci;

DROP TABLE IF EXISTS `craft_searchindex`;


--
-- Schema for table `craft_searchindex`
--
CREATE TABLE `craft_searchindex` (
  `elementId` int(11) NOT NULL,
  `attribute` varchar(25) COLLATE utf8_unicode_ci NOT NULL,
  `fieldId` int(11) NOT NULL,
  `locale` char(12) COLLATE utf8_unicode_ci NOT NULL,
  `keywords` text COLLATE utf8_unicode_ci NOT NULL,
  PRIMARY KEY (`elementId`,`attribute`,`fieldId`,`locale`),
  FULLTEXT KEY `craft_searchindex_keywords_idx` (`keywords`)
) ENGINE=MyISAM DEFAULT CHARSET=utf8 COLLATE=utf8_unicode_ci;

--
-- Data for table `craft_searchindex`
--

INSERT INTO `craft_searchindex` (`elementId`, `attribute`, `fieldId`, `locale`, `keywords`) VALUES
 ('1', 'username', '0', 'en_us', ' themaster '),
 ('1', 'firstname', '0', 'en_us', ' nick '),
 ('1', 'lastname', '0', 'en_us', ' katarow '),
 ('1', 'fullname', '0', 'en_us', ' nick katarow '),
 ('1', 'email', '0', 'en_us', ' nick turnstylestudio com '),
 ('1', 'slug', '0', 'en_us', ''),
 ('2', 'slug', '0', 'en_us', ' homepage '),
 ('2', 'title', '0', 'en_us', ' turnstyle '),
 ('2', 'field', '1', 'en_us', ' it s true this site doesn t have a whole lot of content yet but don t worry our web developers have just installed the cms and they re setting things up for the content editors this very moment soon turnstyle dev will be an oasis of fresh perspectives sharp analyses and astute opinions that will keep you coming back again and again '),
 ('112', 'title', '0', 'en_us', ' turnstyle featured in idn magazine '),
 ('112', 'field', '55', 'en_us', ' daff00 '),
 ('112', 'field', '56', 'en_us', ' journal fpo '),
 ('112', 'field', '54', 'en_us', ' awards press '),
 ('112', 'slug', '0', 'en_us', ' turnstyle featured in idn magazine '),
 ('112', 'field', '10', 'en_us', ' ffffff spacing bottom 0 spacing top 0 lorem ipsum dolor sit amet consectetur adipiscing elit integer posuere erat a ante venenatis dapibus posuere velit aliquet donec ullamcorper nulla non metus auctor fringilla nulla vitae elit libero a pharetra augue fusce dapibus tellus ac cursus commodo tortor mauris condimentum nibh ut fermentum massa justo sit amet risus etiam porta sem malesuada magna mollis euismod '),
 ('4', 'slug', '0', 'en_us', ''),
 ('4', 'title', '0', 'en_us', ' work '),
 ('5', 'slug', '0', 'en_us', ' print entry '),
 ('5', 'title', '0', 'en_us', ' print entry '),
 ('6', 'slug', '0', 'en_us', ' digital entry '),
 ('6', 'title', '0', 'en_us', ' digital entry '),
 ('7', 'slug', '0', 'en_us', ' identity entry '),
 ('7', 'title', '0', 'en_us', ' identity entry '),
 ('8', 'slug', '0', 'en_us', ' strategy entry '),
 ('8', 'title', '0', 'en_us', ' strategy entry '),
 ('9', 'slug', '0', 'en_us', ' strategy '),
 ('9', 'title', '0', 'en_us', ' strategy '),
 ('10', 'slug', '0', 'en_us', ' identity '),
 ('10', 'title', '0', 'en_us', ' identity '),
 ('11', 'slug', '0', 'en_us', ' digital '),
 ('11', 'title', '0', 'en_us', ' digital '),
 ('12', 'slug', '0', 'en_us', ' print '),
 ('12', 'title', '0', 'en_us', ' print '),
 ('13', 'slug', '0', 'en_us', ' packaging '),
 ('13', 'title', '0', 'en_us', ' packaging '),
 ('14', 'slug', '0', 'en_us', ' environment '),
 ('14', 'title', '0', 'en_us', ' environment '),
 ('8', 'field', '3', 'en_us', ' strategy '),
 ('7', 'field', '3', 'en_us', ' identity '),
 ('6', 'field', '3', 'en_us', ' digital '),
 ('5', 'field', '3', 'en_us', ' print '),
 ('15', 'field', '3', 'en_us', ' strategy identity digital print '),
 ('15', 'slug', '0', 'en_us', ' fulcrum brand identity website '),
 ('15', 'title', '0', 'en_us', ' fulcrum foundation '),
 ('16', 'field', '3', 'en_us', ' identity digital print environment '),
 ('16', 'slug', '0', 'en_us', ' oiselle identity '),
 ('16', 'title', '0', 'en_us', ' oiselle '),
 ('16', 'field', '4', 'en_us', ' ff5822 '),
 ('16', 'field', '5', 'en_us', ' oiselle thumbnail 1 '),
 ('189', 'kind', '0', 'en_us', ' image '),
 ('189', 'slug', '0', 'en_us', ' 1200x1800 '),
 ('188', 'title', '0', 'en_us', ' 1200x900 '),
 ('122', 'field', '62', 'en_us', ' 1200x900 '),
 ('189', 'filename', '0', 'en_us', ' 1200x1800 jpg '),
 ('189', 'extension', '0', 'en_us', ' jpg '),
 ('179', 'slug', '0', 'en_us', ' 1600w '),
 ('179', 'title', '0', 'en_us', ' 1600w '),
 ('190', 'extension', '0', 'en_us', ' jpg '),
 ('15', 'field', '5', 'en_us', ' 1200x1200 '),
 ('16', 'field', '6', 'en_us', ' brand identity system '),
 ('15', 'field', '4', 'en_us', ' 262628 '),
 ('15', 'field', '6', 'en_us', ' brand identity website '),
 ('200', 'slug', '0', 'en_us', ' turnstyle guide color 01 01 '),
 ('200', 'title', '0', 'en_us', ' turnstyle guide color 01 01 '),
 ('200', 'kind', '0', 'en_us', ' image '),
 ('200', 'extension', '0', 'en_us', ' svg '),
 ('190', 'filename', '0', 'en_us', ' 2400x1800 jpg '),
 ('179', 'kind', '0', 'en_us', ' image '),
 ('8', 'field', '6', 'en_us', ' project title '),
 ('8', 'field', '4', 'en_us', ' 000000 '),
 ('8', 'field', '5', 'en_us', ' thumb fpo 3 '),
 ('5', 'field', '6', 'en_us', ' cool print project title '),
 ('5', 'field', '4', 'en_us', ' 000000 '),
 ('5', 'field', '5', 'en_us', ' thumb fpo 4 '),
 ('6', 'field', '6', 'en_us', ' sweet mother of digital '),
 ('6', 'field', '4', 'en_us', ' 000000 '),
 ('6', 'field', '5', 'en_us', ' 090716 sea cottoncandy med rinnzimd '),
 ('7', 'field', '6', 'en_us', ' mr robot '),
 ('7', 'field', '4', 'en_us', ' 000000 '),
 ('7', 'field', '5', 'en_us', ' thumb fpo 4 '),
 ('201', 'field', '7', 'en_us', ' turnstyle guide hero 02 '),
 ('201', 'field', '62', 'en_us', ' turnstyle guide list 01 '),
 ('201', 'field', '29', 'en_us', ' ffffff '),
 ('201', 'field', '9', 'en_us', ' hero headline with line breaks '),
 ('201', 'field', '6', 'en_us', ' case study guide '),
 ('15', 'field', '7', 'en_us', ' fulcrumfoundation hero 02 '),
 ('15', 'field', '9', 'en_us', ' a new look for catholic education '),
 ('15', 'field', '8', 'en_us', ' donec id elit non mi porta gravida at eget metus aenean lacinia bibendum nulla sed consectetur cras justo odio dapibus ac facilisis in egestas eget quam donec id elit non mi porta gravida at eget metus cras mattis consectetur purus sit amet fermentum maecenas faucibus mollis interdum aenean lacinia bibendum nulla sed consectetur praesent commodo cursus magna vel scelerisque nisl consectetur et sed posuere consectetur est at lobortis cum sociis natoque penatibus et magnis dis parturient montes nascetur ridiculus mus sed posuere consectetur est at lobortis lorem ipsum dolor sit amet consectetur adipiscing elit '),
 ('15', 'field', '14', 'en_us', ' website fulcrumfoundation org '),
 ('254', 'field', '71', 'en_us', ' website '),
 ('15', 'field', '10', 'en_us', ' efefef fulcrumfoundation logo 01 50 spacing bottom 4 spacing top 4 2400x1800 full width spacing bottom 0 spacing top 0 '),
 ('260', 'field', '15', 'en_us', ' fulcrumfoundation logo 01 '),
 ('260', 'field', '58', 'en_us', ' 50 '),
 ('260', 'field', '17', 'en_us', ' efefef '),
 ('260', 'field', '16', 'en_us', ' spacing top 4 '),
 ('260', 'field', '65', 'en_us', ' spacing bottom 4 '),
 ('260', 'slug', '0', 'en_us', ''),
 ('261', 'filename', '0', 'en_us', ' oiselle list 01 jpg '),
 ('261', 'extension', '0', 'en_us', ' jpg '),
 ('261', 'kind', '0', 'en_us', ' image ');
INSERT INTO `craft_searchindex` (`elementId`, `attribute`, `fieldId`, `locale`, `keywords`) VALUES
 ('261', 'slug', '0', 'en_us', ' oiselle list 01 '),
 ('261', 'title', '0', 'en_us', ' oiselle list 01 '),
 ('28', 'field', '11', 'en_us', ' 2400x1800 '),
 ('28', 'field', '12', 'en_us', ' full width '),
 ('28', 'field', '13', 'en_us', ' spacing top 0 '),
 ('28', 'slug', '0', 'en_us', ''),
 ('5', 'field', '7', 'en_us', ''),
 ('5', 'field', '9', 'en_us', ' hero headline is here '),
 ('5', 'field', '8', 'en_us', ''),
 ('5', 'field', '14', 'en_us', ''),
 ('5', 'field', '10', 'en_us', ' full width vertical spacing 0 '),
 ('6', 'field', '7', 'en_us', ''),
 ('6', 'field', '9', 'en_us', ' here s to headlines '),
 ('6', 'field', '8', 'en_us', ''),
 ('6', 'field', '14', 'en_us', ''),
 ('6', 'field', '10', 'en_us', ''),
 ('7', 'field', '7', 'en_us', ''),
 ('7', 'field', '9', 'en_us', ' example hero headline '),
 ('7', 'field', '8', 'en_us', ''),
 ('7', 'field', '14', 'en_us', ''),
 ('7', 'field', '10', 'en_us', ''),
 ('8', 'field', '7', 'en_us', ''),
 ('8', 'field', '9', 'en_us', ' hero headline here '),
 ('8', 'field', '8', 'en_us', ''),
 ('8', 'field', '14', 'en_us', ''),
 ('8', 'field', '10', 'en_us', ''),
 ('16', 'field', '7', 'en_us', ' oiselle hero 01 '),
 ('16', 'field', '9', 'en_us', ' an infusion of new energy '),
 ('16', 'field', '8', 'en_us', ' as they prepared to open their first bricks and mortar store oisellea pioneer in women s running and athletic fashionhad a mature brand that needed an infusion of new energy turnstyle worked with the oiselle team to establish an updated identity system and then applied it to a huge range of customer touch points coordinated to deliver install and deploy in concert with their store opening in seattle s university village in the summer of 2015 '),
 ('16', 'field', '14', 'en_us', ''),
 ('16', 'field', '10', 'en_us', ' 2400x1800 framed spacing bottom 1 spacing top 1 '),
 ('284', 'title', '0', 'en_us', ' revel mobile 01 '),
 ('201', 'field', '10', 'en_us', ' 000000 spacing bottom 2 spacing top 2 the modules this is the centered text module below are all the modules in the cms with accompanying image sizing and other specs there are several variables available to each module some have more than others you can specify vertical spacing padding background color image text orientation full width vs framed etc each module has a unique set of components one can set image modules have the image sizes specified in the cms with the associated field turnstyle guide large 01 full width spacing bottom 0 spacing top 0 turnstyle guide large 01 framed spacing bottom 2 spacing top 2 000000 turnstyle guide half 01 50 spacing bottom 2 spacing top 2 efefef this is the image with description module the text orientation left right background color and vertical spacing is variable turnstyle guide half 01 75 left spacing bottom 2 spacing top 2 turnstyle guide half 03 turnstyle guide half 02 spacing bottom 2 spacing top 2 turnstyle mobile website 01 full width spacing bottom 0 spacing top 0 0 0 2400x1800 https player vimeo com external 112934911 sd mp4 s=a11efd4f0191a7846bc17eeba07e1739e031775d profile_id=112 1 1 https player vimeo com external 112936935 sd mp4 s=ec74a18135c1f7a0b6fceafd06c4cafd448d0cbb profile_id=165 000000 spacing bottom 2 spacing top 2 there is also a carousel module the carousel module is being dialed in and spec s aren t available it isn t something we d intended to be a widely used case study component anyway keep on scrolling for color type file naming etc ffffff color palette all type on the site is off white or off black when designating a type color for the hero area select one of those two background colors highlight colors can be uniquely specified based on the color palette of a particular project or for dramatic effect turnstyle guide color 01 75 right spacing bottom 2 spacing top 2 ffffff image types the cms will accept just about any image format jpeg gif png svg etc it is important that our site perform well and look great so there are particular instances where using an svg may be preferred to a transparent png for icons logos etc the image at left is example of an svg turnstyle guide logo 01 75 left spacing bottom 2 spacing top 2 ffffff image optimization the majority of the images we upload into our cms will be jpegs jpegs can get large and we want to keep the file size down to optimize performance all jpeg images should be optimized with the jpeg high preset the quality should be set to 60% and progressive should be checked screenshot 2016 11 23 15 27 11 100 right spacing bottom 2 spacing top 2 ffffff file naming file naming should be consistent across all entries for common required elements such as the hero image and the list image thumbnail a common convention should be adhered to for all other images use an appropriate description of the content of the image all file names should be lowercase with hyphens separating descriptors followed by a number serial and alternate images should use the same name and the next number 01 02 etc turnstyle guide naming 01 75 left spacing bottom 2 spacing top 2 '),
 ('201', 'field', '4', 'en_us', ' 3c00ff '),
 ('201', 'field', '14', 'en_us', ' category heading additional info '),
 ('262', 'title', '0', 'en_us', ' turnstyle kyle gabouer 01 '),
 ('262', 'filename', '0', 'en_us', ' turnstyle kyle gabouer 01 jpg '),
 ('262', 'extension', '0', 'en_us', ' jpg '),
 ('262', 'kind', '0', 'en_us', ' image '),
 ('262', 'slug', '0', 'en_us', ' turnstyle kyle gabouer 01 '),
 ('276', 'slug', '0', 'en_us', ' teague flying aces '),
 ('199', 'extension', '0', 'en_us', ' jpg '),
 ('199', 'kind', '0', 'en_us', ' image '),
 ('324', 'kind', '0', 'en_us', ' image '),
 ('324', 'extension', '0', 'en_us', ' jpg '),
 ('200', 'filename', '0', 'en_us', ' turnstyle guide color 01 01 svg '),
 ('199', 'title', '0', 'en_us', ' mg 6706 edit 1600x800 '),
 ('199', 'slug', '0', 'en_us', ' mg 6706 edit 1600x800 '),
 ('199', 'filename', '0', 'en_us', ' mg_6706 edit 1600x800 jpg '),
 ('281', 'filename', '0', 'en_us', ' revel desktop 01 jpg '),
 ('259', 'slug', '0', 'en_us', ' fulcrumfoundation logo 01 '),
 ('259', 'title', '0', 'en_us', ' fulcrumfoundation logo 01 '),
 ('283', 'extension', '0', 'en_us', ' svg '),
 ('259', 'extension', '0', 'en_us', ' svg '),
 ('179', 'extension', '0', 'en_us', ' jpg '),
 ('179', 'filename', '0', 'en_us', ' 1600w jpg '),
 ('184', 'filename', '0', 'en_us', ' 1200x900 jpg '),
 ('253', 'field', '72', 'en_us', ' additional info '),
 ('253', 'slug', '0', 'en_us', ''),
 ('254', 'field', '72', 'en_us', ' fulcrumfoundation org '),
 ('16', 'field', '29', 'en_us', ' efefef '),
 ('15', 'field', '29', 'en_us', ' efefef '),
 ('8', 'field', '29', 'en_us', ' 000000 '),
 ('5', 'field', '29', 'en_us', ' 000000 '),
 ('6', 'field', '29', 'en_us', ' 000000 '),
 ('7', 'field', '29', 'en_us', ' 000000 '),
 ('43', 'slug', '0', 'en_us', ' contact '),
 ('43', 'title', '0', 'en_us', ' contact '),
 ('44', 'slug', '0', 'en_us', ' journal '),
 ('44', 'title', '0', 'en_us', ' journal '),
 ('46', 'username', '0', 'en_us', ' kgabouer '),
 ('46', 'firstname', '0', 'en_us', ' kyle '),
 ('46', 'lastname', '0', 'en_us', ' gabouer '),
 ('46', 'fullname', '0', 'en_us', ' kyle gabouer '),
 ('46', 'email', '0', 'en_us', ' kyle turnstylestudio com '),
 ('46', 'slug', '0', 'en_us', ''),
 ('47', 'username', '0', 'en_us', ' bgraham '),
 ('47', 'firstname', '0', 'en_us', ' ben '),
 ('47', 'lastname', '0', 'en_us', ' graham '),
 ('47', 'fullname', '0', 'en_us', ' ben graham '),
 ('47', 'email', '0', 'en_us', ' ben turnstylestudio com '),
 ('47', 'slug', '0', 'en_us', ''),
 ('190', 'slug', '0', 'en_us', ' 2400x1800 '),
 ('185', 'kind', '0', 'en_us', ' image '),
 ('185', 'slug', '0', 'en_us', ' 2400x1800 '),
 ('185', 'title', '0', 'en_us', ' 2400x1800 '),
 ('16', 'field', '62', 'en_us', ' oiselle list 01 '),
 ('137', 'field', '64', 'en_us', ' spacing bottom 1 '),
 ('187', 'filename', '0', 'en_us', ' 2400x1800 jpg '),
 ('187', 'extension', '0', 'en_us', ' jpg '),
 ('187', 'kind', '0', 'en_us', ' image '),
 ('187', 'slug', '0', 'en_us', ' 2400x1800 '),
 ('259', 'kind', '0', 'en_us', ' image '),
 ('249', 'filename', '0', 'en_us', ' fulcrumfoundation list 01 jpg '),
 ('249', 'extension', '0', 'en_us', ' jpg '),
 ('249', 'kind', '0', 'en_us', ' image '),
 ('249', 'slug', '0', 'en_us', ' fulcrumfoundation list 01 '),
 ('249', 'title', '0', 'en_us', ' fulcrumfoundation list 01 '),
 ('43', 'field', '33', 'en_us', ' info turnstyle studio '),
 ('43', 'field', '34', 'en_us', ' 3621 stone way n suite b seattle wa 98103 ');
INSERT INTO `craft_searchindex` (`elementId`, `attribute`, `fieldId`, `locale`, `keywords`) VALUES
 ('43', 'field', '35', 'en_us', ' 206 297 7350 '),
 ('43', 'field', '36', 'en_us', ' 206 297 7390 '),
 ('109', 'title', '0', 'en_us', ' awards press '),
 ('109', 'slug', '0', 'en_us', ' awards and press '),
 ('55', 'slug', '0', 'en_us', ' strategy '),
 ('55', 'title', '0', 'en_us', ' strategy '),
 ('56', 'slug', '0', 'en_us', ' identity '),
 ('56', 'title', '0', 'en_us', ' identity '),
 ('81', 'title', '0', 'en_us', ' handsome '),
 ('82', 'slug', '0', 'en_us', ' pretty good '),
 ('82', 'title', '0', 'en_us', ' pretty good '),
 ('83', 'slug', '0', 'en_us', ' clever '),
 ('83', 'title', '0', 'en_us', ' clever '),
 ('84', 'slug', '0', 'en_us', ' cheesy '),
 ('84', 'title', '0', 'en_us', ' cheesy '),
 ('85', 'slug', '0', 'en_us', ' flavorful '),
 ('81', 'slug', '0', 'en_us', ' handsome '),
 ('118', 'title', '0', 'en_us', ' we re building our own building '),
 ('119', 'field', '25', 'en_us', ' together with our brand strategy partners at stoke turnstyle is breaking ground on a new 5 000 sq foot office in august 2016 the building will serve as home for 20 strategists designers and developers located on canal street the park side project borders the burke gilman trail and overlooks the fremont cut waterway the firms continue to grow and our need for space was at odds with the long term lease trends of seattle said stoke partner erin quick it makes good financial sense for the businesses and for the firms practices we re creating a unique place where creative thinkers can do their best work and clients can collaborate with us in new and different ways on the street level a cafe style collaboration space serves as a foundation to two levels with open floor studios and meeting space designed with 16 floor to ceiling windows the plan takes advantage of the views over the trail and canal the work areas will be bathed with natural light an open atrium at the center creates visual interest with the benefit of passive solar design said ben graham partner at turnstyle it s a design friendly environment that makes the best of our open collaborative work style the commercial office market is racing and the long term value for buyers in seattle looks good noted graham as the business environment accelerates having a place that minimizes our commutes offers easy access to downtown with everyday access to great restaurants and enhances mobility options on the burke gilman trail all with a deck and a view seemed like a winning combination the architecture was led by award winning heliotrope of ballard seattle s western ventures serves as the general contractor construction is targeted for completion in june 2017 '),
 ('184', 'extension', '0', 'en_us', ' jpg '),
 ('184', 'kind', '0', 'en_us', ' image '),
 ('184', 'slug', '0', 'en_us', ' 1200x900 '),
 ('184', 'title', '0', 'en_us', ' 1200x900 '),
 ('15', 'field', '62', 'en_us', ' fulcrumfoundation list 01 '),
 ('185', 'filename', '0', 'en_us', ' 2400x1800 jpg '),
 ('185', 'extension', '0', 'en_us', ' jpg '),
 ('118', 'field', '55', 'en_us', ' 000000 '),
 ('118', 'field', '56', 'en_us', ' render april2016 altered 972 501 90 c1 '),
 ('118', 'field', '54', 'en_us', ' news '),
 ('118', 'field', '10', 'en_us', ' ffffff spacing bottom 0 spacing top 0 together with our brand strategy partners at stoke turnstyle is breaking ground on a new 5 000 sq foot office in august 2016 the building will serve as home for 20 strategists designers and developers located on canal street the park side project borders the burke gilman trail and overlooks the fremont cut waterway the firms continue to grow and our need for space was at odds with the long term lease trends of seattle said stoke partner erin quick it makes good financial sense for the businesses and for the firms practices we re creating a unique place where creative thinkers can do their best work and clients can collaborate with us in new and different ways on the street level a cafe style collaboration space serves as a foundation to two levels with open floor studios and meeting space designed with 16 floor to ceiling windows the plan takes advantage of the views over the trail and canal the work areas will be bathed with natural light an open atrium at the center creates visual interest with the benefit of passive solar design said ben graham partner at turnstyle it s a design friendly environment that makes the best of our open collaborative work style the commercial office market is racing and the long term value for buyers in seattle looks good noted graham as the business environment accelerates having a place that minimizes our commutes offers easy access to downtown with everyday access to great restaurants and enhances mobility options on the burke gilman trail all with a deck and a view seemed like a winning combination the architecture was led by award winning heliotrope of ballard seattle s western ventures serves as the general contractor construction is targeted for completion in june 2017 '),
 ('118', 'slug', '0', 'en_us', ' were building our own building '),
 ('209', 'title', '0', 'en_us', ' turnstyle guide color 01 '),
 ('234', 'title', '0', 'en_us', ' 1200x1200 '),
 ('115', 'field', '25', 'en_us', ' lorem ipsum dolor sit amet consectetur adipiscing elit integer posuere erat a ante venenatis dapibus posuere velit aliquet donec ullamcorper nulla non metus auctor fringilla nulla vitae elit libero a pharetra augue fusce dapibus tellus ac cursus commodo tortor mauris condimentum nibh ut fermentum massa justo sit amet risus etiam porta sem malesuada magna mollis euismod '),
 ('67', 'slug', '0', 'en_us', ' regina baerwalde '),
 ('67', 'field', '43', 'en_us', ' team 1 '),
 ('67', 'field', '41', 'en_us', ' senior designer '),
 ('66', 'filename', '0', 'en_us', ' team 1 jpg '),
 ('66', 'extension', '0', 'en_us', ' jpg '),
 ('66', 'kind', '0', 'en_us', ' image '),
 ('66', 'slug', '0', 'en_us', ' team 1 '),
 ('66', 'title', '0', 'en_us', ' team 1 '),
 ('67', 'title', '0', 'en_us', ' regina baerwalde '),
 ('68', 'field', '41', 'en_us', ' account manager '),
 ('68', 'field', '43', 'en_us', ' team 1 '),
 ('68', 'slug', '0', 'en_us', ' abbey baker '),
 ('68', 'title', '0', 'en_us', ' abbey baker '),
 ('69', 'field', '41', 'en_us', ' senior designer '),
 ('69', 'field', '43', 'en_us', ' team 1 '),
 ('69', 'slug', '0', 'en_us', ' robert bennett '),
 ('69', 'title', '0', 'en_us', ' robert bennett '),
 ('70', 'field', '41', 'en_us', ' designer '),
 ('70', 'field', '43', 'en_us', ' team 1 '),
 ('70', 'slug', '0', 'en_us', ' mallory close '),
 ('70', 'title', '0', 'en_us', ' mallory close '),
 ('71', 'field', '41', 'en_us', ' client relations director '),
 ('71', 'field', '43', 'en_us', ' team 1 '),
 ('71', 'slug', '0', 'en_us', ' stephanie cooke '),
 ('71', 'title', '0', 'en_us', ' stephanie cooke '),
 ('72', 'field', '41', 'en_us', ' principal business director '),
 ('72', 'field', '43', 'en_us', ' team 1 '),
 ('72', 'slug', '0', 'en_us', ' matt diefenbach '),
 ('72', 'title', '0', 'en_us', ' matt diefenbach '),
 ('73', 'field', '41', 'en_us', ' digital design director '),
 ('73', 'field', '43', 'en_us', ' turnstyle kyle gabouer 01 '),
 ('73', 'slug', '0', 'en_us', ' kyle gabouer '),
 ('73', 'title', '0', 'en_us', ' kyle gabouer '),
 ('74', 'field', '41', 'en_us', ' associate creative director '),
 ('74', 'field', '43', 'en_us', ' team 1 '),
 ('74', 'slug', '0', 'en_us', ' jason gomez '),
 ('74', 'title', '0', 'en_us', ' jason gomez '),
 ('75', 'field', '41', 'en_us', ' principal creative director '),
 ('75', 'field', '43', 'en_us', ' team 1 '),
 ('75', 'slug', '0', 'en_us', ' ben graham '),
 ('75', 'title', '0', 'en_us', ' ben graham '),
 ('76', 'field', '41', 'en_us', ' operations finance manager '),
 ('76', 'field', '43', 'en_us', ' team 1 '),
 ('76', 'slug', '0', 'en_us', ' dani johnson '),
 ('76', 'title', '0', 'en_us', ' dani johnson '),
 ('77', 'field', '41', 'en_us', ' senior web developer '),
 ('77', 'field', '43', 'en_us', ' team 1 '),
 ('77', 'slug', '0', 'en_us', ' nick katarow '),
 ('77', 'title', '0', 'en_us', ' nick katarow '),
 ('78', 'field', '41', 'en_us', ' account manager '),
 ('78', 'field', '43', 'en_us', ' team 1 '),
 ('78', 'slug', '0', 'en_us', ' helen kong '),
 ('78', 'title', '0', 'en_us', ' helen kong '),
 ('79', 'field', '41', 'en_us', ' designer '),
 ('79', 'field', '43', 'en_us', ' team 1 '),
 ('79', 'slug', '0', 'en_us', ' garret steider '),
 ('79', 'title', '0', 'en_us', ' garret steider '),
 ('80', 'field', '41', 'en_us', ' principal creative director '),
 ('80', 'field', '43', 'en_us', ' team 1 '),
 ('80', 'slug', '0', 'en_us', ' steve watson '),
 ('80', 'title', '0', 'en_us', ' steve watson '),
 ('115', 'field', '26', 'en_us', ' spacing top 0 '),
 ('115', 'slug', '0', 'en_us', ''),
 ('234', 'kind', '0', 'en_us', ' image '),
 ('234', 'slug', '0', 'en_us', ' 1200x1200 '),
 ('234', 'extension', '0', 'en_us', ' jpg ');
INSERT INTO `craft_searchindex` (`elementId`, `attribute`, `fieldId`, `locale`, `keywords`) VALUES
 ('234', 'filename', '0', 'en_us', ' 1200x1200 jpg '),
 ('111', 'title', '0', 'en_us', ' news '),
 ('203', 'filename', '0', 'en_us', ' turnstyle guide thumb 01 jpg '),
 ('85', 'title', '0', 'en_us', ' flavorful '),
 ('98', 'field', '52', 'en_us', ' 0000ff '),
 ('87', 'slug', '0', 'en_us', ' lumpy '),
 ('87', 'title', '0', 'en_us', ' lumpy '),
 ('88', 'slug', '0', 'en_us', ' righteous '),
 ('88', 'title', '0', 'en_us', ' righteous '),
 ('89', 'slug', '0', 'en_us', ' fastidious '),
 ('89', 'title', '0', 'en_us', ' fastidious '),
 ('90', 'slug', '0', 'en_us', ' jocular '),
 ('90', 'title', '0', 'en_us', ' jocular '),
 ('91', 'slug', '0', 'en_us', ' luminous '),
 ('91', 'title', '0', 'en_us', ' luminous '),
 ('92', 'slug', '0', 'en_us', ' neighborly '),
 ('92', 'title', '0', 'en_us', ' neighborly '),
 ('93', 'slug', '0', 'en_us', ' propitious '),
 ('93', 'title', '0', 'en_us', ' propitious '),
 ('94', 'slug', '0', 'en_us', ' spasmodic '),
 ('94', 'title', '0', 'en_us', ' spasmodic '),
 ('95', 'slug', '0', 'en_us', ' zealous '),
 ('95', 'title', '0', 'en_us', ' zealous '),
 ('98', 'field', '49', 'en_us', ' cta contact '),
 ('110', 'slug', '0', 'en_us', ' our clients '),
 ('110', 'title', '0', 'en_us', ' our clients '),
 ('97', 'filename', '0', 'en_us', ' cta contact jpg '),
 ('97', 'extension', '0', 'en_us', ' jpg '),
 ('97', 'kind', '0', 'en_us', ' image '),
 ('97', 'slug', '0', 'en_us', ' cta contact '),
 ('97', 'title', '0', 'en_us', ' cta contact '),
 ('111', 'slug', '0', 'en_us', ' news '),
 ('98', 'field', '50', 'en_us', ' drop us a line '),
 ('98', 'field', '51', 'en_us', ' contact us '),
 ('98', 'slug', '0', 'en_us', ''),
 ('98', 'field', '53', 'en_us', ' contact '),
 ('43', 'field', '48', 'en_us', ' ffae96 check out what s happening journal our journal '),
 ('99', 'field', '49', 'en_us', ''),
 ('99', 'field', '52', 'en_us', ' ffae96 '),
 ('99', 'field', '53', 'en_us', ' journal '),
 ('99', 'field', '50', 'en_us', ' check out what s happening '),
 ('99', 'field', '51', 'en_us', ' our journal '),
 ('99', 'slug', '0', 'en_us', ''),
 ('55', 'field', '45', 'en_us', ' logo voice personality visual system guidelines '),
 ('55', 'field', '46', 'en_us', ' in our heart of hearts we are identity designers although our capabilities and experience extend to a wide range of design and strategy offerings identity is at the core of everything we do we love the challenge of crafting visual systems that capture our clients unique brand personas systems that clarify purpose encourage action and inspire brand loyalty whether we re designing from the ground up managing a transition or building upon an established identity the whole brand experience is always on our radar we design identities that balance the use of iconic enduring brand elements with the flexibility to evolve surprise and delight '),
 ('55', 'field', '48', 'en_us', ' 000000 cta contact 000000 see what makes us tick overview our studio '),
 ('100', 'field', '49', 'en_us', ' cta contact '),
 ('100', 'field', '52', 'en_us', ' 000000 '),
 ('100', 'field', '53', 'en_us', ' overview '),
 ('100', 'field', '50', 'en_us', ' see what makes us tick '),
 ('100', 'field', '51', 'en_us', ' our studio '),
 ('100', 'slug', '0', 'en_us', ''),
 ('56', 'field', '45', 'en_us', ''),
 ('56', 'field', '46', 'en_us', ''),
 ('56', 'field', '48', 'en_us', ''),
 ('101', 'slug', '0', 'en_us', ' studio '),
 ('101', 'title', '0', 'en_us', ' studio '),
 ('101', 'field', '45', 'en_us', ''),
 ('101', 'field', '46', 'en_us', ' born in 2004 we are a full service creative agency with offices in seattle and portland a dedicated team of designers strategists developers and account specialists we create highly crafted brand experiences that clarify purpose encourage action and inspire brand loyalty we d love to get to know you and help tell your story '),
 ('101', 'field', '48', 'en_us', ' 000000 cta contact efefef drop us a line contact contact us '),
 ('102', 'field', '49', 'en_us', ' cta contact '),
 ('102', 'field', '52', 'en_us', ' 000000 '),
 ('102', 'field', '53', 'en_us', ' contact '),
 ('102', 'field', '50', 'en_us', ' drop us a line '),
 ('102', 'field', '51', 'en_us', ' contact us '),
 ('102', 'slug', '0', 'en_us', ''),
 ('101', 'field', '10', 'en_us', ' 20140325 fuzzco interior19490 final squire fox 1600x800 mg 6666 edit 800 20140325 fuzzco interior4265 1 final squire fox 1600x800 mg 6706 edit 1600x800 spacing bottom 1 spacing top 0 000000 styleis asimplewayofsayingcomplexthingsjeancocteau style is not a 4 letter word in our experience the brands that are the most magnetic are those which project distinct memorable and charismatic personalities these brands place equal emphasis on what they say and how they say it some design purists might say that style is merely artificial decoration that should be avoided in favor of logic form follows function and all that don t get us wrong we re not proponents of style for its own sake or as ornament applied after an idea has already been defined rather we employ style as an integral and strategic component of our brand development process at its best style can be that magical something about a company or product that pulls people in and transcends the logical so to us style is not a 4 letter word on the contrary we embrace it harnessing its power to cut through the clutter and besides style has five letters spacing bottom 0 spacing top 2 000000 we do strategyidentitydigitalprintpackagingenvironment spacing bottom 1 spacing top 2 ffffff ourclients industries spacing bottom 0 spacing top 2 ffffff industry teaguenikestarbucksmicrosoftamazonaiganordstromteaguenike industry teaguenikestarbucksmicrosoftamazonaiganordstromteaguenike industry teaguenikestarbucksmicrosoftamazonaiganordstromteaguenike industry teaguenikestarbucksmicrosoftamazonaiganordstromteaguenike industry teaguenikestarbucksmicrosoftamazonaiganordstromteaguenike industry teaguenikestarbucksmicrosoftamazonaiganordstromteaguenike spacing bottom 2 spacing top 1 '),
 ('103', 'field', '30', 'en_us', ' 20140325 fuzzco interior19490 final squire fox 1600x800 mg 6666 edit 800 20140325 fuzzco interior4265 1 final squire fox 1600x800 mg 6706 edit 1600x800 '),
 ('103', 'field', '31', 'en_us', ' spacing top 0 '),
 ('103', 'slug', '0', 'en_us', ''),
 ('104', 'field', '39', 'en_us', ' 000000 '),
 ('104', 'field', '37', 'en_us', ' styleis asimplewayofsayingcomplexthingsjeancocteau '),
 ('104', 'field', '38', 'en_us', ' style is not a 4 letter word in our experience the brands that are the most magnetic are those which project distinct memorable and charismatic personalities these brands place equal emphasis on what they say and how they say it some design purists might say that style is merely artificial decoration that should be avoided in favor of logic form follows function and all that don t get us wrong we re not proponents of style for its own sake or as ornament applied after an idea has already been defined rather we employ style as an integral and strategic component of our brand development process at its best style can be that magical something about a company or product that pulls people in and transcends the logical so to us style is not a 4 letter word on the contrary we embrace it harnessing its power to cut through the clutter and besides style has five letters '),
 ('104', 'field', '40', 'en_us', ' spacing top 2 '),
 ('104', 'slug', '0', 'en_us', ''),
 ('197', 'extension', '0', 'en_us', ' jpg '),
 ('197', 'kind', '0', 'en_us', ' image '),
 ('196', 'filename', '0', 'en_us', ' 20140325_fuzzco_interior4265 1_final_squirefox 1600x800 jpg '),
 ('196', 'extension', '0', 'en_us', ' jpg '),
 ('196', 'kind', '0', 'en_us', ' image '),
 ('196', 'slug', '0', 'en_us', ' 20140325 fuzzco interior4265 1 final squire fox 1600x800 '),
 ('196', 'title', '0', 'en_us', ' 20140325 fuzzco interior4265 1 final squire fox 1600x800 '),
 ('194', 'slug', '0', 'en_us', ' 1600x800 '),
 ('194', 'title', '0', 'en_us', ' 1600x800 '),
 ('195', 'filename', '0', 'en_us', ' 1600x1600 jpg '),
 ('194', 'kind', '0', 'en_us', ' image '),
 ('194', 'extension', '0', 'en_us', ' jpg '),
 ('197', 'title', '0', 'en_us', ' 20140325 fuzzco interior19490 final squire fox 1600x800 '),
 ('106', 'field', '39', 'en_us', ' 000000 '),
 ('106', 'field', '37', 'en_us', ' we do '),
 ('106', 'field', '38', 'en_us', ' strategyidentitydigitalprintpackagingenvironment '),
 ('106', 'field', '40', 'en_us', ' spacing top 2 '),
 ('106', 'slug', '0', 'en_us', ''),
 ('107', 'field', '39', 'en_us', ' ffffff '),
 ('107', 'field', '37', 'en_us', ' ourclients industries '),
 ('107', 'field', '38', 'en_us', ''),
 ('107', 'field', '40', 'en_us', ' spacing top 2 '),
 ('107', 'slug', '0', 'en_us', ''),
 ('108', 'field', '39', 'en_us', ' ffffff '),
 ('108', 'field', '37', 'en_us', ' industry teaguenikestarbucksmicrosoftamazonaiganordstromteaguenike industry teaguenikestarbucksmicrosoftamazonaiganordstromteaguenike industry teaguenikestarbucksmicrosoftamazonaiganordstromteaguenike ');
INSERT INTO `craft_searchindex` (`elementId`, `attribute`, `fieldId`, `locale`, `keywords`) VALUES
 ('108', 'field', '38', 'en_us', ' industry teaguenikestarbucksmicrosoftamazonaiganordstromteaguenike industry teaguenikestarbucksmicrosoftamazonaiganordstromteaguenike industry teaguenikestarbucksmicrosoftamazonaiganordstromteaguenike '),
 ('108', 'field', '40', 'en_us', ' spacing top 1 '),
 ('108', 'slug', '0', 'en_us', ''),
 ('101', 'field', '44', 'en_us', ' meet our talented team '),
 ('101', 'field', '47', 'en_us', ' 08 2016 idn magazine v23n2 06 2016 communication arts design annual 2016 05 2016 print magazine regional design annual 2016 03 2016 communication arts design annual 2015 02 2016 idn magazine v23n2 12 2015 communication arts design annual 2016 10 2015 print magazine regional design annual 2016 10 2015 communication arts design annual 2015 06 2015 print magazine regional design annual 2016 02 2015 communication arts design annual 2015 '),
 ('119', 'field', '26', 'en_us', ' spacing top 0 '),
 ('119', 'slug', '0', 'en_us', ''),
 ('192', 'field', '57', 'en_us', ' efefef '),
 ('192', 'slug', '0', 'en_us', ''),
 ('192', 'field', '51', 'en_us', ' see our work '),
 ('44', 'field', '48', 'en_us', ' 3c00ff efefef see our work work see our work '),
 ('192', 'field', '49', 'en_us', ''),
 ('192', 'field', '52', 'en_us', ' 3c00ff '),
 ('192', 'field', '53', 'en_us', ' work '),
 ('192', 'field', '50', 'en_us', ' see our work '),
 ('122', 'field', '55', 'en_us', ' ff7fc5 '),
 ('122', 'field', '56', 'en_us', ' comm arts design annual 2015 972 501 90 c1 '),
 ('122', 'field', '54', 'en_us', ' news '),
 ('122', 'field', '10', 'en_us', ' ffffff spacing bottom 0 spacing top 0 turnstyle principal and creative director steven watson was invited to serve as a juror for communication arts magazine s 56th annual design competition communication arts is a professional journal for designers art directors design firms corporate design departments agencies and everyone involved in visual communications the ca design annual published each september is one of the most respected competitions in our industry of the 4 083 entries to the 56th design annual only 153 were accepted representing the work of 141 designers design firms and in house design departments making the design annual the most exclusive major design competition in the world entries were selected on the basis of creative excellence and quality of execution ffffff 1600w 50 spacing bottom 0 spacing top 0 ffffff spacing bottom 0 spacing top 0 steve screened entries along with five other jurors kelly bjork vsa partners dora drimalas hybrid design jay fletcher j fletcher deisgn jeffrey keyton mtv and jean coyne executive editor of communication arts magazine it was an honor to be asked to participate alongside such accomplished fellow jurors in the column that accompanies the design competition steve was asked for his point of view on the entries and the design trends they represent he replied that technology will continue to change how we consume media images and messages but the underlying principles of design will always be relevant in communicating effectively regardless of how the future evolves '),
 ('122', 'slug', '0', 'en_us', ' steve judges comm arts design annual '),
 ('122', 'title', '0', 'en_us', ' steve judges comm arts design annual '),
 ('194', 'filename', '0', 'en_us', ' 1600x800 jpg '),
 ('123', 'field', '25', 'en_us', ' turnstyle principal and creative director steven watson was invited to serve as a juror for communication arts magazine s 56th annual design competition communication arts is a professional journal for designers art directors design firms corporate design departments agencies and everyone involved in visual communications the ca design annual published each september is one of the most respected competitions in our industry of the 4 083 entries to the 56th design annual only 153 were accepted representing the work of 141 designers design firms and in house design departments making the design annual the most exclusive major design competition in the world entries were selected on the basis of creative excellence and quality of execution '),
 ('126', 'field', '25', 'en_us', ' steve screened entries along with five other jurors kelly bjork vsa partners dora drimalas hybrid design jay fletcher j fletcher deisgn jeffrey keyton mtv and jean coyne executive editor of communication arts magazine it was an honor to be asked to participate alongside such accomplished fellow jurors in the column that accompanies the design competition steve was asked for his point of view on the entries and the design trends they represent he replied that technology will continue to change how we consume media images and messages but the underlying principles of design will always be relevant in communicating effectively regardless of how the future evolves '),
 ('123', 'field', '26', 'en_us', ' spacing top 0 '),
 ('123', 'slug', '0', 'en_us', ''),
 ('124', 'field', '15', 'en_us', ' 1600w '),
 ('124', 'field', '16', 'en_us', ' spacing top 0 '),
 ('124', 'field', '17', 'en_us', ' ffffff '),
 ('124', 'slug', '0', 'en_us', ''),
 ('122', 'field', '48', 'en_us', ' ffae96 ffffff i wanna read more journal our journal '),
 ('125', 'field', '49', 'en_us', ''),
 ('125', 'field', '52', 'en_us', ' ffae96 '),
 ('125', 'field', '53', 'en_us', ' journal '),
 ('125', 'field', '50', 'en_us', ' i wanna read more '),
 ('125', 'field', '51', 'en_us', ' our journal '),
 ('125', 'slug', '0', 'en_us', ''),
 ('126', 'field', '26', 'en_us', ' spacing top 0 '),
 ('126', 'slug', '0', 'en_us', ''),
 ('122', 'field', '29', 'en_us', ' daff00 '),
 ('125', 'field', '57', 'en_us', ' ffffff '),
 ('263', 'kind', '0', 'en_us', ' image '),
 ('190', 'kind', '0', 'en_us', ' image '),
 ('127', 'slug', '0', 'en_us', ' new work '),
 ('127', 'title', '0', 'en_us', ' new work '),
 ('102', 'field', '57', 'en_us', ' efefef '),
 ('128', 'filename', '0', 'en_us', ' large image fpo 1 jpg '),
 ('128', 'extension', '0', 'en_us', ' jpg '),
 ('128', 'kind', '0', 'en_us', ' image '),
 ('128', 'slug', '0', 'en_us', ''),
 ('128', 'title', '0', 'en_us', ' large image fpo 1 '),
 ('129', 'field', '11', 'en_us', ' large image fpo 1 '),
 ('129', 'field', '12', 'en_us', ' full width '),
 ('129', 'field', '13', 'en_us', ' vertical spacing 0 '),
 ('129', 'slug', '0', 'en_us', ''),
 ('130', 'filename', '0', 'en_us', ' large image fpo 1_161017_202946 jpg '),
 ('130', 'extension', '0', 'en_us', ' jpg '),
 ('130', 'kind', '0', 'en_us', ' image '),
 ('130', 'slug', '0', 'en_us', ''),
 ('130', 'title', '0', 'en_us', ' large image fpo 1 161017 202946 '),
 ('239', 'filename', '0', 'en_us', ' 1200x1800 jpg '),
 ('131', 'field', '11', 'en_us', ' large image fpo 1 161017 202946 '),
 ('131', 'field', '12', 'en_us', ' full width '),
 ('131', 'field', '13', 'en_us', ' vertical spacing 0 '),
 ('131', 'slug', '0', 'en_us', ''),
 ('198', 'extension', '0', 'en_us', ' jpg '),
 ('198', 'filename', '0', 'en_us', ' mg_6666 edit 800 jpg '),
 ('133', 'field', '11', 'en_us', ''),
 ('133', 'field', '12', 'en_us', ' full width '),
 ('133', 'field', '13', 'en_us', ' vertical spacing 0 '),
 ('133', 'slug', '0', 'en_us', ''),
 ('187', 'title', '0', 'en_us', ' 2400x1800 '),
 ('188', 'extension', '0', 'en_us', ' jpg '),
 ('263', 'extension', '0', 'en_us', ' jpg '),
 ('276', 'field', '62', 'en_us', ' flyingaces list 01 '),
 ('254', 'slug', '0', 'en_us', ''),
 ('259', 'filename', '0', 'en_us', ' fulcrumfoundation logo 01 svg '),
 ('28', 'field', '64', 'en_us', ' spacing bottom 0 '),
 ('263', 'filename', '0', 'en_us', ' homegrown list 01 jpg '),
 ('189', 'title', '0', 'en_us', ' 1200x1800 '),
 ('188', 'kind', '0', 'en_us', ' image '),
 ('188', 'slug', '0', 'en_us', ' 1200x900 '),
 ('245', 'extension', '0', 'en_us', ' jpg '),
 ('245', 'kind', '0', 'en_us', ' image '),
 ('245', 'slug', '0', 'en_us', ' fulcrumfoundation hero 01 '),
 ('245', 'title', '0', 'en_us', ' fulcrumfoundation hero 01 '),
 ('245', 'filename', '0', 'en_us', ' fulcrumfoundation hero 01 jpg '),
 ('177', 'title', '0', 'en_us', ' 2400x1800 '),
 ('177', 'slug', '0', 'en_us', ' 2400x1800 '),
 ('177', 'kind', '0', 'en_us', ' image '),
 ('198', 'title', '0', 'en_us', ' mg 6666 edit 800 '),
 ('198', 'kind', '0', 'en_us', ' image '),
 ('284', 'slug', '0', 'en_us', ' revel mobile 01 '),
 ('137', 'field', '11', 'en_us', ' 2400x1800 '),
 ('137', 'field', '12', 'en_us', ' framed '),
 ('137', 'field', '13', 'en_us', ' spacing top 1 '),
 ('137', 'slug', '0', 'en_us', ''),
 ('198', 'slug', '0', 'en_us', ' mg 6666 edit 800 '),
 ('197', 'slug', '0', 'en_us', ' 20140325 fuzzco interior19490 final squire fox 1600x800 '),
 ('201', 'field', '8', 'en_us', ' welcome to the case study guide please don t delete me when the time comes we can turn me off but until then i shall exist within this guide you will find information about the modules color typography image optimization file naming and more the area at right is dynamically populated with information from the cms the client comes from the title field and the disciplines can be added one at a time depending on the particular project additional fields can be added and customized for things like urls awards press and other things unique to particular projects ');
INSERT INTO `craft_searchindex` (`elementId`, `attribute`, `fieldId`, `locale`, `keywords`) VALUES
 ('201', 'field', '3', 'en_us', ' digital print packaging '),
 ('284', 'kind', '0', 'en_us', ' image '),
 ('283', 'slug', '0', 'en_us', ' revel icons 01 '),
 ('283', 'title', '0', 'en_us', ' revel icons 01 '),
 ('284', 'filename', '0', 'en_us', ' revel mobile 01 png '),
 ('284', 'extension', '0', 'en_us', ' png '),
 ('283', 'kind', '0', 'en_us', ' image '),
 ('281', 'title', '0', 'en_us', ' revel desktop 01 '),
 ('282', 'filename', '0', 'en_us', ' revel guidelines 01 png '),
 ('282', 'extension', '0', 'en_us', ' png '),
 ('282', 'kind', '0', 'en_us', ' image '),
 ('282', 'slug', '0', 'en_us', ' revel guidelines 01 '),
 ('282', 'title', '0', 'en_us', ' revel guidelines 01 '),
 ('283', 'filename', '0', 'en_us', ' revel icons 01 svg '),
 ('281', 'slug', '0', 'en_us', ' revel desktop 01 '),
 ('281', 'extension', '0', 'en_us', ' jpg '),
 ('281', 'kind', '0', 'en_us', ' image '),
 ('280', 'extension', '0', 'en_us', ' jpg '),
 ('324', 'filename', '0', 'en_us', ' revel hero 01 jpg '),
 ('279', 'filename', '0', 'en_us', ' revel brochure 01 png '),
 ('279', 'extension', '0', 'en_us', ' png '),
 ('279', 'kind', '0', 'en_us', ' image '),
 ('279', 'slug', '0', 'en_us', ' revel brochure 01 '),
 ('279', 'title', '0', 'en_us', ' revel brochure 01 '),
 ('280', 'filename', '0', 'en_us', ' revel brochure 02 jpg '),
 ('277', 'extension', '0', 'en_us', ' jpg '),
 ('277', 'kind', '0', 'en_us', ' image '),
 ('277', 'slug', '0', 'en_us', ' flyingaces list 01 '),
 ('277', 'title', '0', 'en_us', ' flyingaces list 01 '),
 ('324', 'slug', '0', 'en_us', ' revel hero 01 '),
 ('324', 'title', '0', 'en_us', ' revel hero 01 '),
 ('277', 'filename', '0', 'en_us', ' flyingaces list 01 jpg '),
 ('276', 'title', '0', 'en_us', ' teague flying aces '),
 ('276', 'field', '10', 'en_us', ''),
 ('276', 'field', '6', 'en_us', ' brand identity website '),
 ('276', 'field', '3', 'en_us', ''),
 ('276', 'field', '8', 'en_us', ''),
 ('276', 'field', '14', 'en_us', ''),
 ('276', 'field', '4', 'en_us', ' 9322e3 '),
 ('276', 'field', '9', 'en_us', ' i feel the need the need for speed '),
 ('276', 'field', '29', 'en_us', ' 262626 '),
 ('276', 'field', '7', 'en_us', ' flyingaces hero 01 '),
 ('280', 'kind', '0', 'en_us', ' image '),
 ('280', 'slug', '0', 'en_us', ' revel brochure 02 '),
 ('280', 'title', '0', 'en_us', ' revel brochure 02 '),
 ('186', 'filename', '0', 'en_us', ' 1600w jpg '),
 ('186', 'extension', '0', 'en_us', ' jpg '),
 ('186', 'kind', '0', 'en_us', ' image '),
 ('186', 'slug', '0', 'en_us', ' 1600w '),
 ('186', 'title', '0', 'en_us', ' 1600w '),
 ('275', 'title', '0', 'en_us', ' flyingaces hero 01 '),
 ('274', 'kind', '0', 'en_us', ' image '),
 ('274', 'slug', '0', 'en_us', ' fulcrumfoundation hero 02 '),
 ('274', 'title', '0', 'en_us', ' fulcrumfoundation hero 02 '),
 ('275', 'filename', '0', 'en_us', ' flyingaces hero 01 jpg '),
 ('275', 'extension', '0', 'en_us', ' jpg '),
 ('275', 'kind', '0', 'en_us', ' image '),
 ('275', 'slug', '0', 'en_us', ' flyingaces hero 01 '),
 ('274', 'extension', '0', 'en_us', ' jpg '),
 ('274', 'filename', '0', 'en_us', ' fulcrumfoundation hero 02 jpg '),
 ('146', 'username', '0', 'en_us', ' mdiefenbach '),
 ('146', 'firstname', '0', 'en_us', ' matt '),
 ('146', 'lastname', '0', 'en_us', ' diefenbach '),
 ('146', 'fullname', '0', 'en_us', ' matt diefenbach '),
 ('146', 'email', '0', 'en_us', ' matt turnstylestudio com '),
 ('146', 'slug', '0', 'en_us', ''),
 ('147', 'username', '0', 'en_us', ' swatson '),
 ('147', 'firstname', '0', 'en_us', ' steve '),
 ('147', 'lastname', '0', 'en_us', ' watson '),
 ('147', 'fullname', '0', 'en_us', ' steve watson '),
 ('147', 'email', '0', 'en_us', ' steve turnstylestudio com '),
 ('147', 'slug', '0', 'en_us', ''),
 ('148', 'username', '0', 'en_us', ' rbaerwalde '),
 ('148', 'firstname', '0', 'en_us', ' regina '),
 ('148', 'lastname', '0', 'en_us', ' baerwalde '),
 ('148', 'fullname', '0', 'en_us', ' regina baerwalde '),
 ('148', 'email', '0', 'en_us', ' regina turnstylestudio com '),
 ('148', 'slug', '0', 'en_us', ''),
 ('149', 'username', '0', 'en_us', ' abaker '),
 ('149', 'firstname', '0', 'en_us', ' abbey '),
 ('149', 'lastname', '0', 'en_us', ' baker '),
 ('149', 'fullname', '0', 'en_us', ' abbey baker '),
 ('149', 'email', '0', 'en_us', ' abbey turnstylestudio com '),
 ('149', 'slug', '0', 'en_us', ''),
 ('150', 'username', '0', 'en_us', ' gsteider '),
 ('150', 'firstname', '0', 'en_us', ' garret '),
 ('150', 'lastname', '0', 'en_us', ' steider '),
 ('150', 'fullname', '0', 'en_us', ' garret steider '),
 ('150', 'email', '0', 'en_us', ' garret turnstylestudio com '),
 ('150', 'slug', '0', 'en_us', ''),
 ('151', 'username', '0', 'en_us', ' rbennett '),
 ('151', 'firstname', '0', 'en_us', ' robert '),
 ('151', 'lastname', '0', 'en_us', ' bennett '),
 ('151', 'fullname', '0', 'en_us', ' robert bennett '),
 ('151', 'email', '0', 'en_us', ' robert turnstylestudio com '),
 ('151', 'slug', '0', 'en_us', ''),
 ('152', 'username', '0', 'en_us', ' jgomez '),
 ('152', 'firstname', '0', 'en_us', ' jason '),
 ('152', 'lastname', '0', 'en_us', ' gomez '),
 ('152', 'fullname', '0', 'en_us', ' jason gomez ');
INSERT INTO `craft_searchindex` (`elementId`, `attribute`, `fieldId`, `locale`, `keywords`) VALUES
 ('152', 'email', '0', 'en_us', ' jason turnstylestudio com '),
 ('152', 'slug', '0', 'en_us', ''),
 ('153', 'filename', '0', 'en_us', ' 090716_sea_cottoncandy_med_rinnzimd gif '),
 ('153', 'extension', '0', 'en_us', ' gif '),
 ('153', 'kind', '0', 'en_us', ' image '),
 ('153', 'slug', '0', 'en_us', ''),
 ('153', 'title', '0', 'en_us', ' 090716 sea cottoncandy med rinnzimd '),
 ('154', 'filename', '0', 'en_us', ' t 01 gif '),
 ('154', 'extension', '0', 'en_us', ' gif '),
 ('154', 'kind', '0', 'en_us', ' image '),
 ('154', 'slug', '0', 'en_us', ' t 01 '),
 ('154', 'title', '0', 'en_us', ' t 01 '),
 ('195', 'slug', '0', 'en_us', ' 1600x1600 '),
 ('195', 'kind', '0', 'en_us', ' image '),
 ('195', 'extension', '0', 'en_us', ' jpg '),
 ('195', 'title', '0', 'en_us', ' 1600x1600 '),
 ('197', 'filename', '0', 'en_us', ' 20140325_fuzzco_interior19490_final_squirefox 1600x800 jpg '),
 ('188', 'filename', '0', 'en_us', ' 1200x900 jpg '),
 ('167', 'filename', '0', 'en_us', ' 1200x900 jpg '),
 ('167', 'extension', '0', 'en_us', ' jpg '),
 ('167', 'kind', '0', 'en_us', ' image '),
 ('167', 'slug', '0', 'en_us', ''),
 ('167', 'title', '0', 'en_us', ' 1200x900 '),
 ('168', 'filename', '0', 'en_us', ' 1200x1200 jpg '),
 ('168', 'extension', '0', 'en_us', ' jpg '),
 ('168', 'kind', '0', 'en_us', ' image '),
 ('168', 'slug', '0', 'en_us', ''),
 ('168', 'title', '0', 'en_us', ' 1200x1200 '),
 ('169', 'filename', '0', 'en_us', ' 1200x1800 jpg '),
 ('169', 'extension', '0', 'en_us', ' jpg '),
 ('169', 'kind', '0', 'en_us', ' image '),
 ('169', 'slug', '0', 'en_us', ''),
 ('169', 'title', '0', 'en_us', ' 1200x1800 '),
 ('122', 'field', '4', 'en_us', ' 000000 '),
 ('122', 'field', '5', 'en_us', ' 1200x1200 '),
 ('201', 'slug', '0', 'en_us', ' turnstyle case study guide '),
 ('171', 'filename', '0', 'en_us', ' 1200x1800 jpg '),
 ('171', 'extension', '0', 'en_us', ' jpg '),
 ('171', 'kind', '0', 'en_us', ' image '),
 ('171', 'slug', '0', 'en_us', ''),
 ('171', 'title', '0', 'en_us', ' 1200x1800 '),
 ('193', 'slug', '0', 'en_us', ' 1600w '),
 ('193', 'title', '0', 'en_us', ' 1600w '),
 ('193', 'kind', '0', 'en_us', ' image '),
 ('193', 'filename', '0', 'en_us', ' 1600w jpg '),
 ('122', 'field', '7', 'en_us', ' 2400x1800 '),
 ('193', 'extension', '0', 'en_us', ' jpg '),
 ('123', 'field', '61', 'en_us', ' ffffff '),
 ('124', 'field', '58', 'en_us', ' 50 '),
 ('126', 'field', '61', 'en_us', ' ffffff '),
 ('191', 'title', '0', 'en_us', ' 1200x1200 '),
 ('191', 'kind', '0', 'en_us', ' image '),
 ('118', 'field', '7', 'en_us', ' 2400x1800 '),
 ('118', 'field', '5', 'en_us', ' 1200x900 '),
 ('118', 'field', '29', 'en_us', ' ffffff '),
 ('118', 'field', '4', 'en_us', ' 000000 '),
 ('118', 'field', '48', 'en_us', ''),
 ('191', 'slug', '0', 'en_us', ' 1200x1200 '),
 ('119', 'field', '61', 'en_us', ' ffffff '),
 ('191', 'extension', '0', 'en_us', ' jpg '),
 ('191', 'filename', '0', 'en_us', ' 1200x1200 jpg '),
 ('190', 'title', '0', 'en_us', ' 2400x1800 '),
 ('112', 'field', '7', 'en_us', ' 2400x1800 '),
 ('112', 'field', '5', 'en_us', ' 1200x1800 '),
 ('112', 'field', '29', 'en_us', ' ffffff '),
 ('112', 'field', '4', 'en_us', ' 000000 '),
 ('112', 'field', '48', 'en_us', ''),
 ('118', 'field', '62', 'en_us', ' 1200x1200 '),
 ('115', 'field', '61', 'en_us', ' ffffff '),
 ('201', 'title', '0', 'en_us', ' turnstyle '),
 ('177', 'extension', '0', 'en_us', ' jpg '),
 ('177', 'filename', '0', 'en_us', ' 2400x1800 jpg '),
 ('235', 'field', '27', 'en_us', ' https player vimeo com external 112934911 sd mp4 s=a11efd4f0191a7846bc17eeba07e1739e031775d profile_id=112 '),
 ('203', 'extension', '0', 'en_us', ' jpg '),
 ('203', 'kind', '0', 'en_us', ' image '),
 ('203', 'slug', '0', 'en_us', ' turnstyle guide thumb 01 '),
 ('203', 'title', '0', 'en_us', ' turnstyle guide thumb 01 '),
 ('204', 'filename', '0', 'en_us', ' turnstyle guide hero 01 jpg '),
 ('204', 'extension', '0', 'en_us', ' jpg '),
 ('204', 'kind', '0', 'en_us', ' image '),
 ('204', 'slug', '0', 'en_us', ' turnstyle guide hero 01 '),
 ('204', 'title', '0', 'en_us', ' turnstyle guide hero 01 '),
 ('208', 'field', '18', 'en_us', ' right '),
 ('208', 'field', '19', 'en_us', ' turnstyle guide color 01 '),
 ('208', 'field', '59', 'en_us', ' 75 '),
 ('209', 'extension', '0', 'en_us', ' jpg '),
 ('209', 'kind', '0', 'en_us', ' image '),
 ('209', 'slug', '0', 'en_us', ' turnstyle guide color 01 '),
 ('209', 'filename', '0', 'en_us', ' turnstyle guide color 01 jpg '),
 ('207', 'filename', '0', 'en_us', ' turnstyle guide color 01 svg '),
 ('207', 'extension', '0', 'en_us', ' svg '),
 ('207', 'kind', '0', 'en_us', ' image '),
 ('207', 'slug', '0', 'en_us', ' turnstyle guide color 01 '),
 ('207', 'title', '0', 'en_us', ' turnstyle guide color 01 '),
 ('253', 'field', '71', 'en_us', ' category heading '),
 ('208', 'field', '20', 'en_us', ' color palette all type on the site is off white or off black when designating a type color for the hero area select one of those two background colors highlight colors can be uniquely specified based on the color palette of a particular project or for dramatic effect '),
 ('208', 'field', '21', 'en_us', ' spacing top 2 '),
 ('208', 'field', '60', 'en_us', ' ffffff '),
 ('208', 'slug', '0', 'en_us', ''),
 ('211', 'field', '25', 'en_us', ' the modules this is the centered text module below are all the modules in the cms with accompanying image sizing and other specs there are several variables available to each module some have more than others you can specify vertical spacing padding background color image text orientation full width vs framed etc each module has a unique set of components one can set image modules have the image sizes specified in the cms with the associated field ');
INSERT INTO `craft_searchindex` (`elementId`, `attribute`, `fieldId`, `locale`, `keywords`) VALUES
 ('211', 'field', '26', 'en_us', ' spacing top 2 '),
 ('211', 'field', '61', 'en_us', ' 000000 '),
 ('211', 'slug', '0', 'en_us', ''),
 ('212', 'field', '11', 'en_us', ' turnstyle guide large 01 '),
 ('212', 'field', '12', 'en_us', ' full width '),
 ('212', 'field', '13', 'en_us', ' spacing top 0 '),
 ('212', 'slug', '0', 'en_us', ''),
 ('213', 'filename', '0', 'en_us', ' turnstyle guide large 01 jpg '),
 ('213', 'extension', '0', 'en_us', ' jpg '),
 ('213', 'kind', '0', 'en_us', ' image '),
 ('213', 'slug', '0', 'en_us', ' turnstyle guide large 01 '),
 ('213', 'title', '0', 'en_us', ' turnstyle guide large 01 '),
 ('214', 'filename', '0', 'en_us', ' turnstyle guide half 01 jpg '),
 ('214', 'extension', '0', 'en_us', ' jpg '),
 ('214', 'kind', '0', 'en_us', ' image '),
 ('214', 'slug', '0', 'en_us', ' turnstyle guide half 01 '),
 ('214', 'title', '0', 'en_us', ' turnstyle guide half 01 '),
 ('215', 'field', '15', 'en_us', ' turnstyle guide half 01 '),
 ('215', 'field', '58', 'en_us', ' 50 '),
 ('215', 'field', '16', 'en_us', ' spacing top 2 '),
 ('215', 'field', '17', 'en_us', ' 000000 '),
 ('215', 'slug', '0', 'en_us', ''),
 ('216', 'field', '18', 'en_us', ' left '),
 ('216', 'field', '19', 'en_us', ' turnstyle guide half 01 '),
 ('216', 'field', '59', 'en_us', ' 75 '),
 ('216', 'field', '20', 'en_us', ' this is the image with description module the text orientation left right background color and vertical spacing is variable '),
 ('216', 'field', '21', 'en_us', ' spacing top 2 '),
 ('216', 'field', '60', 'en_us', ' efefef '),
 ('216', 'slug', '0', 'en_us', ''),
 ('217', 'filename', '0', 'en_us', ' turnstyle guide half 02 jpg '),
 ('217', 'extension', '0', 'en_us', ' jpg '),
 ('217', 'kind', '0', 'en_us', ' image '),
 ('217', 'slug', '0', 'en_us', ' turnstyle guide half 02 '),
 ('217', 'title', '0', 'en_us', ' turnstyle guide half 02 '),
 ('218', 'field', '22', 'en_us', ' turnstyle guide half 03 '),
 ('218', 'field', '23', 'en_us', ' turnstyle guide half 02 '),
 ('218', 'field', '24', 'en_us', ' spacing top 2 '),
 ('218', 'slug', '0', 'en_us', ''),
 ('219', 'field', '11', 'en_us', ' turnstyle guide large 01 '),
 ('219', 'field', '12', 'en_us', ' framed '),
 ('219', 'field', '13', 'en_us', ' spacing top 2 '),
 ('219', 'slug', '0', 'en_us', ''),
 ('221', 'kind', '0', 'en_us', ' image '),
 ('221', 'slug', '0', 'en_us', ' turnstyle guide half 03 '),
 ('221', 'extension', '0', 'en_us', ' jpg '),
 ('221', 'filename', '0', 'en_us', ' turnstyle guide half 03 jpg '),
 ('221', 'title', '0', 'en_us', ' turnstyle guide half 03 '),
 ('222', 'field', '25', 'en_us', ' there is also a carousel module the carousel module is being dialed in and spec s aren t available it isn t something we d intended to be a widely used case study component anyway keep on scrolling for color type file naming etc '),
 ('222', 'field', '26', 'en_us', ' spacing top 2 '),
 ('222', 'field', '61', 'en_us', ' 000000 '),
 ('222', 'slug', '0', 'en_us', ''),
 ('223', 'filename', '0', 'en_us', ' turnstyle guide logo 01 svg '),
 ('223', 'extension', '0', 'en_us', ' svg '),
 ('223', 'kind', '0', 'en_us', ' image '),
 ('223', 'slug', '0', 'en_us', ' turnstyle guide logo 01 '),
 ('223', 'title', '0', 'en_us', ' turnstyle guide logo 01 '),
 ('224', 'field', '18', 'en_us', ' left '),
 ('224', 'field', '19', 'en_us', ' turnstyle guide logo 01 '),
 ('224', 'field', '59', 'en_us', ' 75 '),
 ('224', 'field', '20', 'en_us', ' image types the cms will accept just about any image format jpeg gif png svg etc it is important that our site perform well and look great so there are particular instances where using an svg may be preferred to a transparent png for icons logos etc the image at left is example of an svg '),
 ('224', 'field', '21', 'en_us', ' spacing top 2 '),
 ('224', 'field', '60', 'en_us', ' ffffff '),
 ('224', 'slug', '0', 'en_us', ''),
 ('225', 'filename', '0', 'en_us', ' screenshot 2016 11 23 15 27 11 png '),
 ('225', 'extension', '0', 'en_us', ' png '),
 ('225', 'kind', '0', 'en_us', ' image '),
 ('225', 'slug', '0', 'en_us', ' screenshot 2016 11 23 15 27 11 '),
 ('225', 'title', '0', 'en_us', ' screenshot 2016 11 23 15 27 11 '),
 ('226', 'field', '18', 'en_us', ' right '),
 ('226', 'field', '19', 'en_us', ' screenshot 2016 11 23 15 27 11 '),
 ('226', 'field', '59', 'en_us', ' 100 '),
 ('226', 'field', '20', 'en_us', ' image optimization the majority of the images we upload into our cms will be jpegs jpegs can get large and we want to keep the file size down to optimize performance all jpeg images should be optimized with the jpeg high preset the quality should be set to 60% and progressive should be checked '),
 ('226', 'field', '21', 'en_us', ' spacing top 2 '),
 ('226', 'field', '60', 'en_us', ' ffffff '),
 ('226', 'slug', '0', 'en_us', ''),
 ('227', 'filename', '0', 'en_us', ' turnstyle guide naming 01 svg '),
 ('227', 'extension', '0', 'en_us', ' svg '),
 ('227', 'kind', '0', 'en_us', ' image '),
 ('227', 'slug', '0', 'en_us', ' turnstyle guide naming 01 '),
 ('227', 'title', '0', 'en_us', ' turnstyle guide naming 01 '),
 ('229', 'kind', '0', 'en_us', ' image '),
 ('229', 'slug', '0', 'en_us', ' turnstyle guide color 01 '),
 ('229', 'extension', '0', 'en_us', ' svg '),
 ('229', 'filename', '0', 'en_us', ' turnstyle guide color 01_161123_235650 svg '),
 ('229', 'title', '0', 'en_us', ' turnstyle guide color 01 '),
 ('230', 'field', '18', 'en_us', ' left '),
 ('230', 'field', '19', 'en_us', ' turnstyle guide naming 01 '),
 ('230', 'field', '59', 'en_us', ' 75 '),
 ('230', 'field', '20', 'en_us', ' file naming file naming should be consistent across all entries for common required elements such as the hero image and the list image thumbnail a common convention should be adhered to for all other images use an appropriate description of the content of the image all file names should be lowercase with hyphens separating descriptors followed by a number serial and alternate images should use the same name and the next number 01 02 etc '),
 ('230', 'field', '21', 'en_us', ' spacing top 2 '),
 ('230', 'field', '60', 'en_us', ' ffffff '),
 ('230', 'slug', '0', 'en_us', ''),
 ('233', 'extension', '0', 'en_us', ' jpg '),
 ('233', 'filename', '0', 'en_us', ' 2400x1800 jpg '),
 ('232', 'slug', '0', 'en_us', ''),
 ('232', 'field', '34', 'en_us', ' 3621 stone way n suite b seattle wa 98103 '),
 ('233', 'kind', '0', 'en_us', ' image '),
 ('233', 'slug', '0', 'en_us', ' 2400x1800 '),
 ('233', 'title', '0', 'en_us', ' 2400x1800 '),
 ('112', 'field', '62', 'en_us', ' 1200x1200 ');
INSERT INTO `craft_searchindex` (`elementId`, `attribute`, `fieldId`, `locale`, `keywords`) VALUES
 ('235', 'field', '28', 'en_us', ' 0 '),
 ('235', 'field', '32', 'en_us', ' 0 '),
 ('235', 'slug', '0', 'en_us', ''),
 ('236', 'filename', '0', 'en_us', ' 2400x1800 jpg '),
 ('236', 'extension', '0', 'en_us', ' jpg '),
 ('236', 'kind', '0', 'en_us', ' image '),
 ('236', 'slug', '0', 'en_us', ' 2400x1800 '),
 ('236', 'title', '0', 'en_us', ' 2400x1800 '),
 ('235', 'field', '63', 'en_us', ' 2400x1800 '),
 ('237', 'field', '27', 'en_us', ' https player vimeo com external 112936935 sd mp4 s=ec74a18135c1f7a0b6fceafd06c4cafd448d0cbb profile_id=165 '),
 ('237', 'field', '63', 'en_us', ''),
 ('237', 'field', '28', 'en_us', ' 1 '),
 ('237', 'field', '32', 'en_us', ' 1 '),
 ('237', 'slug', '0', 'en_us', ''),
 ('238', 'filename', '0', 'en_us', ' 1200x900 jpg '),
 ('238', 'extension', '0', 'en_us', ' jpg '),
 ('238', 'kind', '0', 'en_us', ' image '),
 ('238', 'slug', '0', 'en_us', ' 1200x900 '),
 ('238', 'title', '0', 'en_us', ' 1200x900 '),
 ('8', 'field', '62', 'en_us', ' 1200x900 '),
 ('239', 'extension', '0', 'en_us', ' jpg '),
 ('239', 'kind', '0', 'en_us', ' image '),
 ('239', 'slug', '0', 'en_us', ' 1200x1800 '),
 ('239', 'title', '0', 'en_us', ' 1200x1800 '),
 ('5', 'field', '62', 'en_us', ' 1200x1800 '),
 ('240', 'filename', '0', 'en_us', ' 1200x1200 jpg '),
 ('240', 'extension', '0', 'en_us', ' jpg '),
 ('240', 'kind', '0', 'en_us', ' image '),
 ('240', 'slug', '0', 'en_us', ' 1200x1200 '),
 ('240', 'title', '0', 'en_us', ' 1200x1200 '),
 ('6', 'field', '62', 'en_us', ' 1200x1800 '),
 ('7', 'field', '62', 'en_us', ''),
 ('241', 'filename', '0', 'en_us', ' 1200x1800 jpg '),
 ('241', 'extension', '0', 'en_us', ' jpg '),
 ('241', 'kind', '0', 'en_us', ' image '),
 ('241', 'slug', '0', 'en_us', ' 1200x1800 '),
 ('241', 'title', '0', 'en_us', ' 1200x1800 '),
 ('242', 'filename', '0', 'en_us', ' turnstyle mobile website 01 jpg '),
 ('242', 'extension', '0', 'en_us', ' jpg '),
 ('242', 'kind', '0', 'en_us', ' image '),
 ('242', 'slug', '0', 'en_us', ' turnstyle mobile website 01 '),
 ('242', 'title', '0', 'en_us', ' turnstyle mobile website 01 '),
 ('243', 'field', '11', 'en_us', ' turnstyle mobile website 01 '),
 ('243', 'field', '12', 'en_us', ' full width '),
 ('243', 'field', '13', 'en_us', ' spacing top 0 '),
 ('243', 'slug', '0', 'en_us', ''),
 ('244', 'filename', '0', 'en_us', ' turnstyle guide hero 02 jpg '),
 ('244', 'extension', '0', 'en_us', ' jpg '),
 ('244', 'kind', '0', 'en_us', ' image '),
 ('244', 'slug', '0', 'en_us', ' turnstyle guide hero 02 '),
 ('244', 'title', '0', 'en_us', ' turnstyle guide hero 02 '),
 ('100', 'field', '57', 'en_us', ' 000000 '),
 ('211', 'field', '68', 'en_us', ' spacing bottom 2 '),
 ('212', 'field', '64', 'en_us', ' spacing bottom 0 '),
 ('219', 'field', '64', 'en_us', ' spacing bottom 2 '),
 ('215', 'field', '65', 'en_us', ' spacing bottom 2 '),
 ('216', 'field', '66', 'en_us', ' spacing bottom 2 '),
 ('218', 'field', '67', 'en_us', ' spacing bottom 2 '),
 ('243', 'field', '64', 'en_us', ' spacing bottom 0 '),
 ('222', 'field', '68', 'en_us', ' spacing bottom 2 '),
 ('208', 'field', '66', 'en_us', ' spacing bottom 2 '),
 ('224', 'field', '66', 'en_us', ' spacing bottom 2 '),
 ('226', 'field', '66', 'en_us', ' spacing bottom 2 '),
 ('230', 'field', '66', 'en_us', ' spacing bottom 2 '),
 ('103', 'field', '69', 'en_us', ' spacing bottom 1 '),
 ('104', 'field', '70', 'en_us', ' spacing bottom 0 '),
 ('106', 'field', '70', 'en_us', ' spacing bottom 1 '),
 ('107', 'field', '70', 'en_us', ' spacing bottom 0 '),
 ('108', 'field', '70', 'en_us', ' spacing bottom 2 '),
 ('263', 'slug', '0', 'en_us', ' homegrown list 01 '),
 ('263', 'title', '0', 'en_us', ' homegrown list 01 '),
 ('264', 'filename', '0', 'en_us', ' homegrown hero 01 jpg '),
 ('264', 'extension', '0', 'en_us', ' jpg '),
 ('264', 'kind', '0', 'en_us', ' image '),
 ('264', 'slug', '0', 'en_us', ' homegrown hero 01 '),
 ('264', 'title', '0', 'en_us', ' homegrown hero 01 '),
 ('265', 'field', '7', 'en_us', ' homegrown hero 01 '),
 ('265', 'field', '62', 'en_us', ' homegrown list 01 '),
 ('265', 'field', '29', 'en_us', ' 262626 '),
 ('265', 'field', '9', 'en_us', ' sandwiches are good yum '),
 ('265', 'field', '6', 'en_us', ' brand refresh website '),
 ('265', 'field', '3', 'en_us', ' identity digital environment '),
 ('265', 'field', '8', 'en_us', ' donec id elit non mi porta gravida at eget metus curabitur blandit tempus porttitor vestibulum id ligula porta felis euismod semper aenean lacinia bibendum nulla sed consectetur donec id elit non mi porta gravida at eget metus curabitur blandit tempus porttitor vestibulum id ligula porta felis euismod semper aenean lacinia bibendum nulla sed consectetur '),
 ('265', 'field', '14', 'en_us', ' website eathomegrown com '),
 ('265', 'field', '4', 'en_us', ' b9d432 '),
 ('265', 'field', '10', 'en_us', ''),
 ('265', 'slug', '0', 'en_us', ' homegrown '),
 ('265', 'title', '0', 'en_us', ' homegrown '),
 ('269', 'field', '71', 'en_us', ' website '),
 ('269', 'field', '72', 'en_us', ' eathomegrown com '),
 ('269', 'slug', '0', 'en_us', ''),
 ('270', 'filename', '0', 'en_us', ' turnstyle guide list 01 jpg '),
 ('270', 'extension', '0', 'en_us', ' jpg '),
 ('270', 'kind', '0', 'en_us', ' image '),
 ('270', 'slug', '0', 'en_us', ' turnstyle guide list 01 '),
 ('270', 'title', '0', 'en_us', ' turnstyle guide list 01 '),
 ('273', 'extension', '0', 'en_us', ' jpg '),
 ('273', 'kind', '0', 'en_us', ' image '),
 ('273', 'slug', '0', 'en_us', ' oiselle hero 01 '),
 ('273', 'title', '0', 'en_us', ' oiselle hero 01 ');
INSERT INTO `craft_searchindex` (`elementId`, `attribute`, `fieldId`, `locale`, `keywords`) VALUES
 ('273', 'filename', '0', 'en_us', ' oiselle hero 01 jpg '),
 ('285', 'filename', '0', 'en_us', ' revel wild postings 01 jpg '),
 ('285', 'extension', '0', 'en_us', ' jpg '),
 ('285', 'kind', '0', 'en_us', ' image '),
 ('285', 'slug', '0', 'en_us', ' revel wild postings 01 '),
 ('285', 'title', '0', 'en_us', ' revel wild postings 01 '),
 ('286', 'filename', '0', 'en_us', ' revel mobile 01 png '),
 ('286', 'extension', '0', 'en_us', ' png '),
 ('286', 'kind', '0', 'en_us', ' image '),
 ('286', 'slug', '0', 'en_us', ' revel mobile 01 '),
 ('286', 'title', '0', 'en_us', ' revel mobile 01 '),
 ('319', 'field', '64', 'en_us', ' spacing bottom 0 '),
 ('319', 'field', '13', 'en_us', ' spacing top 0 '),
 ('319', 'field', '12', 'en_us', ' full width '),
 ('288', 'filename', '0', 'en_us', ' revel brochure 01 png '),
 ('288', 'extension', '0', 'en_us', ' png '),
 ('288', 'kind', '0', 'en_us', ' image '),
 ('288', 'slug', '0', 'en_us', ' revel brochure 01 '),
 ('288', 'title', '0', 'en_us', ' revel brochure 01 '),
 ('289', 'filename', '0', 'en_us', ' revel icons 01 svg '),
 ('289', 'extension', '0', 'en_us', ' svg '),
 ('289', 'kind', '0', 'en_us', ' image '),
 ('289', 'slug', '0', 'en_us', ' revel icons 01 '),
 ('289', 'title', '0', 'en_us', ' revel icons 01 '),
 ('290', 'filename', '0', 'en_us', ' revel brochure 02 jpg '),
 ('290', 'extension', '0', 'en_us', ' jpg '),
 ('290', 'kind', '0', 'en_us', ' image '),
 ('290', 'slug', '0', 'en_us', ' revel brochure 02 '),
 ('290', 'title', '0', 'en_us', ' revel brochure 02 '),
 ('291', 'filename', '0', 'en_us', ' revel guidelines 01 png '),
 ('291', 'extension', '0', 'en_us', ' png '),
 ('291', 'kind', '0', 'en_us', ' image '),
 ('291', 'slug', '0', 'en_us', ' revel guidelines 01 '),
 ('291', 'title', '0', 'en_us', ' revel guidelines 01 '),
 ('292', 'filename', '0', 'en_us', ' revel guidelines 01 png '),
 ('292', 'extension', '0', 'en_us', ' png '),
 ('292', 'kind', '0', 'en_us', ' image '),
 ('292', 'slug', '0', 'en_us', ' revel guidelines 01 '),
 ('292', 'title', '0', 'en_us', ' revel guidelines 01 '),
 ('318', 'slug', '0', 'en_us', ' tmw cab franc side '),
 ('318', 'title', '0', 'en_us', ' tmw cab franc side '),
 ('318', 'kind', '0', 'en_us', ' image '),
 ('318', 'extension', '0', 'en_us', ' jpg '),
 ('294', 'field', '7', 'en_us', ' revel hero 01 '),
 ('294', 'field', '62', 'en_us', ' revel list 01 '),
 ('294', 'field', '29', 'en_us', ' ff4100 '),
 ('294', 'field', '9', 'en_us', ' unlocking digital potential '),
 ('294', 'field', '6', 'en_us', ' brand identity website '),
 ('294', 'field', '3', 'en_us', ' identity digital print '),
 ('294', 'field', '8', 'en_us', ' revel partners with clients to create substantial value through strategic execution by cultivating an innovative approach that attracts develops and inspires people to achieve more together lorem ipsum dolor sit amet consectetur adipiscing elit sed do eiusmod tempor incididunt ut labore et dolore magna aliqua ut enim ad minim veniam quis nostrud exercitation ullamco laboris nisi ut aliquip ex ea commodo consequat duis aute irure dolor in reprehenderit in voluptate velit esse cillum dolore eu fugiat nulla pariatur excepteur sint occaecat cupidatat non proident sunt in culpa qui officia deserunt mollit anim id est laborum '),
 ('294', 'field', '14', 'en_us', ' website revelconsulting com '),
 ('294', 'field', '4', 'en_us', ' ff4100 '),
 ('294', 'field', '10', 'en_us', ' revel mobile 01 full width spacing bottom 0 spacing top 0 f6f6f7 spacing bottom 1 spacing top 1 lorem ipsum dolor sit amet consectetur adipiscing elit sed do eiusmod tempor incididunt ut labore et dolore magna aliqua ut enim ad minim veniam quis nostrud exercitation ullamco laboris nisi ut aliquip ex ea commodo consequat f6f6f7 revel desktop 01 75 spacing bottom 0 spacing top 0 041e41 revel icons 01 100 spacing bottom 0 spacing top 0 f6f6f7 spacing bottom 1 spacing top 1 lorem ipsum dolor sit amet consectetur adipiscing elit sed do eiusmod tempor incididunt ut labore et dolore magna aliqua revel brochure 03 full width spacing bottom 0 spacing top 0 ff4100 the world s most thrilling opportunities will be realized and the most grinding challenges conquered by systems designed to unlock human creative potential revel brochure 02 100 left spacing bottom 1 spacing top 1 898796 revel guidelines 01 100 spacing bottom 1 spacing top 1 revel wild postings 01 framed spacing bottom 1 spacing top 1 '),
 ('294', 'slug', '0', 'en_us', ' revel consulting '),
 ('294', 'title', '0', 'en_us', ' revel consulting '),
 ('295', 'field', '11', 'en_us', ' revel mobile 01 '),
 ('295', 'field', '12', 'en_us', ' full width '),
 ('295', 'field', '13', 'en_us', ' spacing top 0 '),
 ('295', 'field', '64', 'en_us', ' spacing bottom 0 '),
 ('295', 'slug', '0', 'en_us', ''),
 ('296', 'field', '25', 'en_us', ' lorem ipsum dolor sit amet consectetur adipiscing elit sed do eiusmod tempor incididunt ut labore et dolore magna aliqua ut enim ad minim veniam quis nostrud exercitation ullamco laboris nisi ut aliquip ex ea commodo consequat '),
 ('296', 'field', '61', 'en_us', ' f6f6f7 '),
 ('296', 'field', '26', 'en_us', ' spacing top 1 '),
 ('296', 'field', '68', 'en_us', ' spacing bottom 1 '),
 ('296', 'slug', '0', 'en_us', ''),
 ('297', 'field', '15', 'en_us', ' revel desktop 01 '),
 ('297', 'field', '58', 'en_us', ' 75 '),
 ('297', 'field', '17', 'en_us', ' f6f6f7 '),
 ('297', 'field', '16', 'en_us', ' spacing top 0 '),
 ('297', 'field', '65', 'en_us', ' spacing bottom 0 '),
 ('297', 'slug', '0', 'en_us', ''),
 ('305', 'slug', '0', 'en_us', ' both capsules 24x18 '),
 ('305', 'kind', '0', 'en_us', ' image '),
 ('305', 'extension', '0', 'en_us', ' jpg '),
 ('305', 'filename', '0', 'en_us', ' bothcapsules_24x18 jpg '),
 ('299', 'field', '25', 'en_us', ' lorem ipsum dolor sit amet consectetur adipiscing elit sed do eiusmod tempor incididunt ut labore et dolore magna aliqua '),
 ('299', 'field', '61', 'en_us', ' f6f6f7 '),
 ('299', 'field', '26', 'en_us', ' spacing top 1 '),
 ('299', 'field', '68', 'en_us', ' spacing bottom 1 '),
 ('299', 'slug', '0', 'en_us', ''),
 ('337', 'slug', '0', 'en_us', ' digital '),
 ('337', 'field', '46', 'en_us', ' offering '),
 ('337', 'field', '48', 'en_us', ''),
 ('337', 'field', '45', 'en_us', ' digital '),
 ('301', 'field', '18', 'en_us', ' left '),
 ('301', 'field', '19', 'en_us', ' revel brochure 02 '),
 ('301', 'field', '59', 'en_us', ' 100 '),
 ('301', 'field', '20', 'en_us', ' the world s most thrilling opportunities will be realized and the most grinding challenges conquered by systems designed to unlock human creative potential '),
 ('301', 'field', '60', 'en_us', ' ff4100 '),
 ('301', 'field', '21', 'en_us', ' spacing top 1 '),
 ('301', 'field', '66', 'en_us', ' spacing bottom 1 '),
 ('301', 'slug', '0', 'en_us', ''),
 ('302', 'field', '15', 'en_us', ' revel guidelines 01 '),
 ('302', 'field', '58', 'en_us', ' 100 '),
 ('302', 'field', '17', 'en_us', ' 898796 '),
 ('302', 'field', '16', 'en_us', ' spacing top 1 '),
 ('302', 'field', '65', 'en_us', ' spacing bottom 1 '),
 ('302', 'slug', '0', 'en_us', ''),
 ('303', 'filename', '0', 'en_us', ' revel list 01 jpg '),
 ('303', 'extension', '0', 'en_us', ' jpg ');
INSERT INTO `craft_searchindex` (`elementId`, `attribute`, `fieldId`, `locale`, `keywords`) VALUES
 ('303', 'kind', '0', 'en_us', ' image '),
 ('303', 'slug', '0', 'en_us', ' revel list 01 '),
 ('303', 'title', '0', 'en_us', ' revel list 01 '),
 ('304', 'field', '15', 'en_us', ' revel icons 01 '),
 ('304', 'field', '58', 'en_us', ' 100 '),
 ('304', 'field', '17', 'en_us', ' 041e41 '),
 ('304', 'field', '16', 'en_us', ' spacing top 0 '),
 ('304', 'field', '65', 'en_us', ' spacing bottom 0 '),
 ('304', 'slug', '0', 'en_us', ''),
 ('305', 'title', '0', 'en_us', ' both capsules 24x18 '),
 ('306', 'filename', '0', 'en_us', ' redcapsule_1200x1200 jpg '),
 ('306', 'extension', '0', 'en_us', ' jpg '),
 ('306', 'kind', '0', 'en_us', ' image '),
 ('306', 'slug', '0', 'en_us', ' red capsule 1200x1200 '),
 ('306', 'title', '0', 'en_us', ' red capsule 1200x1200 '),
 ('307', 'field', '7', 'en_us', ' both capsules 24x18c '),
 ('307', 'field', '62', 'en_us', ' red capsule 1200x1200 '),
 ('307', 'field', '29', 'en_us', ' 929292 '),
 ('307', 'field', '9', 'en_us', ' two mountain 2 0 '),
 ('307', 'field', '6', 'en_us', ' brand identity packaging '),
 ('307', 'field', '3', 'en_us', ' identity print packaging '),
 ('307', 'field', '8', 'en_us', ' as they approached their tenth year of winemaking two mountain winery sought to redesign thier label to reflect a more grown up and refined product the new design updates distinctive brand elements while creating a dramatic and minimalist new look toothy white paper labels stamped foils de bossed details and the winemakers signature on the bottle capsule denote a small batch hand crafted feel '),
 ('319', 'field', '11', 'en_us', ' tmw cab franc side '),
 ('307', 'field', '14', 'en_us', ''),
 ('307', 'field', '4', 'en_us', ' db0000 '),
 ('307', 'field', '10', 'en_us', ' tmw cab franc side full width spacing bottom 0 spacing top 0 ffffff tmwlogo primary tex rgb 50 spacing bottom 5 spacing top 5 all reds front full width spacing bottom 0 spacing top 0 tmw final flat photo2 framed spacing bottom 1 spacing top 1 '),
 ('307', 'slug', '0', 'en_us', ' two mountain winery '),
 ('307', 'title', '0', 'en_us', ' two mountain winery '),
 ('308', 'filename', '0', 'en_us', ' bothcapsules_24x18b jpg '),
 ('308', 'extension', '0', 'en_us', ' jpg '),
 ('308', 'kind', '0', 'en_us', ' image '),
 ('308', 'slug', '0', 'en_us', ' both capsules 24x18b '),
 ('308', 'title', '0', 'en_us', ' both capsules 24x18b '),
 ('318', 'filename', '0', 'en_us', ' tmw_cabfrancside jpg '),
 ('325', 'title', '0', 'en_us', ' revel wild postings 01 '),
 ('325', 'slug', '0', 'en_us', ' revel wild postings 01 '),
 ('325', 'filename', '0', 'en_us', ' revel wild postings 01 jpg '),
 ('325', 'extension', '0', 'en_us', ' jpg '),
 ('325', 'kind', '0', 'en_us', ' image '),
 ('316', 'slug', '0', 'en_us', ' revel brochure 01 '),
 ('316', 'title', '0', 'en_us', ' revel brochure 01 '),
 ('316', 'kind', '0', 'en_us', ' image '),
 ('316', 'extension', '0', 'en_us', ' jpg '),
 ('316', 'filename', '0', 'en_us', ' revel brochure 01 jpg '),
 ('315', 'filename', '0', 'en_us', ' revel desktop 01 jpg '),
 ('315', 'extension', '0', 'en_us', ' jpg '),
 ('315', 'kind', '0', 'en_us', ' image '),
 ('315', 'slug', '0', 'en_us', ' revel desktop 01 '),
 ('315', 'title', '0', 'en_us', ' revel desktop 01 '),
 ('319', 'slug', '0', 'en_us', ''),
 ('320', 'field', '11', 'en_us', ' revel wild postings 01 '),
 ('320', 'field', '12', 'en_us', ' framed '),
 ('320', 'field', '13', 'en_us', ' spacing top 1 '),
 ('320', 'field', '64', 'en_us', ' spacing bottom 1 '),
 ('320', 'slug', '0', 'en_us', ''),
 ('322', 'kind', '0', 'en_us', ' image '),
 ('322', 'slug', '0', 'en_us', ' tmw final flat photo '),
 ('322', 'extension', '0', 'en_us', ' jpg '),
 ('322', 'filename', '0', 'en_us', ' tmw final flat photo jpg '),
 ('322', 'title', '0', 'en_us', ' tmw final flat photo '),
 ('323', 'field', '11', 'en_us', ' tmw final flat photo2 '),
 ('323', 'field', '12', 'en_us', ' framed '),
 ('323', 'field', '13', 'en_us', ' spacing top 1 '),
 ('323', 'field', '64', 'en_us', ' spacing bottom 1 '),
 ('323', 'slug', '0', 'en_us', ''),
 ('326', 'filename', '0', 'en_us', ' tmw final flat photo2 jpg '),
 ('326', 'extension', '0', 'en_us', ' jpg '),
 ('326', 'kind', '0', 'en_us', ' image '),
 ('326', 'slug', '0', 'en_us', ' tmw final flat photo2 '),
 ('326', 'title', '0', 'en_us', ' tmw final flat photo2 '),
 ('328', 'kind', '0', 'en_us', ' image '),
 ('328', 'slug', '0', 'en_us', ' both capsules 24x18c '),
 ('328', 'extension', '0', 'en_us', ' jpg '),
 ('328', 'filename', '0', 'en_us', ' bothcapsules_24x18c jpg '),
 ('328', 'title', '0', 'en_us', ' both capsules 24x18c '),
 ('329', 'filename', '0', 'en_us', ' tmwlogo_primary_tex_rgb svg '),
 ('329', 'extension', '0', 'en_us', ' svg '),
 ('329', 'kind', '0', 'en_us', ' image '),
 ('329', 'slug', '0', 'en_us', ' tmwlogo primary tex rgb '),
 ('329', 'title', '0', 'en_us', ' tmwlogo primary tex rgb '),
 ('330', 'filename', '0', 'en_us', ' allredsfront_2400 jpg '),
 ('330', 'extension', '0', 'en_us', ' jpg '),
 ('330', 'kind', '0', 'en_us', ' image '),
 ('330', 'slug', '0', 'en_us', ' all reds front 2400 '),
 ('330', 'title', '0', 'en_us', ' all reds front 2400 '),
 ('331', 'filename', '0', 'en_us', ' allredsfront jpg '),
 ('331', 'extension', '0', 'en_us', ' jpg '),
 ('331', 'kind', '0', 'en_us', ' image '),
 ('331', 'slug', '0', 'en_us', ' all reds front '),
 ('331', 'title', '0', 'en_us', ' all reds front '),
 ('333', 'field', '15', 'en_us', ' tmwlogo primary tex rgb '),
 ('333', 'field', '58', 'en_us', ' 50 '),
 ('333', 'field', '17', 'en_us', ' ffffff '),
 ('333', 'field', '16', 'en_us', ' spacing top 5 '),
 ('333', 'field', '65', 'en_us', ' spacing bottom 5 '),
 ('333', 'slug', '0', 'en_us', ''),
 ('334', 'field', '11', 'en_us', ' all reds front '),
 ('334', 'field', '12', 'en_us', ' full width '),
 ('334', 'field', '13', 'en_us', ' spacing top 0 '),
 ('334', 'field', '64', 'en_us', ' spacing bottom 0 ');
INSERT INTO `craft_searchindex` (`elementId`, `attribute`, `fieldId`, `locale`, `keywords`) VALUES
 ('334', 'slug', '0', 'en_us', ''),
 ('335', 'filename', '0', 'en_us', ' revel brochure 03 jpg '),
 ('335', 'extension', '0', 'en_us', ' jpg '),
 ('335', 'kind', '0', 'en_us', ' image '),
 ('335', 'slug', '0', 'en_us', ' revel brochure 03 '),
 ('335', 'title', '0', 'en_us', ' revel brochure 03 '),
 ('336', 'field', '11', 'en_us', ' revel brochure 03 '),
 ('336', 'field', '12', 'en_us', ' full width '),
 ('336', 'field', '13', 'en_us', ' spacing top 0 '),
 ('336', 'field', '64', 'en_us', ' spacing bottom 0 '),
 ('336', 'slug', '0', 'en_us', ''),
 ('337', 'title', '0', 'en_us', ' digital '),
 ('338', 'field', '45', 'en_us', ' print '),
 ('338', 'field', '46', 'en_us', ' offering '),
 ('338', 'field', '48', 'en_us', ''),
 ('338', 'slug', '0', 'en_us', ' print '),
 ('338', 'title', '0', 'en_us', ' print '),
 ('339', 'field', '45', 'en_us', ' packaging '),
 ('339', 'field', '46', 'en_us', ' offering '),
 ('339', 'field', '48', 'en_us', ''),
 ('339', 'slug', '0', 'en_us', ' packaging '),
 ('339', 'title', '0', 'en_us', ' packaging '),
 ('340', 'field', '45', 'en_us', ' environment '),
 ('340', 'field', '46', 'en_us', ' offering '),
 ('340', 'field', '48', 'en_us', ''),
 ('340', 'slug', '0', 'en_us', ' environment '),
 ('340', 'title', '0', 'en_us', ' environment '),
 ('307', 'field', '73', 'en_us', ' both capsules 24x18c '),
 ('343', 'field', '71', 'en_us', ' website '),
 ('343', 'field', '72', 'en_us', ' revelconsulting com '),
 ('343', 'slug', '0', 'en_us', ''),
 ('294', 'field', '73', 'en_us', ' revel hero 01 '),
 ('276', 'field', '73', 'en_us', ' flyingaces hero 01 '),
 ('265', 'field', '73', 'en_us', ' homegrown hero 01 '),
 ('201', 'field', '73', 'en_us', ' turnstyle guide hero 02 '),
 ('15', 'field', '73', 'en_us', ' fulcrumfoundation hero 02 '),
 ('16', 'field', '73', 'en_us', ' oiselle hero 01 '),
 ('122', 'field', '73', 'en_us', ' 2400x1800 '),
 ('123', 'field', '68', 'en_us', ' spacing bottom 0 '),
 ('124', 'field', '65', 'en_us', ' spacing bottom 0 '),
 ('126', 'field', '68', 'en_us', ' spacing bottom 0 '),
 ('118', 'field', '73', 'en_us', ' 2400x1800 '),
 ('119', 'field', '68', 'en_us', ' spacing bottom 0 '),
 ('112', 'field', '73', 'en_us', ' 2400x1800 '),
 ('115', 'field', '68', 'en_us', ' spacing bottom 0 ');



DROP TABLE IF EXISTS `craft_sections`;


--
-- Schema for table `craft_sections`
--
CREATE TABLE `craft_sections` (
  `id` int(11) NOT NULL AUTO_INCREMENT,
  `structureId` int(11) DEFAULT NULL,
  `name` varchar(255) COLLATE utf8_unicode_ci NOT NULL,
  `handle` varchar(255) COLLATE utf8_unicode_ci NOT NULL,
  `type` enum('single','channel','structure') COLLATE utf8_unicode_ci NOT NULL DEFAULT 'channel',
  `hasUrls` tinyint(1) unsigned NOT NULL DEFAULT '1',
  `template` varchar(500) COLLATE utf8_unicode_ci DEFAULT NULL,
  `enableVersioning` tinyint(1) unsigned NOT NULL DEFAULT '0',
  `dateCreated` datetime NOT NULL,
  `dateUpdated` datetime NOT NULL,
  `uid` char(36) COLLATE utf8_unicode_ci NOT NULL DEFAULT '0',
  PRIMARY KEY (`id`),
  UNIQUE KEY `craft_sections_name_unq_idx` (`name`),
  UNIQUE KEY `craft_sections_handle_unq_idx` (`handle`),
  KEY `craft_sections_structureId_fk` (`structureId`)
) ENGINE=InnoDB AUTO_INCREMENT=11 DEFAULT CHARSET=utf8 COLLATE=utf8_unicode_ci;

--
-- Data for table `craft_sections`
--

INSERT INTO `craft_sections` (`id`, `structureId`, `name`, `handle`, `type`, `hasUrls`, `template`, `enableVersioning`, `dateCreated`, `dateUpdated`, `uid`) VALUES
 ('1', NULL, 'Homepage', 'homepage', 'single', '1', 'index', '1', '2016-10-07 18:01:54', '2016-10-07 18:01:54', '25a619cc-2363-4a08-93be-71406eb50082'),
 ('2', NULL, 'Journal Articles', 'journalArticles', 'channel', '1', 'journal/_entry', '1', '2016-10-07 18:01:54', '2016-10-18 23:48:29', '771d1f91-69cf-47d3-b4a8-91f50e99f0d3'),
 ('3', NULL, 'Work Articles', 'workArticles', 'channel', '1', 'work/_entry', '1', '2016-10-13 20:24:33', '2016-10-17 20:30:40', '20f9d772-4af1-42e8-b521-ee05ab6485d1'),
 ('4', NULL, 'Work', 'work', 'single', '1', 'work', '1', '2016-10-13 20:24:42', '2016-10-13 20:24:42', '2de180bf-7f92-464c-adfc-3b6427ae8cf3'),
 ('5', NULL, 'Contact', 'contact', 'single', '1', 'contact', '1', '2016-10-18 23:43:07', '2016-10-18 23:43:07', '8eb6b746-1371-48a3-b530-ec283137e7cf'),
 ('6', NULL, 'Journal', 'journal', 'single', '1', 'journal', '1', '2016-10-18 23:48:41', '2016-10-18 23:48:41', '993eb221-032d-4b08-9825-46b6aaf2f0cd'),
 ('7', '2', 'Offerings', 'offerings', 'structure', '1', 'offerings/', '1', '2016-11-01 18:30:53', '2016-11-02 23:29:51', 'dbeac5c9-60a0-421b-83a2-8d34791d62e2'),
 ('8', NULL, 'Team', 'team', 'channel', '0', NULL, '1', '2016-11-01 21:39:53', '2016-11-01 21:39:53', '10d4b46a-5ccf-43d4-988c-9292805fbe6a'),
 ('9', NULL, 'Adjectives', 'adjectives', 'channel', '0', NULL, '1', '2016-11-01 22:53:15', '2016-11-01 22:53:15', '51c9896c-6070-40e0-9e58-8475e81a40f6'),
 ('10', NULL, 'Studio', 'studio', 'single', '1', 'studio', '1', '2016-11-02 23:30:00', '2016-11-02 23:39:14', '1cdb8065-a7b9-41d7-8e49-d13321b77aa9');



DROP TABLE IF EXISTS `craft_sections_i18n`;


--
-- Schema for table `craft_sections_i18n`
--
CREATE TABLE `craft_sections_i18n` (
  `id` int(11) NOT NULL AUTO_INCREMENT,
  `sectionId` int(11) NOT NULL,
  `locale` char(12) COLLATE utf8_unicode_ci NOT NULL,
  `enabledByDefault` tinyint(1) unsigned NOT NULL DEFAULT '1',
  `urlFormat` text COLLATE utf8_unicode_ci,
  `nestedUrlFormat` text COLLATE utf8_unicode_ci,
  `dateCreated` datetime NOT NULL,
  `dateUpdated` datetime NOT NULL,
  `uid` char(36) COLLATE utf8_unicode_ci NOT NULL DEFAULT '0',
  PRIMARY KEY (`id`),
  UNIQUE KEY `craft_sections_i18n_sectionId_locale_unq_idx` (`sectionId`,`locale`),
  KEY `craft_sections_i18n_locale_fk` (`locale`)
) ENGINE=InnoDB AUTO_INCREMENT=11 DEFAULT CHARSET=utf8 COLLATE=utf8_unicode_ci;

--
-- Data for table `craft_sections_i18n`
--

INSERT INTO `craft_sections_i18n` (`id`, `sectionId`, `locale`, `enabledByDefault`, `urlFormat`, `nestedUrlFormat`, `dateCreated`, `dateUpdated`, `uid`) VALUES
 ('1', '1', 'en_us', '1', '__home__', NULL, '2016-10-07 18:01:54', '2016-10-07 18:01:54', 'a415ebb2-c7a7-4410-a640-dbd0e5ad0383'),
 ('2', '2', 'en_us', '1', 'journal/{slug}', NULL, '2016-10-07 18:01:54', '2016-10-18 23:48:08', '3b796d59-27b0-4239-b034-b11cff2a0763'),
 ('3', '3', 'en_us', '1', 'work/{slug}', NULL, '2016-10-13 20:24:33', '2016-10-17 17:57:32', '511133b0-1337-49dc-8ff6-c107588a4241'),
 ('4', '4', 'en_us', '1', 'work', NULL, '2016-10-13 20:24:42', '2016-10-13 20:24:42', 'c54fbc59-32bb-4444-a0ce-567f65198e6f'),
 ('5', '5', 'en_us', '1', 'contact', NULL, '2016-10-18 23:43:07', '2016-10-18 23:43:07', '397f3691-f122-4d33-89dc-fc00411245b8'),
 ('6', '6', 'en_us', '1', 'journal', NULL, '2016-10-18 23:48:41', '2016-10-18 23:48:41', '9d4a1aa8-901a-4083-9b69-9d1388c4b611'),
 ('7', '7', 'en_us', '1', '{slug}', '{parent.uri}/{slug}', '2016-11-01 18:30:53', '2016-11-02 17:45:45', 'b5d2202e-d66a-4cba-bd19-e6c1c128d1d1'),
 ('8', '8', 'en_us', '1', NULL, NULL, '2016-11-01 21:39:53', '2016-11-01 21:39:53', '1339f628-84cc-41be-a3ea-7c770d2877f2'),
 ('9', '9', 'en_us', '1', NULL, NULL, '2016-11-01 22:53:15', '2016-11-01 22:53:15', 'c822a7bf-8255-4eb1-979a-e4eadffe2d4a'),
 ('10', '10', 'en_us', '1', 'overview', NULL, '2016-11-02 23:30:00', '2016-11-02 23:39:14', '7d6a832b-f194-402f-88e6-5b22cd9a6264');



DROP TABLE IF EXISTS `craft_sessions`;


--
-- Schema for table `craft_sessions`
--
CREATE TABLE `craft_sessions` (
  `id` int(11) NOT NULL AUTO_INCREMENT,
  `userId` int(11) NOT NULL,
  `token` char(100) COLLATE utf8_unicode_ci NOT NULL,
  `dateCreated` datetime NOT NULL,
  `dateUpdated` datetime NOT NULL,
  `uid` char(36) COLLATE utf8_unicode_ci NOT NULL DEFAULT '0',
  PRIMARY KEY (`id`),
  KEY `craft_sessions_uid_idx` (`uid`),
  KEY `craft_sessions_token_idx` (`token`),
  KEY `craft_sessions_dateUpdated_idx` (`dateUpdated`),
  KEY `craft_sessions_userId_fk` (`userId`)
) ENGINE=InnoDB AUTO_INCREMENT=92 DEFAULT CHARSET=utf8 COLLATE=utf8_unicode_ci;

--
-- Data for table `craft_sessions`
--

INSERT INTO `craft_sessions` (`id`, `userId`, `token`, `dateCreated`, `dateUpdated`, `uid`) VALUES
 ('1', '1', 'c14f7dd13d3dfa9dc2c2ec71cfb3fe6d8ec12bb8czozMjoiOVVfdXZTaXZNV3NWeTBmMG5hODBLTHBZNlM4VjQ1TVoiOw==', '2016-10-07 18:01:54', '2016-10-07 18:01:54', '55cea4f8-98be-4b10-ba25-c8ed95062590'),
 ('10', '1', '3a40b8b98e7fe6f491a6876b79d45384ddcbb977czozMjoibEJlejdndVNBNEpBcUhqVEFhOWR6d3dLZGFsNV9aaTEiOw==', '2016-10-13 23:25:33', '2016-10-13 23:25:33', 'da25ce8c-4aa7-464a-a635-a15c30a85b97'),
 ('11', '1', '677ff72c3021330285f632b3d082ba8a61a9d97eczozMjoiVTJiTjNDY01DOU0yeHZFNnpQMnMzZGN2bE1kbWJlbUciOw==', '2016-10-17 17:57:16', '2016-10-17 17:57:16', 'fce55c9d-7565-4bc1-a423-535b66c119dd'),
 ('25', '1', '608b3a3b09f2ce56e630dba58edb89ea9e0dcba9czozMjoidHJGUnY5flFvb3J1V3hGSFNUcFNRcmdyU3QxT05UQmUiOw==', '2016-10-17 23:41:17', '2016-10-17 23:41:17', 'c541497c-aaa9-42f4-9fd6-e8a739185868'),
 ('26', '1', '746010cf44648c3ec3013a965675e054d39e051bczozMjoiWURWTHBwNFpUMnpuOHFITXY5a1BWc1BkVVRIUFdYclkiOw==', '2016-10-18 16:35:47', '2016-10-18 16:35:47', 'cdf4d05b-6f25-4081-a131-3fe39a45ea0d'),
 ('27', '1', 'a18d1caf8eca18ecc6e9a854a1cc2df90dc7e75aczozMjoiQ1hBUlpSb2g2U1loVXA2X3kyTTdGYXlwZGZDTk9aR1UiOw==', '2016-10-18 23:42:53', '2016-10-18 23:42:53', 'b8b9c66a-b2c0-46d4-a2b8-1cb561c0ed1e'),
 ('28', '1', 'fb71863958f17a0f6ae53d5bbc3efb345e421479czozMjoiQzl3NnRTUWlCeXREem54cmZMUXprUXpCcnU2VUFKYmEiOw==', '2016-10-19 17:16:14', '2016-10-19 17:16:14', '8d45dd01-ae06-4f1c-ba29-1603907e7870'),
 ('30', '47', 'fd19fed92e77e15e86c1dac205afb1dced22cb84czozMjoiSnlLRXpWNUpqU2I2YTM5OEQ4YlBldkoxVU9uRn43Rm0iOw==', '2016-10-20 21:25:37', '2016-10-20 21:25:37', '7f40ef4a-c8e1-4947-b52a-4b66ea80b4be'),
 ('31', '1', '445bc9368cbb5b14ada2c03dfa0db43f1d081739czozMjoiRlJ2THlZcDh2bXNjMmR5bFVzUmV6STI4cTJCaHFORFAiOw==', '2016-10-20 22:31:15', '2016-10-20 22:31:15', '540da430-ed7e-4c7e-b767-4ab6432ea3c9'),
 ('32', '1', '4acd9dcfe647ae379165a2512d6657c4d10df174czozMjoiU1lXTTFLOHJFdmpHNmM2RjZJSGRtNVV5cXY4elNrOEciOw==', '2016-11-01 20:24:47', '2016-11-01 20:24:47', '2123ca60-9be1-4d1f-b0e3-e6eec1592f08'),
 ('35', '46', 'fe9894ff7488678bc64fdad902c5886ded94fe05czozMjoiVHZFM3ZNWGYwNUpYOWUyOE53dWlHdER4NFRNUldza08iOw==', '2016-11-10 17:48:01', '2016-11-10 17:48:01', 'f591f801-edc8-4f72-9509-b28cc9cd60b9'),
 ('36', '46', 'dccbdd98cfab0df2e123ab4f23e581c18e5628beczozMjoiV1YxSkF+SUxXX1J5SWw0VkJIYWRoUThTVTdnV3RBUEYiOw==', '2016-11-11 18:51:11', '2016-11-11 18:51:11', '91610bcc-f6f0-4531-8915-125880bd6b71'),
 ('37', '1', '3adf48f314b2c23aaf7519370196e6d3273fed0bczozMjoib0F1YnhPWXBZcVVnVXh1MTdZdG9iSE5qd0xlUmdkMksiOw==', '2016-11-11 19:37:01', '2016-11-11 19:37:01', 'b9c27e05-98f2-4a30-9c46-7b448a10422c'),
 ('38', '46', '511d157d9e7feeaf0c666d19f62284187ee17511czozMjoiMjVZY2Y3MDk3QVZFdm5rRjlQcXN1RmdLNFNESkFfbzYiOw==', '2016-11-11 21:14:43', '2016-11-11 21:14:43', '051018a8-5360-48c7-aa54-85ee7ee822d8'),
 ('39', '1', '0ca7d1a06b9d8770166fab4e1c24e77185c25087czozMjoiWmppVkN0MjhsNFdCbUR0bU5INnNMYUdzNTRtaW5ZMDMiOw==', '2016-11-11 22:55:39', '2016-11-11 22:55:39', '2ba24765-c0d4-4100-b517-99fae7a30d87'),
 ('40', '46', '7ef0a243ce01b830af0564a6239e8b744e757aebczozMjoiSUZ2a1FtRHhTQ2FnTGVkSmVjSWlNR3B4aEd6eldxVTgiOw==', '2016-11-11 23:41:00', '2016-11-11 23:41:00', 'd599bcc3-e417-4223-b111-d31ead627a95'),
 ('42', '1', 'd7217b39c28ced5ae0b8b2caf8e111b2074e5fd3czozMjoiZnhubTI0SHdGfjhkNWxGVG81T2tZM0MxTW5ITn5Ca3kiOw==', '2016-11-14 19:58:18', '2016-11-14 19:58:18', 'c9fa6b69-232f-4c75-87b5-06e4fc7dafb2'),
 ('43', '1', '71e883b9acdd8fb441639160faf05cd66f602774czozMjoicHUzb3dtX1NGfkkxOWx6NzdkdFhTSldScGYzSjJEfjAiOw==', '2016-11-14 22:56:14', '2016-11-14 22:56:14', '8c1f59d3-9001-4bfd-96b2-e3102e982836'),
 ('45', '1', 'e44b91efcc6652f6d6ddf989c2ed12f179ddf305czozMjoidWE0ekVSSzc2RHZiVmh4ZFdJZ2JfMzNfa3p4WH5GM3ciOw==', '2016-11-15 18:34:18', '2016-11-15 18:34:18', '40a81518-0cbb-43b8-9cfc-a09575ee7395'),
 ('46', '1', 'c5251b41e5dc7808da75652e2eaa78b6f654ab9dczozMjoic3BjNmxXbHJ+cm5XX1c2bFBYbH5YeHVyR0t5VnVyYWoiOw==', '2016-11-15 23:10:07', '2016-11-15 23:10:07', '245c9c25-aba6-4d42-8a4a-cf31d40568d4'),
 ('47', '46', 'ab85203f2a47a4dc010911b4901f12c09624ad06czozMjoieVdOMWphMWdMUkR+VTdxY3FWbndqNHdwM2JCaUk0cW0iOw==', '2016-11-15 23:28:12', '2016-11-15 23:28:12', '6d72624e-5293-44f0-b9c5-1f65281b7fe1'),
 ('48', '1', '8c0faaa2b6618a0c4052d5cc9b03b73d4c0e1b7bczozMjoiRUEwVXl1b0RYdlJXa1loOGZidGVRTUJUQzVhRmZDOTMiOw==', '2016-11-16 18:12:53', '2016-11-16 18:12:53', '3fce4a57-20ba-471e-8456-25ab1170eac6'),
 ('50', '152', '34702c509146d16641675ec0f63c97f1f26f0fedczozMjoiNFNXcGNNWDA1Yzh4Wm1uS1J6bU9LWlViT1pCVjg2VFQiOw==', '2016-11-17 17:52:18', '2016-11-17 17:52:18', '680cd6d8-3fa4-463d-a5a1-4f846f3cf37c'),
 ('51', '151', '8c6bd5cc993c483e0854ee97b06da87e62a2b877czozMjoiTjlxZFVFX1l6YXV4WXFlT3NNZW1hbjF4NnZlZ355bFkiOw==', '2016-11-17 18:00:28', '2016-11-17 18:00:28', 'adbb12fa-3121-43e6-8adc-0bb0beb24597'),
 ('53', '150', '272f4f3438c9494c9239717fe0f02f5dd29b2127czozMjoiNlJHaEdqbEY4ZU01aWttX1B2NkFnejI5WW5jOWl2MjciOw==', '2016-11-17 18:07:07', '2016-11-17 18:07:07', '75f3b672-cfbf-4780-be20-3662e39470ed'),
 ('54', '148', 'acf17428b6760b65c0cd5a45556a932fb1a84b70czozMjoiNTZJM040SklEbWRaM2JOQ2FnUWtCb0UyS0lNN1kycmkiOw==', '2016-11-17 18:43:23', '2016-11-17 18:43:23', '03e19bad-0c0c-4772-a9cc-712b973c172e'),
 ('55', '46', '6219a567e68ede01af7e4513a8c5402bcc891992czozMjoicGJIVkkwRVZ3U2xFMFZXdTg4RVFmZGhFSlAxbGJraEMiOw==', '2016-11-17 19:19:13', '2016-11-17 19:19:13', '693c2049-aaf1-486d-bc03-57f6f04a2f81'),
 ('56', '146', '3310916ae451989e9ffddbcaeac2f6a575c33b7dczozMjoibWYxSHhZU0JYc2NTWXZlejBORDN1cEJDeV9MamRmWUEiOw==', '2016-11-17 20:07:51', '2016-11-17 20:07:51', '19bacfb3-fa39-4ae2-a4b5-0fca07f5ab39'),
 ('57', '147', '7ecafa2aa4a4b0b589f8eef91c18619cfa9c111fczozMjoieE84MUU3OX5ueFlWdEI0TXFjbV9tNTN2N1lJQWN1MjkiOw==', '2016-11-17 21:01:12', '2016-11-17 21:01:12', 'e6650c0e-3eba-464e-bc5a-08422d0b6b49'),
 ('58', '152', '5982d47e8296acafb6db44c431ffe226dc4b57caczozMjoiV3paM0YwSnRvVUN0RTVHQmg2ZE14NHVSTHpPdTM2UzgiOw==', '2016-11-18 22:41:17', '2016-11-18 22:41:17', '563d93f8-c6cc-4438-bce0-6f0c23b98290'),
 ('59', '149', 'b6950bb9a6a9bef164f6c84e1eb519abd844fbc0czozMjoidzNJVWF6UHR2bkhCV09VRm8zbDl5ZzdsdVd5T0M4OG8iOw==', '2016-11-18 22:48:43', '2016-11-18 22:48:43', 'ffd66ec1-1aa6-44db-8e1c-d5eb9cbc24e2'),
 ('60', '46', '201d7f267efab0cbda9891de9799223f8f32592bczozMjoielpDTWpyaDBkTjkwMDl6Zm53MlJ1S0dvRTU5cVdneGwiOw==', '2016-11-18 23:49:00', '2016-11-18 23:49:00', '2f66626e-1a9e-4f04-bcf6-7e00a17e2b2a'),
 ('61', '46', '767e4a7ff97322b761b5551964ace645e5d308feczozMjoiTWZCWVpRRG1uV0RDTk1TY3lfVzk2YXNnV1N4TkRPNDMiOw==', '2016-11-21 20:17:23', '2016-11-21 20:17:23', '7c3e38de-0d5b-4e41-b050-293ed644ec67'),
 ('62', '46', '5ac09ce28352cf6106bdb34a6ef7b5d128bd8653czozMjoiYzgxODZwVnRQVUd5WW1fSUNGb3RxRTRNS1VmYWN3ZjIiOw==', '2016-11-22 19:31:00', '2016-11-22 21:08:10', 'b3b39b12-2223-43cc-af20-0e1da6950f12'),
 ('65', '152', '741af5791305331c7fbe691ddf3839958dbaef1fczozMjoiTUxwUUFHdGtENVEyN1N0S3U4ZWNCdGZIQ3hFdFZEV1kiOw==', '2016-11-23 21:41:50', '2016-11-23 21:41:50', 'ea4b595a-eabc-4859-89ed-d2ca3e375494'),
 ('66', '46', '9ca9af9ab8275046c8a40704a0a4f3cd7d333846czozMjoiblloYjlCdk1idXVJSWFjTlcwd0tNNWlBUTZiNDF2NWciOw==', '2016-11-23 21:54:17', '2016-11-23 21:54:17', 'c3aa7d3d-d279-488c-b55c-5ac9604a6b19'),
 ('68', '46', 'ae29749ae8f829a85b2a7143c0a427c7018a793cczozMjoiV1psSVM1a2NFX1hzNlk0NERwbUVnR0QwOU9UZFZURmwiOw==', '2016-12-06 00:51:46', '2016-12-06 00:51:46', '6ce59d2c-1135-4dbd-95c6-d32829cb348c'),
 ('69', '46', '6df8b81bee7367820bd607e9d0582f65628761d5czozMjoiQnpwR0tQV0Q4UGN4RU81THdBbmJqeW92VHNTa3lmYlkiOw==', '2016-12-06 22:32:56', '2016-12-06 22:32:56', 'f9a74e83-b5f2-41db-a18f-6f48159fcd21'),
 ('70', '46', 'e63db06ddce1848afce9ebd5dbd42e440b8e0c07czozMjoiZXZwNGRIWnNBRkw4N2hMampyV3pQX3V1Ym82WXlFSnoiOw==', '2016-12-07 00:07:17', '2016-12-07 00:07:17', 'afba0193-93c5-4179-b836-18fb9b1c59b5'),
 ('71', '46', 'c51c2e114d47afc1a801c9e2f2aa8df647b74a9bczozMjoiOVBKNmg5RGo2ZXZWbV9kbHZWMXJtcHN5VXIybHNJTGsiOw==', '2016-12-07 23:19:59', '2016-12-07 23:19:59', 'c986a6e7-7a52-4cd8-b094-d03d2e8f1508'),
 ('72', '46', '925e81d545c864eb1c75b49151f17d6a4e0df477czozMjoiNDl2M3cxc3RqOWFRa0x2MXduRVFCdndVR2JrVEFXeEIiOw==', '2016-12-08 22:44:58', '2016-12-08 22:44:58', '6baa525d-c4f8-40f0-bcaa-1b236e9d044e'),
 ('74', '46', '76bb4a898fa3991757a191a025bf7c1801ba87a8czozMjoicUpURWs3bXlzR3VhTVoyRDFBWTQxYTNVVGIydTBxWlUiOw==', '2016-12-12 20:49:40', '2016-12-12 20:49:40', '398fb585-fa31-490c-a961-b0e6402139c1'),
 ('76', '151', '6ad5db0eab78fa76e6b24e7d002e2b98aadb6634czozMjoiWktXU0RnNnMxblo5TWx0dVJtQlJRdXJxWjNrcW1hcFoiOw==', '2016-12-13 21:02:47', '2016-12-13 21:02:47', '6967030d-7299-4d49-9c6c-5ddbafa17a59'),
 ('77', '46', '23a7e24ace0c1eb154d903ffc3ab5a3488334d40czozMjoidHpsT2d+OG5oNWxHUThkSEt2WnMxbXlsc1hGdkRKY0EiOw==', '2016-12-14 18:35:04', '2016-12-14 18:35:04', '3b3e2cda-7c59-499d-8bf4-320b791f9400'),
 ('78', '46', 'b34ecdf1158fb7ddab46cc0845351deeec7cccc3czozMjoiRzlVfjZXWWJzRXhoVmZYa0tHb2V3RUlwUkFtZUwwM1oiOw==', '2016-12-14 22:11:12', '2016-12-14 22:11:12', '1d520231-ef47-4410-bca4-a5eb279b4ffc'),
 ('81', '46', '0c19188c4d9e90dfa2f5e8fe657789cc6d055afbczozMjoiOW0wdDZoQ2J2WVNTV0hIT0JLX3dUTUF1T0xPQXh0VnoiOw==', '2016-12-15 19:50:31', '2016-12-15 19:50:31', '4c310283-ab3b-49c7-8c23-d7638bea5c84'),
 ('83', '46', 'c45b7ada9459b1e65aef13b8fdc28be86f1701a5czozMjoidWRQdmVpdDQ1SjVPTVRVYUlSZllJUUszanJlVWNyMkEiOw==', '2016-12-15 22:38:58', '2016-12-15 22:38:58', '128910bf-3aa8-43f8-9bb2-380dae8bce95'),
 ('84', '46', '307b100c38d59a2455325aa75ecc0015961d0ae5czozMjoiQm1BVkg4NVF+T3E1Q1NoU1RZRDBXOThHVWE0U2laREMiOw==', '2016-12-16 19:05:06', '2016-12-16 22:15:33', 'f97bb1a0-2c3a-42e9-af3a-7990adfb6420'),
 ('85', '152', 'ea1945be5d3c5ab9b99a566197414deaf7115225czozMjoiM1c2U2N5UlR+a0ZMbklwekdWTVZFNWxXZFBoSDFSNTgiOw==', '2016-12-16 19:12:58', '2016-12-16 19:12:58', '49236f8a-9a91-4a8c-9118-0faa5d034982'),
 ('86', '47', '5a7f4e301432f336a2451bedd86629f9a9cb1f1fczozMjoiRU1QQUpiYVZnc1BpY1hxODJFRlFidjA3MTYxUDM3aWoiOw==', '2016-12-16 22:20:53', '2016-12-16 22:20:53', '6aa9449b-e876-4b64-bf2d-825c2f574b7b'),
 ('87', '151', '3b14286d5167e50b7713a07bfbb3107049ca3d18czozMjoiYm5wVTV6T3RvdFBnMVRtUHVCS3Bmd3dhS3QzUF9PTFQiOw==', '2016-12-19 23:37:00', '2016-12-20 18:16:52', 'a4b3d633-4406-4930-a247-97c4e22f0544'),
 ('88', '1', '0192e005933ee928025b85d6e686697700b4bc26czozMjoiVUpHQ0JUMjdVRnN5QXU1Q3dhRnZXQTUwWW1raGpXTV8iOw==', '2016-12-20 17:55:54', '2016-12-20 19:48:17', '14efc5a7-49f6-4414-9ef1-ab51f00c5f45'),
 ('90', '46', '0e2bb79bf2eb97df5730e21202b6e999c214f8d6czozMjoieGZWYWRqRmp4MFBUN3FWd2w3aFJoT2tjTFppbUNTR0wiOw==', '2016-12-20 19:10:17', '2016-12-20 19:10:17', '90001d2a-7c44-45c6-8755-6017fa2752c4'),
 ('91', '1', 'cf8503d21a7b442e03e53c8e8e148ce16d5471feczozMjoiU1h5TVZXTmFOTG42THlKNnZ+UGx1NjFXaUh0VGwwUn4iOw==', '2016-12-20 19:53:03', '2016-12-20 19:53:03', 'b19c4738-eb81-4060-a620-3c11610e7919');



DROP TABLE IF EXISTS `craft_shunnedmessages`;


--
-- Schema for table `craft_shunnedmessages`
--
CREATE TABLE `craft_shunnedmessages` (
  `id` int(11) NOT NULL AUTO_INCREMENT,
  `userId` int(11) NOT NULL,
  `message` varchar(255) COLLATE utf8_unicode_ci NOT NULL,
  `expiryDate` datetime DEFAULT NULL,
  `dateCreated` datetime NOT NULL,
  `dateUpdated` datetime NOT NULL,
  `uid` char(36) COLLATE utf8_unicode_ci NOT NULL DEFAULT '0',
  PRIMARY KEY (`id`),
  UNIQUE KEY `craft_shunnedmessages_userId_message_unq_idx` (`userId`,`message`)
) ENGINE=InnoDB DEFAULT CHARSET=utf8 COLLATE=utf8_unicode_ci;

DROP TABLE IF EXISTS `craft_structureelements`;


--
-- Schema for table `craft_structureelements`
--
CREATE TABLE `craft_structureelements` (
  `id` int(11) NOT NULL AUTO_INCREMENT,
  `structureId` int(11) NOT NULL,
  `elementId` int(11) DEFAULT NULL,
  `root` int(11) unsigned DEFAULT NULL,
  `lft` int(11) unsigned NOT NULL,
  `rgt` int(11) unsigned NOT NULL,
  `level` smallint(6) unsigned NOT NULL,
  `dateCreated` datetime NOT NULL,
  `dateUpdated` datetime NOT NULL,
  `uid` char(36) COLLATE utf8_unicode_ci NOT NULL DEFAULT '0',
  PRIMARY KEY (`id`),
  UNIQUE KEY `craft_structureelements_structureId_elementId_unq_idx` (`structureId`,`elementId`),
  KEY `craft_structureelements_root_idx` (`root`),
  KEY `craft_structureelements_lft_idx` (`lft`),
  KEY `craft_structureelements_rgt_idx` (`rgt`),
  KEY `craft_structureelements_level_idx` (`level`),
  KEY `craft_structureelements_elementId_fk` (`elementId`)
) ENGINE=InnoDB AUTO_INCREMENT=21 DEFAULT CHARSET=utf8 COLLATE=utf8_unicode_ci;

--
-- Data for table `craft_structureelements`
--

INSERT INTO `craft_structureelements` (`id`, `structureId`, `elementId`, `root`, `lft`, `rgt`, `level`, `dateCreated`, `dateUpdated`, `uid`) VALUES
 ('1', '1', NULL, '1', '1', '14', '0', '2016-10-13 20:36:24', '2016-10-13 20:36:24', '1124c88c-05c0-40a3-b1e3-2d34666c78b6'),
 ('2', '1', '9', '1', '2', '3', '1', '2016-10-13 20:36:24', '2016-10-13 20:36:24', '9cbdcb91-7129-468b-b3fa-deb5760e6797'),
 ('3', '1', '10', '1', '4', '5', '1', '2016-10-13 20:36:32', '2016-10-13 20:36:32', 'bab5bb1c-67b7-4d69-af38-3038c870612d'),
 ('4', '1', '11', '1', '6', '7', '1', '2016-10-13 20:36:44', '2016-10-13 20:36:44', 'cb62cb6a-32ee-4d03-a204-93838b8fa366'),
 ('5', '1', '12', '1', '8', '9', '1', '2016-10-13 20:36:54', '2016-10-13 20:36:54', 'f7d810fc-8489-4938-a8b7-1b0f5e8a0bc5'),
 ('6', '1', '13', '1', '10', '11', '1', '2016-10-13 20:37:02', '2016-10-13 20:37:02', '8aa6960f-ceb0-4444-b7b5-adecb356097e'),
 ('7', '1', '14', '1', '12', '13', '1', '2016-10-13 20:37:10', '2016-10-13 20:37:10', '336bca94-501f-4b89-a5ba-04e149d29690'),
 ('8', '2', NULL, '8', '1', '14', '0', '2016-11-01 18:31:05', '2016-11-01 18:31:05', '60f34995-147f-4b6e-9536-97c5cd1ef842'),
 ('10', '2', '55', '8', '2', '3', '1', '2016-11-01 18:31:38', '2016-11-01 18:31:38', '31bf1c59-c444-4386-9097-dfc8beda8eae'),
 ('11', '2', '56', '8', '4', '5', '1', '2016-11-01 18:31:47', '2016-11-01 18:31:47', '985a473b-9cfb-40df-a77a-93856cfdb759'),
 ('12', '3', NULL, '12', '1', '10', '0', '2016-11-03 21:09:22', '2016-11-03 21:09:22', '096eea13-85a6-4e03-ad2c-646ef4319f9e'),
 ('13', '3', '109', '12', '2', '3', '1', '2016-11-03 21:09:22', '2016-11-03 21:09:22', 'ece76d52-8c9a-4a89-912b-78e6e45a8938'),
 ('14', '3', '110', '12', '4', '5', '1', '2016-11-03 21:09:33', '2016-11-03 21:09:33', '370552c4-ecb2-482c-a6bd-153d5453e897'),
 ('15', '3', '111', '12', '6', '7', '1', '2016-11-03 21:09:48', '2016-11-03 21:09:48', '74b182cf-a1e2-41a8-8c44-250c85527a78'),
 ('16', '3', '127', '12', '8', '9', '1', '2016-11-11 19:45:22', '2016-11-11 19:45:22', '349279d8-f3f2-4225-aa71-89a29689a249'),
 ('17', '2', '337', '8', '6', '7', '1', '2016-12-20 17:56:26', '2016-12-20 17:56:26', '770d477c-2a74-476e-bb3f-2e46e4bb68ea'),
 ('18', '2', '338', '8', '8', '9', '1', '2016-12-20 17:56:44', '2016-12-20 17:56:44', 'fd702940-5387-47d5-b3c5-09f057e35446'),
 ('19', '2', '339', '8', '10', '11', '1', '2016-12-20 17:57:03', '2016-12-20 17:57:03', '82566e6d-2b47-4c18-ac58-bab819e0df5e'),
 ('20', '2', '340', '8', '12', '13', '1', '2016-12-20 17:57:17', '2016-12-20 17:57:17', '643ce125-6655-47f4-85c5-5b36fa8edbd8');



DROP TABLE IF EXISTS `craft_structures`;


--
-- Schema for table `craft_structures`
--
CREATE TABLE `craft_structures` (
  `id` int(11) NOT NULL AUTO_INCREMENT,
  `maxLevels` smallint(6) unsigned DEFAULT NULL,
  `dateCreated` datetime NOT NULL,
  `dateUpdated` datetime NOT NULL,
  `uid` char(36) COLLATE utf8_unicode_ci NOT NULL DEFAULT '0',
  PRIMARY KEY (`id`)
) ENGINE=InnoDB AUTO_INCREMENT=4 DEFAULT CHARSET=utf8 COLLATE=utf8_unicode_ci;

--
-- Data for table `craft_structures`
--

INSERT INTO `craft_structures` (`id`, `maxLevels`, `dateCreated`, `dateUpdated`, `uid`) VALUES
 ('1', NULL, '2016-10-13 20:36:13', '2016-10-13 21:56:23', '3311a35f-5028-453b-9b78-b0f78d69433d'),
 ('2', NULL, '2016-11-01 18:30:53', '2016-11-02 23:29:51', '992b30df-ff03-4923-a967-78b0f912c09d'),
 ('3', NULL, '2016-11-03 21:08:43', '2016-11-03 22:10:44', '9bee82eb-b916-40cf-99c4-349f8b1b65d2');



DROP TABLE IF EXISTS `craft_supertableblocks`;


--
-- Schema for table `craft_supertableblocks`
--
CREATE TABLE `craft_supertableblocks` (
  `id` int(11) NOT NULL,
  `ownerId` int(11) NOT NULL,
  `fieldId` int(11) NOT NULL,
  `typeId` int(11) DEFAULT NULL,
  `sortOrder` smallint(6) unsigned DEFAULT NULL,
  `ownerLocale` char(12) COLLATE utf8_unicode_ci DEFAULT NULL,
  `dateCreated` datetime NOT NULL,
  `dateUpdated` datetime NOT NULL,
  `uid` char(36) COLLATE utf8_unicode_ci NOT NULL DEFAULT '0',
  PRIMARY KEY (`id`),
  KEY `craft_supertableblocks_ownerId_idx` (`ownerId`),
  KEY `craft_supertableblocks_fieldId_idx` (`fieldId`),
  KEY `craft_supertableblocks_typeId_idx` (`typeId`),
  KEY `craft_supertableblocks_sortOrder_idx` (`sortOrder`),
  KEY `craft_supertableblocks_ownerLocale_fk` (`ownerLocale`)
) ENGINE=InnoDB DEFAULT CHARSET=utf8 COLLATE=utf8_unicode_ci;

--
-- Data for table `craft_supertableblocks`
--

INSERT INTO `craft_supertableblocks` (`id`, `ownerId`, `fieldId`, `typeId`, `sortOrder`, `ownerLocale`, `dateCreated`, `dateUpdated`, `uid`) VALUES
 ('99', '43', '48', '1', '1', NULL, '2016-11-02 20:49:02', '2016-11-02 20:49:02', 'f81599af-bb26-4e18-b675-647354d671f9'),
 ('100', '55', '48', '1', '1', NULL, '2016-11-02 22:32:22', '2016-12-08 23:13:21', '2a412745-1f9a-4196-8089-bda7647af8bb'),
 ('102', '101', '48', '1', '1', NULL, '2016-11-02 23:34:23', '2016-12-20 19:32:08', '5195c566-cf53-4491-9366-3da67e9ccf31'),
 ('125', '122', '48', '1', '1', NULL, '2016-11-03 23:15:46', '2016-11-23 00:13:57', '2baaff69-b0f0-416e-856f-b2f30aa6ffba'),
 ('192', '44', '48', '1', '1', NULL, '2016-11-22 23:47:09', '2016-12-20 19:10:49', '7fddbb9d-57e0-4a18-861b-45d932dc834b'),
 ('253', '201', '14', '2', '1', NULL, '2016-12-14 23:24:42', '2016-12-20 19:55:11', '7c70d23f-1087-4b93-91cd-08e1e5a31042'),
 ('254', '15', '14', '2', '1', NULL, '2016-12-14 23:31:59', '2016-12-20 19:55:20', '482c5962-c68a-4fd5-9dea-94991ac31f05'),
 ('269', '265', '14', '2', '1', NULL, '2016-12-15 22:56:32', '2016-12-20 19:54:58', '704094d3-5c4c-4e26-a48b-487cf11f0914'),
 ('343', '294', '14', '2', '1', NULL, '2016-12-20 19:02:54', '2016-12-20 19:54:43', '89e235d5-03dd-4eb2-aaf2-8a22ec667145');



DROP TABLE IF EXISTS `craft_supertableblocktypes`;


--
-- Schema for table `craft_supertableblocktypes`
--
CREATE TABLE `craft_supertableblocktypes` (
  `id` int(11) NOT NULL AUTO_INCREMENT,
  `fieldId` int(11) NOT NULL,
  `fieldLayoutId` int(11) DEFAULT NULL,
  `dateCreated` datetime NOT NULL,
  `dateUpdated` datetime NOT NULL,
  `uid` char(36) COLLATE utf8_unicode_ci NOT NULL DEFAULT '0',
  PRIMARY KEY (`id`),
  KEY `craft_supertableblocktypes_fieldId_fk` (`fieldId`),
  KEY `craft_supertableblocktypes_fieldLayoutId_fk` (`fieldLayoutId`)
) ENGINE=InnoDB AUTO_INCREMENT=3 DEFAULT CHARSET=utf8 COLLATE=utf8_unicode_ci;

--
-- Data for table `craft_supertableblocktypes`
--

INSERT INTO `craft_supertableblocktypes` (`id`, `fieldId`, `fieldLayoutId`, `dateCreated`, `dateUpdated`, `uid`) VALUES
 ('1', '48', '153', '2016-11-02 18:38:31', '2016-11-04 18:31:50', '8146f946-7c08-49c7-b833-59127b4b08d3'),
 ('2', '14', '356', '2016-12-14 23:24:12', '2016-12-14 23:35:16', 'b931e61e-dfe7-4f12-b727-47f27eda3f9b');



DROP TABLE IF EXISTS `craft_supertablecontent_additionalinformation`;


--
-- Schema for table `craft_supertablecontent_additionalinformation`
--
CREATE TABLE `craft_supertablecontent_additionalinformation` (
  `id` int(11) NOT NULL AUTO_INCREMENT,
  `elementId` int(11) NOT NULL,
  `locale` char(12) COLLATE utf8_unicode_ci NOT NULL,
  `field_header` text COLLATE utf8_unicode_ci,
  `field_info` text COLLATE utf8_unicode_ci,
  `dateCreated` datetime NOT NULL,
  `dateUpdated` datetime NOT NULL,
  `uid` char(36) COLLATE utf8_unicode_ci NOT NULL DEFAULT '0',
  PRIMARY KEY (`id`),
  UNIQUE KEY `craft_supertableconte_additionalinformati_elementI_local_unq_idx` (`elementId`,`locale`),
  KEY `craft_supertablecontent_additionalinformation_locale_fk` (`locale`)
) ENGINE=InnoDB AUTO_INCREMENT=5 DEFAULT CHARSET=utf8 COLLATE=utf8_unicode_ci;

--
-- Data for table `craft_supertablecontent_additionalinformation`
--

INSERT INTO `craft_supertablecontent_additionalinformation` (`id`, `elementId`, `locale`, `field_header`, `field_info`, `dateCreated`, `dateUpdated`, `uid`) VALUES
 ('1', '253', 'en_us', 'Category Heading', '<p>Additional Info</p>', '2016-12-14 23:24:42', '2016-12-20 19:55:11', '65b3bbc8-d721-4547-9a18-669582f570f7'),
 ('2', '254', 'en_us', 'Website', '<p><a href=\"http://fulcrumfoundation.org\" target=\"_blank\">fulcrumfoundation.org</a></p>', '2016-12-14 23:31:59', '2016-12-20 19:55:20', '20fe1553-4978-48d1-ab10-81fe6e88228d'),
 ('3', '269', 'en_us', 'Website', '<p><a href=\"http://eathomegrown.com/\" target=\"_blank\">eathomegrown.com</a></p>', '2016-12-15 22:56:32', '2016-12-20 19:54:58', '80c68d67-f6b5-4397-9886-462591c59d47'),
 ('4', '343', 'en_us', 'Website', '<p><a href=\"http://revelconsulting.com/\" target=\"_blank\">revelconsulting.com</a></p>', '2016-12-20 19:02:54', '2016-12-20 19:54:43', '7e9668ee-096c-4342-b19c-f3b715fcc5f7');



DROP TABLE IF EXISTS `craft_supertablecontent_cta`;


--
-- Schema for table `craft_supertablecontent_cta`
--
CREATE TABLE `craft_supertablecontent_cta` (
  `id` int(11) NOT NULL AUTO_INCREMENT,
  `elementId` int(11) NOT NULL,
  `locale` char(12) COLLATE utf8_unicode_ci NOT NULL,
  `field_header` text COLLATE utf8_unicode_ci,
  `field_subtext` text COLLATE utf8_unicode_ci,
  `field_backgroundColor` char(7) COLLATE utf8_unicode_ci DEFAULT NULL,
  `field_linkUrl` text COLLATE utf8_unicode_ci,
  `field_fontColor` char(7) COLLATE utf8_unicode_ci DEFAULT NULL,
  `dateCreated` datetime NOT NULL,
  `dateUpdated` datetime NOT NULL,
  `uid` char(36) COLLATE utf8_unicode_ci NOT NULL DEFAULT '0',
  PRIMARY KEY (`id`),
  UNIQUE KEY `craft_supertablecontent_cta_elementId_locale_unq_idx` (`elementId`,`locale`),
  KEY `craft_supertablecontent_cta_locale_fk` (`locale`)
) ENGINE=InnoDB AUTO_INCREMENT=7 DEFAULT CHARSET=utf8 COLLATE=utf8_unicode_ci;

--
-- Data for table `craft_supertablecontent_cta`
--

INSERT INTO `craft_supertablecontent_cta` (`id`, `elementId`, `locale`, `field_header`, `field_subtext`, `field_backgroundColor`, `field_linkUrl`, `field_fontColor`, `dateCreated`, `dateUpdated`, `uid`) VALUES
 ('1', '98', 'en_us', 'Drop \r\nus \r\na \r\nline', 'Contact Us', '#0000ff', '/contact', NULL, '2016-11-02 18:59:49', '2016-11-02 23:39:00', '043143c9-756a-410c-bcdb-5c775562387a'),
 ('2', '99', 'en_us', 'Check\r\nout\r\nwhat\'s\r\nhappening', 'Our Journal', '#ffae96', '/journal', NULL, '2016-11-02 20:49:02', '2016-11-02 20:49:02', 'fc6d1938-7d8f-44e6-9a68-97abbed9a4d9'),
 ('3', '100', 'en_us', 'See\r\nWhat \r\nMakes\r\nUs\r\nTick', 'Our Studio', '#000000', '/overview', '#000000', '2016-11-02 22:32:22', '2016-12-08 23:13:21', 'e77f9781-5e42-4935-9d5d-0c4f5c793b75'),
 ('4', '102', 'en_us', 'Drop \r\nus \r\na \r\nline', 'Contact Us', '#000000', '/contact', '#efefef', '2016-11-02 23:34:23', '2016-12-20 19:32:08', '882ae1a9-62ae-4936-a130-2d998163064b'),
 ('5', '125', 'en_us', 'I\r\nWanna\r\nRead\r\nMore', 'Our Journal', '#ffae96', '/journal', '#ffffff', '2016-11-03 23:15:46', '2016-11-23 00:13:57', '3d1c8d31-7a93-4eee-b8c9-532d85978953'),
 ('6', '192', 'en_us', 'See \r\nOur\r\nWork', 'See Our Work', '#3c00ff', '/work', '#efefef', '2016-11-22 23:47:09', '2016-12-20 19:10:49', '9dec7855-e726-4a5a-83e5-df9ee9b63388');



DROP TABLE IF EXISTS `craft_systemsettings`;


--
-- Schema for table `craft_systemsettings`
--
CREATE TABLE `craft_systemsettings` (
  `id` int(11) NOT NULL AUTO_INCREMENT,
  `category` varchar(15) COLLATE utf8_unicode_ci NOT NULL,
  `settings` text COLLATE utf8_unicode_ci,
  `dateCreated` datetime NOT NULL,
  `dateUpdated` datetime NOT NULL,
  `uid` char(36) COLLATE utf8_unicode_ci NOT NULL DEFAULT '0',
  PRIMARY KEY (`id`),
  UNIQUE KEY `craft_systemsettings_category_unq_idx` (`category`)
) ENGINE=InnoDB AUTO_INCREMENT=2 DEFAULT CHARSET=utf8 COLLATE=utf8_unicode_ci;

--
-- Data for table `craft_systemsettings`
--

INSERT INTO `craft_systemsettings` (`id`, `category`, `settings`, `dateCreated`, `dateUpdated`, `uid`) VALUES
 ('1', 'email', '{\"protocol\":\"php\",\"emailAddress\":\"nick@turnstylestudio.com\",\"senderName\":\"Turnstyle\"}', '2016-10-07 18:01:54', '2016-10-07 18:01:54', 'c6208422-1cc5-49b4-ad3b-c9cc15767bd7');



DROP TABLE IF EXISTS `craft_taggroups`;


--
-- Schema for table `craft_taggroups`
--
CREATE TABLE `craft_taggroups` (
  `id` int(11) NOT NULL AUTO_INCREMENT,
  `name` varchar(255) COLLATE utf8_unicode_ci NOT NULL,
  `handle` varchar(255) COLLATE utf8_unicode_ci NOT NULL,
  `fieldLayoutId` int(10) DEFAULT NULL,
  `dateCreated` datetime NOT NULL,
  `dateUpdated` datetime NOT NULL,
  `uid` char(36) COLLATE utf8_unicode_ci NOT NULL DEFAULT '0',
  PRIMARY KEY (`id`),
  UNIQUE KEY `craft_taggroups_name_unq_idx` (`name`),
  UNIQUE KEY `craft_taggroups_handle_unq_idx` (`handle`),
  KEY `craft_taggroups_fieldLayoutId_fk` (`fieldLayoutId`)
) ENGINE=InnoDB AUTO_INCREMENT=2 DEFAULT CHARSET=utf8 COLLATE=utf8_unicode_ci;

--
-- Data for table `craft_taggroups`
--

INSERT INTO `craft_taggroups` (`id`, `name`, `handle`, `fieldLayoutId`, `dateCreated`, `dateUpdated`, `uid`) VALUES
 ('1', 'Default', 'default', '1', '2016-10-07 18:01:54', '2016-10-07 18:01:54', '635f898f-54f4-476f-95b6-fd35c369a3f0');



DROP TABLE IF EXISTS `craft_tags`;


--
-- Schema for table `craft_tags`
--
CREATE TABLE `craft_tags` (
  `id` int(11) NOT NULL,
  `groupId` int(11) NOT NULL,
  `dateCreated` datetime NOT NULL,
  `dateUpdated` datetime NOT NULL,
  `uid` char(36) COLLATE utf8_unicode_ci NOT NULL DEFAULT '0',
  PRIMARY KEY (`id`),
  KEY `craft_tags_groupId_fk` (`groupId`)
) ENGINE=InnoDB DEFAULT CHARSET=utf8 COLLATE=utf8_unicode_ci;

DROP TABLE IF EXISTS `craft_tasks`;


--
-- Schema for table `craft_tasks`
--
CREATE TABLE `craft_tasks` (
  `id` int(11) NOT NULL AUTO_INCREMENT,
  `root` int(11) unsigned DEFAULT NULL,
  `lft` int(11) unsigned NOT NULL,
  `rgt` int(11) unsigned NOT NULL,
  `level` smallint(6) unsigned NOT NULL,
  `currentStep` int(11) unsigned DEFAULT NULL,
  `totalSteps` int(11) unsigned DEFAULT NULL,
  `status` enum('pending','error','running') COLLATE utf8_unicode_ci DEFAULT NULL,
  `type` varchar(150) COLLATE utf8_unicode_ci NOT NULL,
  `description` varchar(255) COLLATE utf8_unicode_ci DEFAULT NULL,
  `settings` mediumtext COLLATE utf8_unicode_ci,
  `dateCreated` datetime NOT NULL,
  `dateUpdated` datetime NOT NULL,
  `uid` char(36) COLLATE utf8_unicode_ci NOT NULL DEFAULT '0',
  PRIMARY KEY (`id`),
  KEY `craft_tasks_root_idx` (`root`),
  KEY `craft_tasks_lft_idx` (`lft`),
  KEY `craft_tasks_rgt_idx` (`rgt`),
  KEY `craft_tasks_level_idx` (`level`)
) ENGINE=InnoDB AUTO_INCREMENT=574 DEFAULT CHARSET=utf8 COLLATE=utf8_unicode_ci;

DROP TABLE IF EXISTS `craft_templatecachecriteria`;


--
-- Schema for table `craft_templatecachecriteria`
--
CREATE TABLE `craft_templatecachecriteria` (
  `id` int(11) NOT NULL AUTO_INCREMENT,
  `cacheId` int(11) NOT NULL,
  `type` varchar(150) COLLATE utf8_unicode_ci NOT NULL,
  `criteria` text COLLATE utf8_unicode_ci NOT NULL,
  PRIMARY KEY (`id`),
  KEY `craft_templatecachecriteria_cacheId_fk` (`cacheId`),
  KEY `craft_templatecachecriteria_type_idx` (`type`)
) ENGINE=InnoDB DEFAULT CHARSET=utf8 COLLATE=utf8_unicode_ci;

DROP TABLE IF EXISTS `craft_templatecacheelements`;


--
-- Schema for table `craft_templatecacheelements`
--
CREATE TABLE `craft_templatecacheelements` (
  `cacheId` int(11) NOT NULL,
  `elementId` int(11) NOT NULL,
  KEY `craft_templatecacheelements_cacheId_fk` (`cacheId`),
  KEY `craft_templatecacheelements_elementId_fk` (`elementId`)
) ENGINE=InnoDB DEFAULT CHARSET=utf8 COLLATE=utf8_unicode_ci;

DROP TABLE IF EXISTS `craft_templatecaches`;


--
-- Schema for table `craft_templatecaches`
--
CREATE TABLE `craft_templatecaches` (
  `id` int(11) NOT NULL AUTO_INCREMENT,
  `cacheKey` varchar(255) COLLATE utf8_unicode_ci NOT NULL,
  `locale` char(12) COLLATE utf8_unicode_ci NOT NULL,
  `path` varchar(255) COLLATE utf8_unicode_ci DEFAULT NULL,
  `expiryDate` datetime NOT NULL,
  `body` mediumtext COLLATE utf8_unicode_ci NOT NULL,
  PRIMARY KEY (`id`),
  KEY `craft_templatecaches_locale_fk` (`locale`),
  KEY `craft_templatecaches_locale_cacheKey_path_expiryDate_idx` (`locale`,`cacheKey`,`path`,`expiryDate`)
) ENGINE=InnoDB DEFAULT CHARSET=utf8 COLLATE=utf8_unicode_ci;

DROP TABLE IF EXISTS `craft_tokens`;


--
-- Schema for table `craft_tokens`
--
CREATE TABLE `craft_tokens` (
  `id` int(11) NOT NULL AUTO_INCREMENT,
  `token` char(32) COLLATE utf8_unicode_ci NOT NULL,
  `route` text COLLATE utf8_unicode_ci,
  `usageLimit` tinyint(3) unsigned DEFAULT NULL,
  `usageCount` tinyint(3) unsigned DEFAULT NULL,
  `expiryDate` datetime NOT NULL,
  `dateCreated` datetime NOT NULL,
  `dateUpdated` datetime NOT NULL,
  `uid` char(36) COLLATE utf8_unicode_ci NOT NULL DEFAULT '0',
  PRIMARY KEY (`id`),
  UNIQUE KEY `craft_tokens_token_unq_idx` (`token`),
  KEY `craft_tokens_expiryDate_idx` (`expiryDate`)
) ENGINE=InnoDB DEFAULT CHARSET=utf8 COLLATE=utf8_unicode_ci;

DROP TABLE IF EXISTS `craft_usergroups`;


--
-- Schema for table `craft_usergroups`
--
CREATE TABLE `craft_usergroups` (
  `id` int(11) NOT NULL AUTO_INCREMENT,
  `name` varchar(255) COLLATE utf8_unicode_ci NOT NULL,
  `handle` varchar(255) COLLATE utf8_unicode_ci NOT NULL,
  `dateCreated` datetime NOT NULL,
  `dateUpdated` datetime NOT NULL,
  `uid` char(36) COLLATE utf8_unicode_ci NOT NULL DEFAULT '0',
  PRIMARY KEY (`id`),
  UNIQUE KEY `craft_usergroups_name_unq_idx` (`name`),
  UNIQUE KEY `craft_usergroups_handle_unq_idx` (`handle`)
) ENGINE=InnoDB DEFAULT CHARSET=utf8 COLLATE=utf8_unicode_ci;

DROP TABLE IF EXISTS `craft_usergroups_users`;


--
-- Schema for table `craft_usergroups_users`
--
CREATE TABLE `craft_usergroups_users` (
  `id` int(11) NOT NULL AUTO_INCREMENT,
  `groupId` int(11) NOT NULL,
  `userId` int(11) NOT NULL,
  `dateCreated` datetime NOT NULL,
  `dateUpdated` datetime NOT NULL,
  `uid` char(36) COLLATE utf8_unicode_ci NOT NULL DEFAULT '0',
  PRIMARY KEY (`id`),
  UNIQUE KEY `craft_usergroups_users_groupId_userId_unq_idx` (`groupId`,`userId`),
  KEY `craft_usergroups_users_userId_fk` (`userId`)
) ENGINE=InnoDB DEFAULT CHARSET=utf8 COLLATE=utf8_unicode_ci;

DROP TABLE IF EXISTS `craft_userpermissions`;


--
-- Schema for table `craft_userpermissions`
--
CREATE TABLE `craft_userpermissions` (
  `id` int(11) NOT NULL AUTO_INCREMENT,
  `name` varchar(255) COLLATE utf8_unicode_ci NOT NULL,
  `dateCreated` datetime NOT NULL,
  `dateUpdated` datetime NOT NULL,
  `uid` char(36) COLLATE utf8_unicode_ci NOT NULL DEFAULT '0',
  PRIMARY KEY (`id`),
  UNIQUE KEY `craft_userpermissions_name_unq_idx` (`name`)
) ENGINE=InnoDB DEFAULT CHARSET=utf8 COLLATE=utf8_unicode_ci;

DROP TABLE IF EXISTS `craft_userpermissions_usergroups`;


--
-- Schema for table `craft_userpermissions_usergroups`
--
CREATE TABLE `craft_userpermissions_usergroups` (
  `id` int(11) NOT NULL AUTO_INCREMENT,
  `permissionId` int(11) NOT NULL,
  `groupId` int(11) NOT NULL,
  `dateCreated` datetime NOT NULL,
  `dateUpdated` datetime NOT NULL,
  `uid` char(36) COLLATE utf8_unicode_ci NOT NULL DEFAULT '0',
  PRIMARY KEY (`id`),
  UNIQUE KEY `craft_userpermissions_usergroups_permissionId_groupId_unq_idx` (`permissionId`,`groupId`),
  KEY `craft_userpermissions_usergroups_groupId_fk` (`groupId`)
) ENGINE=InnoDB DEFAULT CHARSET=utf8 COLLATE=utf8_unicode_ci;

DROP TABLE IF EXISTS `craft_userpermissions_users`;


--
-- Schema for table `craft_userpermissions_users`
--
CREATE TABLE `craft_userpermissions_users` (
  `id` int(11) NOT NULL AUTO_INCREMENT,
  `permissionId` int(11) NOT NULL,
  `userId` int(11) NOT NULL,
  `dateCreated` datetime NOT NULL,
  `dateUpdated` datetime NOT NULL,
  `uid` char(36) COLLATE utf8_unicode_ci NOT NULL DEFAULT '0',
  PRIMARY KEY (`id`),
  UNIQUE KEY `craft_userpermissions_users_permissionId_userId_unq_idx` (`permissionId`,`userId`),
  KEY `craft_userpermissions_users_userId_fk` (`userId`)
) ENGINE=InnoDB DEFAULT CHARSET=utf8 COLLATE=utf8_unicode_ci;

DROP TABLE IF EXISTS `craft_users`;


--
-- Schema for table `craft_users`
--
CREATE TABLE `craft_users` (
  `id` int(11) NOT NULL,
  `username` varchar(100) COLLATE utf8_unicode_ci NOT NULL,
  `photo` varchar(100) COLLATE utf8_unicode_ci DEFAULT NULL,
  `firstName` varchar(100) COLLATE utf8_unicode_ci DEFAULT NULL,
  `lastName` varchar(100) COLLATE utf8_unicode_ci DEFAULT NULL,
  `email` varchar(255) COLLATE utf8_unicode_ci NOT NULL,
  `password` char(255) COLLATE utf8_unicode_ci DEFAULT NULL,
  `preferredLocale` char(12) COLLATE utf8_unicode_ci DEFAULT NULL,
  `weekStartDay` tinyint(1) unsigned NOT NULL DEFAULT '0',
  `admin` tinyint(1) unsigned NOT NULL DEFAULT '0',
  `client` tinyint(1) unsigned NOT NULL DEFAULT '0',
  `locked` tinyint(1) unsigned NOT NULL DEFAULT '0',
  `suspended` tinyint(1) unsigned NOT NULL DEFAULT '0',
  `pending` tinyint(1) unsigned NOT NULL DEFAULT '0',
  `archived` tinyint(1) unsigned NOT NULL DEFAULT '0',
  `lastLoginDate` datetime DEFAULT NULL,
  `lastLoginAttemptIPAddress` varchar(45) COLLATE utf8_unicode_ci DEFAULT NULL,
  `invalidLoginWindowStart` datetime DEFAULT NULL,
  `invalidLoginCount` tinyint(4) unsigned DEFAULT NULL,
  `lastInvalidLoginDate` datetime DEFAULT NULL,
  `lockoutDate` datetime DEFAULT NULL,
  `verificationCode` char(100) COLLATE utf8_unicode_ci DEFAULT NULL,
  `verificationCodeIssuedDate` datetime DEFAULT NULL,
  `unverifiedEmail` varchar(255) COLLATE utf8_unicode_ci DEFAULT NULL,
  `passwordResetRequired` tinyint(1) unsigned NOT NULL DEFAULT '0',
  `lastPasswordChangeDate` datetime DEFAULT NULL,
  `dateCreated` datetime NOT NULL,
  `dateUpdated` datetime NOT NULL,
  `uid` char(36) COLLATE utf8_unicode_ci NOT NULL DEFAULT '0',
  PRIMARY KEY (`id`),
  UNIQUE KEY `craft_users_username_unq_idx` (`username`),
  UNIQUE KEY `craft_users_email_unq_idx` (`email`),
  KEY `craft_users_verificationCode_idx` (`verificationCode`),
  KEY `craft_users_uid_idx` (`uid`),
  KEY `craft_users_preferredLocale_fk` (`preferredLocale`)
) ENGINE=InnoDB DEFAULT CHARSET=utf8 COLLATE=utf8_unicode_ci;

--
-- Data for table `craft_users`
--

INSERT INTO `craft_users` (`id`, `username`, `photo`, `firstName`, `lastName`, `email`, `password`, `preferredLocale`, `weekStartDay`, `admin`, `client`, `locked`, `suspended`, `pending`, `archived`, `lastLoginDate`, `lastLoginAttemptIPAddress`, `invalidLoginWindowStart`, `invalidLoginCount`, `lastInvalidLoginDate`, `lockoutDate`, `verificationCode`, `verificationCodeIssuedDate`, `unverifiedEmail`, `passwordResetRequired`, `lastPasswordChangeDate`, `dateCreated`, `dateUpdated`, `uid`) VALUES
 ('1', 'themaster', 'Nick_02_430_220_90_c1.jpg', 'Nick', 'Katarow', 'nick@turnstylestudio.com', '$2y$13$n1fb9Zi3xG6Mi1hGM2pGkeQYunNLcPconJGhBRW39.EuPkhmk5XMm', NULL, '0', '1', '0', '0', '0', '0', '0', '2016-12-20 19:53:03', '::1', NULL, NULL, NULL, NULL, NULL, NULL, NULL, '0', '2016-10-07 18:01:52', '2016-10-07 18:01:52', '2016-12-20 19:53:03', 'b7823d1b-e5f4-4f11-882a-ebd3b3f39491'),
 ('46', 'kgabouer', 'Kyle_00_430_220_90_c1.jpg', 'Kyle', 'Gabouer', 'kyle@turnstylestudio.com', '$2y$13$ex18SDu6zknx/pEj4biw7OXS0tYn8zgpHcjGe9fU29Fc0Bg0hQjgG', NULL, '0', '1', '0', '0', '0', '0', '0', '2016-12-20 19:10:17', '96.85.209.46', NULL, NULL, '2016-12-20 19:10:11', NULL, NULL, NULL, NULL, '0', '2016-11-11 18:43:20', '2016-10-20 20:44:16', '2016-12-20 19:10:17', '887011e6-9a93-41d0-8352-e1e8e50052eb'),
 ('47', 'bgraham', 'Ben_01_2_430_220_90_c1.jpg', 'Ben', 'Graham', 'ben@turnstylestudio.com', '$2y$13$V84s93YSNWt1TqNDrNV2muUsn.BO3SXZdLGSVphBu36AT6RQngpZm', NULL, '0', '1', '0', '0', '0', '0', '0', '2016-12-16 22:20:53', '96.85.209.46', NULL, NULL, NULL, NULL, NULL, NULL, NULL, '0', '2016-10-20 21:25:21', '2016-10-20 20:45:10', '2016-12-16 22:20:53', '7b37964c-a10c-45ac-9240-09df6024fc69'),
 ('146', 'mdiefenbach', 'Matt_01_3_430_220_90_c1.jpg', 'Matt', 'Diefenbach', 'matt@turnstylestudio.com', '$2y$13$OCtWrrozaFbjpDJptLPa6uKmKDVPiNN60NMCze2UIvl5n2.gpCFUS', NULL, '0', '1', '0', '0', '0', '0', '0', '2016-11-17 20:07:51', '96.85.209.46', NULL, NULL, NULL, NULL, NULL, NULL, NULL, '0', '2016-11-17 20:07:26', '2016-11-17 17:46:18', '2016-11-17 20:07:51', '71589282-6a20-44c9-a9a8-64a9e5765003'),
 ('147', 'swatson', 'Terrence-Howard.jpg', 'Steve', 'Watson', 'steve@turnstylestudio.com', '$2y$13$tkU9WHwX4i.apcV/Wq9juewvcklp5YjwG88laS8nEwA3yneFURZme', NULL, '0', '1', '0', '0', '0', '0', '0', '2016-11-17 21:01:12', '96.85.209.46', NULL, NULL, '2016-11-17 20:55:53', NULL, NULL, NULL, NULL, '0', '2016-11-17 20:57:34', '2016-11-17 17:46:53', '2016-11-17 21:01:12', '87904dc3-9921-410a-a19b-cfc3bacc994f'),
 ('148', 'rbaerwalde', 'Regina_01_430_220_90_c1.jpg', 'Regina', 'Baerwalde', 'regina@turnstylestudio.com', '$2y$13$gSy7Z/K36lbhXFKEe2Rsqu26D3yzbyLh2mfwoQbp1/XuURJxnQABy', NULL, '0', '1', '0', '0', '0', '0', '0', '2016-11-17 18:43:23', '96.85.209.46', NULL, NULL, NULL, NULL, NULL, NULL, NULL, '0', '2016-11-17 18:43:07', '2016-11-17 17:47:35', '2016-11-17 18:43:23', '4268a120-c3fb-4821-967e-703e1ee3193d'),
 ('149', 'abaker', 'Abbey_01_430_220_90_c1.jpg', 'Abbey', 'Baker', 'abbey@turnstylestudio.com', '$2y$13$dFzFv2ESDM0Eyr4n0sKoneUJ0q5pWTHiiEq/GO7NfhXR/xvU5KsHq', NULL, '0', '1', '0', '0', '0', '0', '0', '2016-11-18 22:48:43', '96.85.209.46', NULL, NULL, '2016-11-18 22:46:04', NULL, NULL, NULL, NULL, '0', '2016-11-18 22:48:20', '2016-11-17 17:48:02', '2016-11-18 22:48:43', 'ca84f9bd-caf4-4077-962f-d6ff7d417c13'),
 ('150', 'gsteider', 'Garret_01_1_430_220_90_c1.jpg', 'Garret', 'Steider', 'garret@turnstylestudio.com', '$2y$13$FCpVTXIvuoVIJilYyAnk2ObD/Z3DA2EK6oHng2ttwhOVMAu.3odei', NULL, '0', '1', '0', '0', '0', '0', '0', '2016-11-17 18:07:07', '96.85.209.46', NULL, NULL, NULL, NULL, NULL, NULL, NULL, '0', '2016-11-17 18:03:53', '2016-11-17 17:48:28', '2016-11-17 18:07:07', '954a6b6c-13a8-4646-8c4b-398de27698ad'),
 ('151', 'rbennett', 'Robert_01_430_220_90_c1.jpg', 'Robert', 'Bennett', 'robert@turnstylestudio.com', '$2y$13$fbwgyOjPMQMT2dh45ztcH.9V5LrDw7nguwvNAgdgYSAfXxYx4hn5C', NULL, '0', '1', '0', '0', '0', '0', '0', '2016-12-19 23:37:00', '96.85.209.46', NULL, NULL, '2016-12-13 21:01:08', NULL, NULL, NULL, NULL, '0', '2016-12-13 21:02:41', '2016-11-17 17:48:51', '2016-12-19 23:37:00', '95e1d448-2a34-46f3-8261-ee755fbebc6b'),
 ('152', 'jgomez', 'Jason_01B_1_430_220_90_c1.jpg', 'Jason', 'Gomez', 'jason@turnstylestudio.com', '$2y$13$2F434Nv.41YR6EdVbivDlOljWyk4yJap37EkoNvPYrDgcgdrGFk4y', NULL, '0', '1', '0', '0', '0', '0', '0', '2016-12-16 19:12:58', '96.85.209.46', NULL, NULL, NULL, NULL, NULL, NULL, NULL, '0', '2016-11-17 17:52:08', '2016-11-17 17:49:13', '2016-12-16 19:12:58', 'f3c45639-7fa0-4a2e-9fd2-7a5f762e62db');



DROP TABLE IF EXISTS `craft_widgets`;


--
-- Schema for table `craft_widgets`
--
CREATE TABLE `craft_widgets` (
  `id` int(11) NOT NULL AUTO_INCREMENT,
  `userId` int(11) NOT NULL,
  `type` varchar(150) COLLATE utf8_unicode_ci NOT NULL,
  `sortOrder` smallint(6) unsigned DEFAULT NULL,
  `colspan` tinyint(4) unsigned DEFAULT NULL,
  `settings` text COLLATE utf8_unicode_ci,
  `enabled` tinyint(1) unsigned NOT NULL DEFAULT '1',
  `dateCreated` datetime NOT NULL,
  `dateUpdated` datetime NOT NULL,
  `uid` char(36) COLLATE utf8_unicode_ci NOT NULL DEFAULT '0',
  PRIMARY KEY (`id`),
  KEY `craft_widgets_userId_fk` (`userId`)
) ENGINE=InnoDB AUTO_INCREMENT=41 DEFAULT CHARSET=utf8 COLLATE=utf8_unicode_ci;

--
-- Data for table `craft_widgets`
--

INSERT INTO `craft_widgets` (`id`, `userId`, `type`, `sortOrder`, `colspan`, `settings`, `enabled`, `dateCreated`, `dateUpdated`, `uid`) VALUES
 ('1', '1', 'RecentEntries', '1', NULL, NULL, '1', '2016-10-07 18:01:58', '2016-10-07 18:01:58', '77885f44-8a17-4f42-8187-10900733d350'),
 ('2', '1', 'GetHelp', '2', NULL, NULL, '1', '2016-10-07 18:01:58', '2016-10-07 18:01:58', 'b708b22b-482f-4cde-a9ca-a9eec1d19fff'),
 ('3', '1', 'Updates', '3', NULL, NULL, '1', '2016-10-07 18:01:58', '2016-10-07 18:01:58', '281b2d56-5aa4-483a-8f17-700f38541dc5'),
 ('4', '1', 'Feed', '4', NULL, '{\"url\":\"https:\\/\\/craftcms.com\\/news.rss\",\"title\":\"Craft News\"}', '1', '2016-10-07 18:01:58', '2016-10-07 18:01:58', '033bebd5-7200-4121-9eac-23198db632c1'),
 ('5', '47', 'RecentEntries', '1', NULL, NULL, '1', '2016-10-20 21:25:38', '2016-10-20 21:25:38', 'a44fb5d4-2838-4cfc-9eb7-5b2858352bf9'),
 ('6', '47', 'GetHelp', '2', NULL, NULL, '1', '2016-10-20 21:25:38', '2016-10-20 21:25:38', '9b363129-2987-4511-988c-405fca299dbb'),
 ('7', '47', 'Updates', '3', NULL, NULL, '1', '2016-10-20 21:25:38', '2016-10-20 21:25:38', '993e2d25-8812-4e0c-ba48-a023efebed47'),
 ('8', '47', 'Feed', '4', NULL, '{\"url\":\"https:\\/\\/craftcms.com\\/news.rss\",\"title\":\"Craft News\"}', '1', '2016-10-20 21:25:38', '2016-10-20 21:25:38', '40e6dc3f-9a27-43d4-9b88-f178cf37d1ed'),
 ('9', '46', 'RecentEntries', '1', NULL, NULL, '1', '2016-11-10 17:48:01', '2016-11-10 17:48:01', 'b403a80c-0870-4b23-a7e6-78c82a1b6b3b'),
 ('10', '46', 'GetHelp', '2', NULL, NULL, '1', '2016-11-10 17:48:01', '2016-11-10 17:48:01', '7ba43a6a-3314-4d6b-a356-beacb1c06331'),
 ('11', '46', 'Updates', '3', NULL, NULL, '1', '2016-11-10 17:48:01', '2016-11-10 17:48:01', 'd62c0968-dc94-4abd-b862-18554ba3ce61'),
 ('12', '46', 'Feed', '4', NULL, '{\"url\":\"https:\\/\\/craftcms.com\\/news.rss\",\"title\":\"Craft News\"}', '1', '2016-11-10 17:48:01', '2016-11-10 17:48:01', '43b39a99-f854-4431-b472-15381c452e1a'),
 ('13', '152', 'RecentEntries', '1', NULL, NULL, '1', '2016-11-17 17:52:19', '2016-11-17 17:52:19', '627f7e85-4448-4d9f-abfb-23c340410925'),
 ('14', '152', 'GetHelp', '2', NULL, NULL, '1', '2016-11-17 17:52:19', '2016-11-17 17:52:19', 'be3c9923-819e-47c2-a7b0-6a9bb9a7a4b8'),
 ('15', '152', 'Updates', '3', NULL, NULL, '1', '2016-11-17 17:52:19', '2016-11-17 17:52:19', '67264f2c-7009-4cd1-8ac8-46aed2dc5bec'),
 ('16', '152', 'Feed', '4', NULL, '{\"url\":\"https:\\/\\/craftcms.com\\/news.rss\",\"title\":\"Craft News\"}', '1', '2016-11-17 17:52:19', '2016-11-17 17:52:19', 'c6ad88d0-fa08-4e94-876f-0d80568f0c12'),
 ('17', '151', 'RecentEntries', '1', NULL, NULL, '1', '2016-11-17 18:00:28', '2016-11-17 18:00:28', 'e5629e5e-9b78-4adf-9ebd-1a8ccaa95130'),
 ('18', '151', 'GetHelp', '2', NULL, NULL, '1', '2016-11-17 18:00:28', '2016-11-17 18:00:28', '4411fa82-5589-4677-8fa0-ee9038dc051b'),
 ('19', '151', 'Updates', '3', NULL, NULL, '1', '2016-11-17 18:00:28', '2016-11-17 18:00:28', 'e1fcb6eb-de90-4fcc-bc59-69d14de9d1dc'),
 ('20', '151', 'Feed', '4', NULL, '{\"url\":\"https:\\/\\/craftcms.com\\/news.rss\",\"title\":\"Craft News\"}', '1', '2016-11-17 18:00:28', '2016-11-17 18:00:28', '5bcd59a2-3ee2-40f0-9e9b-46ccd9811356'),
 ('21', '150', 'RecentEntries', '1', NULL, NULL, '1', '2016-11-17 18:04:18', '2016-11-17 18:04:18', '01b79b32-ea36-40b0-a361-ffeb708cc44e'),
 ('22', '150', 'GetHelp', '2', NULL, NULL, '1', '2016-11-17 18:04:18', '2016-11-17 18:04:18', 'e831c24f-b665-4b8c-9543-0e0994bdf226'),
 ('23', '150', 'Updates', '3', NULL, NULL, '1', '2016-11-17 18:04:18', '2016-11-17 18:04:18', '519368b7-1251-403d-a238-b37cb514db30'),
 ('24', '150', 'Feed', '4', NULL, '{\"url\":\"https:\\/\\/craftcms.com\\/news.rss\",\"title\":\"Craft News\"}', '1', '2016-11-17 18:04:18', '2016-11-17 18:04:18', '1c1bbeaa-7246-4b82-8448-ff623f25a887'),
 ('25', '148', 'RecentEntries', '1', NULL, NULL, '1', '2016-11-17 18:43:24', '2016-11-17 18:43:24', '6d301fcf-43af-48da-bf5e-173da1c529ea'),
 ('26', '148', 'GetHelp', '2', NULL, NULL, '1', '2016-11-17 18:43:24', '2016-11-17 18:43:24', '86715bd0-d69e-48a4-937b-23470a30e8de'),
 ('27', '148', 'Updates', '3', NULL, NULL, '1', '2016-11-17 18:43:24', '2016-11-17 18:43:24', 'dcdad903-5a47-4ff7-87d4-7c02414f7a36'),
 ('28', '148', 'Feed', '4', NULL, '{\"url\":\"https:\\/\\/craftcms.com\\/news.rss\",\"title\":\"Craft News\"}', '1', '2016-11-17 18:43:24', '2016-11-17 18:43:24', 'ab06198c-bf6f-43b7-a77a-a08f7f66e235'),
 ('29', '146', 'RecentEntries', '1', NULL, NULL, '1', '2016-11-17 20:07:53', '2016-11-17 20:07:53', '3678c39c-30d2-4abd-8fc6-6bb50432e904'),
 ('30', '146', 'GetHelp', '2', NULL, NULL, '1', '2016-11-17 20:07:53', '2016-11-17 20:07:53', '6bb471eb-3ee9-487a-b9df-6dbc6c6fdb32'),
 ('31', '146', 'Updates', '3', NULL, NULL, '1', '2016-11-17 20:07:53', '2016-11-17 20:07:53', 'cf4200bf-779b-4929-83c2-bbedb8eb0850'),
 ('32', '146', 'Feed', '4', NULL, '{\"url\":\"https:\\/\\/craftcms.com\\/news.rss\",\"title\":\"Craft News\"}', '1', '2016-11-17 20:07:53', '2016-11-17 20:07:53', 'e27400a4-14a2-4da1-9da9-52ef5340b053'),
 ('33', '147', 'RecentEntries', '1', NULL, NULL, '1', '2016-11-17 21:01:13', '2016-11-17 21:01:13', 'c57d45e4-0362-431e-8993-96e66e531ad7'),
 ('34', '147', 'GetHelp', '2', NULL, NULL, '1', '2016-11-17 21:01:13', '2016-11-17 21:01:13', 'f725b7bf-aa63-4a2b-a341-a9952506a1b6'),
 ('35', '147', 'Updates', '3', NULL, NULL, '1', '2016-11-17 21:01:13', '2016-11-17 21:01:13', '7ab1bf68-68b6-4cb2-9531-d66216424451'),
 ('36', '147', 'Feed', '4', NULL, '{\"url\":\"https:\\/\\/craftcms.com\\/news.rss\",\"title\":\"Craft News\"}', '1', '2016-11-17 21:01:13', '2016-11-17 21:01:13', '0f8c9259-cbe1-4ca4-b4c8-c08f38a5b43e'),
 ('37', '149', 'RecentEntries', '1', NULL, NULL, '1', '2016-11-18 22:48:43', '2016-11-18 22:48:43', '614ba8de-96d1-452d-9630-8732958c16a6'),
 ('38', '149', 'GetHelp', '2', NULL, NULL, '1', '2016-11-18 22:48:43', '2016-11-18 22:48:43', 'a2c8d2a6-cee6-47ab-b1a6-7ec9bfec8af7'),
 ('39', '149', 'Updates', '3', NULL, NULL, '1', '2016-11-18 22:48:43', '2016-11-18 22:48:43', 'aecbac27-594d-4ff5-9c56-c953d7500480'),
 ('40', '149', 'Feed', '4', NULL, '{\"url\":\"https:\\/\\/craftcms.com\\/news.rss\",\"title\":\"Craft News\"}', '1', '2016-11-18 22:48:43', '2016-11-18 22:48:43', '4b351895-c6e3-4be8-8aca-c113c007f64f');


--
-- Constraints for tables
--


--
-- Constraints for table `craft_assetfiles`
--
ALTER TABLE `craft_assetfiles`
	ADD CONSTRAINT `craft_assetfiles_folderId_fk` FOREIGN KEY (`folderId`) REFERENCES `craft_assetfolders` (`id`) ON DELETE CASCADE,
	ADD CONSTRAINT `craft_assetfiles_id_fk` FOREIGN KEY (`id`) REFERENCES `craft_elements` (`id`) ON DELETE CASCADE,
	ADD CONSTRAINT `craft_assetfiles_sourceId_fk` FOREIGN KEY (`sourceId`) REFERENCES `craft_assetsources` (`id`) ON DELETE CASCADE;

--
-- Constraints for table `craft_assetfolders`
--
ALTER TABLE `craft_assetfolders`
	ADD CONSTRAINT `craft_assetfolders_parentId_fk` FOREIGN KEY (`parentId`) REFERENCES `craft_assetfolders` (`id`) ON DELETE CASCADE,
	ADD CONSTRAINT `craft_assetfolders_sourceId_fk` FOREIGN KEY (`sourceId`) REFERENCES `craft_assetsources` (`id`) ON DELETE CASCADE;

--
-- Constraints for table `craft_assetindexdata`
--
ALTER TABLE `craft_assetindexdata`
	ADD CONSTRAINT `craft_assetindexdata_sourceId_fk` FOREIGN KEY (`sourceId`) REFERENCES `craft_assetsources` (`id`) ON DELETE CASCADE;

--
-- Constraints for table `craft_assetsources`
--
ALTER TABLE `craft_assetsources`
	ADD CONSTRAINT `craft_assetsources_fieldLayoutId_fk` FOREIGN KEY (`fieldLayoutId`) REFERENCES `craft_fieldlayouts` (`id`) ON DELETE SET NULL;

--
-- Constraints for table `craft_categories`
--
ALTER TABLE `craft_categories`
	ADD CONSTRAINT `craft_categories_groupId_fk` FOREIGN KEY (`groupId`) REFERENCES `craft_categorygroups` (`id`) ON DELETE CASCADE,
	ADD CONSTRAINT `craft_categories_id_fk` FOREIGN KEY (`id`) REFERENCES `craft_elements` (`id`) ON DELETE CASCADE;

--
-- Constraints for table `craft_categorygroups`
--
ALTER TABLE `craft_categorygroups`
	ADD CONSTRAINT `craft_categorygroups_fieldLayoutId_fk` FOREIGN KEY (`fieldLayoutId`) REFERENCES `craft_fieldlayouts` (`id`) ON DELETE SET NULL,
	ADD CONSTRAINT `craft_categorygroups_structureId_fk` FOREIGN KEY (`structureId`) REFERENCES `craft_structures` (`id`) ON DELETE CASCADE;

--
-- Constraints for table `craft_categorygroups_i18n`
--
ALTER TABLE `craft_categorygroups_i18n`
	ADD CONSTRAINT `craft_categorygroups_i18n_groupId_fk` FOREIGN KEY (`groupId`) REFERENCES `craft_categorygroups` (`id`) ON DELETE CASCADE,
	ADD CONSTRAINT `craft_categorygroups_i18n_locale_fk` FOREIGN KEY (`locale`) REFERENCES `craft_locales` (`locale`) ON DELETE CASCADE ON UPDATE CASCADE;

--
-- Constraints for table `craft_content`
--
ALTER TABLE `craft_content`
	ADD CONSTRAINT `craft_content_elementId_fk` FOREIGN KEY (`elementId`) REFERENCES `craft_elements` (`id`) ON DELETE CASCADE,
	ADD CONSTRAINT `craft_content_locale_fk` FOREIGN KEY (`locale`) REFERENCES `craft_locales` (`locale`) ON DELETE CASCADE ON UPDATE CASCADE;

--
-- Constraints for table `craft_elements_i18n`
--
ALTER TABLE `craft_elements_i18n`
	ADD CONSTRAINT `craft_elements_i18n_elementId_fk` FOREIGN KEY (`elementId`) REFERENCES `craft_elements` (`id`) ON DELETE CASCADE,
	ADD CONSTRAINT `craft_elements_i18n_locale_fk` FOREIGN KEY (`locale`) REFERENCES `craft_locales` (`locale`) ON DELETE CASCADE ON UPDATE CASCADE;

--
-- Constraints for table `craft_emailmessages`
--
ALTER TABLE `craft_emailmessages`
	ADD CONSTRAINT `craft_emailmessages_locale_fk` FOREIGN KEY (`locale`) REFERENCES `craft_locales` (`locale`) ON DELETE CASCADE ON UPDATE CASCADE;

--
-- Constraints for table `craft_entries`
--
ALTER TABLE `craft_entries`
	ADD CONSTRAINT `craft_entries_authorId_fk` FOREIGN KEY (`authorId`) REFERENCES `craft_users` (`id`) ON DELETE CASCADE,
	ADD CONSTRAINT `craft_entries_id_fk` FOREIGN KEY (`id`) REFERENCES `craft_elements` (`id`) ON DELETE CASCADE,
	ADD CONSTRAINT `craft_entries_sectionId_fk` FOREIGN KEY (`sectionId`) REFERENCES `craft_sections` (`id`) ON DELETE CASCADE,
	ADD CONSTRAINT `craft_entries_typeId_fk` FOREIGN KEY (`typeId`) REFERENCES `craft_entrytypes` (`id`) ON DELETE CASCADE;

--
-- Constraints for table `craft_entrydrafts`
--
ALTER TABLE `craft_entrydrafts`
	ADD CONSTRAINT `craft_entrydrafts_creatorId_fk` FOREIGN KEY (`creatorId`) REFERENCES `craft_users` (`id`) ON DELETE CASCADE,
	ADD CONSTRAINT `craft_entrydrafts_entryId_fk` FOREIGN KEY (`entryId`) REFERENCES `craft_entries` (`id`) ON DELETE CASCADE,
	ADD CONSTRAINT `craft_entrydrafts_locale_fk` FOREIGN KEY (`locale`) REFERENCES `craft_locales` (`locale`) ON DELETE CASCADE ON UPDATE CASCADE,
	ADD CONSTRAINT `craft_entrydrafts_sectionId_fk` FOREIGN KEY (`sectionId`) REFERENCES `craft_sections` (`id`) ON DELETE CASCADE;

--
-- Constraints for table `craft_entrytypes`
--
ALTER TABLE `craft_entrytypes`
	ADD CONSTRAINT `craft_entrytypes_fieldLayoutId_fk` FOREIGN KEY (`fieldLayoutId`) REFERENCES `craft_fieldlayouts` (`id`) ON DELETE SET NULL,
	ADD CONSTRAINT `craft_entrytypes_sectionId_fk` FOREIGN KEY (`sectionId`) REFERENCES `craft_sections` (`id`) ON DELETE CASCADE;

--
-- Constraints for table `craft_entryversions`
--
ALTER TABLE `craft_entryversions`
	ADD CONSTRAINT `craft_entryversions_creatorId_fk` FOREIGN KEY (`creatorId`) REFERENCES `craft_users` (`id`) ON DELETE SET NULL,
	ADD CONSTRAINT `craft_entryversions_entryId_fk` FOREIGN KEY (`entryId`) REFERENCES `craft_entries` (`id`) ON DELETE CASCADE,
	ADD CONSTRAINT `craft_entryversions_locale_fk` FOREIGN KEY (`locale`) REFERENCES `craft_locales` (`locale`) ON DELETE CASCADE ON UPDATE CASCADE,
	ADD CONSTRAINT `craft_entryversions_sectionId_fk` FOREIGN KEY (`sectionId`) REFERENCES `craft_sections` (`id`) ON DELETE CASCADE;

--
-- Constraints for table `craft_fieldlayoutfields`
--
ALTER TABLE `craft_fieldlayoutfields`
	ADD CONSTRAINT `craft_fieldlayoutfields_fieldId_fk` FOREIGN KEY (`fieldId`) REFERENCES `craft_fields` (`id`) ON DELETE CASCADE,
	ADD CONSTRAINT `craft_fieldlayoutfields_layoutId_fk` FOREIGN KEY (`layoutId`) REFERENCES `craft_fieldlayouts` (`id`) ON DELETE CASCADE,
	ADD CONSTRAINT `craft_fieldlayoutfields_tabId_fk` FOREIGN KEY (`tabId`) REFERENCES `craft_fieldlayouttabs` (`id`) ON DELETE CASCADE;

--
-- Constraints for table `craft_fieldlayouttabs`
--
ALTER TABLE `craft_fieldlayouttabs`
	ADD CONSTRAINT `craft_fieldlayouttabs_layoutId_fk` FOREIGN KEY (`layoutId`) REFERENCES `craft_fieldlayouts` (`id`) ON DELETE CASCADE;

--
-- Constraints for table `craft_fields`
--
ALTER TABLE `craft_fields`
	ADD CONSTRAINT `craft_fields_groupId_fk` FOREIGN KEY (`groupId`) REFERENCES `craft_fieldgroups` (`id`) ON DELETE CASCADE;

--
-- Constraints for table `craft_globalsets`
--
ALTER TABLE `craft_globalsets`
	ADD CONSTRAINT `craft_globalsets_fieldLayoutId_fk` FOREIGN KEY (`fieldLayoutId`) REFERENCES `craft_fieldlayouts` (`id`) ON DELETE SET NULL,
	ADD CONSTRAINT `craft_globalsets_id_fk` FOREIGN KEY (`id`) REFERENCES `craft_elements` (`id`) ON DELETE CASCADE;

--
-- Constraints for table `craft_matrixblocks`
--
ALTER TABLE `craft_matrixblocks`
	ADD CONSTRAINT `craft_matrixblocks_fieldId_fk` FOREIGN KEY (`fieldId`) REFERENCES `craft_fields` (`id`) ON DELETE CASCADE,
	ADD CONSTRAINT `craft_matrixblocks_id_fk` FOREIGN KEY (`id`) REFERENCES `craft_elements` (`id`) ON DELETE CASCADE,
	ADD CONSTRAINT `craft_matrixblocks_ownerId_fk` FOREIGN KEY (`ownerId`) REFERENCES `craft_elements` (`id`) ON DELETE CASCADE,
	ADD CONSTRAINT `craft_matrixblocks_ownerLocale_fk` FOREIGN KEY (`ownerLocale`) REFERENCES `craft_locales` (`locale`) ON DELETE CASCADE ON UPDATE CASCADE,
	ADD CONSTRAINT `craft_matrixblocks_typeId_fk` FOREIGN KEY (`typeId`) REFERENCES `craft_matrixblocktypes` (`id`) ON DELETE CASCADE;

--
-- Constraints for table `craft_matrixblocktypes`
--
ALTER TABLE `craft_matrixblocktypes`
	ADD CONSTRAINT `craft_matrixblocktypes_fieldId_fk` FOREIGN KEY (`fieldId`) REFERENCES `craft_fields` (`id`) ON DELETE CASCADE,
	ADD CONSTRAINT `craft_matrixblocktypes_fieldLayoutId_fk` FOREIGN KEY (`fieldLayoutId`) REFERENCES `craft_fieldlayouts` (`id`) ON DELETE SET NULL;

--
-- Constraints for table `craft_matrixcontent_modules`
--
ALTER TABLE `craft_matrixcontent_modules`
	ADD CONSTRAINT `craft_matrixcontent_modules_elementId_fk` FOREIGN KEY (`elementId`) REFERENCES `craft_elements` (`id`) ON DELETE CASCADE,
	ADD CONSTRAINT `craft_matrixcontent_modules_locale_fk` FOREIGN KEY (`locale`) REFERENCES `craft_locales` (`locale`) ON DELETE CASCADE ON UPDATE CASCADE;

--
-- Constraints for table `craft_migrations`
--
ALTER TABLE `craft_migrations`
	ADD CONSTRAINT `craft_migrations_pluginId_fk` FOREIGN KEY (`pluginId`) REFERENCES `craft_plugins` (`id`) ON DELETE CASCADE;

--
-- Constraints for table `craft_relations`
--
ALTER TABLE `craft_relations`
	ADD CONSTRAINT `craft_relations_fieldId_fk` FOREIGN KEY (`fieldId`) REFERENCES `craft_fields` (`id`) ON DELETE CASCADE,
	ADD CONSTRAINT `craft_relations_sourceId_fk` FOREIGN KEY (`sourceId`) REFERENCES `craft_elements` (`id`) ON DELETE CASCADE,
	ADD CONSTRAINT `craft_relations_sourceLocale_fk` FOREIGN KEY (`sourceLocale`) REFERENCES `craft_locales` (`locale`) ON DELETE CASCADE ON UPDATE CASCADE,
	ADD CONSTRAINT `craft_relations_targetId_fk` FOREIGN KEY (`targetId`) REFERENCES `craft_elements` (`id`) ON DELETE CASCADE;

--
-- Constraints for table `craft_routes`
--
ALTER TABLE `craft_routes`
	ADD CONSTRAINT `craft_routes_locale_fk` FOREIGN KEY (`locale`) REFERENCES `craft_locales` (`locale`) ON DELETE CASCADE ON UPDATE CASCADE;

--
-- Constraints for table `craft_sections`
--
ALTER TABLE `craft_sections`
	ADD CONSTRAINT `craft_sections_structureId_fk` FOREIGN KEY (`structureId`) REFERENCES `craft_structures` (`id`) ON DELETE SET NULL;

--
-- Constraints for table `craft_sections_i18n`
--
ALTER TABLE `craft_sections_i18n`
	ADD CONSTRAINT `craft_sections_i18n_locale_fk` FOREIGN KEY (`locale`) REFERENCES `craft_locales` (`locale`) ON DELETE CASCADE ON UPDATE CASCADE,
	ADD CONSTRAINT `craft_sections_i18n_sectionId_fk` FOREIGN KEY (`sectionId`) REFERENCES `craft_sections` (`id`) ON DELETE CASCADE;

--
-- Constraints for table `craft_sessions`
--
ALTER TABLE `craft_sessions`
	ADD CONSTRAINT `craft_sessions_userId_fk` FOREIGN KEY (`userId`) REFERENCES `craft_users` (`id`) ON DELETE CASCADE;

--
-- Constraints for table `craft_shunnedmessages`
--
ALTER TABLE `craft_shunnedmessages`
	ADD CONSTRAINT `craft_shunnedmessages_userId_fk` FOREIGN KEY (`userId`) REFERENCES `craft_users` (`id`) ON DELETE CASCADE;

--
-- Constraints for table `craft_structureelements`
--
ALTER TABLE `craft_structureelements`
	ADD CONSTRAINT `craft_structureelements_elementId_fk` FOREIGN KEY (`elementId`) REFERENCES `craft_elements` (`id`) ON DELETE CASCADE,
	ADD CONSTRAINT `craft_structureelements_structureId_fk` FOREIGN KEY (`structureId`) REFERENCES `craft_structures` (`id`) ON DELETE CASCADE;

--
-- Constraints for table `craft_supertableblocks`
--
ALTER TABLE `craft_supertableblocks`
	ADD CONSTRAINT `craft_supertableblocks_fieldId_fk` FOREIGN KEY (`fieldId`) REFERENCES `craft_fields` (`id`) ON DELETE CASCADE,
	ADD CONSTRAINT `craft_supertableblocks_id_fk` FOREIGN KEY (`id`) REFERENCES `craft_elements` (`id`) ON DELETE CASCADE,
	ADD CONSTRAINT `craft_supertableblocks_ownerId_fk` FOREIGN KEY (`ownerId`) REFERENCES `craft_elements` (`id`) ON DELETE CASCADE,
	ADD CONSTRAINT `craft_supertableblocks_ownerLocale_fk` FOREIGN KEY (`ownerLocale`) REFERENCES `craft_locales` (`locale`) ON DELETE CASCADE ON UPDATE CASCADE,
	ADD CONSTRAINT `craft_supertableblocks_typeId_fk` FOREIGN KEY (`typeId`) REFERENCES `craft_supertableblocktypes` (`id`) ON DELETE CASCADE;

--
-- Constraints for table `craft_supertableblocktypes`
--
ALTER TABLE `craft_supertableblocktypes`
	ADD CONSTRAINT `craft_supertableblocktypes_fieldId_fk` FOREIGN KEY (`fieldId`) REFERENCES `craft_fields` (`id`) ON DELETE CASCADE,
	ADD CONSTRAINT `craft_supertableblocktypes_fieldLayoutId_fk` FOREIGN KEY (`fieldLayoutId`) REFERENCES `craft_fieldlayouts` (`id`) ON DELETE SET NULL;

--
-- Constraints for table `craft_supertablecontent_additionalinformation`
--
ALTER TABLE `craft_supertablecontent_additionalinformation`
	ADD CONSTRAINT `craft_supertablecontent_additionalinformation_elementId_fk` FOREIGN KEY (`elementId`) REFERENCES `craft_elements` (`id`) ON DELETE CASCADE,
	ADD CONSTRAINT `craft_supertablecontent_additionalinformation_locale_fk` FOREIGN KEY (`locale`) REFERENCES `craft_locales` (`locale`) ON DELETE CASCADE ON UPDATE CASCADE;

--
-- Constraints for table `craft_supertablecontent_cta`
--
ALTER TABLE `craft_supertablecontent_cta`
	ADD CONSTRAINT `craft_supertablecontent_cta_elementId_fk` FOREIGN KEY (`elementId`) REFERENCES `craft_elements` (`id`) ON DELETE CASCADE,
	ADD CONSTRAINT `craft_supertablecontent_cta_locale_fk` FOREIGN KEY (`locale`) REFERENCES `craft_locales` (`locale`) ON DELETE CASCADE ON UPDATE CASCADE;

--
-- Constraints for table `craft_taggroups`
--
ALTER TABLE `craft_taggroups`
	ADD CONSTRAINT `craft_taggroups_fieldLayoutId_fk` FOREIGN KEY (`fieldLayoutId`) REFERENCES `craft_fieldlayouts` (`id`) ON DELETE SET NULL;

--
-- Constraints for table `craft_tags`
--
ALTER TABLE `craft_tags`
	ADD CONSTRAINT `craft_tags_groupId_fk` FOREIGN KEY (`groupId`) REFERENCES `craft_taggroups` (`id`) ON DELETE CASCADE,
	ADD CONSTRAINT `craft_tags_id_fk` FOREIGN KEY (`id`) REFERENCES `craft_elements` (`id`) ON DELETE CASCADE;

--
-- Constraints for table `craft_templatecachecriteria`
--
ALTER TABLE `craft_templatecachecriteria`
	ADD CONSTRAINT `craft_templatecachecriteria_cacheId_fk` FOREIGN KEY (`cacheId`) REFERENCES `craft_templatecaches` (`id`) ON DELETE CASCADE;

--
-- Constraints for table `craft_templatecacheelements`
--
ALTER TABLE `craft_templatecacheelements`
	ADD CONSTRAINT `craft_templatecacheelements_cacheId_fk` FOREIGN KEY (`cacheId`) REFERENCES `craft_templatecaches` (`id`) ON DELETE CASCADE,
	ADD CONSTRAINT `craft_templatecacheelements_elementId_fk` FOREIGN KEY (`elementId`) REFERENCES `craft_elements` (`id`) ON DELETE CASCADE;

--
-- Constraints for table `craft_templatecaches`
--
ALTER TABLE `craft_templatecaches`
	ADD CONSTRAINT `craft_templatecaches_locale_fk` FOREIGN KEY (`locale`) REFERENCES `craft_locales` (`locale`) ON DELETE CASCADE ON UPDATE CASCADE;

--
-- Constraints for table `craft_usergroups_users`
--
ALTER TABLE `craft_usergroups_users`
	ADD CONSTRAINT `craft_usergroups_users_groupId_fk` FOREIGN KEY (`groupId`) REFERENCES `craft_usergroups` (`id`) ON DELETE CASCADE,
	ADD CONSTRAINT `craft_usergroups_users_userId_fk` FOREIGN KEY (`userId`) REFERENCES `craft_users` (`id`) ON DELETE CASCADE;

--
-- Constraints for table `craft_userpermissions_usergroups`
--
ALTER TABLE `craft_userpermissions_usergroups`
	ADD CONSTRAINT `craft_userpermissions_usergroups_groupId_fk` FOREIGN KEY (`groupId`) REFERENCES `craft_usergroups` (`id`) ON DELETE CASCADE,
	ADD CONSTRAINT `craft_userpermissions_usergroups_permissionId_fk` FOREIGN KEY (`permissionId`) REFERENCES `craft_userpermissions` (`id`) ON DELETE CASCADE;

--
-- Constraints for table `craft_userpermissions_users`
--
ALTER TABLE `craft_userpermissions_users`
	ADD CONSTRAINT `craft_userpermissions_users_permissionId_fk` FOREIGN KEY (`permissionId`) REFERENCES `craft_userpermissions` (`id`) ON DELETE CASCADE,
	ADD CONSTRAINT `craft_userpermissions_users_userId_fk` FOREIGN KEY (`userId`) REFERENCES `craft_users` (`id`) ON DELETE CASCADE;

--
-- Constraints for table `craft_users`
--
ALTER TABLE `craft_users`
	ADD CONSTRAINT `craft_users_id_fk` FOREIGN KEY (`id`) REFERENCES `craft_elements` (`id`) ON DELETE CASCADE,
	ADD CONSTRAINT `craft_users_preferredLocale_fk` FOREIGN KEY (`preferredLocale`) REFERENCES `craft_locales` (`locale`) ON DELETE SET NULL ON UPDATE CASCADE;

--
-- Constraints for table `craft_widgets`
--
ALTER TABLE `craft_widgets`
	ADD CONSTRAINT `craft_widgets_userId_fk` FOREIGN KEY (`userId`) REFERENCES `craft_users` (`id`) ON DELETE CASCADE;

SET FOREIGN_KEY_CHECKS = 1;
