-- Generated by Craft v2.6.2949 on Nov 22, 2016, 10:13:15 PM.

--
-- Disable foreign key checks and autocommit.
--

SET FOREIGN_KEY_CHECKS = 0;
SET SQL_MODE = "NO_AUTO_VALUE_ON_ZERO";
SET AUTOCOMMIT = 0;
SET NAMES utf8;


DROP TABLE IF EXISTS `craft_assetfiles`;


--
-- Schema for table `craft_assetfiles`
--
CREATE TABLE `craft_assetfiles` (
  `id` int(11) NOT NULL,
  `sourceId` int(11) DEFAULT NULL,
  `folderId` int(11) NOT NULL,
  `filename` varchar(255) COLLATE utf8_unicode_ci NOT NULL,
  `kind` varchar(50) COLLATE utf8_unicode_ci NOT NULL DEFAULT 'unknown',
  `width` int(11) unsigned DEFAULT NULL,
  `height` int(11) unsigned DEFAULT NULL,
  `size` bigint(20) unsigned DEFAULT NULL,
  `dateModified` datetime DEFAULT NULL,
  `dateCreated` datetime NOT NULL,
  `dateUpdated` datetime NOT NULL,
  `uid` char(36) COLLATE utf8_unicode_ci NOT NULL DEFAULT '0',
  PRIMARY KEY (`id`),
  UNIQUE KEY `craft_assetfiles_filename_folderId_unq_idx` (`filename`,`folderId`),
  KEY `craft_assetfiles_sourceId_fk` (`sourceId`),
  KEY `craft_assetfiles_folderId_fk` (`folderId`)
) ENGINE=InnoDB DEFAULT CHARSET=utf8 COLLATE=utf8_unicode_ci;

--
-- Data for table `craft_assetfiles`
--

INSERT INTO `craft_assetfiles` (`id`, `sourceId`, `folderId`, `filename`, `kind`, `width`, `height`, `size`, `dateModified`, `dateCreated`, `dateUpdated`, `uid`) VALUES
 ('21', '1', '26', 'thumb-fpo-1.jpg', 'image', '374', '515', '24747', '2016-10-20 18:46:39', '2016-10-13 23:26:56', '2016-11-22 22:09:04', '15cdb3ea-d03d-448b-b831-4f0239c97bb6'),
 ('22', '1', '1', 'thumb-fpo-2.jpg', 'image', '201', '301', '9479', '2016-10-20 18:46:39', '2016-10-13 23:26:57', '2016-11-22 22:09:07', '1930d5d5-9247-4401-b1a6-645ff73bb779'),
 ('23', '1', '1', 'thumb-fpo-3.jpg', 'image', '373', '372', '34152', '2016-10-20 18:46:39', '2016-10-13 23:26:57', '2016-11-22 22:09:07', '00bebfe4-4d9b-47ee-a99a-a3cc0c797402'),
 ('24', '1', '1', 'thumb-fpo-4.jpg', 'image', '377', '377', '24906', '2016-10-13 23:26:53', '2016-10-13 23:26:58', '2016-10-13 23:26:58', 'ecb32349-8d84-4d00-b4e5-6ae75c78cbdd'),
 ('26', '1', '26', 'hero-fpo-1.jpg', 'image', '1590', '998', '139135', '2016-10-20 18:46:40', '2016-10-17 20:26:58', '2016-11-22 22:09:04', '3aea988f-a7df-4c10-9169-12ef506da554'),
 ('27', '1', '26', 'large-image-fpo-1_161017_202946.jpg', 'image', '1468', '980', '20452', '2016-10-20 18:46:40', '2016-10-17 20:29:46', '2016-11-22 22:09:04', '74318283-0978-48f5-815c-0782182d765c'),
 ('30', '1', '26', 'inset-fpo-1.jpg', 'image', '567', '567', '17789', '2016-10-20 18:46:39', '2016-10-17 21:06:59', '2016-11-22 22:09:03', 'e7a3f730-2dfb-462e-a1b6-ad5acb3bde68'),
 ('35', '1', '26', 'twoup-fpo-1.jpg', 'image', '705', '960', '9560', '2016-10-20 18:46:39', '2016-10-17 22:08:04', '2016-11-22 22:09:05', 'c6ceda49-7c78-4e90-af88-4efd89d1a448'),
 ('36', '1', '26', 'twoup-fpo-2.jpg', 'image', '705', '485', '5602', '2016-10-20 18:46:39', '2016-10-17 22:08:05', '2016-11-22 22:09:05', '429a7674-96ed-431a-ab9a-d171dc69f34c'),
 ('40', '1', '1', 'hero-fpo-2.jpg', 'image', '1589', '999', '169191', '2016-10-20 18:46:40', '2016-10-17 22:52:37', '2016-11-22 22:09:03', 'f250cdda-24b3-4f06-ae08-6df91b973333'),
 ('48', '1', '34', 'carousel-fpo-2.jpg', 'image', '966', '577', '110308', '2016-10-31 21:00:42', '2016-10-31 21:00:42', '2016-11-22 22:09:08', '3d116520-1e5e-4283-a182-bc7e53d3122c'),
 ('49', '1', '34', 'carousel-fpo-3.jpg', 'image', '966', '577', '114411', '2016-10-31 21:00:43', '2016-10-31 21:00:43', '2016-11-22 22:09:08', '5d43e6a7-b836-4b08-883b-d766b1772c42'),
 ('50', '1', '34', 'carousel-fpo1.jpg', 'image', '966', '577', '96929', '2016-10-31 21:00:44', '2016-10-31 21:00:43', '2016-11-22 22:09:08', '677d339d-d4e1-4be5-bc3b-c2e6cbda2152'),
 ('60', '1', '1', 't-1.svg', 'image', '287', '288', '2580', '2016-11-01 20:34:43', '2016-11-01 20:34:43', '2016-11-22 22:09:07', '64a4884f-f6b6-4a4c-9dde-6cca4a1f1647'),
 ('66', '2', '2', 'team-1.jpg', 'image', '375', '375', '15619', '2016-11-01 21:53:07', '2016-11-01 21:53:08', '2016-11-22 22:09:10', 'ec2e16ac-3c33-4e38-888a-5e4029bda89f'),
 ('97', '3', '3', 'cta-contact.jpg', 'image', '1589', '602', '195587', '2016-11-02 18:59:28', '2016-11-02 18:59:30', '2016-11-22 22:09:11', 'e48764cc-f900-4573-ad88-1533f9943c0d'),
 ('114', '4', '4', 'journal-fpo.jpg', 'image', '415', '596', '53033', '2016-11-03 21:38:08', '2016-11-03 21:38:10', '2016-11-22 22:09:13', '021d7f89-03b4-4e50-8ac8-e112d67a8d61'),
 ('117', '4', '4', 'RenderApril2016_Altered_972_501_90_c1.jpg', 'image', '972', '501', '145663', '2016-11-03 21:43:43', '2016-11-03 21:43:43', '2016-11-03 21:43:43', 'c8b9223f-d80e-4d4a-b65f-2091814c27e8'),
 ('120', '1', '32', 'CommArts_Design-Annual-2015-TTT-Spread.jpg', 'image', '709', '469', '174733', '2016-11-03 21:45:55', '2016-11-03 21:45:55', '2016-11-22 22:09:09', '7505da90-0fb0-4462-8226-f38b810f5ae4'),
 ('121', '4', '4', 'CommArts_Design-Annual-2015_972_501_90_c1.jpg', 'image', '972', '501', '133370', '2016-11-03 21:46:06', '2016-11-03 21:46:06', '2016-11-22 22:09:12', '24803544-21dc-4fc4-a6ce-ea173e85ca7f'),
 ('128', NULL, '7', 'large-image-fpo-1.jpg', 'image', '1468', '980', '9040', '2016-11-11 20:59:03', '2016-11-11 20:59:03', '2016-11-11 20:59:03', '2e95042b-a734-4101-b4d4-8059d5752a3a'),
 ('130', NULL, '7', 'large-image-fpo-1_161017_202946.jpg', 'image', '1468', '980', '9038', '2016-11-11 21:02:07', '2016-11-11 21:02:07', '2016-11-11 21:02:07', '593542cb-520d-4c5d-a6d8-845ef240fa55'),
 ('132', '1', '8', 'twoup-fpo-1.jpg', 'image', '705', '960', '9572', '2016-11-11 21:04:26', '2016-11-11 21:04:26', '2016-11-22 22:09:05', '1798e168-2a8e-46d2-8050-681bbc01a3d9'),
 ('135', '1', '1', 'oiselle-thumbnail-1.jpg', 'image', '1400', '2000', '189599', '2016-11-15 18:19:05', '2016-11-15 18:19:06', '2016-11-22 22:09:05', '408f53d9-7c4f-47f8-8773-bfb79a039c68'),
 ('136', '1', '25', 'oiselle-kit-2-black.jpg', 'image', '2400', '1602', '263399', '2016-11-15 18:22:03', '2016-11-15 18:22:03', '2016-11-22 22:09:05', '6bab9e07-0205-4bc0-b15f-1d1afacb2b94'),
 ('138', '1', '26', 'justin-golmer-promo-1.jpg', 'image', '2400', '1620', '500818', '2016-11-15 19:40:23', '2016-11-15 19:39:54', '2016-11-22 22:09:04', '14bba72b-5756-47eb-aa01-e3d6f56a4744'),
 ('153', NULL, '29', '090716_sea_cottoncandy_med_rinnzimd.gif', 'image', '480', '270', '3077575', '2016-11-17 19:20:48', '2016-11-17 19:20:48', '2016-11-17 19:20:48', 'c6225e54-85b4-42fb-885b-ba111d2dd171'),
 ('154', '3', '3', 't-01.gif', 'image', '900', '900', '123997', '2016-11-19 00:16:02', '2016-11-18 23:49:37', '2016-11-22 22:09:11', '42676b23-98a4-4216-9a15-edc8ba86ef3b'),
 ('158', '1', '17', '20140325_FUZZCO_INTERIOR4265-1_FINAL_SquireFox-1600x800.jpg', 'image', '1200', '800', '641738', '2016-11-21 20:38:34', '2016-11-21 20:34:26', '2016-11-22 22:09:06', 'a3486d37-aea8-4f63-8bdc-c60e1ec2d86e'),
 ('159', '1', '17', '20140325_FUZZCO_INTERIOR19490_FINAL_SquireFox-1600x800.jpg', 'image', '1200', '800', '788839', '2016-11-21 20:38:35', '2016-11-21 20:34:27', '2016-11-22 22:09:06', '7d7eef31-1444-4ce1-aac8-980e956e1242'),
 ('160', '1', '17', 'MG_6706-Edit-1600x800.jpg', 'image', '1200', '800', '484660', '2016-11-21 20:38:36', '2016-11-21 20:34:28', '2016-11-22 22:09:07', '85963bcb-07b1-4324-b183-ae23f35072af'),
 ('166', '1', '17', 'MG_6666-Edit-800.jpg', 'image', '533', '800', '82598', '2016-11-22 20:42:18', '2016-11-22 20:42:18', '2016-11-22 22:09:06', '11568b69-ccc1-4f8e-bd02-ff2bde89c118'),
 ('167', NULL, '31', '1200x900.jpg', 'image', '1200', '900', '10942', '2016-11-22 21:43:09', '2016-11-22 21:43:09', '2016-11-22 21:43:09', 'b6abdbe2-2832-4dfa-8af8-88875ab4e223'),
 ('168', NULL, '31', '1200x1200.jpg', 'image', '1200', '1200', '12540', '2016-11-22 21:43:10', '2016-11-22 21:43:10', '2016-11-22 21:43:10', 'c11a0a78-3415-408b-aacf-9ecf418f0c62'),
 ('169', NULL, '31', '1200x1800.jpg', 'image', '1200', '1800', '14836', '2016-11-22 21:43:10', '2016-11-22 21:43:11', '2016-11-22 21:43:11', '664a8198-1692-44d2-aa74-a2a31df55c91'),
 ('170', '1', '26', '1200x900.jpg', 'image', '1200', '900', '10942', '2016-11-22 21:46:48', '2016-11-22 21:46:48', '2016-11-22 22:09:03', '8f4674fa-07d0-40e5-9700-20b6bf9b035f'),
 ('171', NULL, '30', '1200x1800.jpg', 'image', '1200', '1800', '14836', '2016-11-22 21:57:53', '2016-11-22 21:57:53', '2016-11-22 21:57:53', '1d73c090-3ad8-4760-be3b-648f3dbfae88'),
 ('172', '1', '32', '2400x1800.jpg', 'image', '2400', '1800', '23528', '2016-11-22 21:58:38', '2016-11-22 21:58:38', '2016-11-22 22:09:09', 'd5e16aea-d141-4d1b-bf84-5c587c955f5e'),
 ('173', '1', '33', '2400x1800.jpg', 'image', '2400', '1800', '23528', '2016-11-22 22:03:19', '2016-11-22 22:03:20', '2016-11-22 22:03:36', 'e9c43528-ab1c-4c0c-9839-74e45165f278'),
 ('174', '1', '34', '2400x1800.jpg', 'image', '2400', '1800', '23528', '2016-11-22 22:03:50', '2016-11-22 22:03:50', '2016-11-22 22:09:07', '790c3447-572a-4c90-b008-36d05beb135f'),
 ('175', '1', '1', 'large-image-fpo-1.jpg', 'image', '1468', '980', '20454', '2016-10-20 18:46:40', '2016-11-22 22:09:05', '2016-11-22 22:09:05', 'fe53dc6e-ef57-45f1-ae92-56799eb6a6a3');



DROP TABLE IF EXISTS `craft_assetfolders`;


--
-- Schema for table `craft_assetfolders`
--
CREATE TABLE `craft_assetfolders` (
  `id` int(11) NOT NULL AUTO_INCREMENT,
  `parentId` int(11) DEFAULT NULL,
  `sourceId` int(11) DEFAULT NULL,
  `name` varchar(255) COLLATE utf8_unicode_ci NOT NULL,
  `path` varchar(255) COLLATE utf8_unicode_ci DEFAULT NULL,
  `dateCreated` datetime NOT NULL,
  `dateUpdated` datetime NOT NULL,
  `uid` char(36) COLLATE utf8_unicode_ci NOT NULL DEFAULT '0',
  PRIMARY KEY (`id`),
  UNIQUE KEY `craft_assetfolders_name_parentId_sourceId_unq_idx` (`name`,`parentId`,`sourceId`),
  KEY `craft_assetfolders_parentId_fk` (`parentId`),
  KEY `craft_assetfolders_sourceId_fk` (`sourceId`)
) ENGINE=InnoDB AUTO_INCREMENT=35 DEFAULT CHARSET=utf8 COLLATE=utf8_unicode_ci;

--
-- Data for table `craft_assetfolders`
--

INSERT INTO `craft_assetfolders` (`id`, `parentId`, `sourceId`, `name`, `path`, `dateCreated`, `dateUpdated`, `uid`) VALUES
 ('1', NULL, '1', 'Work', '', '2016-10-13 23:00:10', '2016-10-13 23:00:10', 'e578f3c2-2976-40d5-8ecf-936eeb69dce2'),
 ('2', NULL, '2', 'Team', '', '2016-11-01 21:41:09', '2016-11-01 21:41:09', '8868e608-30b9-42ac-858d-4573a1c84565'),
 ('3', NULL, '3', 'CTA', '', '2016-11-02 18:41:24', '2016-11-02 18:41:24', '45f33eb7-a1cd-42c2-a3c5-d6e7583b29b2'),
 ('4', NULL, '4', 'Journal', '', '2016-11-03 21:34:44', '2016-11-03 21:34:44', 'c9528a28-af1e-463c-82ab-33d36c294341'),
 ('5', NULL, NULL, 'Temporary source', NULL, '2016-11-11 19:43:56', '2016-11-11 19:43:56', '37ae7b88-d0d3-4d85-ba9e-a8b031c71937'),
 ('6', '5', NULL, 'user_1', NULL, '2016-11-11 19:43:56', '2016-11-11 19:43:56', '79028d22-6086-47a6-bd70-8cc0a6d17d1d'),
 ('7', '6', NULL, 'field_11', 'field_11/', '2016-11-11 19:43:56', '2016-11-11 19:43:56', 'd6f8ad77-201e-4f5f-9cee-901b7cf6a147'),
 ('8', '1', '1', 'print-entry', 'print-entry/', '2016-11-11 21:04:30', '2016-11-11 21:04:30', '69dfb1c1-22d9-4909-bcbf-0be7ac2c27f6'),
 ('9', '5', NULL, 'user_46', NULL, '2016-11-11 21:15:04', '2016-11-11 21:15:04', '93329276-1824-4ac2-8831-d543b6e0f46c'),
 ('10', '9', NULL, 'field_56', 'field_56/', '2016-11-11 21:15:04', '2016-11-11 21:15:04', '2bb005f7-e7f9-484d-ba1a-1c82385a6cf0'),
 ('11', '9', NULL, 'field_11', 'field_11/', '2016-11-11 21:15:04', '2016-11-11 21:15:04', 'f9dd0209-91c4-498d-9f81-bd85e015588f'),
 ('12', '9', NULL, 'field_15', 'field_15/', '2016-11-11 21:15:04', '2016-11-11 21:15:04', 'f04f0c2b-acb5-42cd-82a4-aa90deb05937'),
 ('13', '9', NULL, 'field_19', 'field_19/', '2016-11-11 21:15:04', '2016-11-11 21:15:04', 'f278f5aa-6539-4691-9ab0-cd96750e6d37'),
 ('14', '9', NULL, 'field_22', 'field_22/', '2016-11-11 21:15:04', '2016-11-11 21:15:04', 'e57c9554-37b0-466e-b5f1-27fe63f64066'),
 ('15', '9', NULL, 'field_23', 'field_23/', '2016-11-11 21:15:05', '2016-11-11 21:15:05', '2d5e5caa-2210-48f1-89e2-f812c6fb6e82'),
 ('16', '9', NULL, 'field_30', 'field_30/', '2016-11-11 21:15:05', '2016-11-11 21:15:05', 'bbd9c448-eaa3-4f4a-907f-81ad1397c4b6'),
 ('17', '1', '1', 'studio', 'studio/', '2016-11-11 21:33:45', '2016-11-11 21:33:45', '0bb1ab58-f52e-4bb5-89ee-2e0c6ab25533'),
 ('18', '6', NULL, 'field_15', 'field_15/', '2016-11-11 22:58:09', '2016-11-11 22:58:09', '00ddae65-634e-433f-aa99-3e761e594e0d'),
 ('19', '6', NULL, 'field_19', 'field_19/', '2016-11-11 22:58:09', '2016-11-11 22:58:09', '796632df-d363-48b7-b84c-344a6d1824e1'),
 ('20', '6', NULL, 'field_22', 'field_22/', '2016-11-11 22:58:09', '2016-11-11 22:58:09', '453455e7-dd24-41df-8bcb-2923a71941c7'),
 ('21', '6', NULL, 'field_23', 'field_23/', '2016-11-11 22:58:09', '2016-11-11 22:58:09', 'd09d31e9-28b1-489d-8b4b-78fa6346aae4'),
 ('22', '6', NULL, 'field_30', 'field_30/', '2016-11-11 22:58:09', '2016-11-11 22:58:09', '5630d813-04e6-4977-aa16-6a34ffa2021f'),
 ('23', '1', '1', 'packaging-entry', 'packaging-entry/', '2016-11-11 22:59:06', '2016-11-11 22:59:06', 'fd087981-265a-4134-9617-5d4a4e1292c2'),
 ('24', '1', '1', 'environment-entry', 'environment-entry/', '2016-11-15 18:22:12', '2016-11-15 18:22:12', '4671d326-ab92-43cc-94e3-0aad448c9491'),
 ('25', '1', '1', 'oiselle-identity', 'oiselle-identity/', '2016-11-15 18:24:07', '2016-11-15 18:24:07', '9a57ce04-8a89-4dac-a210-22b7591b69b7'),
 ('26', '1', '1', 'justin-golmer-promo', 'justin-golmer-promo/', '2016-11-15 18:53:29', '2016-11-15 18:53:29', '41711f2f-803c-47f4-abbc-8408e8a45423'),
 ('27', '6', NULL, 'field_56', 'field_56/', '2016-11-16 18:55:35', '2016-11-16 18:55:35', 'd9499954-b93d-44ec-af84-e360cde049cc'),
 ('28', '9', NULL, 'field_7', 'field_7/', '2016-11-17 19:19:22', '2016-11-17 19:19:22', 'e545ec18-034e-41ca-8ec5-0d69a8efca86'),
 ('29', '9', NULL, 'field_5', 'field_5/', '2016-11-17 19:19:22', '2016-11-17 19:19:22', '3ad3dd24-8000-445c-b53f-dea63bf49720'),
 ('30', '6', NULL, 'field_7', 'field_7/', '2016-11-21 19:34:37', '2016-11-21 19:34:37', '43327292-b8d6-47d9-be59-12f366b122ca'),
 ('31', '6', NULL, 'field_5', 'field_5/', '2016-11-21 19:34:38', '2016-11-21 19:34:38', '3b448b29-72da-40eb-b519-86343600aa7f'),
 ('32', '1', '1', 'turnstyle-principal-serves-as-juror-for-communication-arts-design-annual', 'turnstyle-principal-serves-as-juror-for-communication-arts-design-annual/', '2016-11-22 21:58:42', '2016-11-22 21:58:42', '7af2b651-7db1-4743-8b40-6b91270a5c86'),
 ('33', '1', '1', 'were-building-our-own-building', 'were-building-our-own-building/', '2016-11-22 22:03:36', '2016-11-22 22:03:36', '9edc27a6-b12a-44b8-9a43-12a1abe5ab66'),
 ('34', '1', '1', 'turnstyle-featured-in-idn-magazine', 'turnstyle-featured-in-idn-magazine/', '2016-11-22 22:04:12', '2016-11-22 22:04:12', '93d82251-bdaf-476c-8573-f942ba4b466c');



DROP TABLE IF EXISTS `craft_assetindexdata`;


--
-- Schema for table `craft_assetindexdata`
--
CREATE TABLE `craft_assetindexdata` (
  `id` int(11) NOT NULL AUTO_INCREMENT,
  `sessionId` varchar(36) COLLATE utf8_unicode_ci NOT NULL DEFAULT '',
  `sourceId` int(10) NOT NULL,
  `offset` int(10) NOT NULL,
  `uri` varchar(255) COLLATE utf8_unicode_ci DEFAULT NULL,
  `size` varchar(255) COLLATE utf8_unicode_ci DEFAULT NULL,
  `recordId` int(10) DEFAULT NULL,
  `dateCreated` datetime NOT NULL,
  `dateUpdated` datetime NOT NULL,
  `uid` char(36) COLLATE utf8_unicode_ci NOT NULL DEFAULT '0',
  PRIMARY KEY (`id`),
  UNIQUE KEY `craft_assetindexdata_sessionId_sourceId_offset_unq_idx` (`sessionId`,`sourceId`,`offset`),
  KEY `craft_assetindexdata_sourceId_fk` (`sourceId`)
) ENGINE=InnoDB AUTO_INCREMENT=35 DEFAULT CHARSET=utf8 COLLATE=utf8_unicode_ci;

DROP TABLE IF EXISTS `craft_assetsources`;


--
-- Schema for table `craft_assetsources`
--
CREATE TABLE `craft_assetsources` (
  `id` int(11) NOT NULL AUTO_INCREMENT,
  `name` varchar(255) COLLATE utf8_unicode_ci NOT NULL,
  `handle` varchar(255) COLLATE utf8_unicode_ci NOT NULL,
  `type` varchar(150) COLLATE utf8_unicode_ci NOT NULL,
  `settings` text COLLATE utf8_unicode_ci,
  `sortOrder` smallint(6) unsigned DEFAULT NULL,
  `fieldLayoutId` int(10) DEFAULT NULL,
  `dateCreated` datetime NOT NULL,
  `dateUpdated` datetime NOT NULL,
  `uid` char(36) COLLATE utf8_unicode_ci NOT NULL DEFAULT '0',
  PRIMARY KEY (`id`),
  UNIQUE KEY `craft_assetsources_name_unq_idx` (`name`),
  UNIQUE KEY `craft_assetsources_handle_unq_idx` (`handle`),
  KEY `craft_assetsources_fieldLayoutId_fk` (`fieldLayoutId`)
) ENGINE=InnoDB AUTO_INCREMENT=5 DEFAULT CHARSET=utf8 COLLATE=utf8_unicode_ci;

--
-- Data for table `craft_assetsources`
--

INSERT INTO `craft_assetsources` (`id`, `name`, `handle`, `type`, `settings`, `sortOrder`, `fieldLayoutId`, `dateCreated`, `dateUpdated`, `uid`) VALUES
 ('1', 'Work', 'work', 'Local', '{\"path\":\"{basePath}_ui\\/img\\/work\\/\",\"publicURLs\":\"1\",\"url\":\"{baseUrl}_ui\\/img\\/work\\/\"}', '1', '13', '2016-10-13 23:00:10', '2016-10-13 23:00:23', 'ff11cfc5-6224-451e-9047-c8ed46e5c675'),
 ('2', 'Team', 'team', 'Local', '{\"path\":\"{basePath}_ui\\/img\\/team\\/\",\"publicURLs\":\"1\",\"url\":\"{baseUrl}_ui\\/img\\/team\\/\"}', '2', '110', '2016-11-01 21:41:09', '2016-11-01 21:41:09', '686695a9-d455-45b6-a6c3-7fedc04c3670'),
 ('3', 'CTA', 'cta', 'Local', '{\"path\":\"{basePath}_ui\\/img\\/cta\\/\",\"publicURLs\":\"1\",\"url\":\"{baseUrl}_ui\\/img\\/cta\\/\"}', '3', '117', '2016-11-02 18:41:24', '2016-11-02 18:41:24', 'e38764ba-43d3-4624-bb08-595c15ab969d'),
 ('4', 'Journal', 'journal', 'Local', '{\"path\":\"{basePath}_ui\\/img\\/journal\\/\",\"publicURLs\":\"1\",\"url\":\"{baseUrl}_ui\\/img\\/journal\\/\"}', '4', '139', '2016-11-03 21:34:44', '2016-11-03 21:34:44', 'fba95151-e476-4df4-bb91-9bfdb9749d9f');



DROP TABLE IF EXISTS `craft_assettransformindex`;


--
-- Schema for table `craft_assettransformindex`
--
CREATE TABLE `craft_assettransformindex` (
  `id` int(11) NOT NULL AUTO_INCREMENT,
  `fileId` int(11) NOT NULL,
  `filename` varchar(255) COLLATE utf8_unicode_ci DEFAULT NULL,
  `format` varchar(255) COLLATE utf8_unicode_ci DEFAULT NULL,
  `location` varchar(255) COLLATE utf8_unicode_ci NOT NULL,
  `sourceId` int(11) DEFAULT NULL,
  `fileExists` tinyint(1) DEFAULT NULL,
  `inProgress` tinyint(1) DEFAULT NULL,
  `dateIndexed` datetime DEFAULT NULL,
  `dateCreated` datetime NOT NULL,
  `dateUpdated` datetime NOT NULL,
  `uid` char(36) COLLATE utf8_unicode_ci NOT NULL DEFAULT '0',
  PRIMARY KEY (`id`),
  KEY `craft_assettransformindex_sourceId_fileId_location_idx` (`sourceId`,`fileId`,`location`)
) ENGINE=InnoDB DEFAULT CHARSET=utf8 COLLATE=utf8_unicode_ci;

DROP TABLE IF EXISTS `craft_assettransforms`;


--
-- Schema for table `craft_assettransforms`
--
CREATE TABLE `craft_assettransforms` (
  `id` int(11) NOT NULL AUTO_INCREMENT,
  `name` varchar(255) COLLATE utf8_unicode_ci NOT NULL,
  `handle` varchar(255) COLLATE utf8_unicode_ci NOT NULL,
  `mode` enum('stretch','fit','crop') COLLATE utf8_unicode_ci NOT NULL DEFAULT 'crop',
  `position` enum('top-left','top-center','top-right','center-left','center-center','center-right','bottom-left','bottom-center','bottom-right') COLLATE utf8_unicode_ci NOT NULL DEFAULT 'center-center',
  `height` int(10) DEFAULT NULL,
  `width` int(10) DEFAULT NULL,
  `format` varchar(255) COLLATE utf8_unicode_ci DEFAULT NULL,
  `quality` int(10) DEFAULT NULL,
  `dimensionChangeTime` datetime DEFAULT NULL,
  `dateCreated` datetime NOT NULL,
  `dateUpdated` datetime NOT NULL,
  `uid` char(36) COLLATE utf8_unicode_ci NOT NULL DEFAULT '0',
  PRIMARY KEY (`id`),
  UNIQUE KEY `craft_assettransforms_name_unq_idx` (`name`),
  UNIQUE KEY `craft_assettransforms_handle_unq_idx` (`handle`)
) ENGINE=InnoDB DEFAULT CHARSET=utf8 COLLATE=utf8_unicode_ci;

DROP TABLE IF EXISTS `craft_categories`;


--
-- Schema for table `craft_categories`
--
CREATE TABLE `craft_categories` (
  `id` int(11) NOT NULL,
  `groupId` int(11) NOT NULL,
  `dateCreated` datetime NOT NULL,
  `dateUpdated` datetime NOT NULL,
  `uid` char(36) COLLATE utf8_unicode_ci NOT NULL DEFAULT '0',
  PRIMARY KEY (`id`),
  KEY `craft_categories_groupId_fk` (`groupId`)
) ENGINE=InnoDB DEFAULT CHARSET=utf8 COLLATE=utf8_unicode_ci;

--
-- Data for table `craft_categories`
--

INSERT INTO `craft_categories` (`id`, `groupId`, `dateCreated`, `dateUpdated`, `uid`) VALUES
 ('9', '1', '2016-10-13 20:36:24', '2016-10-13 20:36:24', '7e4e6da7-6de5-478f-9827-b6bbfb3209ae'),
 ('10', '1', '2016-10-13 20:36:32', '2016-10-13 20:36:32', '351d3cc5-f3da-4941-87c5-106ce860d911'),
 ('11', '1', '2016-10-13 20:36:44', '2016-10-13 20:36:44', '7231c367-ec0f-4345-82ca-a909f76705b7'),
 ('12', '1', '2016-10-13 20:36:54', '2016-10-13 20:36:54', 'be74b8e6-674e-40b2-b5cf-e85c2b9c0450'),
 ('13', '1', '2016-10-13 20:37:02', '2016-10-13 20:37:02', 'a1490c02-89b0-46af-b6cd-2d868b0c930f'),
 ('14', '1', '2016-10-13 20:37:10', '2016-10-13 20:37:10', '5be5358b-2734-4f45-a3ea-e6c7a16be9b3'),
 ('109', '2', '2016-11-03 21:09:22', '2016-11-03 21:09:22', '703da08d-6c8b-4b18-aea7-87af3b100042'),
 ('110', '2', '2016-11-03 21:09:33', '2016-11-03 21:09:33', 'ff1d10ac-9351-492b-a162-46fe2746d4e9'),
 ('111', '2', '2016-11-03 21:09:48', '2016-11-03 21:09:48', 'd4e257e6-5186-4a15-b665-f0f10d850407'),
 ('127', '2', '2016-11-11 19:45:22', '2016-11-11 19:45:22', 'ed7d3f44-83b8-4516-a3fe-0dfe8d92d2c5');



DROP TABLE IF EXISTS `craft_categorygroups`;


--
-- Schema for table `craft_categorygroups`
--
CREATE TABLE `craft_categorygroups` (
  `id` int(11) NOT NULL AUTO_INCREMENT,
  `structureId` int(11) NOT NULL,
  `fieldLayoutId` int(11) DEFAULT NULL,
  `name` varchar(255) COLLATE utf8_unicode_ci NOT NULL,
  `handle` varchar(255) COLLATE utf8_unicode_ci NOT NULL,
  `hasUrls` tinyint(1) unsigned NOT NULL DEFAULT '1',
  `template` varchar(500) COLLATE utf8_unicode_ci DEFAULT NULL,
  `dateCreated` datetime NOT NULL,
  `dateUpdated` datetime NOT NULL,
  `uid` char(36) COLLATE utf8_unicode_ci NOT NULL DEFAULT '0',
  PRIMARY KEY (`id`),
  UNIQUE KEY `craft_categorygroups_name_unq_idx` (`name`),
  UNIQUE KEY `craft_categorygroups_handle_unq_idx` (`handle`),
  KEY `craft_categorygroups_structureId_fk` (`structureId`),
  KEY `craft_categorygroups_fieldLayoutId_fk` (`fieldLayoutId`)
) ENGINE=InnoDB AUTO_INCREMENT=3 DEFAULT CHARSET=utf8 COLLATE=utf8_unicode_ci;

--
-- Data for table `craft_categorygroups`
--

INSERT INTO `craft_categorygroups` (`id`, `structureId`, `fieldLayoutId`, `name`, `handle`, `hasUrls`, `template`, `dateCreated`, `dateUpdated`, `uid`) VALUES
 ('1', '1', '11', 'Work', 'work', '1', '/work/index.html', '2016-10-13 20:36:13', '2016-10-13 21:56:23', 'ef578f5c-ea75-4d4d-9b4c-d7794f3a7a05'),
 ('2', '3', '149', 'Journal', 'journal', '1', 'journal/index.html', '2016-11-03 21:08:43', '2016-11-03 22:10:44', '30540e6c-300b-4bcc-95ea-3a428a386df8');



DROP TABLE IF EXISTS `craft_categorygroups_i18n`;


--
-- Schema for table `craft_categorygroups_i18n`
--
CREATE TABLE `craft_categorygroups_i18n` (
  `id` int(11) NOT NULL AUTO_INCREMENT,
  `groupId` int(11) NOT NULL,
  `locale` char(12) COLLATE utf8_unicode_ci NOT NULL,
  `urlFormat` text COLLATE utf8_unicode_ci,
  `nestedUrlFormat` text COLLATE utf8_unicode_ci,
  `dateCreated` datetime NOT NULL,
  `dateUpdated` datetime NOT NULL,
  `uid` char(36) COLLATE utf8_unicode_ci NOT NULL DEFAULT '0',
  PRIMARY KEY (`id`),
  UNIQUE KEY `craft_categorygroups_i18n_groupId_locale_unq_idx` (`groupId`,`locale`),
  KEY `craft_categorygroups_i18n_locale_fk` (`locale`)
) ENGINE=InnoDB AUTO_INCREMENT=3 DEFAULT CHARSET=utf8 COLLATE=utf8_unicode_ci;

--
-- Data for table `craft_categorygroups_i18n`
--

INSERT INTO `craft_categorygroups_i18n` (`id`, `groupId`, `locale`, `urlFormat`, `nestedUrlFormat`, `dateCreated`, `dateUpdated`, `uid`) VALUES
 ('1', '1', 'en_us', 'work/{slug}', '{parent.uri}/{slug}', '2016-10-13 20:36:13', '2016-10-13 20:36:13', '99512bb3-fb10-43b3-9d1a-8a8526f8d3af'),
 ('2', '2', 'en_us', 'journal/{slug}', '{parent.uri}/{slug}', '2016-11-03 21:08:43', '2016-11-03 21:08:43', 'de997a9c-aa46-40ec-bb47-bb90dfc3c38e');



DROP TABLE IF EXISTS `craft_content`;


--
-- Schema for table `craft_content`
--
CREATE TABLE `craft_content` (
  `id` int(11) NOT NULL AUTO_INCREMENT,
  `elementId` int(11) NOT NULL,
  `locale` char(12) COLLATE utf8_unicode_ci NOT NULL,
  `title` varchar(255) COLLATE utf8_unicode_ci DEFAULT NULL,
  `field_body` text COLLATE utf8_unicode_ci,
  `field_highlightColor` char(7) COLLATE utf8_unicode_ci DEFAULT NULL,
  `field_projectTitle` text COLLATE utf8_unicode_ci,
  `field_introduction` text COLLATE utf8_unicode_ci,
  `field_heroHeadline` text COLLATE utf8_unicode_ci,
  `field_additionalInformation` text COLLATE utf8_unicode_ci,
  `field_heroFontColor` char(7) COLLATE utf8_unicode_ci DEFAULT NULL,
  `field_email` text COLLATE utf8_unicode_ci,
  `field_address` text COLLATE utf8_unicode_ci,
  `field_phoneNumber` text COLLATE utf8_unicode_ci,
  `field_faxNumber` text COLLATE utf8_unicode_ci,
  `field_jobTitle` text COLLATE utf8_unicode_ci,
  `field_teamHeader` text COLLATE utf8_unicode_ci,
  `field_introLeftColumn` text COLLATE utf8_unicode_ci,
  `field_introRightColumn` text COLLATE utf8_unicode_ci,
  `field_pressAwards` text COLLATE utf8_unicode_ci,
  `dateCreated` datetime NOT NULL,
  `dateUpdated` datetime NOT NULL,
  `uid` char(36) COLLATE utf8_unicode_ci NOT NULL DEFAULT '0',
  PRIMARY KEY (`id`),
  UNIQUE KEY `craft_content_elementId_locale_unq_idx` (`elementId`,`locale`),
  KEY `craft_content_title_idx` (`title`),
  KEY `craft_content_locale_fk` (`locale`)
) ENGINE=InnoDB AUTO_INCREMENT=131 DEFAULT CHARSET=utf8 COLLATE=utf8_unicode_ci;

--
-- Data for table `craft_content`
--

INSERT INTO `craft_content` (`id`, `elementId`, `locale`, `title`, `field_body`, `field_highlightColor`, `field_projectTitle`, `field_introduction`, `field_heroHeadline`, `field_additionalInformation`, `field_heroFontColor`, `field_email`, `field_address`, `field_phoneNumber`, `field_faxNumber`, `field_jobTitle`, `field_teamHeader`, `field_introLeftColumn`, `field_introRightColumn`, `field_pressAwards`, `dateCreated`, `dateUpdated`, `uid`) VALUES
 ('1', '1', 'en_us', NULL, NULL, NULL, NULL, NULL, NULL, NULL, NULL, NULL, NULL, NULL, NULL, NULL, NULL, NULL, NULL, NULL, '2016-10-07 18:01:52', '2016-10-20 20:27:39', '57624308-86ef-4716-95d7-9dc23feee639'),
 ('2', '2', 'en_us', 'Turnstyle', '<p>It’s true, this site doesn’t have a whole lot of content yet, but don’t worry. Our web developers have just installed the CMS, and they’re setting things up for the content editors this very moment. Soon Turnstyle.dev will be an oasis of fresh perspectives, sharp analyses, and astute opinions that will keep you coming back again and again.</p>', NULL, NULL, NULL, NULL, NULL, NULL, NULL, NULL, NULL, NULL, NULL, NULL, NULL, NULL, NULL, '2016-10-07 18:01:54', '2016-10-20 22:31:56', '0fb4d877-5c39-4f76-8ed0-5d264a300eb3'),
 ('4', '4', 'en_us', 'Work', NULL, NULL, NULL, NULL, NULL, NULL, NULL, NULL, NULL, NULL, NULL, NULL, NULL, NULL, NULL, NULL, '2016-10-13 20:24:42', '2016-10-13 20:24:42', '4cc063b0-0d1e-47c7-846c-fdc820fb1dfb'),
 ('5', '5', 'en_us', 'Print Entry', NULL, '#000000', 'Cool Print Project Title ', '', 'Hero\r\nHeadline\r\nIs\r\nHere', NULL, '#000000', NULL, NULL, NULL, NULL, NULL, NULL, NULL, NULL, NULL, '2016-10-13 20:34:43', '2016-11-11 21:04:30', '853fb6de-1802-490e-a11c-8dfd8dcb1018'),
 ('6', '6', 'en_us', 'Digital Entry', NULL, '#000000', 'Sweet Mother of Digital', '', 'Here\'s\r\nto \r\nHeadlines', NULL, 'off-whi', NULL, NULL, NULL, NULL, NULL, NULL, NULL, NULL, NULL, '2016-10-13 20:34:49', '2016-10-18 18:35:05', '575389e8-1e80-47af-9250-b3d6ecd13a85'),
 ('7', '7', 'en_us', 'Identity Entry', NULL, '#000000', 'Mr Robot', '', 'Example\r\nHero\r\nHeadline', NULL, 'off-whi', NULL, NULL, NULL, NULL, NULL, NULL, NULL, NULL, NULL, '2016-10-13 20:34:58', '2016-10-18 18:35:12', 'b64481df-dfdf-424a-9e78-bbe572c808a4'),
 ('8', '8', 'en_us', 'Strategy Entry', NULL, '#000000', 'Project Title', '', 'Hero\r\nHeadline\r\nHere', NULL, 'off-whi', NULL, NULL, NULL, NULL, NULL, NULL, NULL, NULL, NULL, '2016-10-13 20:35:08', '2016-10-18 18:34:54', '4321a6fb-e8a4-438c-813c-b3ed67469b46'),
 ('9', '9', 'en_us', 'Strategy', NULL, NULL, NULL, NULL, NULL, NULL, NULL, NULL, NULL, NULL, NULL, NULL, NULL, NULL, NULL, NULL, '2016-10-13 20:36:24', '2016-10-13 20:36:24', '9b453097-0215-4b6e-8b3a-e02837b38c15'),
 ('10', '10', 'en_us', 'Identity', NULL, NULL, NULL, NULL, NULL, NULL, NULL, NULL, NULL, NULL, NULL, NULL, NULL, NULL, NULL, NULL, '2016-10-13 20:36:32', '2016-10-13 20:36:32', '7a9aee56-aa24-4fc5-ba36-d15d8a11dd63'),
 ('11', '11', 'en_us', 'Digital', NULL, NULL, NULL, NULL, NULL, NULL, NULL, NULL, NULL, NULL, NULL, NULL, NULL, NULL, NULL, NULL, '2016-10-13 20:36:44', '2016-10-13 20:36:44', '4a103fdc-c1a0-48eb-9e4d-e41099bae221'),
 ('12', '12', 'en_us', 'Print', NULL, NULL, NULL, NULL, NULL, NULL, NULL, NULL, NULL, NULL, NULL, NULL, NULL, NULL, NULL, NULL, '2016-10-13 20:36:54', '2016-10-13 20:36:54', '950c5b53-7af9-46f1-b5f5-0d09d69403fc'),
 ('13', '13', 'en_us', 'Packaging', NULL, NULL, NULL, NULL, NULL, NULL, NULL, NULL, NULL, NULL, NULL, NULL, NULL, NULL, NULL, NULL, '2016-10-13 20:37:02', '2016-10-13 20:37:02', '37d86909-0000-4d8b-a20b-3e5cae8d908b'),
 ('14', '14', 'en_us', 'Environment', NULL, NULL, NULL, NULL, NULL, NULL, NULL, NULL, NULL, NULL, NULL, NULL, NULL, NULL, NULL, NULL, '2016-10-13 20:37:10', '2016-10-13 20:37:10', '323b10f4-f1f9-41e9-b945-62c821f4e77a'),
 ('15', '15', 'en_us', 'Justin Golmer', NULL, '#ffae96', 'Photography Promo', '<p class=\"large\">Justin Gollmer, one of our go-to photography partners, asked us design a ten-year retrospective promotional brochure. Wake, Style, Shoot, Do It All Again is a collection of images highlighting his work behind, beside, and around the camera. The brochure is divided into four sections that blur the lines between Gollmer’s personal and commercial work: people, action, travel, and product. Short sheets bound to the exterior provide thumbnail image guides to each section with captions for each image.</p>', 'Wake up\r\nStyle\r\nshoot\r\ndo it all\r\nagain', '[{\"col1\":\"Recogonition\",\"col2\":\"Print Regional Design Annual 2015\"}]', '#efefef', NULL, NULL, NULL, NULL, NULL, NULL, NULL, NULL, NULL, '2016-10-13 20:39:13', '2016-11-22 21:55:01', 'fe590c8b-e0d5-40e6-ac69-88bce93b6fb0'),
 ('16', '16', 'en_us', 'Oiselle', NULL, '#ff5822', 'Brand Identity System', '<p class=\"large\">As they prepared to open their first bricks and mortar store, Oiselle&mdash;a pioneer in women’s running and athletic fashion&mdash;had a mature brand that needed an infusion of new energy. Turnstyle worked with the Oiselle team to establish an updated identity system and then applied it to a huge range of customer touch points, coordinated to deliver, install and deploy in concert with their store opening in Seattle’s University Village in the summer of 2015.</p>', 'AN\r\nINFUSION\r\nOF\r\nNEW\r\nENERGY', NULL, '#efefef', NULL, NULL, NULL, NULL, NULL, NULL, NULL, NULL, NULL, '2016-10-13 20:39:34', '2016-11-15 23:10:25', '0e3ab165-2609-406e-ad14-35ee38513a67'),
 ('21', '21', 'en_us', 'Thumb Fpo 1', NULL, NULL, NULL, NULL, NULL, NULL, NULL, NULL, NULL, NULL, NULL, NULL, NULL, NULL, NULL, NULL, '2016-10-13 23:26:56', '2016-11-22 22:09:04', 'e7627674-470a-4bd0-85e2-bf8889465a75'),
 ('22', '22', 'en_us', 'Thumb Fpo 2', NULL, NULL, NULL, NULL, NULL, NULL, NULL, NULL, NULL, NULL, NULL, NULL, NULL, NULL, NULL, NULL, '2016-10-13 23:26:57', '2016-11-22 22:09:07', 'c4e28b46-e455-400b-b192-bc857925f764'),
 ('23', '23', 'en_us', 'Thumb Fpo 3', NULL, NULL, NULL, NULL, NULL, NULL, NULL, NULL, NULL, NULL, NULL, NULL, NULL, NULL, NULL, NULL, '2016-10-13 23:26:57', '2016-11-22 22:09:07', '5e9e7279-7e56-431c-9342-0be595d7c54a'),
 ('24', '24', 'en_us', 'Thumb Fpo 4', NULL, NULL, NULL, NULL, NULL, NULL, NULL, NULL, NULL, NULL, NULL, NULL, NULL, NULL, NULL, NULL, '2016-10-13 23:26:57', '2016-10-13 23:26:58', '442c917a-2e49-4089-98ab-d62b7ca3e1e3'),
 ('26', '26', 'en_us', 'Hero Fpo 1', NULL, NULL, NULL, NULL, NULL, NULL, NULL, NULL, NULL, NULL, NULL, NULL, NULL, NULL, NULL, NULL, '2016-10-17 20:26:58', '2016-11-22 22:09:04', '51ea8a52-93fc-41c3-ba96-5059f2ba6ec1'),
 ('27', '27', 'en_us', 'Large Image Fpo 1', NULL, NULL, NULL, NULL, NULL, NULL, NULL, NULL, NULL, NULL, NULL, NULL, NULL, NULL, NULL, NULL, '2016-10-17 20:29:46', '2016-11-22 22:09:04', '18ec79eb-e8d2-4f34-8bc4-65c497b50a25'),
 ('29', '30', 'en_us', 'Inset Fpo 1', NULL, NULL, NULL, NULL, NULL, NULL, NULL, NULL, NULL, NULL, NULL, NULL, NULL, NULL, NULL, NULL, '2016-10-17 21:06:59', '2016-11-22 22:09:03', '5a686f10-a5ce-469d-9b01-e131be095475'),
 ('32', '35', 'en_us', 'Twoup Fpo 1', NULL, NULL, NULL, NULL, NULL, NULL, NULL, NULL, NULL, NULL, NULL, NULL, NULL, NULL, NULL, NULL, '2016-10-17 22:08:04', '2016-11-22 22:09:05', 'a626d750-5635-4454-9140-e1f2ec963145'),
 ('33', '36', 'en_us', 'Twoup Fpo 2', NULL, NULL, NULL, NULL, NULL, NULL, NULL, NULL, NULL, NULL, NULL, NULL, NULL, NULL, NULL, NULL, '2016-10-17 22:08:05', '2016-11-22 22:09:05', '79fc6839-f982-4ad8-90e4-ae5f731e8c60'),
 ('35', '40', 'en_us', 'Hero Fpo 2', NULL, NULL, NULL, NULL, NULL, NULL, NULL, NULL, NULL, NULL, NULL, NULL, NULL, NULL, NULL, NULL, '2016-10-17 22:52:37', '2016-11-22 22:09:03', 'ecbd255c-4442-47c2-a677-6619650dbb0d'),
 ('36', '43', 'en_us', 'Contact', NULL, NULL, NULL, NULL, NULL, NULL, 'off-whi', 'info@\r\nturnstyle.\r\nstudio', '3621 \r\nStone Way N\r\nSuite B\r\nseattle\r\nwa\r\n98103', '206 \r\n297—7350\r\n', '206 \r\n297—7390', NULL, NULL, NULL, NULL, NULL, '2016-10-18 23:43:07', '2016-11-02 20:49:02', '1913ba28-8956-4943-a5d5-9869063fc246'),
 ('37', '44', 'en_us', 'Journal', NULL, NULL, NULL, NULL, NULL, NULL, 'off-whi', NULL, NULL, NULL, NULL, NULL, NULL, NULL, NULL, NULL, '2016-10-18 23:48:41', '2016-10-18 23:48:41', 'd30d2583-a218-4af7-af6a-8a26ebfaa577'),
 ('39', '46', 'en_us', NULL, NULL, NULL, NULL, NULL, NULL, NULL, 'off-whi', NULL, NULL, NULL, NULL, NULL, NULL, NULL, NULL, NULL, '2016-10-20 20:44:16', '2016-10-20 20:44:35', 'a8a4ff88-3f81-466d-9451-f0ffa3cf4dfb'),
 ('40', '47', 'en_us', NULL, NULL, NULL, NULL, NULL, NULL, NULL, 'off-whi', NULL, NULL, NULL, NULL, NULL, NULL, NULL, NULL, NULL, '2016-10-20 20:45:10', '2016-10-20 20:45:32', '26816311-f671-4891-9cb2-069d6748d9ca'),
 ('41', '48', 'en_us', 'Carousel Fpo 2', NULL, NULL, NULL, NULL, NULL, NULL, 'off-whi', NULL, NULL, NULL, NULL, NULL, NULL, NULL, NULL, NULL, '2016-10-31 21:00:42', '2016-11-22 22:09:08', '1871039d-f763-4e49-9980-f8a8e575816a'),
 ('42', '49', 'en_us', 'Carousel Fpo 3', NULL, NULL, NULL, NULL, NULL, NULL, 'off-whi', NULL, NULL, NULL, NULL, NULL, NULL, NULL, NULL, NULL, '2016-10-31 21:00:43', '2016-11-22 22:09:08', '61b6b813-1b7e-4536-9b1f-ccff3781e3bf'),
 ('43', '50', 'en_us', 'Carousel Fpo1', NULL, NULL, NULL, NULL, NULL, NULL, 'off-whi', NULL, NULL, NULL, NULL, NULL, NULL, NULL, NULL, NULL, '2016-10-31 21:00:43', '2016-11-22 22:09:08', '5c70afcf-4ec2-4e50-abae-6db366eb8a48'),
 ('45', '55', 'en_us', 'Strategy', NULL, NULL, NULL, NULL, NULL, NULL, 'off-whi', NULL, NULL, NULL, NULL, NULL, NULL, '<p class=\"h3 caps\">&mdash; Logo<br>&mdash; Voice & Personality<br>&mdash; Visual System<br>&mdash; Guidelines</p>\r\n\r\n<p class=\"h3 caps\"></p>', '<p>In our heart of hearts, we are identity designers. Although our capabilities and experience extend to a wide range of design and strategy offerings, identity is at the core of everything we do. We love the challenge of crafting visual systems that capture our clients\' unique brand personas. Systems that clarify purpose, encourage action, and inspire brand loyalty. Whether we’re designing from the ground up, managing a transition, or building upon an established identity, the whole brand experience is always on our radar. We design identities that balance the use of iconic, enduring brand elements with the flexibility to evolve, surprise and delight.</p>', NULL, '2016-11-01 18:31:38', '2016-11-02 23:29:52', 'ee4c72a2-757b-491a-bb61-da36209593cc'),
 ('46', '56', 'en_us', 'Identity', NULL, NULL, NULL, NULL, NULL, NULL, 'off-whi', NULL, NULL, NULL, NULL, NULL, NULL, NULL, NULL, NULL, '2016-11-01 18:31:47', '2016-11-02 23:29:52', '36fd0063-ad40-4945-984f-f2334ce1db32'),
 ('47', '60', 'en_us', 'T 1', NULL, NULL, NULL, NULL, NULL, NULL, 'off-whi', NULL, NULL, NULL, NULL, NULL, NULL, NULL, NULL, NULL, '2016-11-01 20:34:43', '2016-11-22 22:09:07', 'bc7c4dcf-a948-4c29-b124-4813dc70e70e'),
 ('49', '66', 'en_us', 'Team 1', NULL, NULL, NULL, NULL, NULL, NULL, 'off-whi', NULL, NULL, NULL, NULL, NULL, NULL, NULL, NULL, NULL, '2016-11-01 21:53:08', '2016-11-22 22:09:10', 'b6531dfb-717c-43f9-9345-36a60a6a75b5'),
 ('50', '67', 'en_us', 'Regina Baerwalde', NULL, NULL, NULL, NULL, NULL, NULL, 'off-whi', NULL, NULL, NULL, NULL, 'Senior Designer', NULL, NULL, NULL, NULL, '2016-11-01 21:53:12', '2016-11-01 21:53:12', '4febf3d2-bf49-421e-98b3-b571be5108fd'),
 ('51', '68', 'en_us', 'Abbey Baker', NULL, NULL, NULL, NULL, NULL, NULL, 'off-whi', NULL, NULL, NULL, NULL, 'Account Manager', NULL, NULL, NULL, NULL, '2016-11-01 21:53:33', '2016-11-01 21:53:33', 'deaa99bf-7662-4398-b498-0af24348ffc6'),
 ('52', '69', 'en_us', 'Robert Bennett', NULL, NULL, NULL, NULL, NULL, NULL, 'off-whi', NULL, NULL, NULL, NULL, 'Senior Designer', NULL, NULL, NULL, NULL, '2016-11-01 21:53:49', '2016-11-01 21:53:49', '08b6f763-5247-474c-a5c5-c728127bc0f3'),
 ('53', '70', 'en_us', 'Mallory Close', NULL, NULL, NULL, NULL, NULL, NULL, 'off-whi', NULL, NULL, NULL, NULL, 'Designer', NULL, NULL, NULL, NULL, '2016-11-01 21:54:05', '2016-11-01 21:54:05', '223a5b60-925b-415a-b9fa-e3861927f9fb'),
 ('54', '71', 'en_us', 'Stephanie Cooke', NULL, NULL, NULL, NULL, NULL, NULL, 'off-whi', NULL, NULL, NULL, NULL, 'Client Relations Director', NULL, NULL, NULL, NULL, '2016-11-01 21:54:25', '2016-11-01 21:54:25', '506fb9b3-ff91-4258-9a6a-6b710ea830f6'),
 ('55', '72', 'en_us', 'Matt Diefenbach', NULL, NULL, NULL, NULL, NULL, NULL, 'off-whi', NULL, NULL, NULL, NULL, 'Principal / Business Director', NULL, NULL, NULL, NULL, '2016-11-01 21:54:57', '2016-11-01 21:54:57', '4416aef7-841d-4a39-9a77-161a18af788f'),
 ('56', '73', 'en_us', 'Kyle Gabouer', NULL, NULL, NULL, NULL, NULL, NULL, 'off-whi', NULL, NULL, NULL, NULL, 'Digital Design Director', NULL, NULL, NULL, NULL, '2016-11-01 21:55:28', '2016-11-01 21:55:28', 'cbf59feb-6fdf-4515-b82c-04e487c56d89'),
 ('57', '74', 'en_us', 'Jason Gomez', NULL, NULL, NULL, NULL, NULL, NULL, 'off-whi', NULL, NULL, NULL, NULL, 'Associate Creative Director', NULL, NULL, NULL, NULL, '2016-11-01 21:55:48', '2016-11-01 21:55:48', '063354e8-3e3e-44bb-8fab-fc8f1f99e332'),
 ('58', '75', 'en_us', 'Ben Graham', NULL, NULL, NULL, NULL, NULL, NULL, 'off-whi', NULL, NULL, NULL, NULL, 'Principal / Creative Director', NULL, NULL, NULL, NULL, '2016-11-01 21:56:07', '2016-11-01 21:56:07', '44d9c8c4-3f22-4215-ac4b-5f3cbb3e84f2'),
 ('59', '76', 'en_us', 'Dani Johnson', NULL, NULL, NULL, NULL, NULL, NULL, 'off-whi', NULL, NULL, NULL, NULL, 'Operations & Finance Manager', NULL, NULL, NULL, NULL, '2016-11-01 21:56:55', '2016-11-01 21:56:55', '1d50692b-6b87-4247-bc65-7cb779585a47'),
 ('60', '77', 'en_us', 'Nick Katarow', NULL, NULL, NULL, NULL, NULL, NULL, 'off-whi', NULL, NULL, NULL, NULL, 'Senior Web Developer', NULL, NULL, NULL, NULL, '2016-11-01 21:57:12', '2016-11-01 21:57:12', 'b0d26c06-27ff-4863-92dc-5167036a3ba1'),
 ('61', '78', 'en_us', 'Helen Kong', NULL, NULL, NULL, NULL, NULL, NULL, 'off-whi', NULL, NULL, NULL, NULL, 'Account Manager', NULL, NULL, NULL, NULL, '2016-11-01 21:57:25', '2016-11-01 21:57:25', '133c0b78-6d67-4502-a173-25f26499b972'),
 ('62', '79', 'en_us', 'Garret Steider', NULL, NULL, NULL, NULL, NULL, NULL, 'off-whi', NULL, NULL, NULL, NULL, 'Designer', NULL, NULL, NULL, NULL, '2016-11-01 21:57:45', '2016-11-01 21:57:45', '49c33025-0d17-42ee-9add-3c80b7f03235'),
 ('63', '80', 'en_us', 'Steve Watson', NULL, NULL, NULL, NULL, NULL, NULL, 'off-whi', NULL, NULL, NULL, NULL, 'Principal / Creative Director', NULL, NULL, NULL, NULL, '2016-11-01 21:58:24', '2016-11-01 21:58:24', '7a9d1f7f-ae7d-44d7-b22a-70b7f44fe256'),
 ('64', '81', 'en_us', 'Handsome', NULL, NULL, NULL, NULL, NULL, NULL, 'off-whi', NULL, NULL, NULL, NULL, NULL, NULL, NULL, NULL, NULL, '2016-11-01 22:54:18', '2016-11-01 22:54:18', '67109da1-af88-422a-a4ec-cca1e398d715'),
 ('65', '82', 'en_us', 'Pretty Good', NULL, NULL, NULL, NULL, NULL, NULL, 'off-whi', NULL, NULL, NULL, NULL, NULL, NULL, NULL, NULL, NULL, '2016-11-01 22:54:26', '2016-11-01 22:54:26', 'bdfd33c0-7ad8-422d-bab5-08399755fe66'),
 ('66', '83', 'en_us', 'Clever', NULL, NULL, NULL, NULL, NULL, NULL, 'off-whi', NULL, NULL, NULL, NULL, NULL, NULL, NULL, NULL, NULL, '2016-11-01 22:54:56', '2016-11-01 22:54:56', '057fa3f8-8aaf-4155-9a90-d788730af492'),
 ('67', '84', 'en_us', 'Cheesy', NULL, NULL, NULL, NULL, NULL, NULL, 'off-whi', NULL, NULL, NULL, NULL, NULL, NULL, NULL, NULL, NULL, '2016-11-01 22:55:25', '2016-11-01 22:55:25', 'b3c2542e-feef-46ae-8283-3d6c43b5b869'),
 ('68', '85', 'en_us', 'Flavorful', NULL, NULL, NULL, NULL, NULL, NULL, 'off-whi', NULL, NULL, NULL, NULL, NULL, NULL, NULL, NULL, NULL, '2016-11-01 22:55:35', '2016-11-01 22:55:35', 'eb2b6d57-7828-45c6-ba84-9e614791e1c0'),
 ('70', '87', 'en_us', 'Lumpy', NULL, NULL, NULL, NULL, NULL, NULL, 'off-whi', NULL, NULL, NULL, NULL, NULL, NULL, NULL, NULL, NULL, '2016-11-01 22:57:14', '2016-11-01 22:57:14', '64da178d-d30f-497d-8668-4550fa81c767'),
 ('71', '88', 'en_us', 'Righteous', NULL, NULL, NULL, NULL, NULL, NULL, 'off-whi', NULL, NULL, NULL, NULL, NULL, NULL, NULL, NULL, NULL, '2016-11-01 22:57:31', '2016-11-01 22:57:31', '51bc8ee8-b972-4a87-8755-ac85e87a450c'),
 ('72', '89', 'en_us', 'Fastidious', NULL, NULL, NULL, NULL, NULL, NULL, 'off-whi', NULL, NULL, NULL, NULL, NULL, NULL, NULL, NULL, NULL, '2016-11-01 22:58:23', '2016-11-01 22:58:23', '322be92f-0c26-4127-979f-fb1465c9eba7'),
 ('73', '90', 'en_us', 'Jocular', NULL, NULL, NULL, NULL, NULL, NULL, 'off-whi', NULL, NULL, NULL, NULL, NULL, NULL, NULL, NULL, NULL, '2016-11-01 22:59:12', '2016-11-01 22:59:12', '686e01dc-9c88-4b94-a5bc-86be75d29c45'),
 ('74', '91', 'en_us', 'Luminous', NULL, NULL, NULL, NULL, NULL, NULL, 'off-whi', NULL, NULL, NULL, NULL, NULL, NULL, NULL, NULL, NULL, '2016-11-01 22:59:27', '2016-11-01 22:59:27', '3b95b652-31f7-4568-b63b-f43f6ff7a270'),
 ('75', '92', 'en_us', 'Neighborly', NULL, NULL, NULL, NULL, NULL, NULL, 'off-whi', NULL, NULL, NULL, NULL, NULL, NULL, NULL, NULL, NULL, '2016-11-01 23:00:22', '2016-11-01 23:00:22', 'c39b9a0e-df4e-4c3f-a67a-791b24ee05dc'),
 ('76', '93', 'en_us', 'Propitious', NULL, NULL, NULL, NULL, NULL, NULL, 'off-whi', NULL, NULL, NULL, NULL, NULL, NULL, NULL, NULL, NULL, '2016-11-01 23:00:44', '2016-11-01 23:00:44', '835d9c99-cc12-4096-b3ac-78c4220d97fb'),
 ('77', '94', 'en_us', 'Spasmodic', NULL, NULL, NULL, NULL, NULL, NULL, 'off-whi', NULL, NULL, NULL, NULL, NULL, NULL, NULL, NULL, NULL, '2016-11-01 23:01:15', '2016-11-01 23:01:15', '9ef9a63e-362b-4d4c-8cba-3bd9f8dbac02'),
 ('78', '95', 'en_us', 'Zealous', NULL, NULL, NULL, NULL, NULL, NULL, 'off-whi', NULL, NULL, NULL, NULL, NULL, NULL, NULL, NULL, NULL, '2016-11-01 23:01:40', '2016-11-01 23:01:40', '90dbcf08-6d1a-4af8-aa3a-725ccb8b6e95'),
 ('80', '97', 'en_us', 'Cta Contact', NULL, NULL, NULL, NULL, NULL, NULL, 'off-whi', NULL, NULL, NULL, NULL, NULL, NULL, NULL, NULL, NULL, '2016-11-02 18:59:30', '2016-11-22 22:09:11', 'e754b464-0beb-4d2f-8920-ddcaa540eff6'),
 ('81', '101', 'en_us', 'Studio', NULL, NULL, NULL, NULL, NULL, NULL, 'off-whi', NULL, NULL, NULL, NULL, NULL, 'MEET\r\nOUR\r\nTALENTED\r\nTEAM', '<p class=\"large\"><br></p>', '<p class=\"large\">Born in 2004</p>\r\n\r\n<p class=\"large\">We are a full-service creative agency with offices in Seattle and Portland. A dedicated team of designers, strategists, developers and account specialists, we create highly-crafted brand experiences that clarify purpose, encourage action, and inspire brand loyalty. We’d love to get to know you and help tell your story.&nbsp;</p>', '<p class=\"large\">08/2016 &mdash; IdN Magazine v23n2</p>\r\n\r\n<p class=\"large\">06/2016 &mdash; Communication Arts Design Annual 2016</p>\r\n\r\n\r\n\r\n\r\n\r\n\r\n\r\n\r\n\r\n\r\n\r\n\r\n\r\n\r\n\r\n\r\n\r\n\r\n\r\n\r\n\r\n\r\n\r\n\r\n\r\n\r\n\r\n\r\n\r\n\r\n\r\n\r\n\r\n\r\n\r\n\r\n\r\n\r\n\r\n\r\n\r\n\r\n\r\n\r\n\r\n\r\n\r\n\r\n\r\n\r\n\r\n\r\n\r\n\r\n\r\n\r\n\r\n\r\n\r\n\r\n\r\n\r\n\r\n<p class=\"large\">05/2016 &mdash; PRINT Magazine Regional Design Annual 2016</p>\r\n\r\n\r\n\r\n\r\n\r\n\r\n\r\n\r\n\r\n\r\n\r\n\r\n\r\n\r\n\r\n\r\n\r\n\r\n\r\n\r\n\r\n\r\n\r\n\r\n\r\n\r\n\r\n\r\n\r\n\r\n\r\n\r\n\r\n\r\n\r\n\r\n\r\n\r\n\r\n\r\n\r\n\r\n\r\n\r\n\r\n\r\n\r\n\r\n\r\n\r\n\r\n\r\n\r\n\r\n\r\n\r\n\r\n\r\n\r\n\r\n\r\n\r\n\r\n<p class=\"large\">03/2016 &mdash; Communication Arts Design Annual 2015</p>\r\n\r\n\r\n\r\n\r\n\r\n\r\n\r\n\r\n\r\n\r\n\r\n\r\n\r\n\r\n\r\n\r\n\r\n\r\n\r\n\r\n\r\n\r\n\r\n\r\n\r\n\r\n\r\n\r\n\r\n\r\n\r\n\r\n\r\n\r\n\r\n\r\n\r\n\r\n\r\n\r\n\r\n\r\n\r\n\r\n\r\n\r\n\r\n\r\n\r\n\r\n\r\n\r\n\r\n\r\n\r\n\r\n\r\n\r\n\r\n\r\n\r\n\r\n\r\n<p class=\"large\">02/2016 &mdash; IdN Magazine v23n2</p>\r\n\r\n\r\n\r\n\r\n\r\n\r\n\r\n\r\n\r\n\r\n\r\n\r\n\r\n\r\n\r\n\r\n\r\n\r\n\r\n\r\n\r\n\r\n\r\n\r\n\r\n\r\n\r\n\r\n\r\n\r\n\r\n\r\n\r\n\r\n\r\n\r\n\r\n\r\n\r\n\r\n\r\n\r\n\r\n\r\n\r\n\r\n\r\n\r\n\r\n\r\n\r\n\r\n\r\n\r\n\r\n\r\n\r\n\r\n\r\n\r\n\r\n\r\n\r\n<p class=\"large\">12/2015 &mdash; Communication Arts Design Annual 2016</p>\r\n\r\n\r\n\r\n\r\n\r\n\r\n\r\n\r\n\r\n\r\n\r\n\r\n\r\n\r\n\r\n\r\n\r\n\r\n\r\n\r\n\r\n\r\n\r\n\r\n\r\n\r\n\r\n\r\n\r\n\r\n\r\n\r\n\r\n\r\n\r\n\r\n\r\n\r\n\r\n\r\n\r\n\r\n\r\n\r\n\r\n\r\n\r\n\r\n\r\n\r\n\r\n\r\n\r\n\r\n\r\n\r\n\r\n\r\n\r\n\r\n\r\n\r\n\r\n<p class=\"large\">10/2015 &mdash; PRINT Magazine Regional Design Annual 2016</p>\r\n\r\n\r\n\r\n\r\n\r\n\r\n\r\n\r\n\r\n\r\n\r\n\r\n\r\n\r\n\r\n\r\n\r\n\r\n\r\n\r\n\r\n\r\n\r\n\r\n\r\n\r\n\r\n\r\n\r\n\r\n\r\n\r\n\r\n\r\n\r\n\r\n\r\n\r\n\r\n\r\n\r\n\r\n\r\n\r\n\r\n\r\n\r\n\r\n\r\n\r\n\r\n\r\n\r\n\r\n\r\n\r\n\r\n\r\n\r\n\r\n\r\n\r\n\r\n<p class=\"large\">10/2015 &mdash; Communication Arts Design Annual 2015</p>\r\n\r\n\r\n\r\n\r\n\r\n\r\n\r\n\r\n\r\n\r\n\r\n\r\n\r\n\r\n\r\n\r\n\r\n\r\n\r\n\r\n\r\n\r\n\r\n\r\n\r\n\r\n\r\n\r\n\r\n\r\n\r\n\r\n\r\n\r\n\r\n\r\n\r\n\r\n\r\n\r\n\r\n\r\n\r\n\r\n\r\n\r\n\r\n\r\n\r\n\r\n\r\n\r\n\r\n\r\n\r\n\r\n\r\n\r\n\r\n\r\n\r\n\r\n\r\n<p class=\"large\">06/2015 &mdash; PRINT Magazine Regional Design Annual 2016</p>\r\n\r\n\r\n\r\n\r\n\r\n\r\n\r\n\r\n\r\n\r\n\r\n\r\n\r\n\r\n\r\n\r\n\r\n\r\n\r\n\r\n\r\n\r\n\r\n\r\n\r\n\r\n\r\n\r\n\r\n\r\n\r\n\r\n\r\n\r\n\r\n\r\n\r\n\r\n\r\n\r\n\r\n\r\n\r\n\r\n\r\n\r\n\r\n\r\n\r\n\r\n\r\n\r\n\r\n\r\n\r\n\r\n\r\n\r\n\r\n\r\n\r\n\r\n\r\n<p class=\"large\">02/2015 &mdash; Communication Arts Design Annual 2015</p>', '2016-11-02 23:30:00', '2016-11-22 20:42:26', '5cbe9bd9-018b-4dd7-b4bf-c07c9b1b5cb9'),
 ('82', '109', 'en_us', 'Awards & Press', NULL, NULL, NULL, NULL, NULL, NULL, 'off-whi', NULL, NULL, NULL, NULL, NULL, NULL, NULL, NULL, NULL, '2016-11-03 21:09:22', '2016-11-03 21:09:22', 'acf73ec0-5d43-4cd2-9245-8e31bdc8fa5c'),
 ('83', '110', 'en_us', 'Our Clients', NULL, NULL, NULL, NULL, NULL, NULL, 'off-whi', NULL, NULL, NULL, NULL, NULL, NULL, NULL, NULL, NULL, '2016-11-03 21:09:33', '2016-11-03 21:09:33', '9bd65997-df9c-455f-97c7-68a8e369643b'),
 ('84', '111', 'en_us', 'News', NULL, NULL, NULL, NULL, NULL, NULL, 'off-whi', NULL, NULL, NULL, NULL, NULL, NULL, NULL, NULL, NULL, '2016-11-03 21:09:47', '2016-11-03 21:09:47', 'a874d537-fe67-4bb8-944e-205e5fc891a1'),
 ('85', '112', 'en_us', 'Turnstyle Featured in IdN Magazine', NULL, '#000000', NULL, NULL, NULL, NULL, '#000000', NULL, NULL, NULL, NULL, NULL, NULL, NULL, NULL, NULL, '2016-11-03 21:35:57', '2016-11-22 22:04:12', '080a6c6e-d388-43fd-8fcb-022250e0c474'),
 ('87', '114', 'en_us', 'Journal Fpo', NULL, NULL, NULL, NULL, NULL, NULL, 'off-whi', NULL, NULL, NULL, NULL, NULL, NULL, NULL, NULL, NULL, '2016-11-03 21:38:10', '2016-11-22 22:09:13', 'ec8a1a55-0570-417f-8f5e-800a429b1e7b'),
 ('88', '117', 'en_us', 'Render April2016 Altered 972 501 90 C1', NULL, NULL, NULL, NULL, NULL, NULL, 'off-whi', NULL, NULL, NULL, NULL, NULL, NULL, NULL, NULL, NULL, '2016-11-03 21:43:43', '2016-11-03 21:43:43', '7476d341-e836-4c08-81d2-3bc18bca7f72'),
 ('89', '118', 'en_us', 'We\'re Building Our Own Building', NULL, '#000000', NULL, NULL, NULL, NULL, '#000000', NULL, NULL, NULL, NULL, NULL, NULL, NULL, NULL, NULL, '2016-11-03 21:43:51', '2016-11-22 22:03:36', 'e4f75db1-fb18-423c-8c69-edefa3e707a2'),
 ('90', '120', 'en_us', 'Comm Arts Design Annual 2015 Ttt Spread', NULL, NULL, NULL, NULL, NULL, NULL, 'off-whi', NULL, NULL, NULL, NULL, NULL, NULL, NULL, NULL, NULL, '2016-11-03 21:45:55', '2016-11-22 22:09:09', '2fdc2ea1-13f4-4aa4-b9e7-a2134c0bf214'),
 ('91', '121', 'en_us', 'Comm Arts Design Annual 2015 972 501 90 C1', NULL, NULL, NULL, NULL, NULL, NULL, 'off-whi', NULL, NULL, NULL, NULL, NULL, NULL, NULL, NULL, NULL, '2016-11-03 21:46:06', '2016-11-22 22:09:12', '25cee389-3669-43f0-87aa-4006a5af841c'),
 ('92', '122', 'en_us', 'Turnstyle Principal Serves as Juror for Communication Arts Design Annual', NULL, '#000000', NULL, NULL, NULL, NULL, '#daff00', NULL, NULL, NULL, NULL, NULL, NULL, NULL, NULL, NULL, '2016-11-03 21:47:05', '2016-11-22 21:58:42', '1b41e7f9-38f9-47d0-84cd-69359b2f1f55'),
 ('93', '127', 'en_us', 'New Work', NULL, NULL, NULL, NULL, NULL, NULL, NULL, NULL, NULL, NULL, NULL, NULL, NULL, NULL, NULL, NULL, '2016-11-11 19:45:22', '2016-11-11 19:45:22', '91799f18-5ccc-4bd3-8d4d-42e973d5f17c'),
 ('94', '128', 'en_us', 'Large Image Fpo 1', NULL, NULL, NULL, NULL, NULL, NULL, NULL, NULL, NULL, NULL, NULL, NULL, NULL, NULL, NULL, NULL, '2016-11-11 20:59:03', '2016-11-11 20:59:03', '2d484518-45f1-4bcb-a441-f504e0324a12'),
 ('95', '130', 'en_us', 'Large Image Fpo 1 161017 202946', NULL, NULL, NULL, NULL, NULL, NULL, NULL, NULL, NULL, NULL, NULL, NULL, NULL, NULL, NULL, NULL, '2016-11-11 21:02:07', '2016-11-11 21:02:07', '77b818fa-ab91-41c5-8875-3cc0e3503cfa'),
 ('96', '132', 'en_us', 'Twoup Fpo 1', NULL, NULL, NULL, NULL, NULL, NULL, NULL, NULL, NULL, NULL, NULL, NULL, NULL, NULL, NULL, NULL, '2016-11-11 21:04:26', '2016-11-22 22:09:05', '688c2de1-7cf5-4528-b48a-351df23ed2eb'),
 ('97', '135', 'en_us', 'Oiselle Thumbnail 1', NULL, NULL, NULL, NULL, NULL, NULL, NULL, NULL, NULL, NULL, NULL, NULL, NULL, NULL, NULL, NULL, '2016-11-15 18:19:06', '2016-11-22 22:09:05', '14be1909-ccf0-46ed-b1ca-b3604f39702a'),
 ('98', '136', 'en_us', 'Oiselle Kit 2 Black', NULL, NULL, NULL, NULL, NULL, NULL, NULL, NULL, NULL, NULL, NULL, NULL, NULL, NULL, NULL, NULL, '2016-11-15 18:22:03', '2016-11-22 22:09:05', '0a12453f-0afa-436f-9fd9-f5e5b018b0c0'),
 ('99', '138', 'en_us', 'Justin Golmer Promo 1', NULL, NULL, NULL, NULL, NULL, NULL, NULL, NULL, NULL, NULL, NULL, NULL, NULL, NULL, NULL, NULL, '2016-11-15 19:39:53', '2016-11-22 22:09:04', '1de8963c-0c97-4854-8a6b-cf15f88d8b4b'),
 ('101', '146', 'en_us', NULL, NULL, NULL, NULL, NULL, NULL, NULL, NULL, NULL, NULL, NULL, NULL, NULL, NULL, NULL, NULL, NULL, '2016-11-17 17:46:18', '2016-11-17 17:51:01', '4cfd13a3-37a6-4a93-9a33-9f7b932298ee'),
 ('102', '147', 'en_us', NULL, NULL, NULL, NULL, NULL, NULL, NULL, NULL, NULL, NULL, NULL, NULL, NULL, NULL, NULL, NULL, NULL, '2016-11-17 17:46:53', '2016-11-17 17:53:04', '10d5ed2b-bf59-4d43-964f-156666272fa3'),
 ('103', '148', 'en_us', NULL, NULL, NULL, NULL, NULL, NULL, NULL, NULL, NULL, NULL, NULL, NULL, NULL, NULL, NULL, NULL, NULL, '2016-11-17 17:47:35', '2016-11-17 17:51:17', 'dda128f7-0190-47d7-baa3-ee14443357eb'),
 ('104', '149', 'en_us', NULL, NULL, NULL, NULL, NULL, NULL, NULL, NULL, NULL, NULL, NULL, NULL, NULL, NULL, NULL, NULL, NULL, '2016-11-17 17:48:02', '2016-11-17 17:50:08', '30b77de5-8441-4e0b-b60a-854947926c8e'),
 ('105', '150', 'en_us', NULL, NULL, NULL, NULL, NULL, NULL, NULL, NULL, NULL, NULL, NULL, NULL, NULL, NULL, NULL, NULL, NULL, '2016-11-17 17:48:28', '2016-11-17 17:50:25', '75a5294d-d6ae-4cb6-b9fe-c77d02dc8370'),
 ('106', '151', 'en_us', NULL, NULL, NULL, NULL, NULL, NULL, NULL, NULL, NULL, NULL, NULL, NULL, NULL, NULL, NULL, NULL, NULL, '2016-11-17 17:48:50', '2016-11-17 17:51:36', '611e3579-1255-4308-ba58-a86a5e3cb33b'),
 ('107', '152', 'en_us', NULL, NULL, NULL, NULL, NULL, NULL, NULL, NULL, NULL, NULL, NULL, NULL, NULL, NULL, NULL, NULL, NULL, '2016-11-17 17:49:13', '2016-11-17 17:50:42', '7eb56b05-8879-45de-baa7-9d8de59c9b2f'),
 ('108', '153', 'en_us', '090716 Sea Cottoncandy Med Rinnzimd', NULL, NULL, NULL, NULL, NULL, NULL, NULL, NULL, NULL, NULL, NULL, NULL, NULL, NULL, NULL, NULL, '2016-11-17 19:20:48', '2016-11-17 19:20:48', '0c2a03e2-4506-4184-a3cb-b76ac7574ff0'),
 ('109', '154', 'en_us', 'T 01', NULL, NULL, NULL, NULL, NULL, NULL, NULL, NULL, NULL, NULL, NULL, NULL, NULL, NULL, NULL, NULL, '2016-11-18 23:49:37', '2016-11-22 22:09:11', '2467f4d1-be70-4dd7-9e21-ab0865b42cfe'),
 ('113', '158', 'en_us', '20140325 Fuzzco Interior4265 1 Final Squire Fox 1600X800', NULL, NULL, NULL, NULL, NULL, NULL, NULL, NULL, NULL, NULL, NULL, NULL, NULL, NULL, NULL, NULL, '2016-11-21 20:34:26', '2016-11-22 22:09:06', '1ad0b822-142a-4147-b32a-c32afece3b80'),
 ('114', '159', 'en_us', '20140325 Fuzzco Interior19490 Final Squire Fox 1600X800', NULL, NULL, NULL, NULL, NULL, NULL, NULL, NULL, NULL, NULL, NULL, NULL, NULL, NULL, NULL, NULL, '2016-11-21 20:34:27', '2016-11-22 22:09:06', '4a0cda22-868b-4112-862f-8f1c5bcd7429'),
 ('115', '160', 'en_us', 'Mg 6706 Edit 1600X800', NULL, NULL, NULL, NULL, NULL, NULL, NULL, NULL, NULL, NULL, NULL, NULL, NULL, NULL, NULL, NULL, '2016-11-21 20:34:28', '2016-11-22 22:09:07', '1ff79ab6-5d72-4029-a7b2-c23130d3a5b8'),
 ('121', '166', 'en_us', 'Mg 6666 Edit 800', NULL, NULL, NULL, NULL, NULL, NULL, NULL, NULL, NULL, NULL, NULL, NULL, NULL, NULL, NULL, NULL, '2016-11-22 20:42:18', '2016-11-22 22:09:06', '44dfb02a-2968-425f-9765-95ec586dfa23'),
 ('122', '167', 'en_us', '1200X900', NULL, NULL, NULL, NULL, NULL, NULL, NULL, NULL, NULL, NULL, NULL, NULL, NULL, NULL, NULL, NULL, '2016-11-22 21:43:09', '2016-11-22 21:43:09', '4ed5230a-d57d-4e47-be72-f6b0ecfcefe6'),
 ('123', '168', 'en_us', '1200X1200', NULL, NULL, NULL, NULL, NULL, NULL, NULL, NULL, NULL, NULL, NULL, NULL, NULL, NULL, NULL, NULL, '2016-11-22 21:43:10', '2016-11-22 21:43:10', '7c359fc3-aa34-450b-8569-6595f5f26910'),
 ('124', '169', 'en_us', '1200X1800', NULL, NULL, NULL, NULL, NULL, NULL, NULL, NULL, NULL, NULL, NULL, NULL, NULL, NULL, NULL, NULL, '2016-11-22 21:43:10', '2016-11-22 21:43:10', '68778220-a17f-4a35-89fe-431b58fd7388'),
 ('125', '170', 'en_us', '1200X900', NULL, NULL, NULL, NULL, NULL, NULL, NULL, NULL, NULL, NULL, NULL, NULL, NULL, NULL, NULL, NULL, '2016-11-22 21:46:48', '2016-11-22 22:09:03', 'a47db16b-ea97-4e4e-9cf9-a73142acf349');
INSERT INTO `craft_content` (`id`, `elementId`, `locale`, `title`, `field_body`, `field_highlightColor`, `field_projectTitle`, `field_introduction`, `field_heroHeadline`, `field_additionalInformation`, `field_heroFontColor`, `field_email`, `field_address`, `field_phoneNumber`, `field_faxNumber`, `field_jobTitle`, `field_teamHeader`, `field_introLeftColumn`, `field_introRightColumn`, `field_pressAwards`, `dateCreated`, `dateUpdated`, `uid`) VALUES
 ('126', '171', 'en_us', '1200X1800', NULL, NULL, NULL, NULL, NULL, NULL, NULL, NULL, NULL, NULL, NULL, NULL, NULL, NULL, NULL, NULL, '2016-11-22 21:57:53', '2016-11-22 21:57:53', '7c74fe6f-5bf1-405b-afa8-a48dc7fbed0e'),
 ('127', '172', 'en_us', '2400X1800', NULL, NULL, NULL, NULL, NULL, NULL, NULL, NULL, NULL, NULL, NULL, NULL, NULL, NULL, NULL, NULL, '2016-11-22 21:58:38', '2016-11-22 22:09:09', '0ee43e82-dba6-4668-baef-e7b0248ba106'),
 ('128', '173', 'en_us', '2400X1800', NULL, NULL, NULL, NULL, NULL, NULL, NULL, NULL, NULL, NULL, NULL, NULL, NULL, NULL, NULL, NULL, '2016-11-22 22:03:20', '2016-11-22 22:03:36', 'b58b929e-b30c-4ed2-97cc-b2ed12619252'),
 ('129', '174', 'en_us', '2400X1800', NULL, NULL, NULL, NULL, NULL, NULL, NULL, NULL, NULL, NULL, NULL, NULL, NULL, NULL, NULL, NULL, '2016-11-22 22:03:50', '2016-11-22 22:09:07', '54970baf-a161-40cf-8bf1-24e696856fed'),
 ('130', '175', 'en_us', 'Large Image Fpo 1', NULL, NULL, NULL, NULL, NULL, NULL, NULL, NULL, NULL, NULL, NULL, NULL, NULL, NULL, NULL, NULL, '2016-11-22 22:09:05', '2016-11-22 22:09:05', '599bb46f-4c06-4ee4-aebb-0638ca405d22');



DROP TABLE IF EXISTS `craft_deprecationerrors`;


--
-- Schema for table `craft_deprecationerrors`
--
CREATE TABLE `craft_deprecationerrors` (
  `id` int(11) NOT NULL AUTO_INCREMENT,
  `key` varchar(255) COLLATE utf8_unicode_ci NOT NULL,
  `fingerprint` varchar(255) COLLATE utf8_unicode_ci NOT NULL,
  `lastOccurrence` datetime NOT NULL,
  `file` varchar(255) COLLATE utf8_unicode_ci NOT NULL,
  `line` smallint(6) unsigned NOT NULL,
  `class` varchar(255) COLLATE utf8_unicode_ci DEFAULT NULL,
  `method` varchar(255) COLLATE utf8_unicode_ci DEFAULT NULL,
  `template` varchar(255) COLLATE utf8_unicode_ci DEFAULT NULL,
  `templateLine` smallint(6) unsigned DEFAULT NULL,
  `message` varchar(255) COLLATE utf8_unicode_ci DEFAULT NULL,
  `traces` text COLLATE utf8_unicode_ci,
  `dateCreated` datetime NOT NULL,
  `dateUpdated` datetime NOT NULL,
  `uid` char(36) COLLATE utf8_unicode_ci NOT NULL DEFAULT '0',
  PRIMARY KEY (`id`),
  UNIQUE KEY `craft_deprecationerrors_key_fingerprint_unq_idx` (`key`,`fingerprint`)
) ENGINE=InnoDB DEFAULT CHARSET=utf8 COLLATE=utf8_unicode_ci;

DROP TABLE IF EXISTS `craft_elementindexsettings`;


--
-- Schema for table `craft_elementindexsettings`
--
CREATE TABLE `craft_elementindexsettings` (
  `id` int(11) NOT NULL AUTO_INCREMENT,
  `type` varchar(150) COLLATE utf8_unicode_ci NOT NULL,
  `settings` text COLLATE utf8_unicode_ci,
  `dateCreated` datetime NOT NULL,
  `dateUpdated` datetime NOT NULL,
  `uid` char(36) COLLATE utf8_unicode_ci NOT NULL DEFAULT '0',
  PRIMARY KEY (`id`),
  UNIQUE KEY `craft_elementindexsettings_type_unq_idx` (`type`)
) ENGINE=InnoDB AUTO_INCREMENT=3 DEFAULT CHARSET=utf8 COLLATE=utf8_unicode_ci;

--
-- Data for table `craft_elementindexsettings`
--

INSERT INTO `craft_elementindexsettings` (`id`, `type`, `settings`, `dateCreated`, `dateUpdated`, `uid`) VALUES
 ('1', 'Entry', '{\"sources\":{\"section:9\":{\"tableAttributes\":[]}}}', '2016-11-01 23:36:49', '2016-11-01 23:37:02', '4c7d9be8-ed34-4e09-8f50-8a802be381d9');



DROP TABLE IF EXISTS `craft_elements`;


--
-- Schema for table `craft_elements`
--
CREATE TABLE `craft_elements` (
  `id` int(11) NOT NULL AUTO_INCREMENT,
  `type` varchar(150) COLLATE utf8_unicode_ci NOT NULL,
  `enabled` tinyint(1) unsigned NOT NULL DEFAULT '1',
  `archived` tinyint(1) unsigned NOT NULL DEFAULT '0',
  `dateCreated` datetime NOT NULL,
  `dateUpdated` datetime NOT NULL,
  `uid` char(36) COLLATE utf8_unicode_ci NOT NULL DEFAULT '0',
  PRIMARY KEY (`id`),
  KEY `craft_elements_type_idx` (`type`),
  KEY `craft_elements_enabled_idx` (`enabled`),
  KEY `craft_elements_archived_dateCreated_idx` (`archived`,`dateCreated`)
) ENGINE=InnoDB AUTO_INCREMENT=176 DEFAULT CHARSET=utf8 COLLATE=utf8_unicode_ci;

--
-- Data for table `craft_elements`
--

INSERT INTO `craft_elements` (`id`, `type`, `enabled`, `archived`, `dateCreated`, `dateUpdated`, `uid`) VALUES
 ('1', 'User', '1', '0', '2016-10-07 18:01:52', '2016-10-20 20:27:39', '1882b73c-f477-4f59-b9ec-05c46bc88320'),
 ('2', 'Entry', '1', '0', '2016-10-07 18:01:54', '2016-10-20 22:31:56', '8e15befe-8a20-4d8d-8c78-e7665bb99137'),
 ('4', 'Entry', '1', '0', '2016-10-13 20:24:42', '2016-10-13 20:24:42', '35cfca5d-5e98-4562-ab09-76ec58525ea1'),
 ('5', 'Entry', '1', '0', '2016-10-13 20:34:43', '2016-11-21 19:56:22', 'cd695d5f-defb-4776-aeda-c7b71842354b'),
 ('6', 'Entry', '1', '0', '2016-10-13 20:34:49', '2016-11-21 19:56:22', '990b3649-cd91-4b67-8ad1-bfb854f381f1'),
 ('7', 'Entry', '1', '0', '2016-10-13 20:34:58', '2016-11-21 19:56:22', '7a293dea-e8b1-4fbb-94b3-c5e183b3447e'),
 ('8', 'Entry', '1', '0', '2016-10-13 20:35:08', '2016-11-21 19:56:22', '3deb955c-773a-4279-9f08-329e1f80a30e'),
 ('9', 'Category', '1', '0', '2016-10-13 20:36:24', '2016-10-13 20:36:24', '89ba0bd9-480e-4d42-a1cc-3736eeb89d38'),
 ('10', 'Category', '1', '0', '2016-10-13 20:36:32', '2016-10-13 20:36:32', '77f09759-4eca-4280-bc51-8ac8a1f9548a'),
 ('11', 'Category', '1', '0', '2016-10-13 20:36:44', '2016-10-13 20:36:44', '87cfd81f-15cc-488e-8021-1ecbc28265b9'),
 ('12', 'Category', '1', '0', '2016-10-13 20:36:54', '2016-10-13 20:36:54', 'e93cd96b-49aa-4b46-b365-075d885c59bd'),
 ('13', 'Category', '1', '0', '2016-10-13 20:37:02', '2016-10-13 20:37:02', '58055e6f-44f0-4b39-b55e-46964d983ae2'),
 ('14', 'Category', '1', '0', '2016-10-13 20:37:10', '2016-10-13 20:37:10', '3fd4dc1b-2843-4c9e-aa03-ec039d219aa0'),
 ('15', 'Entry', '1', '0', '2016-10-13 20:39:13', '2016-11-22 21:55:01', 'ceba6db4-ddf8-4323-af89-a982453f67ef'),
 ('16', 'Entry', '1', '0', '2016-10-13 20:39:34', '2016-11-15 23:10:25', 'bd6a103d-3b4c-4b68-8475-9d43d6d4f248'),
 ('21', 'Asset', '1', '0', '2016-10-13 23:26:56', '2016-11-22 22:09:04', 'c6535458-6dc7-430f-93d1-7c502e73240c'),
 ('22', 'Asset', '1', '0', '2016-10-13 23:26:57', '2016-11-22 22:09:07', 'cbc47b77-96cc-45ea-bf2a-026185942867'),
 ('23', 'Asset', '1', '0', '2016-10-13 23:26:57', '2016-11-22 22:09:07', '00975dd7-0d60-4e85-87a5-d6d35d12f30e'),
 ('24', 'Asset', '1', '0', '2016-10-13 23:26:57', '2016-10-13 23:26:58', '0f40c7d8-98bf-40d3-82c6-14afb2adc074'),
 ('26', 'Asset', '1', '0', '2016-10-17 20:26:58', '2016-11-22 22:09:04', '784d0610-9db5-4f4e-8667-dff2d51dc3bd'),
 ('27', 'Asset', '1', '0', '2016-10-17 20:29:46', '2016-11-22 22:09:04', '5e6a22a1-aea2-4fa4-afa1-57c9bb7d1f58'),
 ('28', 'MatrixBlock', '1', '0', '2016-10-17 20:30:09', '2016-11-22 21:55:01', '4e13a79a-58ce-4594-90d1-a29c6ce74533'),
 ('30', 'Asset', '1', '0', '2016-10-17 21:06:59', '2016-11-22 22:09:03', '4eae5ca2-4a40-4c01-a559-fe643385aeec'),
 ('31', 'MatrixBlock', '1', '0', '2016-10-17 21:07:10', '2016-11-22 21:55:01', '13065830-1b71-41ca-84e5-d5af5083fc2d'),
 ('32', 'MatrixBlock', '1', '0', '2016-10-17 21:25:01', '2016-11-22 21:55:01', '02e2e259-b2d1-43ee-ab94-642b094a4cab'),
 ('35', 'Asset', '1', '0', '2016-10-17 22:08:04', '2016-11-22 22:09:05', '2c68e7d0-91b2-4855-a0b9-dc95d2a158d5'),
 ('36', 'Asset', '1', '0', '2016-10-17 22:08:05', '2016-11-22 22:09:05', 'c4f8e2fa-e2aa-4f53-8296-40aa01f38562'),
 ('37', 'MatrixBlock', '1', '0', '2016-10-17 22:08:15', '2016-11-22 21:55:01', 'b8ad10e0-56b8-4fce-aef4-cb4f6d7e79af'),
 ('38', 'MatrixBlock', '1', '0', '2016-10-17 22:32:57', '2016-11-22 21:55:01', 'f6e00d4a-206f-4e17-900f-a17a67d27aa4'),
 ('40', 'Asset', '1', '0', '2016-10-17 22:52:37', '2016-11-22 22:09:03', 'c7172728-9ce0-4e08-9e3c-eea7f7f972f7'),
 ('41', 'MatrixBlock', '1', '0', '2016-10-17 23:44:13', '2016-11-22 21:55:01', '1b43033f-cf20-4d03-8ff4-c686986bb16f'),
 ('42', 'MatrixBlock', '1', '0', '2016-10-18 16:53:31', '2016-11-22 21:55:01', '00021fdf-c126-493b-a1a6-8ef6c9bc9540'),
 ('43', 'Entry', '1', '0', '2016-10-18 23:43:07', '2016-11-02 20:49:02', '7385bb9a-103a-4924-bc2e-7bb4425e0d64'),
 ('44', 'Entry', '1', '0', '2016-10-18 23:48:41', '2016-10-18 23:48:41', 'a7773867-ecdf-452b-b230-f9341e1bddfa'),
 ('46', 'User', '1', '0', '2016-10-20 20:44:16', '2016-10-20 20:44:35', '188cdc49-57da-4194-83df-3e8e7144a0e1'),
 ('47', 'User', '1', '0', '2016-10-20 20:45:10', '2016-10-20 20:45:32', '0a421917-5141-490b-98a0-2809fc193235'),
 ('48', 'Asset', '1', '0', '2016-10-31 21:00:42', '2016-11-22 22:09:08', '6d82d0a8-7476-4acd-b9e4-69f4d2bca169'),
 ('49', 'Asset', '1', '0', '2016-10-31 21:00:43', '2016-11-22 22:09:08', '2d3c803d-27fe-4888-9003-2d0ec2ee71d3'),
 ('50', 'Asset', '1', '0', '2016-10-31 21:00:43', '2016-11-22 22:09:08', '85adc5fb-d4f5-4cb5-8562-af30537f4154'),
 ('52', 'MatrixBlock', '1', '0', '2016-10-31 21:24:09', '2016-11-22 21:55:01', '663c8d66-8288-40d2-a3d5-1dbdc09c9ac8'),
 ('53', 'MatrixBlock', '1', '0', '2016-10-31 21:48:53', '2016-11-22 21:55:01', '6e0ddeeb-3827-4110-a7f2-dcbf98030564'),
 ('55', 'Entry', '1', '0', '2016-11-01 18:31:38', '2016-11-02 23:29:52', 'd98cead2-a189-4e2c-bb9c-187ed8bfacf8'),
 ('56', 'Entry', '1', '0', '2016-11-01 18:31:47', '2016-11-02 23:29:52', 'ddd22bcc-7898-4f36-8595-886c268e92a5'),
 ('60', 'Asset', '1', '0', '2016-11-01 20:34:42', '2016-11-22 22:09:07', 'e27956e0-2b76-4fbb-992e-2845e4e9d7f2'),
 ('66', 'Asset', '1', '0', '2016-11-01 21:53:08', '2016-11-22 22:09:10', '3863cd2d-df9a-4aec-bdb5-04b55f9bce37'),
 ('67', 'Entry', '1', '0', '2016-11-01 21:53:12', '2016-11-01 21:53:12', '59d91169-1780-421b-88b6-c7d39c09a0a3'),
 ('68', 'Entry', '1', '0', '2016-11-01 21:53:33', '2016-11-01 21:53:33', '8942110d-7b09-43bb-8773-d67348d3f232'),
 ('69', 'Entry', '1', '0', '2016-11-01 21:53:49', '2016-11-01 21:53:49', '28e9b29b-4646-4209-9de3-315e6134e1dd'),
 ('70', 'Entry', '1', '0', '2016-11-01 21:54:05', '2016-11-01 21:54:05', '92dcbbfb-8c45-4b46-9a1f-2320c35677da'),
 ('71', 'Entry', '1', '0', '2016-11-01 21:54:25', '2016-11-01 21:54:25', '7f060fc9-3151-48b4-9008-6c698c741022'),
 ('72', 'Entry', '1', '0', '2016-11-01 21:54:57', '2016-11-01 21:54:57', 'c6dc4758-a660-4ddd-8bf0-7ba9109f989c'),
 ('73', 'Entry', '1', '0', '2016-11-01 21:55:28', '2016-11-01 21:55:28', '8743d4b6-333e-4a97-a263-d70285e190ce'),
 ('74', 'Entry', '1', '0', '2016-11-01 21:55:48', '2016-11-01 21:55:48', '93792f67-6fe0-4a7d-bfd4-2b1ce1aaae6b'),
 ('75', 'Entry', '1', '0', '2016-11-01 21:56:07', '2016-11-01 21:56:07', '949908c3-bf66-4cb1-ae8f-13f71edff60f'),
 ('76', 'Entry', '1', '0', '2016-11-01 21:56:55', '2016-11-01 21:56:55', '158fc8e2-f72f-4479-98a5-cd46b3eb57c5'),
 ('77', 'Entry', '1', '0', '2016-11-01 21:57:12', '2016-11-01 21:57:12', '33d51560-fa70-4a14-bcb8-0d9169154c54'),
 ('78', 'Entry', '1', '0', '2016-11-01 21:57:25', '2016-11-01 21:57:25', '5250d226-ae80-46c5-ab20-8c90f746e9af'),
 ('79', 'Entry', '1', '0', '2016-11-01 21:57:45', '2016-11-01 21:57:45', '4c7febb7-d795-4739-a6fb-cffc0a34a87c'),
 ('80', 'Entry', '1', '0', '2016-11-01 21:58:24', '2016-11-01 21:58:24', 'a41b91e3-4823-40b5-99fc-a3b241d711d5'),
 ('81', 'Entry', '1', '0', '2016-11-01 22:54:18', '2016-11-01 22:54:18', 'b8976e2b-4fea-4ea1-962f-c8ad52df88b3'),
 ('82', 'Entry', '1', '0', '2016-11-01 22:54:26', '2016-11-01 22:54:26', 'b2ee16df-3d91-4515-a0e7-d5894c07f39c'),
 ('83', 'Entry', '1', '0', '2016-11-01 22:54:56', '2016-11-01 22:54:56', '35470486-549d-4c47-a74b-ad2f4b02484f'),
 ('84', 'Entry', '1', '0', '2016-11-01 22:55:25', '2016-11-01 22:55:25', '84767ca3-9dad-422a-a344-5ca0224d540e'),
 ('85', 'Entry', '1', '0', '2016-11-01 22:55:35', '2016-11-01 22:55:35', '19eb7e98-c91e-4876-b63e-e358032e845f'),
 ('87', 'Entry', '1', '0', '2016-11-01 22:57:14', '2016-11-01 22:57:14', 'abf08eeb-83b7-4dc1-a14c-bb6e5b5ae012'),
 ('88', 'Entry', '1', '0', '2016-11-01 22:57:31', '2016-11-01 22:57:31', '87860e6c-118a-44eb-b8a2-90432eade7fa'),
 ('89', 'Entry', '1', '0', '2016-11-01 22:58:23', '2016-11-01 22:58:23', 'f1b54967-eca9-430c-98f2-5e4cd1744f0f'),
 ('90', 'Entry', '1', '0', '2016-11-01 22:59:12', '2016-11-01 22:59:12', '8c7b6cd7-e676-4760-81c9-7715b82441f4'),
 ('91', 'Entry', '1', '0', '2016-11-01 22:59:27', '2016-11-01 22:59:27', 'c576739d-22fe-41c1-943d-2a73983de587'),
 ('92', 'Entry', '1', '0', '2016-11-01 23:00:22', '2016-11-01 23:00:22', 'cd876383-f77e-46c1-aed0-d490fba21403'),
 ('93', 'Entry', '1', '0', '2016-11-01 23:00:44', '2016-11-01 23:00:44', 'fd886313-7738-46d1-aa70-fefd1e1c0d9c'),
 ('94', 'Entry', '1', '0', '2016-11-01 23:01:15', '2016-11-01 23:01:15', '100567ac-26a3-4142-913e-0aa6a95cef24'),
 ('95', 'Entry', '1', '0', '2016-11-01 23:01:40', '2016-11-01 23:01:40', '997623bb-352e-4642-a26f-5148daa04962'),
 ('97', 'Asset', '1', '0', '2016-11-02 18:59:30', '2016-11-22 22:09:11', 'f35dac34-491e-418f-908b-baba664efde0'),
 ('98', 'SuperTable_Block', '1', '0', '2016-11-02 18:59:49', '2016-11-02 23:39:00', 'ec269ce4-9fd1-4656-85c0-1e2c2426868e'),
 ('99', 'SuperTable_Block', '1', '0', '2016-11-02 20:49:02', '2016-11-02 20:49:02', 'e0ae7801-9eb4-4844-a4c5-6bfe239d314a'),
 ('100', 'SuperTable_Block', '1', '0', '2016-11-02 22:32:22', '2016-11-02 22:32:22', '89eaf167-194b-40a1-a313-3e5ba71c9629'),
 ('101', 'Entry', '1', '0', '2016-11-02 23:30:00', '2016-11-22 20:42:26', '6b8dd171-a596-42f9-9df2-2bc03f71ee63'),
 ('102', 'SuperTable_Block', '1', '0', '2016-11-02 23:34:23', '2016-11-22 20:42:26', 'dac5a411-f08f-45aa-ba20-aa2fdc5c8d46'),
 ('103', 'MatrixBlock', '1', '0', '2016-11-02 23:38:39', '2016-11-22 20:42:26', 'ebe3c72e-c2cb-4961-b318-0175193b68ee'),
 ('104', 'MatrixBlock', '1', '0', '2016-11-02 23:38:39', '2016-11-22 20:42:26', '4367c213-0d6d-4c35-8d2f-8ed2e1280c81'),
 ('106', 'MatrixBlock', '1', '0', '2016-11-02 23:38:39', '2016-11-22 20:42:26', '203fab06-b622-4310-899f-7d324a027901'),
 ('107', 'MatrixBlock', '1', '0', '2016-11-02 23:38:39', '2016-11-22 20:42:26', '1594b045-0952-4a84-895c-714e3d544282'),
 ('108', 'MatrixBlock', '1', '0', '2016-11-02 23:38:39', '2016-11-22 20:42:26', '06a905c1-c0d8-457e-880b-d7047d8ad56f'),
 ('109', 'Category', '1', '0', '2016-11-03 21:09:22', '2016-11-03 21:09:22', '947f82a9-4f53-4511-8764-350716c608d0'),
 ('110', 'Category', '1', '0', '2016-11-03 21:09:33', '2016-11-03 21:09:33', '95a30a91-71b0-4cd1-a355-e17bcc8dcad3'),
 ('111', 'Category', '1', '0', '2016-11-03 21:09:47', '2016-11-03 21:09:47', 'd2d4a04c-2f40-4c21-b721-dba9ad809229'),
 ('112', 'Entry', '1', '0', '2016-11-03 21:35:57', '2016-11-22 22:04:12', '92b2cbdd-a944-4d02-a2b8-b902fcece023'),
 ('114', 'Asset', '1', '0', '2016-11-03 21:38:10', '2016-11-22 22:09:13', '59cf4e36-ee6b-4e4c-aa0b-c18b52639ead'),
 ('115', 'MatrixBlock', '1', '0', '2016-11-03 21:38:50', '2016-11-22 22:04:12', '95912f8f-fb97-4509-8cf9-1e4468d60643'),
 ('116', 'MatrixBlock', '1', '0', '2016-11-03 21:38:50', '2016-11-22 22:04:12', 'b9fa1d0b-0aff-4795-b485-614b359d23f9'),
 ('117', 'Asset', '1', '0', '2016-11-03 21:43:43', '2016-11-03 21:43:43', '49858866-8c07-4077-a07a-1a932365ff58'),
 ('118', 'Entry', '1', '0', '2016-11-03 21:43:51', '2016-11-22 22:03:36', '055fbe5b-fae3-4a76-aabf-537848a088d5'),
 ('119', 'MatrixBlock', '1', '0', '2016-11-03 21:43:51', '2016-11-22 22:03:36', '137ab852-2d18-4bde-9da1-18aaf46e73b6'),
 ('120', 'Asset', '1', '0', '2016-11-03 21:45:55', '2016-11-22 22:09:09', '24046c01-c565-4f11-9811-7cdff93d26e8'),
 ('121', 'Asset', '1', '0', '2016-11-03 21:46:06', '2016-11-22 22:09:12', '1f37e675-e035-4de2-8cb3-19f3d6818058'),
 ('122', 'Entry', '1', '0', '2016-11-03 21:47:05', '2016-11-22 21:58:42', 'eba32103-1267-4c7f-beb5-23edd046eb28'),
 ('123', 'MatrixBlock', '1', '0', '2016-11-03 21:47:05', '2016-11-22 21:58:43', 'ac886d4b-badc-4ddb-9d25-4cab017b0a7c'),
 ('124', 'MatrixBlock', '1', '0', '2016-11-03 21:47:05', '2016-11-22 21:58:43', 'b9811949-8148-4e82-be55-b3bd6056545b'),
 ('125', 'SuperTable_Block', '1', '0', '2016-11-03 23:15:46', '2016-11-22 21:58:43', 'f91af830-d242-48ee-873a-b06070381280');
INSERT INTO `craft_elements` (`id`, `type`, `enabled`, `archived`, `dateCreated`, `dateUpdated`, `uid`) VALUES
 ('126', 'MatrixBlock', '1', '0', '2016-11-04 15:59:58', '2016-11-22 21:58:43', 'c688ea6c-07b7-4217-adfe-fd642c1566fe'),
 ('127', 'Category', '1', '0', '2016-11-11 19:45:22', '2016-11-11 19:45:22', 'a377843f-c379-4ae1-b20a-b3ed9864b13b'),
 ('128', 'Asset', '1', '0', '2016-11-11 20:59:03', '2016-11-11 20:59:03', 'a46f913a-3601-4d89-bfbe-52662f27b41e'),
 ('130', 'Asset', '1', '0', '2016-11-11 21:02:07', '2016-11-11 21:02:07', '5a843957-44f1-47ba-b417-7f5621fe7a6b'),
 ('132', 'Asset', '1', '0', '2016-11-11 21:04:26', '2016-11-22 22:09:05', '10317f92-2e43-4146-87fc-de598605326a'),
 ('133', 'MatrixBlock', '1', '0', '2016-11-11 21:04:30', '2016-11-11 21:04:30', '7254bc4d-46b8-4380-88d4-57986a93e465'),
 ('134', 'MatrixBlock', '1', '0', '2016-11-14 22:57:35', '2016-11-22 21:55:01', '051cc741-9f9c-4059-b877-99e8d157dad4'),
 ('135', 'Asset', '1', '0', '2016-11-15 18:19:06', '2016-11-22 22:09:05', '58b95fa2-690e-4435-9e10-4a391053f663'),
 ('136', 'Asset', '1', '0', '2016-11-15 18:22:03', '2016-11-22 22:09:05', 'e9073bd9-9e6f-4b75-8761-d452dd04b51e'),
 ('137', 'MatrixBlock', '1', '0', '2016-11-15 18:22:12', '2016-11-15 23:10:25', '05e841ec-9d51-4a26-a142-615b85e1cf4e'),
 ('138', 'Asset', '1', '0', '2016-11-15 19:39:53', '2016-11-22 22:09:04', 'eeffe626-72ad-4ce4-ae9f-b73c28441117'),
 ('140', 'MatrixBlock', '1', '0', '2016-11-15 21:36:41', '2016-11-15 23:10:26', '68866034-12a5-4f19-9911-8327d11d333e'),
 ('141', 'MatrixBlock', '1', '0', '2016-11-15 21:49:27', '2016-11-15 23:10:26', 'ffa5796f-f099-4191-b695-e2b0d7caad27'),
 ('142', 'MatrixBlock', '1', '0', '2016-11-15 21:49:27', '2016-11-15 23:10:26', '8d65a17c-21c6-44cf-ac53-0154bb519997'),
 ('143', 'MatrixBlock', '1', '0', '2016-11-15 21:53:03', '2016-11-15 23:10:26', 'd169ed80-1109-4677-9d68-fa2e2b52920d'),
 ('144', 'MatrixBlock', '1', '0', '2016-11-15 21:53:03', '2016-11-15 23:10:26', '452dec77-4a97-42f0-b499-9ed97d292c34'),
 ('145', 'MatrixBlock', '1', '0', '2016-11-15 22:35:27', '2016-11-15 23:10:26', '64c6a4cd-5d93-4da5-9d18-770806ec56ff'),
 ('146', 'User', '1', '0', '2016-11-17 17:46:18', '2016-11-17 17:51:01', '9cdfcbf4-4095-4c03-9515-430d0e7ec702'),
 ('147', 'User', '1', '0', '2016-11-17 17:46:53', '2016-11-17 17:53:04', '9701de21-6d19-4639-9820-37a08bb9aada'),
 ('148', 'User', '1', '0', '2016-11-17 17:47:35', '2016-11-17 17:51:17', 'b0a49a1c-12cc-4065-8510-2bfe669ca25b'),
 ('149', 'User', '1', '0', '2016-11-17 17:48:02', '2016-11-17 17:50:08', 'afc03e06-9e4b-4e3c-a3a9-51fe49f48fa8'),
 ('150', 'User', '1', '0', '2016-11-17 17:48:28', '2016-11-17 17:50:25', '1ec32021-a713-41d8-863f-b1036f02e2e1'),
 ('151', 'User', '1', '0', '2016-11-17 17:48:50', '2016-11-17 17:51:36', '446929f3-0264-4feb-8013-6bda7e379393'),
 ('152', 'User', '1', '0', '2016-11-17 17:49:13', '2016-11-17 17:50:42', 'e4252586-c928-498b-af25-3745c2c7c152'),
 ('153', 'Asset', '1', '0', '2016-11-17 19:20:48', '2016-11-17 19:20:48', '99288349-83ab-49d8-9c61-3dd0a2d16435'),
 ('154', 'Asset', '1', '0', '2016-11-18 23:49:37', '2016-11-22 22:09:11', '881cef05-877c-4f8a-84a5-dfa67f40bd64'),
 ('158', 'Asset', '1', '0', '2016-11-21 20:34:26', '2016-11-22 22:09:06', 'd5d993b5-073d-441e-9eb7-f6d7f2adf110'),
 ('159', 'Asset', '1', '0', '2016-11-21 20:34:27', '2016-11-22 22:09:06', '258c7f25-9ed2-45da-800a-5fbdbc9d41c4'),
 ('160', 'Asset', '1', '0', '2016-11-21 20:34:28', '2016-11-22 22:09:07', 'b52cbe09-e819-44c4-95dc-bea22e69d776'),
 ('166', 'Asset', '1', '0', '2016-11-22 20:42:18', '2016-11-22 22:09:06', 'f742b390-7e03-4756-89d3-1ff2c738195e'),
 ('167', 'Asset', '1', '0', '2016-11-22 21:43:09', '2016-11-22 21:43:09', 'b2c1aa5a-b7d1-4212-b749-a1c6af177e01'),
 ('168', 'Asset', '1', '0', '2016-11-22 21:43:10', '2016-11-22 21:43:10', 'a98b6ba5-3575-4e08-9291-6e6a11a9687b'),
 ('169', 'Asset', '1', '0', '2016-11-22 21:43:10', '2016-11-22 21:43:10', 'b7d2ea37-f052-4ac5-a928-43b0a88b5ecd'),
 ('170', 'Asset', '1', '0', '2016-11-22 21:46:48', '2016-11-22 22:09:03', 'aa7fbc48-d7a9-4dab-99b8-50734ce18dc3'),
 ('171', 'Asset', '1', '0', '2016-11-22 21:57:53', '2016-11-22 21:57:53', 'f242054e-97d7-4271-9815-dc3f385a4297'),
 ('172', 'Asset', '1', '0', '2016-11-22 21:58:38', '2016-11-22 22:09:09', '0a835c41-9e6a-4661-b5b6-d050b57d312a'),
 ('173', 'Asset', '1', '0', '2016-11-22 22:03:20', '2016-11-22 22:03:36', '7ad85137-064b-455e-91c0-1711dc384df1'),
 ('174', 'Asset', '1', '0', '2016-11-22 22:03:50', '2016-11-22 22:09:07', '54a1c453-55cf-4b0e-9709-c26a3a433861'),
 ('175', 'Asset', '1', '0', '2016-11-22 22:09:05', '2016-11-22 22:09:05', '634ec62c-adc0-43c1-8a27-9ec69bf711e0');



DROP TABLE IF EXISTS `craft_elements_i18n`;


--
-- Schema for table `craft_elements_i18n`
--
CREATE TABLE `craft_elements_i18n` (
  `id` int(11) NOT NULL AUTO_INCREMENT,
  `elementId` int(11) NOT NULL,
  `locale` char(12) COLLATE utf8_unicode_ci NOT NULL,
  `slug` varchar(255) COLLATE utf8_unicode_ci DEFAULT NULL,
  `uri` varchar(255) COLLATE utf8_unicode_ci DEFAULT NULL,
  `enabled` tinyint(1) unsigned NOT NULL DEFAULT '1',
  `dateCreated` datetime NOT NULL,
  `dateUpdated` datetime NOT NULL,
  `uid` char(36) COLLATE utf8_unicode_ci NOT NULL DEFAULT '0',
  PRIMARY KEY (`id`),
  UNIQUE KEY `craft_elements_i18n_elementId_locale_unq_idx` (`elementId`,`locale`),
  UNIQUE KEY `craft_elements_i18n_uri_locale_unq_idx` (`uri`,`locale`),
  KEY `craft_elements_i18n_slug_locale_idx` (`slug`,`locale`),
  KEY `craft_elements_i18n_enabled_idx` (`enabled`),
  KEY `craft_elements_i18n_locale_fk` (`locale`)
) ENGINE=InnoDB AUTO_INCREMENT=176 DEFAULT CHARSET=utf8 COLLATE=utf8_unicode_ci;

--
-- Data for table `craft_elements_i18n`
--

INSERT INTO `craft_elements_i18n` (`id`, `elementId`, `locale`, `slug`, `uri`, `enabled`, `dateCreated`, `dateUpdated`, `uid`) VALUES
 ('1', '1', 'en_us', '', NULL, '1', '2016-10-07 18:01:52', '2016-10-20 20:27:39', '13f8c618-f232-4c22-8710-728d9886805b'),
 ('2', '2', 'en_us', 'homepage', '__home__', '1', '2016-10-07 18:01:54', '2016-10-20 22:31:56', '59ebe0ef-3139-4509-8c90-2f852008f073'),
 ('4', '4', 'en_us', 'work', 'work', '1', '2016-10-13 20:24:42', '2016-10-13 20:24:42', 'c65d83d5-67b0-4e17-a243-2d9e535c8427'),
 ('5', '5', 'en_us', 'print-entry', 'work/print-entry', '1', '2016-10-13 20:34:43', '2016-11-21 19:56:22', 'e8d307d3-7d65-4e33-bd9f-dd7e66bfb165'),
 ('6', '6', 'en_us', 'digital-entry', 'work/digital-entry', '1', '2016-10-13 20:34:49', '2016-11-21 19:56:22', '1cb6b033-b121-4ede-b9b8-52013b7bda29'),
 ('7', '7', 'en_us', 'identity-entry', 'work/identity-entry', '1', '2016-10-13 20:34:58', '2016-11-21 19:56:22', '537bae8e-00cd-4947-a601-f203cd70c95e'),
 ('8', '8', 'en_us', 'strategy-entry', 'work/strategy-entry', '1', '2016-10-13 20:35:08', '2016-11-21 19:56:22', '9c4b1111-2f35-4676-8c91-c7eeba29c81e'),
 ('9', '9', 'en_us', 'strategy', 'work/strategy', '1', '2016-10-13 20:36:24', '2016-10-13 20:36:25', '23a4ed29-663a-4cbd-806d-6020681c7385'),
 ('10', '10', 'en_us', 'identity', 'work/identity', '1', '2016-10-13 20:36:32', '2016-10-13 20:36:33', '647553a0-0308-492c-9751-7c2222191e65'),
 ('11', '11', 'en_us', 'digital', 'work/digital', '1', '2016-10-13 20:36:44', '2016-10-13 20:36:45', 'bc04418a-9c4c-41ed-866a-d63fb2d45051'),
 ('12', '12', 'en_us', 'print', 'work/print', '1', '2016-10-13 20:36:54', '2016-10-13 20:36:54', '02e45e96-b3eb-409b-98fc-95cf173434dc'),
 ('13', '13', 'en_us', 'packaging', 'work/packaging', '1', '2016-10-13 20:37:02', '2016-10-13 20:37:03', '6b93f276-ace0-41c9-91d9-dc1d943388c8'),
 ('14', '14', 'en_us', 'environment', 'work/environment', '1', '2016-10-13 20:37:10', '2016-10-13 20:37:11', '4cf014ab-369c-4074-b8ae-5f7116c58d51'),
 ('15', '15', 'en_us', 'justin-golmer-promo', 'work/justin-golmer-promo', '1', '2016-10-13 20:39:13', '2016-11-22 21:55:01', 'e3456f59-772c-47ef-8147-a3c217e170d9'),
 ('16', '16', 'en_us', 'oiselle-identity', 'work/oiselle-identity', '1', '2016-10-13 20:39:34', '2016-11-15 23:10:25', '29cfa0f1-dcaf-4090-8acd-10bdbb22f8b0'),
 ('21', '21', 'en_us', 'thumb-fpo-1', NULL, '1', '2016-10-13 23:26:56', '2016-11-22 22:09:04', 'fc7562fb-6f13-4301-a7eb-caeea6fee5f4'),
 ('22', '22', 'en_us', 'thumb-fpo-2', NULL, '1', '2016-10-13 23:26:57', '2016-11-22 22:09:07', 'a8e89733-49a0-45d7-af16-cba96f1c251b'),
 ('23', '23', 'en_us', 'thumb-fpo-3', NULL, '1', '2016-10-13 23:26:57', '2016-11-22 22:09:07', '139e121c-9aee-4e98-b44b-fe518cb2cef8'),
 ('24', '24', 'en_us', 'thumb-fpo-4', NULL, '1', '2016-10-13 23:26:58', '2016-10-13 23:26:58', 'e1241307-9e9e-411c-8b36-2447df78a687'),
 ('26', '26', 'en_us', 'hero-fpo-1', NULL, '1', '2016-10-17 20:26:58', '2016-11-22 22:09:04', '4d4b2c0c-c566-41b7-9e33-7de617178676'),
 ('27', '27', 'en_us', 'large-image-fpo-1', NULL, '1', '2016-10-17 20:29:46', '2016-11-22 22:09:04', 'c1b6185b-69af-46d4-adef-0672a6bf8089'),
 ('28', '28', 'en_us', '', NULL, '1', '2016-10-17 20:30:09', '2016-11-22 21:55:01', '40fe0998-31a2-48dc-bb20-4943266ac857'),
 ('30', '30', 'en_us', 'inset-fpo-1', NULL, '1', '2016-10-17 21:06:59', '2016-11-22 22:09:03', 'f9ad4543-6ccd-44c4-87b0-83ba64350962'),
 ('31', '31', 'en_us', '', NULL, '1', '2016-10-17 21:07:10', '2016-11-22 21:55:01', '6688c1fe-21a4-46bd-824d-d5745a8f4056'),
 ('32', '32', 'en_us', '', NULL, '1', '2016-10-17 21:25:01', '2016-11-22 21:55:01', '809a66d4-7de4-4109-922f-9313192dcdd1'),
 ('35', '35', 'en_us', 'twoup-fpo-1', NULL, '1', '2016-10-17 22:08:04', '2016-11-22 22:09:05', 'dfd4ea01-6b62-4fcb-bb5a-1e1e6c006f70'),
 ('36', '36', 'en_us', 'twoup-fpo-2', NULL, '1', '2016-10-17 22:08:05', '2016-11-22 22:09:05', '4d38d819-9a38-4ac7-bcc8-2fbba32094fd'),
 ('37', '37', 'en_us', '', NULL, '1', '2016-10-17 22:08:15', '2016-11-22 21:55:01', '6a7f2fe2-f812-4472-b9cc-2f5b0fb80f29'),
 ('38', '38', 'en_us', '', NULL, '1', '2016-10-17 22:32:57', '2016-11-22 21:55:01', '9778284f-6295-45df-b3f2-0b143a918044'),
 ('40', '40', 'en_us', 'hero-fpo-2', NULL, '1', '2016-10-17 22:52:37', '2016-11-22 22:09:03', 'c48b1297-2553-44d4-9d44-0350dbfe38e3'),
 ('41', '41', 'en_us', '', NULL, '1', '2016-10-17 23:44:13', '2016-11-22 21:55:01', '87448303-601d-4b4a-98a6-adf09b406b22'),
 ('42', '42', 'en_us', '', NULL, '1', '2016-10-18 16:53:31', '2016-11-22 21:55:01', '2d270eac-19ec-4e2a-8e80-08bf156db07b'),
 ('43', '43', 'en_us', 'contact', 'contact', '1', '2016-10-18 23:43:07', '2016-11-02 20:49:02', 'a8e209ee-a427-4e52-a946-367fa9fccc9e'),
 ('44', '44', 'en_us', 'journal', 'journal', '1', '2016-10-18 23:48:41', '2016-10-18 23:48:41', '0159e8ad-4575-4bee-bbb6-853b66636154'),
 ('46', '46', 'en_us', '', NULL, '1', '2016-10-20 20:44:16', '2016-10-20 20:44:35', '3b085c93-3362-43bf-b71d-ee93a7575b85'),
 ('47', '47', 'en_us', '', NULL, '1', '2016-10-20 20:45:10', '2016-10-20 20:45:32', '026ecf7d-4e1c-419a-929c-3970f0d35ce8'),
 ('48', '48', 'en_us', 'carousel-fpo-2', NULL, '1', '2016-10-31 21:00:42', '2016-11-22 22:09:08', '7ac19123-de18-4cc2-954b-4ab9d56d5a38'),
 ('49', '49', 'en_us', 'carousel-fpo-3', NULL, '1', '2016-10-31 21:00:43', '2016-11-22 22:09:08', 'a6c09af2-af97-4e0f-84a6-1afc15c0a8dd'),
 ('50', '50', 'en_us', 'carousel-fpo1', NULL, '1', '2016-10-31 21:00:43', '2016-11-22 22:09:08', 'ac83bfc3-f804-414a-aa8d-ba15cf466b67'),
 ('52', '52', 'en_us', '', NULL, '1', '2016-10-31 21:24:09', '2016-11-22 21:55:01', 'd7c454b7-a560-4134-8f78-465787ab57a8'),
 ('53', '53', 'en_us', '', NULL, '1', '2016-10-31 21:48:53', '2016-11-22 21:55:01', 'dab9557b-ce38-4c16-82c8-18de0b48be64'),
 ('55', '55', 'en_us', 'strategy', 'strategy', '1', '2016-11-01 18:31:38', '2016-11-02 23:29:52', '3df886fd-9934-4610-ad3f-08485429d55f'),
 ('56', '56', 'en_us', 'identity', 'identity', '1', '2016-11-01 18:31:47', '2016-11-02 23:29:52', '4c832281-6418-4b24-b7bf-92e09428c8d0'),
 ('60', '60', 'en_us', 't-1', NULL, '1', '2016-11-01 20:34:43', '2016-11-22 22:09:07', 'b8476708-2c1c-4997-a690-669c2ce24953'),
 ('66', '66', 'en_us', 'team-1', NULL, '1', '2016-11-01 21:53:08', '2016-11-22 22:09:10', '38c09c0c-415b-4feb-9fc6-37c99a25dc2d'),
 ('67', '67', 'en_us', 'regina-baerwalde', NULL, '1', '2016-11-01 21:53:12', '2016-11-01 21:53:12', '3c50ccf7-304d-4a44-ab72-fbf3db261da4'),
 ('68', '68', 'en_us', 'abbey-baker', NULL, '1', '2016-11-01 21:53:33', '2016-11-01 21:53:33', '22ff9f79-a35d-40c4-87b2-4121be67e648'),
 ('69', '69', 'en_us', 'robert-bennett', NULL, '1', '2016-11-01 21:53:49', '2016-11-01 21:53:49', 'b9caea53-7651-4ffe-a9b7-734d2804af67'),
 ('70', '70', 'en_us', 'mallory-close', NULL, '1', '2016-11-01 21:54:05', '2016-11-01 21:54:05', 'a81136af-c95e-457d-a296-4e98fef62f70'),
 ('71', '71', 'en_us', 'stephanie-cooke', NULL, '1', '2016-11-01 21:54:25', '2016-11-01 21:54:25', 'ecf87edf-4b94-4633-951d-f8e628aa4f82'),
 ('72', '72', 'en_us', 'matt-diefenbach', NULL, '1', '2016-11-01 21:54:57', '2016-11-01 21:54:57', '20a990d1-a3ae-4e2f-a5e8-a4cf24657088'),
 ('73', '73', 'en_us', 'kyle-gabouer', NULL, '1', '2016-11-01 21:55:28', '2016-11-01 21:55:28', 'ee186627-ab5a-4de1-89b1-655bf5c5d464'),
 ('74', '74', 'en_us', 'jason-gomez', NULL, '1', '2016-11-01 21:55:48', '2016-11-01 21:55:48', '23bd21bc-982e-4f23-bf30-009b156de9ce'),
 ('75', '75', 'en_us', 'ben-graham', NULL, '1', '2016-11-01 21:56:07', '2016-11-01 21:56:07', 'b0658992-d071-420c-9d33-0437a1d25339'),
 ('76', '76', 'en_us', 'dani-johnson', NULL, '1', '2016-11-01 21:56:55', '2016-11-01 21:56:55', '5ee40b9b-037e-45f1-966e-60c18d5a0a20'),
 ('77', '77', 'en_us', 'nick-katarow', NULL, '1', '2016-11-01 21:57:12', '2016-11-01 21:57:12', 'a0cff401-af76-49e7-a6ae-d7aa067ef3b3'),
 ('78', '78', 'en_us', 'helen-kong', NULL, '1', '2016-11-01 21:57:25', '2016-11-01 21:57:25', 'f92baf77-5079-4887-a6c7-95c7d410717e'),
 ('79', '79', 'en_us', 'garret-steider', NULL, '1', '2016-11-01 21:57:45', '2016-11-01 21:57:45', '99914e8c-a4c7-4094-800d-c8bdbc3bb3cf'),
 ('80', '80', 'en_us', 'steve-watson', NULL, '1', '2016-11-01 21:58:24', '2016-11-01 21:58:24', '7feab2ab-53aa-4e5d-bc2f-be786fd92d81'),
 ('81', '81', 'en_us', 'handsome', NULL, '1', '2016-11-01 22:54:18', '2016-11-01 22:54:18', 'd3f531b7-9c3d-4d68-82ec-a907712c604a'),
 ('82', '82', 'en_us', 'pretty-good', NULL, '1', '2016-11-01 22:54:26', '2016-11-01 22:54:26', '746974c9-e049-4ab3-9ad4-c7d99f266ab7'),
 ('83', '83', 'en_us', 'clever', NULL, '1', '2016-11-01 22:54:56', '2016-11-01 22:54:56', 'f6adcdd9-463d-4651-b369-020f8aef5111'),
 ('84', '84', 'en_us', 'cheesy', NULL, '1', '2016-11-01 22:55:25', '2016-11-01 22:55:25', '870311d9-ece7-4463-b4dd-d2a1a7beb495'),
 ('85', '85', 'en_us', 'flavorful', NULL, '1', '2016-11-01 22:55:35', '2016-11-01 22:55:35', 'f29efbd6-5982-4112-9521-60e3608cc401'),
 ('87', '87', 'en_us', 'lumpy', NULL, '1', '2016-11-01 22:57:14', '2016-11-01 22:57:14', 'a05e9d05-f889-4cb9-8ee5-4a51a4dcf077'),
 ('88', '88', 'en_us', 'righteous', NULL, '1', '2016-11-01 22:57:31', '2016-11-01 22:57:31', '47b0b710-fbce-4033-9e8e-5ad1a835db0a'),
 ('89', '89', 'en_us', 'fastidious', NULL, '1', '2016-11-01 22:58:23', '2016-11-01 22:58:23', '3ee298fd-d772-441b-b220-bca60e7fb0bb'),
 ('90', '90', 'en_us', 'jocular', NULL, '1', '2016-11-01 22:59:12', '2016-11-01 22:59:12', 'a8544aff-51af-43e7-a790-97d1702fde85'),
 ('91', '91', 'en_us', 'luminous', NULL, '1', '2016-11-01 22:59:27', '2016-11-01 22:59:27', '662eee9f-9186-4444-bd12-b5c08a7ad7b8'),
 ('92', '92', 'en_us', 'neighborly', NULL, '1', '2016-11-01 23:00:22', '2016-11-01 23:00:22', 'f2136d03-b05e-4573-aa6f-b6bbbd5f0ed0'),
 ('93', '93', 'en_us', 'propitious', NULL, '1', '2016-11-01 23:00:44', '2016-11-01 23:00:44', '647db2c0-5b83-4e16-8f51-bb947ab09a35'),
 ('94', '94', 'en_us', 'spasmodic', NULL, '1', '2016-11-01 23:01:15', '2016-11-01 23:01:15', '6925fa77-3e58-4f91-a089-e8cc9f165ba4'),
 ('95', '95', 'en_us', 'zealous', NULL, '1', '2016-11-01 23:01:40', '2016-11-01 23:01:40', 'df739155-6e83-4092-90f3-ac54c84e73fa'),
 ('97', '97', 'en_us', 'cta-contact', NULL, '1', '2016-11-02 18:59:30', '2016-11-22 22:09:11', '44402910-b068-4e38-bca6-eb48ae6f9e37'),
 ('98', '98', 'en_us', '', NULL, '1', '2016-11-02 18:59:49', '2016-11-02 23:39:00', 'f7115965-721f-46c2-9362-cfae01e746c8'),
 ('99', '99', 'en_us', '', NULL, '1', '2016-11-02 20:49:02', '2016-11-02 20:49:02', 'dca1e43e-7ec8-49ec-8b40-3f8dd295b79f'),
 ('100', '100', 'en_us', '', NULL, '1', '2016-11-02 22:32:22', '2016-11-02 22:32:22', '59e58dcd-e059-4a8e-9ab2-047c7eabba49'),
 ('101', '101', 'en_us', 'studio', 'overview', '1', '2016-11-02 23:30:00', '2016-11-22 20:42:26', 'ba53b2af-2fa4-4a6e-9a05-543a64266331'),
 ('102', '102', 'en_us', '', NULL, '1', '2016-11-02 23:34:23', '2016-11-22 20:42:26', '5380a82f-13f0-46ae-9581-e08e04707639'),
 ('103', '103', 'en_us', '', NULL, '1', '2016-11-02 23:38:39', '2016-11-22 20:42:26', '7c890883-e46f-4c74-8f7c-21a2167f8220'),
 ('104', '104', 'en_us', '', NULL, '1', '2016-11-02 23:38:39', '2016-11-22 20:42:26', '1ccb29e7-39d3-4f53-afe0-99f0611dd95c'),
 ('106', '106', 'en_us', '', NULL, '1', '2016-11-02 23:38:39', '2016-11-22 20:42:26', 'bb801e0b-77f0-402e-8e06-2278872e399e'),
 ('107', '107', 'en_us', '', NULL, '1', '2016-11-02 23:38:39', '2016-11-22 20:42:26', 'a6cb161e-3591-4ffc-97b9-d5b2919668f6'),
 ('108', '108', 'en_us', '', NULL, '1', '2016-11-02 23:38:39', '2016-11-22 20:42:26', '20fa2bc8-6508-418f-bd0d-096c0496066f'),
 ('109', '109', 'en_us', 'awards-and-press', 'journal/awards-and-press', '1', '2016-11-03 21:09:22', '2016-11-03 21:09:22', 'd83d2905-304d-4f73-b867-61e6de5f9fb2'),
 ('110', '110', 'en_us', 'our-clients', 'journal/our-clients', '1', '2016-11-03 21:09:33', '2016-11-03 21:09:33', 'e9680e07-53dc-48f0-9a30-9eba698554e7'),
 ('111', '111', 'en_us', 'news', 'journal/news', '1', '2016-11-03 21:09:48', '2016-11-03 21:09:48', '77660e3a-09ea-42dd-86cd-a5fc416fd47e'),
 ('112', '112', 'en_us', 'turnstyle-featured-in-idn-magazine', 'journal/turnstyle-featured-in-idn-magazine', '1', '2016-11-03 21:35:57', '2016-11-22 22:04:12', '1a5a7339-5928-4205-b15b-7d1ceb9bf7b0'),
 ('114', '114', 'en_us', 'journal-fpo', NULL, '1', '2016-11-03 21:38:10', '2016-11-22 22:09:13', 'a6633dee-9672-4530-bfaf-7ef660e3a733'),
 ('115', '115', 'en_us', '', NULL, '1', '2016-11-03 21:38:50', '2016-11-22 22:04:12', '3b8ec385-e189-4922-b454-674f6baef5ac'),
 ('116', '116', 'en_us', '', NULL, '1', '2016-11-03 21:38:50', '2016-11-22 22:04:12', 'f26e36bd-9c0d-4275-9b25-3ec2db492cef'),
 ('117', '117', 'en_us', 'render-april2016-altered-972-501-90-c1', NULL, '1', '2016-11-03 21:43:43', '2016-11-03 21:43:43', '2280cb11-4d0f-4f0d-89b5-9a34919f546e'),
 ('118', '118', 'en_us', 'were-building-our-own-building', 'journal/were-building-our-own-building', '1', '2016-11-03 21:43:51', '2016-11-22 22:03:36', '64978a33-3f4c-4910-b5cd-8c2d8d8cb85d'),
 ('119', '119', 'en_us', '', NULL, '1', '2016-11-03 21:43:51', '2016-11-22 22:03:36', '92c39493-ffd3-4e2d-b740-f73178ddeeed'),
 ('120', '120', 'en_us', 'comm-arts-design-annual-2015-ttt-spread', NULL, '1', '2016-11-03 21:45:55', '2016-11-22 22:09:09', '91897453-fb0b-460b-b5dd-fc8e6341d29b'),
 ('121', '121', 'en_us', 'comm-arts-design-annual-2015-972-501-90-c1', NULL, '1', '2016-11-03 21:46:06', '2016-11-22 22:09:12', '441febe5-738d-4b18-8f42-096a5a7544a8'),
 ('122', '122', 'en_us', 'turnstyle-principal-serves-as-juror-for-communication-arts-design-annual', 'journal/turnstyle-principal-serves-as-juror-for-communication-arts-design-annual', '1', '2016-11-03 21:47:05', '2016-11-22 21:58:42', '1b1bfb0f-6358-4bf9-a1be-714ecccc0933'),
 ('123', '123', 'en_us', '', NULL, '1', '2016-11-03 21:47:05', '2016-11-22 21:58:43', 'ed715497-74e4-44ba-9020-176d183bf04c'),
 ('124', '124', 'en_us', '', NULL, '1', '2016-11-03 21:47:05', '2016-11-22 21:58:43', '3945e3d2-6f9d-41c5-8f20-7ece29a9d7aa'),
 ('125', '125', 'en_us', '', NULL, '1', '2016-11-03 23:15:46', '2016-11-22 21:58:43', 'b7be7b5c-1906-4874-b332-55103f46b4a4');
INSERT INTO `craft_elements_i18n` (`id`, `elementId`, `locale`, `slug`, `uri`, `enabled`, `dateCreated`, `dateUpdated`, `uid`) VALUES
 ('126', '126', 'en_us', '', NULL, '1', '2016-11-04 15:59:58', '2016-11-22 21:58:43', '6bf6d71d-cb87-47e6-ad06-688036c49cd2'),
 ('127', '127', 'en_us', 'new-work', 'journal/new-work', '1', '2016-11-11 19:45:22', '2016-11-11 19:45:22', '535e75ac-65f5-471c-a0bc-c7dff67dd440'),
 ('128', '128', 'en_us', 'large-image-fpo-1', NULL, '1', '2016-11-11 20:59:03', '2016-11-11 20:59:03', 'ead3098c-b243-4b1e-aa85-a876312bf2b2'),
 ('130', '130', 'en_us', 'large-image-fpo-1-161017-202946', NULL, '1', '2016-11-11 21:02:07', '2016-11-11 21:02:07', '747d349b-85f8-4f36-9285-9d4540bf96ce'),
 ('132', '132', 'en_us', 'twoup-fpo-1', NULL, '1', '2016-11-11 21:04:26', '2016-11-22 22:09:05', 'f9fd3689-5418-4b1e-a059-e92633c82ea6'),
 ('133', '133', 'en_us', '', NULL, '1', '2016-11-11 21:04:30', '2016-11-11 21:04:30', '340a14a8-877e-4c39-b410-ccf2ddcdbd37'),
 ('134', '134', 'en_us', '', NULL, '1', '2016-11-14 22:57:35', '2016-11-22 21:55:01', '64c0354e-4d66-4704-8b6a-2ce1c53b0785'),
 ('135', '135', 'en_us', 'oiselle-thumbnail-1', NULL, '1', '2016-11-15 18:19:06', '2016-11-22 22:09:05', 'f733ea9d-7de7-4692-b525-fb5f43923cae'),
 ('136', '136', 'en_us', 'oiselle-kit-2-black', NULL, '1', '2016-11-15 18:22:03', '2016-11-22 22:09:05', 'a55f6711-6f40-45ea-8a1e-30569f53fa4b'),
 ('137', '137', 'en_us', '', NULL, '1', '2016-11-15 18:22:12', '2016-11-15 23:10:26', 'de8c6459-84bd-4dad-b670-c688a34ec626'),
 ('138', '138', 'en_us', 'justin-golmer-promo-1', NULL, '1', '2016-11-15 19:39:54', '2016-11-22 22:09:04', 'f7b7d579-9009-45df-aee6-3fcdc459c6d6'),
 ('140', '140', 'en_us', '', NULL, '1', '2016-11-15 21:36:41', '2016-11-15 23:10:26', '17059101-dab8-4975-bc10-d3afae9520ad'),
 ('141', '141', 'en_us', '', NULL, '1', '2016-11-15 21:49:27', '2016-11-15 23:10:26', '08aece84-52d1-4979-8e0f-03bbe30978c2'),
 ('142', '142', 'en_us', '', NULL, '1', '2016-11-15 21:49:27', '2016-11-15 23:10:26', '8ef93b9c-acc4-41e4-aa37-0778f39f239a'),
 ('143', '143', 'en_us', '', NULL, '1', '2016-11-15 21:53:03', '2016-11-15 23:10:26', 'fd12d321-6b3c-46dc-945a-d3d5c307fdab'),
 ('144', '144', 'en_us', '', NULL, '1', '2016-11-15 21:53:03', '2016-11-15 23:10:26', '6cf25211-ee51-45fe-8ee3-533b8665fc3a'),
 ('145', '145', 'en_us', '', NULL, '1', '2016-11-15 22:35:27', '2016-11-15 23:10:26', '3729a690-c967-427d-9644-5b3848a9d649'),
 ('146', '146', 'en_us', '', NULL, '1', '2016-11-17 17:46:18', '2016-11-17 17:51:01', 'b0fe0e3f-1894-4fbc-84c2-70ae23e224f6'),
 ('147', '147', 'en_us', '', NULL, '1', '2016-11-17 17:46:53', '2016-11-17 17:53:04', '6bb8b563-3698-4298-aea6-2c5de3fc9488'),
 ('148', '148', 'en_us', '', NULL, '1', '2016-11-17 17:47:35', '2016-11-17 17:51:17', 'e50a3536-08d7-42aa-b0ce-4d41dd11e1b8'),
 ('149', '149', 'en_us', '', NULL, '1', '2016-11-17 17:48:02', '2016-11-17 17:50:08', '51be4fdb-b336-4ed0-a496-fcbc8f281292'),
 ('150', '150', 'en_us', '', NULL, '1', '2016-11-17 17:48:28', '2016-11-17 17:50:25', '5271ac07-52b2-4e78-82ca-d0cdd58c3dd4'),
 ('151', '151', 'en_us', '', NULL, '1', '2016-11-17 17:48:51', '2016-11-17 17:51:36', '10ef0818-2c1f-479b-9889-3cc744b92261'),
 ('152', '152', 'en_us', '', NULL, '1', '2016-11-17 17:49:13', '2016-11-17 17:50:42', '0df42ba9-117c-4e07-b6d3-ed0c26c005f3'),
 ('153', '153', 'en_us', '090716-sea-cottoncandy-med-rinnzimd', NULL, '1', '2016-11-17 19:20:48', '2016-11-17 19:20:48', '31f5dc4a-b8ba-4314-873c-8f262e11cbe8'),
 ('154', '154', 'en_us', 't-01', NULL, '1', '2016-11-18 23:49:37', '2016-11-22 22:09:11', '46723d33-1377-462f-bda9-de167ea8f2f8'),
 ('158', '158', 'en_us', '20140325-fuzzco-interior4265-1-final-squire-fox-1600x800', NULL, '1', '2016-11-21 20:34:26', '2016-11-22 22:09:06', '3f3c557b-05d9-4f38-bb8d-fef4fc8122da'),
 ('159', '159', 'en_us', '20140325-fuzzco-interior19490-final-squire-fox-1600x800', NULL, '1', '2016-11-21 20:34:27', '2016-11-22 22:09:06', '40bb2aae-6812-43a4-abe2-89ee3eca5b71'),
 ('160', '160', 'en_us', 'mg-6706-edit-1600x800', NULL, '1', '2016-11-21 20:34:28', '2016-11-22 22:09:07', '9c1b5a71-124f-4b69-bb48-37aff086aa5a'),
 ('166', '166', 'en_us', 'mg-6666-edit-800', NULL, '1', '2016-11-22 20:42:18', '2016-11-22 22:09:06', 'c999f732-b717-4992-be71-2823174aba7e'),
 ('167', '167', 'en_us', '1200x900', NULL, '1', '2016-11-22 21:43:09', '2016-11-22 21:43:09', 'e1748d5f-8625-4544-bd10-77926ec697c6'),
 ('168', '168', 'en_us', '1200x1200', NULL, '1', '2016-11-22 21:43:10', '2016-11-22 21:43:10', '5d7914a0-dffc-4646-a264-3b427f4d8692'),
 ('169', '169', 'en_us', '1200x1800', NULL, '1', '2016-11-22 21:43:11', '2016-11-22 21:43:11', '946e9ff4-a9d1-482b-a802-2e95f4f41820'),
 ('170', '170', 'en_us', '1200x900', NULL, '1', '2016-11-22 21:46:48', '2016-11-22 22:09:03', 'b6ea8f9e-1ac8-4a9d-924e-73aab2efced8'),
 ('171', '171', 'en_us', '1200x1800', NULL, '1', '2016-11-22 21:57:53', '2016-11-22 21:57:53', 'bd6af329-c3f5-4d34-915a-33cbf5095fc6'),
 ('172', '172', 'en_us', '2400x1800', NULL, '1', '2016-11-22 21:58:38', '2016-11-22 22:09:09', 'ddce4645-93de-4176-9c55-3f5d05423dcb'),
 ('173', '173', 'en_us', '2400x1800', NULL, '1', '2016-11-22 22:03:20', '2016-11-22 22:03:36', 'b0c6fc18-af65-4645-b61b-c2c9270ca439'),
 ('174', '174', 'en_us', '2400x1800', NULL, '1', '2016-11-22 22:03:50', '2016-11-22 22:09:07', '76aa2a02-be2c-4981-a923-add6f47c2cf3'),
 ('175', '175', 'en_us', 'large-image-fpo-1', NULL, '1', '2016-11-22 22:09:05', '2016-11-22 22:09:05', '373cdb61-188d-448d-9a40-12ba79a52760');



DROP TABLE IF EXISTS `craft_emailmessages`;


--
-- Schema for table `craft_emailmessages`
--
CREATE TABLE `craft_emailmessages` (
  `id` int(11) NOT NULL AUTO_INCREMENT,
  `key` char(150) COLLATE utf8_unicode_ci NOT NULL,
  `locale` char(12) COLLATE utf8_unicode_ci NOT NULL,
  `subject` varchar(1000) COLLATE utf8_unicode_ci NOT NULL,
  `body` text COLLATE utf8_unicode_ci NOT NULL,
  `dateCreated` datetime NOT NULL,
  `dateUpdated` datetime NOT NULL,
  `uid` char(36) COLLATE utf8_unicode_ci NOT NULL DEFAULT '0',
  PRIMARY KEY (`id`),
  UNIQUE KEY `craft_emailmessages_key_locale_unq_idx` (`key`,`locale`),
  KEY `craft_emailmessages_locale_fk` (`locale`)
) ENGINE=InnoDB DEFAULT CHARSET=utf8 COLLATE=utf8_unicode_ci;

DROP TABLE IF EXISTS `craft_entries`;


--
-- Schema for table `craft_entries`
--
CREATE TABLE `craft_entries` (
  `id` int(11) NOT NULL,
  `sectionId` int(11) NOT NULL,
  `typeId` int(11) DEFAULT NULL,
  `authorId` int(11) DEFAULT NULL,
  `postDate` datetime DEFAULT NULL,
  `expiryDate` datetime DEFAULT NULL,
  `dateCreated` datetime NOT NULL,
  `dateUpdated` datetime NOT NULL,
  `uid` char(36) COLLATE utf8_unicode_ci NOT NULL DEFAULT '0',
  PRIMARY KEY (`id`),
  KEY `craft_entries_sectionId_idx` (`sectionId`),
  KEY `craft_entries_typeId_idx` (`typeId`),
  KEY `craft_entries_postDate_idx` (`postDate`),
  KEY `craft_entries_expiryDate_idx` (`expiryDate`),
  KEY `craft_entries_authorId_fk` (`authorId`)
) ENGINE=InnoDB DEFAULT CHARSET=utf8 COLLATE=utf8_unicode_ci;

--
-- Data for table `craft_entries`
--

INSERT INTO `craft_entries` (`id`, `sectionId`, `typeId`, `authorId`, `postDate`, `expiryDate`, `dateCreated`, `dateUpdated`, `uid`) VALUES
 ('2', '1', NULL, NULL, '2016-10-07 18:01:54', NULL, '2016-10-07 18:01:54', '2016-10-20 22:31:56', '1398069b-c003-4be3-8463-d1bec5419b53'),
 ('4', '4', NULL, NULL, '2016-10-13 20:24:42', NULL, '2016-10-13 20:24:42', '2016-10-13 20:24:42', '751cfac7-4e83-4e94-9ebb-9e0c585d6023'),
 ('5', '3', '3', '1', '2016-10-13 20:34:00', NULL, '2016-10-13 20:34:43', '2016-11-11 21:04:30', '86f0c6f5-c532-4c26-8cc1-5faa71ab74d0'),
 ('6', '3', '3', '1', '2016-10-13 20:34:00', NULL, '2016-10-13 20:34:49', '2016-10-18 18:35:05', '301c9e73-84c2-40fd-a424-f58c03445dc4'),
 ('7', '3', '3', '1', '2016-10-13 20:34:00', NULL, '2016-10-13 20:34:58', '2016-10-18 18:35:12', '07c0f4c1-170c-4900-b4b2-334cb4f8cf71'),
 ('8', '3', '3', '1', '2016-10-13 20:35:00', NULL, '2016-10-13 20:35:08', '2016-10-18 18:34:54', '17080032-d6c5-4d04-bd3c-2b1a8d81b80f'),
 ('15', '3', '3', '1', '2016-10-13 20:39:00', NULL, '2016-10-13 20:39:13', '2016-11-22 21:55:02', 'e355720e-bdbf-488f-a07d-2e8b0e476aa3'),
 ('16', '3', '3', '1', '2016-10-13 20:39:00', NULL, '2016-10-13 20:39:34', '2016-11-15 23:10:26', 'cab68630-b054-4122-abd4-b4801ad3f043'),
 ('43', '5', NULL, NULL, '2016-10-18 23:43:07', NULL, '2016-10-18 23:43:07', '2016-11-02 20:49:02', '6223c4b3-0b8c-4684-a39b-687ec48ab5d9'),
 ('44', '6', NULL, NULL, '2016-10-18 23:48:41', NULL, '2016-10-18 23:48:41', '2016-10-18 23:48:41', '0b8ca707-8ab2-41c4-aaeb-771996256085'),
 ('55', '7', '7', '1', '2016-11-01 18:31:00', NULL, '2016-11-01 18:31:38', '2016-11-02 22:32:22', '979b59be-9cab-4b9e-a2f7-e6d7b95a76f7'),
 ('56', '7', '7', '1', '2016-11-01 18:31:00', NULL, '2016-11-01 18:31:47', '2016-11-01 21:21:21', '4924039e-0ba0-456d-a7f4-2f409bc95664'),
 ('67', '8', '9', '1', '2016-11-01 21:53:12', NULL, '2016-11-01 21:53:12', '2016-11-01 21:53:12', '944c203c-a2a2-4cce-aa92-12f8f6f83549'),
 ('68', '8', '9', '1', '2016-11-01 21:53:33', NULL, '2016-11-01 21:53:33', '2016-11-01 21:53:33', '58b5214b-2058-44e3-ac7f-7841ab33ff2e'),
 ('69', '8', '9', '1', '2016-11-01 21:53:49', NULL, '2016-11-01 21:53:49', '2016-11-01 21:53:49', 'e293c175-a26e-4a7f-b9c6-7a8523cc6003'),
 ('70', '8', '9', '1', '2016-11-01 21:54:05', NULL, '2016-11-01 21:54:05', '2016-11-01 21:54:05', '27bd1afc-d0e9-4e76-8324-f07648045199'),
 ('71', '8', '9', '1', '2016-11-01 21:54:25', NULL, '2016-11-01 21:54:25', '2016-11-01 21:54:25', 'db94388c-675f-4b4b-999d-7abb56b374fe'),
 ('72', '8', '9', '1', '2016-11-01 21:54:57', NULL, '2016-11-01 21:54:57', '2016-11-01 21:54:57', '73f13e80-5d69-4a28-8233-635099b9df4e'),
 ('73', '8', '9', '1', '2016-11-01 21:55:27', NULL, '2016-11-01 21:55:28', '2016-11-01 21:55:28', '4b60e534-eb68-4582-9187-c4e16b291911'),
 ('74', '8', '9', '1', '2016-11-01 21:55:48', NULL, '2016-11-01 21:55:49', '2016-11-01 21:55:49', '0a13baa7-15e3-46e1-9b39-cede86b8d44a'),
 ('75', '8', '9', '1', '2016-11-01 21:56:07', NULL, '2016-11-01 21:56:07', '2016-11-01 21:56:07', '665050d1-9bb9-428d-93c7-ddd8b032635e'),
 ('76', '8', '9', '1', '2016-11-01 21:56:55', NULL, '2016-11-01 21:56:55', '2016-11-01 21:56:55', 'e613ba22-baa7-4d0b-9d70-20e167dd9b72'),
 ('77', '8', '9', '1', '2016-11-01 21:57:12', NULL, '2016-11-01 21:57:12', '2016-11-01 21:57:12', '287c02d9-7e00-4b77-9165-07f140e6969e'),
 ('78', '8', '9', '1', '2016-11-01 21:57:25', NULL, '2016-11-01 21:57:25', '2016-11-01 21:57:25', '85d8019a-1f54-4c97-9a2b-4f4ea964bdaa'),
 ('79', '8', '9', '1', '2016-11-01 21:57:45', NULL, '2016-11-01 21:57:45', '2016-11-01 21:57:45', '7f0785bc-3cb3-4159-912e-e5fc1c9cbc33'),
 ('80', '8', '9', '1', '2016-11-01 21:58:24', NULL, '2016-11-01 21:58:24', '2016-11-01 21:58:24', '399f61d9-32dd-4891-99e8-9eaae8ab0a60'),
 ('81', '9', '10', '1', '2016-11-01 22:54:18', NULL, '2016-11-01 22:54:18', '2016-11-01 22:54:18', '386935ec-310c-4c20-8f88-74a138e947b4'),
 ('82', '9', '10', '1', '2016-11-01 22:54:26', NULL, '2016-11-01 22:54:26', '2016-11-01 22:54:26', '1200046f-97ef-4343-b1ac-8094f1aaa4a4'),
 ('83', '9', '10', '1', '2016-11-01 22:54:56', NULL, '2016-11-01 22:54:56', '2016-11-01 22:54:56', '69c1386b-7c2e-4115-b13d-2400ffcbf97b'),
 ('84', '9', '10', '1', '2016-11-01 22:55:25', NULL, '2016-11-01 22:55:25', '2016-11-01 22:55:25', 'ad4cf15e-2d0a-4d0c-b78a-4338ca0d979a'),
 ('85', '9', '10', '1', '2016-11-01 22:55:35', NULL, '2016-11-01 22:55:35', '2016-11-01 22:55:35', '4eb4f7b5-dfa5-4a98-af6b-86bd53c5c29c'),
 ('87', '9', '10', '1', '2016-11-01 22:57:14', NULL, '2016-11-01 22:57:14', '2016-11-01 22:57:14', '5ff4902f-59c8-4609-918d-b718a37b4a69'),
 ('88', '9', '10', '1', '2016-11-01 22:57:31', NULL, '2016-11-01 22:57:31', '2016-11-01 22:57:31', '36c9c2e1-5be6-47e9-b217-abf90f102b30'),
 ('89', '9', '10', '1', '2016-11-01 22:58:23', NULL, '2016-11-01 22:58:23', '2016-11-01 22:58:23', '9d36809b-9afb-400f-b48c-874af945996b'),
 ('90', '9', '10', '1', '2016-11-01 22:59:12', NULL, '2016-11-01 22:59:12', '2016-11-01 22:59:12', '9a3d1444-fa83-49be-807a-2283d7b5c76b'),
 ('91', '9', '10', '1', '2016-11-01 22:59:27', NULL, '2016-11-01 22:59:27', '2016-11-01 22:59:27', '55f8b969-1b01-4070-91a3-c851292f51d8'),
 ('92', '9', '10', '1', '2016-11-01 23:00:22', NULL, '2016-11-01 23:00:22', '2016-11-01 23:00:22', '9720d996-9f9b-4fe3-8564-89cf3e499624'),
 ('93', '9', '10', '1', '2016-11-01 23:00:44', NULL, '2016-11-01 23:00:44', '2016-11-01 23:00:44', '874eafaa-63d2-44af-ac5c-4928777a313b'),
 ('94', '9', '10', '1', '2016-11-01 23:01:15', NULL, '2016-11-01 23:01:15', '2016-11-01 23:01:15', '982f9860-fe2f-4e6d-b650-c72e032429b8'),
 ('95', '9', '10', '1', '2016-11-01 23:01:40', NULL, '2016-11-01 23:01:40', '2016-11-01 23:01:40', '49d20263-bc9d-436e-9808-e5f3f2bf3ae8'),
 ('101', '10', '11', NULL, '2016-11-02 23:39:14', NULL, '2016-11-02 23:30:00', '2016-11-22 20:42:26', '855db4b7-c393-4c20-92aa-f5c53558e71b'),
 ('112', '2', '2', '1', '2016-11-03 21:35:00', NULL, '2016-11-03 21:35:57', '2016-11-22 22:04:12', '374d98af-75e4-403f-a0e4-0fc6c6b2c6f6'),
 ('118', '2', '2', '1', '2016-11-03 21:43:00', NULL, '2016-11-03 21:43:51', '2016-11-22 22:03:36', 'ad848fa9-6677-4fa7-a6e7-b3ef2568ef9b'),
 ('122', '2', '2', '1', '2016-11-03 21:47:00', NULL, '2016-11-03 21:47:05', '2016-11-22 21:58:43', 'dd92d9a8-6158-4009-a442-818316672595');



DROP TABLE IF EXISTS `craft_entrydrafts`;


--
-- Schema for table `craft_entrydrafts`
--
CREATE TABLE `craft_entrydrafts` (
  `id` int(11) NOT NULL AUTO_INCREMENT,
  `entryId` int(11) NOT NULL,
  `sectionId` int(11) NOT NULL,
  `creatorId` int(11) NOT NULL,
  `locale` char(12) COLLATE utf8_unicode_ci NOT NULL,
  `name` varchar(255) COLLATE utf8_unicode_ci NOT NULL,
  `notes` tinytext COLLATE utf8_unicode_ci,
  `data` mediumtext COLLATE utf8_unicode_ci NOT NULL,
  `dateCreated` datetime NOT NULL,
  `dateUpdated` datetime NOT NULL,
  `uid` char(36) COLLATE utf8_unicode_ci NOT NULL DEFAULT '0',
  PRIMARY KEY (`id`),
  KEY `craft_entrydrafts_entryId_locale_idx` (`entryId`,`locale`),
  KEY `craft_entrydrafts_sectionId_fk` (`sectionId`),
  KEY `craft_entrydrafts_creatorId_fk` (`creatorId`),
  KEY `craft_entrydrafts_locale_fk` (`locale`)
) ENGINE=InnoDB AUTO_INCREMENT=2 DEFAULT CHARSET=utf8 COLLATE=utf8_unicode_ci;

--
-- Data for table `craft_entrydrafts`
--

INSERT INTO `craft_entrydrafts` (`id`, `entryId`, `sectionId`, `creatorId`, `locale`, `name`, `notes`, `data`, `dateCreated`, `dateUpdated`, `uid`) VALUES
 ('1', '16', '3', '1', 'en_us', 'Draft 1', NULL, '{\"typeId\":null,\"authorId\":\"1\",\"title\":\"Oiselle\",\"slug\":\"oiselle-identity\",\"postDate\":1476391140,\"expiryDate\":null,\"enabled\":1,\"parentId\":null,\"fields\":{\"14\":\"\",\"3\":[\"10\",\"11\",\"12\",\"14\"],\"29\":\"#efefef\",\"9\":\"AN\\r\\nINFUSION\\r\\nOF\\r\\nNEW\\r\\nENERGY\",\"7\":[\"40\"],\"4\":\"#ff5822\",\"8\":\"<p class=\\\"large\\\">As they prepared to open their first bricks and mortar store, Oiselle&mdash;a pioneer in women\\u2019s running and athletic fashion&mdash;had a mature brand that needed an infusion of new energy. Turnstyle worked with the Oiselle team to establish an updated identity system and then applied it to a huge range of customer touch points, coordinated to deliver, install and deploy in concert with their store opening in Seattle\\u2019s University Village in the summer of 2015.<\\/p>\",\"10\":{\"137\":{\"type\":\"largeImage\",\"enabled\":\"1\",\"fields\":{\"image\":[\"136\"],\"layoutOptions\":\"framed\",\"verticalSpacingLevel\":\"vertical-spacing-0\"}},\"140\":{\"type\":\"largeImage\",\"enabled\":\"1\",\"fields\":{\"image\":[\"136\"],\"layoutOptions\":\"framed\",\"verticalSpacingLevel\":\"vertical-spacing-1\"}},\"141\":{\"type\":\"insetImage\",\"enabled\":\"1\",\"fields\":{\"image\":[\"136\"],\"imageWidth\":\"50\",\"verticalSpacingLevel\":\"vertical-spacing-2\",\"backgroundColor\":\"#000000\"}},\"142\":{\"type\":\"imageWithDescription\",\"enabled\":\"1\",\"fields\":{\"position\":\"right\",\"image\":[\"136\"],\"imageWidth\":\"100\",\"description\":\"<p class=\\\"large\\\">Donec id elit non mi porta gravida at eget metus. Duis mollis, est non commodo luctus, nisi erat porttitor ligula, eget lacinia odio sem nec elit. Maecenas sed diam eget risus varius blandit sit amet non magna. Morbi leo risus, porta ac consectetur ac, vestibulum at eros.<\\/p>\",\"verticalSpacingLevel\":\"vertical-spacing-2\",\"backgroundColor\":\"#afafaf\"}},\"143\":{\"type\":\"twoUpImages\",\"enabled\":\"1\",\"fields\":{\"leftImage\":[\"136\"],\"rightImage\":[\"136\"],\"verticalSpacingLevel\":\"vertical-spacing-4\"}},\"144\":{\"type\":\"centeredText\",\"enabled\":\"1\",\"fields\":{\"text\":\"<p class=\\\"large\\\">Donec id elit non mi <span class=\\\"blue\\\">porta<\\/span> gravida at eget metus. Duis mollis, est non commodo luctus, nisi erat porttitor ligula, eget lacinia odio sem nec elit. Maecenas sed diam eget risus varius blandit sit amet non magna. Morbi leo risus, porta ac <span class=\\\"white\\\">consectetur<\\/span> ac, vestibulum at eros.<\\/p>\\r\\n\\r\\n<p class=\\\"med\\\">Medium<\\/p>\\r\\n\\r\\n\\r\\n\\r\\n\\r\\n\\r\\n<p class=\\\"caps\\\">Caps<\\/p>\\r\\n\\r\\n\\r\\n\\r\\n\\r\\n\\r\\n<p class=\\\"italic\\\">Italic<\\/p>\\r\\n\\r\\n\\r\\n\\r\\n\\r\\n\\r\\n<p class=\\\"large\\\">Large<\\/p>\\r\\n\\r\\n\\r\\n\\r\\n\\r\\n\\r\\n<p class=\\\"details\\\">Details<\\/p>\\r\\n\\r\\n\\r\\n\\r\\n\\r\\n\\r\\n<p class=\\\"large\\\"><\\/p>\",\"verticalSpacingLevel\":\"vertical-spacing-4\",\"backgroundColor\":\"#efefef\"}},\"145\":{\"type\":\"imageWithDescription\",\"enabled\":\"1\",\"fields\":{\"position\":\"left\",\"image\":[\"136\"],\"imageWidth\":\"50\",\"description\":\"<p class=\\\"large\\\">Donec id elit non mi porta gravida at eget metus. Duis mollis, est non commodo luctus, nisi erat porttitor ligula, eget lacinia odio sem nec elit. Maecenas sed diam eget risus varius blandit sit amet non magna. Morbi leo risus, porta ac consectetur ac, vestibulum at eros.<\\/p>\\r\\n\\r\\n<p class=\\\"large\\\"><\\/p>\",\"verticalSpacingLevel\":\"vertical-spacing-2\",\"backgroundColor\":\"#ff0000\"}}},\"6\":\"Brand Identity System\",\"5\":[\"135\"]}}', '2016-11-16 18:47:10', '2016-11-16 18:47:10', '2802741f-6c22-4dca-93c2-cda1fd911471');



DROP TABLE IF EXISTS `craft_entrytypes`;


--
-- Schema for table `craft_entrytypes`
--
CREATE TABLE `craft_entrytypes` (
  `id` int(11) NOT NULL AUTO_INCREMENT,
  `sectionId` int(11) NOT NULL,
  `fieldLayoutId` int(11) DEFAULT NULL,
  `name` varchar(255) COLLATE utf8_unicode_ci NOT NULL,
  `handle` varchar(255) COLLATE utf8_unicode_ci NOT NULL,
  `hasTitleField` tinyint(1) unsigned NOT NULL DEFAULT '1',
  `titleLabel` varchar(255) COLLATE utf8_unicode_ci DEFAULT 'Title',
  `titleFormat` varchar(255) COLLATE utf8_unicode_ci DEFAULT NULL,
  `sortOrder` smallint(6) unsigned DEFAULT NULL,
  `dateCreated` datetime NOT NULL,
  `dateUpdated` datetime NOT NULL,
  `uid` char(36) COLLATE utf8_unicode_ci NOT NULL DEFAULT '0',
  PRIMARY KEY (`id`),
  UNIQUE KEY `craft_entrytypes_name_sectionId_unq_idx` (`name`,`sectionId`),
  UNIQUE KEY `craft_entrytypes_handle_sectionId_unq_idx` (`handle`,`sectionId`),
  KEY `craft_entrytypes_sectionId_fk` (`sectionId`),
  KEY `craft_entrytypes_fieldLayoutId_fk` (`fieldLayoutId`)
) ENGINE=InnoDB AUTO_INCREMENT=12 DEFAULT CHARSET=utf8 COLLATE=utf8_unicode_ci;

--
-- Data for table `craft_entrytypes`
--

INSERT INTO `craft_entrytypes` (`id`, `sectionId`, `fieldLayoutId`, `name`, `handle`, `hasTitleField`, `titleLabel`, `titleFormat`, `sortOrder`, `dateCreated`, `dateUpdated`, `uid`) VALUES
 ('1', '1', '3', 'Homepage', 'homepage', '1', 'Title', NULL, '1', '2016-10-07 18:01:54', '2016-10-07 18:01:54', '27e11efe-df89-4c90-ac5e-95a2dc185427'),
 ('2', '2', '276', 'Journal', 'journal', '1', 'Title', NULL, '1', '2016-10-07 18:01:54', '2016-11-22 21:56:25', '7d1d2937-cc1e-46c1-b1dd-1c74c394c163'),
 ('3', '3', '43', 'Work Articles', 'workArticles', '1', 'Title', NULL, '1', '2016-10-13 20:24:33', '2016-10-18 17:34:20', '10e5da0a-883f-43eb-99bc-b89555aab784'),
 ('4', '4', '7', 'Work', 'work', '0', NULL, '{section.name|raw}', '1', '2016-10-13 20:24:42', '2016-10-13 20:24:42', '4a54a654-1e01-45fb-ac82-9338ddb52e20'),
 ('5', '5', '122', 'Contact', 'contact', '0', NULL, '{section.name|raw}', '1', '2016-10-18 23:43:07', '2016-11-02 20:47:41', 'bf98a8c7-8605-4bbc-adc6-53aa890be3ef'),
 ('6', '6', '45', 'Journal', 'journal', '0', NULL, '{section.name|raw}', '1', '2016-10-18 23:48:41', '2016-10-18 23:48:41', 'ea078d11-ad86-49d6-909a-70226f68fd67'),
 ('7', '7', '126', 'Studio', 'studio', '1', 'Title', NULL, '1', '2016-11-01 18:30:53', '2016-11-02 23:33:15', '403f82ca-1bfa-4001-8048-25015e04af28'),
 ('9', '8', '111', 'Team', 'team', '1', 'Title', NULL, '1', '2016-11-01 21:39:53', '2016-11-01 21:45:13', '5b9a7eea-5d1e-4973-aada-e6ef6873a371'),
 ('10', '9', '115', 'Adjectives', 'adjectives', '1', 'Title', NULL, '1', '2016-11-01 22:53:15', '2016-11-01 22:53:15', 'e7feb919-ce46-4871-a709-c41ccf747adf'),
 ('11', '10', '258', 'Studio', 'studio', '0', NULL, '{section.name|raw}', '1', '2016-11-02 23:30:00', '2016-11-22 00:53:54', '946ffb3a-d5a8-4089-beca-074a482601fa');



DROP TABLE IF EXISTS `craft_entryversions`;


--
-- Schema for table `craft_entryversions`
--
CREATE TABLE `craft_entryversions` (
  `id` int(11) NOT NULL AUTO_INCREMENT,
  `entryId` int(11) NOT NULL,
  `sectionId` int(11) NOT NULL,
  `creatorId` int(11) DEFAULT NULL,
  `locale` char(12) COLLATE utf8_unicode_ci NOT NULL,
  `num` smallint(6) unsigned NOT NULL,
  `notes` tinytext COLLATE utf8_unicode_ci,
  `data` mediumtext COLLATE utf8_unicode_ci NOT NULL,
  `dateCreated` datetime NOT NULL,
  `dateUpdated` datetime NOT NULL,
  `uid` char(36) COLLATE utf8_unicode_ci NOT NULL DEFAULT '0',
  PRIMARY KEY (`id`),
  KEY `craft_entryversions_entryId_locale_idx` (`entryId`,`locale`),
  KEY `craft_entryversions_sectionId_fk` (`sectionId`),
  KEY `craft_entryversions_creatorId_fk` (`creatorId`),
  KEY `craft_entryversions_locale_fk` (`locale`)
) ENGINE=InnoDB AUTO_INCREMENT=255 DEFAULT CHARSET=utf8 COLLATE=utf8_unicode_ci;

--
-- Data for table `craft_entryversions`
--

INSERT INTO `craft_entryversions` (`id`, `entryId`, `sectionId`, `creatorId`, `locale`, `num`, `notes`, `data`, `dateCreated`, `dateUpdated`, `uid`) VALUES
 ('1', '2', '1', '1', 'en_us', '1', NULL, '{\"typeId\":\"1\",\"authorId\":null,\"title\":\"Homepage\",\"slug\":\"homepage\",\"postDate\":1475863314,\"expiryDate\":null,\"enabled\":1,\"parentId\":null,\"fields\":[]}', '2016-10-07 18:01:54', '2016-10-07 18:01:54', '48efd9b0-1efa-4fd8-a7ce-92a1c1b0ea4c'),
 ('2', '2', '1', '1', 'en_us', '2', NULL, '{\"typeId\":null,\"authorId\":null,\"title\":\"Welcome to Turnstyle.dev!\",\"slug\":\"homepage\",\"postDate\":1475863314,\"expiryDate\":null,\"enabled\":\"1\",\"parentId\":null,\"fields\":{\"1\":\"<p>It\\u2019s true, this site doesn\\u2019t have a whole lot of content yet, but don\\u2019t worry. Our web developers have just installed the CMS, and they\\u2019re setting things up for the content editors this very moment. Soon Turnstyle.dev will be an oasis of fresh perspectives, sharp analyses, and astute opinions that will keep you coming back again and again.<\\/p>\"}}', '2016-10-07 18:01:54', '2016-10-07 18:01:54', 'ca7902ee-af69-45a8-b136-ac55e7d7e34e'),
 ('4', '4', '4', '1', 'en_us', '1', NULL, '{\"typeId\":\"4\",\"authorId\":null,\"title\":\"Work\",\"slug\":\"work\",\"postDate\":1476390282,\"expiryDate\":null,\"enabled\":1,\"parentId\":null,\"fields\":[]}', '2016-10-13 20:24:42', '2016-10-13 20:24:42', 'b5326ce8-297d-4fae-a242-ca9f9cbca90f'),
 ('5', '5', '3', '1', 'en_us', '1', '', '{\"typeId\":null,\"authorId\":\"1\",\"title\":\"Justin Golmer\",\"slug\":\"justin-golmer\",\"postDate\":1476390883,\"expiryDate\":null,\"enabled\":1,\"parentId\":null,\"fields\":[]}', '2016-10-13 20:34:43', '2016-10-13 20:34:43', '483c88f7-39c9-40bd-a312-57a7a9569559'),
 ('6', '6', '3', '1', 'en_us', '1', '', '{\"typeId\":null,\"authorId\":\"1\",\"title\":\"Oiselle\",\"slug\":\"oiselle\",\"postDate\":1476390889,\"expiryDate\":null,\"enabled\":1,\"parentId\":null,\"fields\":[]}', '2016-10-13 20:34:49', '2016-10-13 20:34:49', '5d889d10-a75b-4cda-8e98-3d90d7bd1797'),
 ('7', '7', '3', '1', 'en_us', '1', '', '{\"typeId\":null,\"authorId\":\"1\",\"title\":\"Grayl\",\"slug\":\"grayl\",\"postDate\":1476390898,\"expiryDate\":null,\"enabled\":1,\"parentId\":null,\"fields\":[]}', '2016-10-13 20:34:58', '2016-10-13 20:34:58', '698a7fd9-8e54-4479-9d0f-22324fdf36b6'),
 ('8', '8', '3', '1', 'en_us', '1', '', '{\"typeId\":null,\"authorId\":\"1\",\"title\":\"Teague\",\"slug\":\"teague\",\"postDate\":1476390908,\"expiryDate\":null,\"enabled\":1,\"parentId\":null,\"fields\":[]}', '2016-10-13 20:35:08', '2016-10-13 20:35:08', 'c4a7e17a-e9c1-436a-b623-ce72bddf50c5'),
 ('9', '8', '3', '1', 'en_us', '2', '', '{\"typeId\":\"3\",\"authorId\":\"1\",\"title\":\"Strategy Entry\",\"slug\":\"strategy-entry\",\"postDate\":1476390900,\"expiryDate\":null,\"enabled\":1,\"parentId\":null,\"fields\":{\"3\":[\"9\"]}}', '2016-10-13 20:38:16', '2016-10-13 20:38:16', '956f908a-8f81-4652-923b-80a71feaf75b'),
 ('10', '7', '3', '1', 'en_us', '2', '', '{\"typeId\":\"3\",\"authorId\":\"1\",\"title\":\"Identity Entry\",\"slug\":\"identity-entry\",\"postDate\":1476390840,\"expiryDate\":null,\"enabled\":1,\"parentId\":null,\"fields\":{\"3\":[\"10\"]}}', '2016-10-13 20:38:32', '2016-10-13 20:38:32', '673cf2bf-1ccf-4c60-b055-5ab43e1ee982'),
 ('11', '6', '3', '1', 'en_us', '2', '', '{\"typeId\":\"3\",\"authorId\":\"1\",\"title\":\"Digital Entry\",\"slug\":\"digital-entry\",\"postDate\":1476390840,\"expiryDate\":null,\"enabled\":1,\"parentId\":null,\"fields\":{\"3\":[\"11\"]}}', '2016-10-13 20:38:47', '2016-10-13 20:38:47', 'b97604e0-bcc2-4fe7-9a6a-95cf940a8e63'),
 ('12', '5', '3', '1', 'en_us', '2', '', '{\"typeId\":\"3\",\"authorId\":\"1\",\"title\":\"Print Entry\",\"slug\":\"print-entry\",\"postDate\":1476390840,\"expiryDate\":null,\"enabled\":1,\"parentId\":null,\"fields\":{\"3\":[\"12\"]}}', '2016-10-13 20:39:01', '2016-10-13 20:39:01', '5eb9d68e-6529-4abc-b9cd-a8c9f13789da'),
 ('13', '15', '3', '1', 'en_us', '1', '', '{\"typeId\":null,\"authorId\":\"1\",\"title\":\"Packaging Entry\",\"slug\":\"packaging-entry\",\"postDate\":1476391153,\"expiryDate\":null,\"enabled\":1,\"parentId\":null,\"fields\":{\"3\":[\"13\"]}}', '2016-10-13 20:39:13', '2016-10-13 20:39:13', '2aa98a82-723d-45df-bcdd-ea54349bd161'),
 ('14', '16', '3', '1', 'en_us', '1', '', '{\"typeId\":null,\"authorId\":\"1\",\"title\":\"Environment Entry\",\"slug\":\"environment-entry\",\"postDate\":1476391174,\"expiryDate\":null,\"enabled\":1,\"parentId\":null,\"fields\":{\"3\":[\"14\"]}}', '2016-10-13 20:39:34', '2016-10-13 20:39:34', '7e177375-4f49-4820-856a-4a89746cb50d'),
 ('15', '16', '3', '1', 'en_us', '2', '', '{\"typeId\":\"3\",\"authorId\":\"1\",\"title\":\"Environment Entry\",\"slug\":\"environment-entry\",\"postDate\":1476391140,\"expiryDate\":null,\"enabled\":1,\"parentId\":null,\"fields\":{\"3\":[\"14\"],\"4\":\"#ff24ac\",\"5\":\"\"}}', '2016-10-13 23:03:59', '2016-10-13 23:03:59', '18a09c70-3292-48dd-992b-c28376e3fd1a'),
 ('16', '15', '3', '1', 'en_us', '2', '', '{\"typeId\":\"3\",\"authorId\":\"1\",\"title\":\"Packaging Entry\",\"slug\":\"packaging-entry\",\"postDate\":1476391140,\"expiryDate\":null,\"enabled\":1,\"parentId\":null,\"fields\":{\"3\":[\"13\"],\"4\":\"#000000\",\"6\":\"Project Title Here\",\"5\":[\"21\"]}}', '2016-10-13 23:27:29', '2016-10-13 23:27:29', 'de589435-2502-43b4-8ccd-080d47de7035'),
 ('17', '16', '3', '1', 'en_us', '3', '', '{\"typeId\":\"3\",\"authorId\":\"1\",\"title\":\"Environment Entry\",\"slug\":\"environment-entry\",\"postDate\":1476391140,\"expiryDate\":null,\"enabled\":1,\"parentId\":null,\"fields\":{\"3\":[\"14\"],\"4\":\"#ff24ac\",\"6\":\"Longer Project Title Goes Here\",\"5\":[\"22\"]}}', '2016-10-13 23:27:46', '2016-10-13 23:27:46', 'a79c2794-89ef-4099-93c9-0660766c5d88'),
 ('18', '8', '3', '1', 'en_us', '3', '', '{\"typeId\":\"3\",\"authorId\":\"1\",\"title\":\"Strategy Entry\",\"slug\":\"strategy-entry\",\"postDate\":1476390900,\"expiryDate\":null,\"enabled\":1,\"parentId\":null,\"fields\":{\"3\":[\"9\"],\"4\":\"#000000\",\"6\":\"Project Title\",\"5\":[\"23\"]}}', '2016-10-13 23:27:59', '2016-10-13 23:27:59', '366cd179-b38d-442c-8572-c1618e1849a1'),
 ('19', '5', '3', '1', 'en_us', '3', '', '{\"typeId\":\"3\",\"authorId\":\"1\",\"title\":\"Print Entry\",\"slug\":\"print-entry\",\"postDate\":1476390840,\"expiryDate\":null,\"enabled\":1,\"parentId\":null,\"fields\":{\"3\":[\"12\"],\"4\":\"#000000\",\"6\":\"Cool Print Project Title \",\"5\":[\"24\"]}}', '2016-10-13 23:28:20', '2016-10-13 23:28:20', '4b877068-112d-4148-ad8b-be8cbb016361'),
 ('20', '6', '3', '1', 'en_us', '3', '', '{\"typeId\":\"3\",\"authorId\":\"1\",\"title\":\"Digital Entry\",\"slug\":\"digital-entry\",\"postDate\":1476390840,\"expiryDate\":null,\"enabled\":1,\"parentId\":null,\"fields\":{\"3\":[\"11\"],\"4\":\"#000000\",\"6\":\"Sweet Mother of Digital\",\"5\":[\"22\"]}}', '2016-10-13 23:28:42', '2016-10-13 23:28:42', '02b0d1b4-dd97-4608-a807-d3cc93f67181'),
 ('21', '7', '3', '1', 'en_us', '3', '', '{\"typeId\":\"3\",\"authorId\":\"1\",\"title\":\"Identity Entry\",\"slug\":\"identity-entry\",\"postDate\":1476390840,\"expiryDate\":null,\"enabled\":1,\"parentId\":null,\"fields\":{\"3\":[\"10\"],\"4\":\"#000000\",\"6\":\"Mr Robot\",\"5\":[\"24\"]}}', '2016-10-13 23:28:57', '2016-10-13 23:28:57', 'e78bebea-e843-4e62-8c82-879e20524fa8'),
 ('22', '15', '3', '1', 'en_us', '3', '', '{\"typeId\":\"3\",\"authorId\":\"1\",\"title\":\"Packaging Entry\",\"slug\":\"packaging-entry\",\"postDate\":1476391140,\"expiryDate\":null,\"enabled\":1,\"parentId\":null,\"fields\":{\"14\":[{\"col1\":\"Recogonition\",\"col2\":\"Print Regional Design Annual 2015\"}],\"3\":[\"13\"],\"9\":\"Wake\\r\\nStyle\\r\\nshoot\\r\\ndo it all\\r\\nagain\",\"7\":[\"26\"],\"4\":\"#000000\",\"8\":\"<p>Justin Gollmer, one of our go-to photography partners, asked us design a ten-year retrospective promotional brochure. <em>Wake, Style, Shoot, Do It All Again<\\/em> is a collection of images highlighting his work behind, beside, and around the camera. The brochure is divided into four sections that blur the lines between Gollmer\\u2019s personal and commercial work: people, action, travel, and product. Short sheets bound to the exterior provide thumbnail image guides to each section with captions for each image.<\\/p>\",\"10\":\"\",\"6\":\"Project Title Here\",\"5\":[\"21\"]}}', '2016-10-17 20:29:57', '2016-10-17 20:29:57', '53a7e1f6-8075-4b0f-ba6d-5102c337fb6e'),
 ('23', '15', '3', '1', 'en_us', '4', '', '{\"typeId\":\"3\",\"authorId\":\"1\",\"title\":\"Packaging Entry\",\"slug\":\"packaging-entry\",\"postDate\":1476391140,\"expiryDate\":null,\"enabled\":1,\"parentId\":null,\"fields\":{\"14\":[{\"col1\":\"Recogonition\",\"col2\":\"Print Regional Design Annual 2015\"}],\"3\":[\"13\"],\"9\":\"Wake\\r\\nStyle\\r\\nshoot\\r\\ndo it all\\r\\nagain\",\"7\":[\"26\"],\"4\":\"#000000\",\"8\":\"<p>Justin Gollmer, one of our go-to photography partners, asked us design a ten-year retrospective promotional brochure. <em>Wake, Style, Shoot, Do It All Again<\\/em> is a collection of images highlighting his work behind, beside, and around the camera. The brochure is divided into four sections that blur the lines between Gollmer\\u2019s personal and commercial work: people, action, travel, and product. Short sheets bound to the exterior provide thumbnail image guides to each section with captions for each image.<\\/p>\",\"10\":{\"new1\":{\"type\":\"largeImage\",\"enabled\":\"1\",\"fields\":{\"image\":[\"27\"],\"layoutOptions\":\"full-width\",\"verticalSpacingLevel\":\"vertical-spacing-0\"}}},\"6\":\"Project Title Here\",\"5\":[\"21\"]}}', '2016-10-17 20:30:09', '2016-10-17 20:30:09', '290e4ce4-adae-4d49-8107-33c1c1ec6710'),
 ('24', '15', '3', '1', 'en_us', '5', '', '{\"typeId\":\"3\",\"authorId\":\"1\",\"title\":\"Packaging Entry\",\"slug\":\"packaging-entry\",\"postDate\":1476391140,\"expiryDate\":null,\"enabled\":1,\"parentId\":null,\"fields\":{\"14\":[{\"col1\":\"Recogonition\",\"col2\":\"Print Regional Design Annual 2015\"}],\"9\":\"Wake\\r\\nStyle\\r\\nshoot\\r\\ndo it all\\r\\nagain\",\"7\":[\"26\"],\"4\":\"#000000\",\"8\":\"<p>Justin Gollmer, one of our go-to photography partners, asked us design a ten-year retrospective promotional brochure. <em>Wake, Style, Shoot, Do It All Again<\\/em> is a collection of images highlighting his work behind, beside, and around the camera. The brochure is divided into four sections that blur the lines between Gollmer\\u2019s personal and commercial work: people, action, travel, and product. Short sheets bound to the exterior provide thumbnail image guides to each section with captions for each image.<\\/p>\",\"10\":{\"28\":{\"type\":\"largeImage\",\"enabled\":\"1\",\"fields\":{\"image\":[\"27\"],\"layoutOptions\":\"full-width\",\"verticalSpacingLevel\":\"vertical-spacing-0\"}}},\"6\":\"Project Title Here\",\"5\":[\"21\"]}}', '2016-10-17 20:54:38', '2016-10-17 20:54:38', 'b4dc8f73-6157-4722-bdce-5d6ed59c4177'),
 ('25', '15', '3', '1', 'en_us', '6', '', '{\"typeId\":\"3\",\"authorId\":\"1\",\"title\":\"Packaging Entry\",\"slug\":\"packaging-entry\",\"postDate\":1476391140,\"expiryDate\":null,\"enabled\":1,\"parentId\":null,\"fields\":{\"14\":[{\"col1\":\"Recogonition\",\"col2\":\"Print Regional Design Annual 2015\"}],\"3\":[\"9\",\"13\"],\"9\":\"Wake\\r\\nStyle\\r\\nshoot\\r\\ndo it all\\r\\nagain\",\"7\":[\"26\"],\"4\":\"#000000\",\"8\":\"<p>Justin Gollmer, one of our go-to photography partners, asked us design a ten-year retrospective promotional brochure. <em>Wake, Style, Shoot, Do It All Again<\\/em> is a collection of images highlighting his work behind, beside, and around the camera. The brochure is divided into four sections that blur the lines between Gollmer\\u2019s personal and commercial work: people, action, travel, and product. Short sheets bound to the exterior provide thumbnail image guides to each section with captions for each image.<\\/p>\",\"10\":{\"28\":{\"type\":\"largeImage\",\"enabled\":\"1\",\"fields\":{\"image\":[\"27\"],\"layoutOptions\":\"full-width\",\"verticalSpacingLevel\":\"vertical-spacing-0\"}}},\"6\":\"Project Title Here\",\"5\":[\"21\"]}}', '2016-10-17 20:55:06', '2016-10-17 20:55:06', '53ff17da-0e77-4139-8989-7f5cbdc6483c'),
 ('26', '15', '3', '1', 'en_us', '7', '', '{\"typeId\":\"3\",\"authorId\":\"1\",\"title\":\"Packaging Entry\",\"slug\":\"packaging-entry\",\"postDate\":1476391140,\"expiryDate\":null,\"enabled\":1,\"parentId\":null,\"fields\":{\"14\":[{\"col1\":\"Recogonition\",\"col2\":\"Print Regional Design Annual 2015\"}],\"3\":[\"13\"],\"9\":\"Wake\\r\\nStyle\\r\\nshoot\\r\\ndo it all\\r\\nagain\",\"7\":[\"26\"],\"4\":\"#000000\",\"8\":\"<p>Justin Gollmer, one of our go-to photography partners, asked us design a ten-year retrospective promotional brochure. <em>Wake, Style, Shoot, Do It All Again<\\/em> is a collection of images highlighting his work behind, beside, and around the camera. The brochure is divided into four sections that blur the lines between Gollmer\\u2019s personal and commercial work: people, action, travel, and product. Short sheets bound to the exterior provide thumbnail image guides to each section with captions for each image.<\\/p>\",\"10\":{\"28\":{\"type\":\"largeImage\",\"enabled\":\"1\",\"fields\":{\"image\":[\"27\"],\"layoutOptions\":\"framed\",\"verticalSpacingLevel\":\"vertical-spacing-0\"}}},\"6\":\"Project Title Here\",\"5\":[\"21\"]}}', '2016-10-17 21:01:04', '2016-10-17 21:01:04', 'b7ebaf93-4002-4372-adb4-33ab6b37003d'),
 ('27', '15', '3', '1', 'en_us', '8', '', '{\"typeId\":\"3\",\"authorId\":\"1\",\"title\":\"Packaging Entry\",\"slug\":\"packaging-entry\",\"postDate\":1476391140,\"expiryDate\":null,\"enabled\":1,\"parentId\":null,\"fields\":{\"14\":[{\"col1\":\"Recogonition\",\"col2\":\"Print Regional Design Annual 2015\"}],\"3\":[\"13\"],\"9\":\"Wake\\r\\nStyle\\r\\nshoot\\r\\ndo it all\\r\\nagain\",\"7\":[\"26\"],\"4\":\"#000000\",\"8\":\"<p>Justin Gollmer, one of our go-to photography partners, asked us design a ten-year retrospective promotional brochure. <em>Wake, Style, Shoot, Do It All Again<\\/em> is a collection of images highlighting his work behind, beside, and around the camera. The brochure is divided into four sections that blur the lines between Gollmer\\u2019s personal and commercial work: people, action, travel, and product. Short sheets bound to the exterior provide thumbnail image guides to each section with captions for each image.<\\/p>\",\"10\":{\"28\":{\"type\":\"largeImage\",\"enabled\":\"1\",\"fields\":{\"image\":[\"27\"],\"layoutOptions\":\"framed\",\"verticalSpacingLevel\":\"vertical-spacing-5\"}}},\"6\":\"Project Title Here\",\"5\":[\"21\"]}}', '2016-10-17 21:01:50', '2016-10-17 21:01:50', '0b719630-f043-41d6-a213-eef4b0254534'),
 ('28', '15', '3', '1', 'en_us', '9', '', '{\"typeId\":\"3\",\"authorId\":\"1\",\"title\":\"Packaging Entry\",\"slug\":\"packaging-entry\",\"postDate\":1476391140,\"expiryDate\":null,\"enabled\":1,\"parentId\":null,\"fields\":{\"14\":[{\"col1\":\"Recogonition\",\"col2\":\"Print Regional Design Annual 2015\"}],\"3\":[\"13\"],\"9\":\"Wake\\r\\nStyle\\r\\nshoot\\r\\ndo it all\\r\\nagain\",\"7\":[\"26\"],\"4\":\"#000000\",\"8\":\"<p>Justin Gollmer, one of our go-to photography partners, asked us design a ten-year retrospective promotional brochure. <em>Wake, Style, Shoot, Do It All Again<\\/em> is a collection of images highlighting his work behind, beside, and around the camera. The brochure is divided into four sections that blur the lines between Gollmer\\u2019s personal and commercial work: people, action, travel, and product. Short sheets bound to the exterior provide thumbnail image guides to each section with captions for each image.<\\/p>\",\"10\":{\"28\":{\"type\":\"largeImage\",\"enabled\":\"1\",\"fields\":{\"image\":[\"27\"],\"layoutOptions\":\"framed\",\"verticalSpacingLevel\":\"vertical-spacing-5\"}}},\"6\":\"Project Title Here\",\"5\":[\"21\"]}}', '2016-10-17 21:02:12', '2016-10-17 21:02:12', '07e4a68b-751d-41fc-a783-4175b0d648b4'),
 ('29', '15', '3', '1', 'en_us', '10', '', '{\"typeId\":\"3\",\"authorId\":\"1\",\"title\":\"Packaging Entry\",\"slug\":\"packaging-entry\",\"postDate\":1476391140,\"expiryDate\":null,\"enabled\":1,\"parentId\":null,\"fields\":{\"14\":[{\"col1\":\"Recogonition\",\"col2\":\"Print Regional Design Annual 2015\"}],\"3\":[\"13\"],\"9\":\"Wake\\r\\nStyle\\r\\nshoot\\r\\ndo it all\\r\\nagain\",\"7\":[\"26\"],\"4\":\"#000000\",\"8\":\"<p>Justin Gollmer, one of our go-to photography partners, asked us design a ten-year retrospective promotional brochure. <em>Wake, Style, Shoot, Do It All Again<\\/em> is a collection of images highlighting his work behind, beside, and around the camera. The brochure is divided into four sections that blur the lines between Gollmer\\u2019s personal and commercial work: people, action, travel, and product. Short sheets bound to the exterior provide thumbnail image guides to each section with captions for each image.<\\/p>\",\"10\":{\"28\":{\"type\":\"largeImage\",\"enabled\":\"1\",\"fields\":{\"image\":[\"27\"],\"layoutOptions\":\"framed\",\"verticalSpacingLevel\":\"vertical-spacing-0\"}}},\"6\":\"Project Title Here\",\"5\":[\"21\"]}}', '2016-10-17 21:02:19', '2016-10-17 21:02:19', 'dfe442d5-49fa-4c14-9543-05c321182b07'),
 ('30', '15', '3', '1', 'en_us', '11', '', '{\"typeId\":\"3\",\"authorId\":\"1\",\"title\":\"Packaging Entry\",\"slug\":\"packaging-entry\",\"postDate\":1476391140,\"expiryDate\":null,\"enabled\":1,\"parentId\":null,\"fields\":{\"14\":[{\"col1\":\"Recogonition\",\"col2\":\"Print Regional Design Annual 2015\"}],\"3\":[\"13\"],\"9\":\"Wake\\r\\nStyle\\r\\nshoot\\r\\ndo it all\\r\\nagain\",\"7\":[\"26\"],\"4\":\"#000000\",\"8\":\"<p>Justin Gollmer, one of our go-to photography partners, asked us design a ten-year retrospective promotional brochure. <em>Wake, Style, Shoot, Do It All Again<\\/em> is a collection of images highlighting his work behind, beside, and around the camera. The brochure is divided into four sections that blur the lines between Gollmer\\u2019s personal and commercial work: people, action, travel, and product. Short sheets bound to the exterior provide thumbnail image guides to each section with captions for each image.<\\/p>\",\"10\":{\"28\":{\"type\":\"largeImage\",\"enabled\":\"1\",\"fields\":{\"image\":[\"27\"],\"layoutOptions\":\"full-width\",\"verticalSpacingLevel\":\"vertical-spacing-0\"}}},\"6\":\"Project Title Here\",\"5\":[\"21\"]}}', '2016-10-17 21:02:42', '2016-10-17 21:02:42', '4a45fa40-8057-4eb2-a1c7-33dcf0d1fbac'),
 ('31', '15', '3', '1', 'en_us', '12', '', '{\"typeId\":\"3\",\"authorId\":\"1\",\"title\":\"Packaging Entry\",\"slug\":\"packaging-entry\",\"postDate\":1476391140,\"expiryDate\":null,\"enabled\":1,\"parentId\":null,\"fields\":{\"14\":[{\"col1\":\"Recogonition\",\"col2\":\"Print Regional Design Annual 2015\"}],\"3\":[\"13\"],\"9\":\"Wake\\r\\nStyle\\r\\nshoot\\r\\ndo it all\\r\\nagain\",\"7\":[\"26\"],\"4\":\"#000000\",\"8\":\"<p>Justin Gollmer, one of our go-to photography partners, asked us design a ten-year retrospective promotional brochure. <em>Wake, Style, Shoot, Do It All Again<\\/em> is a collection of images highlighting his work behind, beside, and around the camera. The brochure is divided into four sections that blur the lines between Gollmer\\u2019s personal and commercial work: people, action, travel, and product. Short sheets bound to the exterior provide thumbnail image guides to each section with captions for each image.<\\/p>\",\"10\":{\"28\":{\"type\":\"largeImage\",\"enabled\":\"1\",\"fields\":{\"image\":[\"27\"],\"layoutOptions\":\"full-width\",\"verticalSpacingLevel\":\"vertical-spacing-0\"}},\"new1\":{\"type\":\"insetImage\",\"enabled\":\"1\",\"fields\":{\"image\":[\"30\"],\"verticalSpacingLevel\":\"vertical-spacing-0\",\"backgroundColor\":\"\"}}},\"6\":\"Project Title Here\",\"5\":[\"21\"]}}', '2016-10-17 21:07:10', '2016-10-17 21:07:10', '33800cd2-eae4-4f1c-9fa8-fa8cf3675a67'),
 ('32', '15', '3', '1', 'en_us', '13', '', '{\"typeId\":\"3\",\"authorId\":\"1\",\"title\":\"Packaging Entry\",\"slug\":\"packaging-entry\",\"postDate\":1476391140,\"expiryDate\":null,\"enabled\":1,\"parentId\":null,\"fields\":{\"14\":[{\"col1\":\"Recogonition\",\"col2\":\"Print Regional Design Annual 2015\"}],\"3\":[\"13\"],\"9\":\"Wake\\r\\nStyle\\r\\nshoot\\r\\ndo it all\\r\\nagain\",\"7\":[\"26\"],\"4\":\"#000000\",\"8\":\"<p>Justin Gollmer, one of our go-to photography partners, asked us design a ten-year retrospective promotional brochure. <em>Wake, Style, Shoot, Do It All Again<\\/em> is a collection of images highlighting his work behind, beside, and around the camera. The brochure is divided into four sections that blur the lines between Gollmer\\u2019s personal and commercial work: people, action, travel, and product. Short sheets bound to the exterior provide thumbnail image guides to each section with captions for each image.<\\/p>\",\"10\":{\"28\":{\"type\":\"largeImage\",\"enabled\":\"1\",\"fields\":{\"image\":[\"27\"],\"layoutOptions\":\"full-width\",\"verticalSpacingLevel\":\"vertical-spacing-0\"}},\"31\":{\"type\":\"insetImage\",\"enabled\":\"1\",\"fields\":{\"image\":[\"30\"],\"verticalSpacingLevel\":\"vertical-spacing-0\",\"backgroundColor\":\"#d6ff2e\"}}},\"6\":\"Project Title Here\",\"5\":[\"21\"]}}', '2016-10-17 21:07:52', '2016-10-17 21:07:52', '16aaf61b-7317-4ae8-b50f-9d63e2557465'),
 ('33', '15', '3', '1', 'en_us', '14', '', '{\"typeId\":\"3\",\"authorId\":\"1\",\"title\":\"Packaging Entry\",\"slug\":\"packaging-entry\",\"postDate\":1476391140,\"expiryDate\":null,\"enabled\":1,\"parentId\":null,\"fields\":{\"14\":[{\"col1\":\"Recogonition\",\"col2\":\"Print Regional Design Annual 2015\"}],\"3\":[\"13\"],\"9\":\"Wake\\r\\nStyle\\r\\nshoot\\r\\ndo it all\\r\\nagain\",\"7\":[\"26\"],\"4\":\"#000000\",\"8\":\"<p>Justin Gollmer, one of our go-to photography partners, asked us design a ten-year retrospective promotional brochure. <em>Wake, Style, Shoot, Do It All Again<\\/em> is a collection of images highlighting his work behind, beside, and around the camera. The brochure is divided into four sections that blur the lines between Gollmer\\u2019s personal and commercial work: people, action, travel, and product. Short sheets bound to the exterior provide thumbnail image guides to each section with captions for each image.<\\/p>\",\"10\":{\"28\":{\"type\":\"largeImage\",\"enabled\":\"1\",\"fields\":{\"image\":[\"27\"],\"layoutOptions\":\"full-width\",\"verticalSpacingLevel\":\"vertical-spacing-0\"}},\"31\":{\"type\":\"insetImage\",\"enabled\":\"1\",\"fields\":{\"image\":[\"30\"],\"verticalSpacingLevel\":\"vertical-spacing-2\",\"backgroundColor\":\"#d6ff2e\"}}},\"6\":\"Project Title Here\",\"5\":[\"21\"]}}', '2016-10-17 21:09:01', '2016-10-17 21:09:01', '578deeb6-bc97-47b7-be5c-23153499d060'),
 ('34', '15', '3', '1', 'en_us', '15', '', '{\"typeId\":\"3\",\"authorId\":\"1\",\"title\":\"Packaging Entry\",\"slug\":\"packaging-entry\",\"postDate\":1476391140,\"expiryDate\":null,\"enabled\":1,\"parentId\":null,\"fields\":{\"14\":[{\"col1\":\"Recogonition\",\"col2\":\"Print Regional Design Annual 2015\"}],\"3\":[\"13\"],\"9\":\"Wake\\r\\nStyle\\r\\nshoot\\r\\ndo it all\\r\\nagain\",\"7\":[\"26\"],\"4\":\"#000000\",\"8\":\"<p>Justin Gollmer, one of our go-to photography partners, asked us design a ten-year retrospective promotional brochure. <em>Wake, Style, Shoot, Do It All Again<\\/em> is a collection of images highlighting his work behind, beside, and around the camera. The brochure is divided into four sections that blur the lines between Gollmer\\u2019s personal and commercial work: people, action, travel, and product. Short sheets bound to the exterior provide thumbnail image guides to each section with captions for each image.<\\/p>\",\"10\":{\"28\":{\"type\":\"largeImage\",\"enabled\":\"1\",\"fields\":{\"image\":[\"27\"],\"layoutOptions\":\"full-width\",\"verticalSpacingLevel\":\"vertical-spacing-0\"}},\"31\":{\"type\":\"insetImage\",\"enabled\":\"1\",\"fields\":{\"image\":[\"30\"],\"verticalSpacingLevel\":\"vertical-spacing-2\",\"backgroundColor\":\"#d6ff2e\"}},\"new1\":{\"type\":\"imageWithDescription\",\"enabled\":\"1\",\"fields\":{\"position\":\"left\",\"image\":[\"30\"],\"description\":\"<p>Subtitle<\\/p>\\r\\n\\r\\n<p>Donec id elit non mi porta gravida at eget metus. Fusce dapibus, tellus ac cursus commodo, tortor mauris condimentum nibh, ut fermentum massa justo sit amet risus. Etiam porta sem malesuada magna mollis euismod. Lorem ipsum dolor sit.<\\/p>\"}}},\"6\":\"Project Title Here\",\"5\":[\"21\"]}}', '2016-10-17 21:25:01', '2016-10-17 21:25:01', '64394428-3bbd-4617-8eb5-0f7b5075a60e'),
 ('35', '15', '3', '1', 'en_us', '16', '', '{\"typeId\":\"3\",\"authorId\":\"1\",\"title\":\"Packaging Entry\",\"slug\":\"packaging-entry\",\"postDate\":1476391140,\"expiryDate\":null,\"enabled\":1,\"parentId\":null,\"fields\":{\"14\":[{\"col1\":\"Recogonition\",\"col2\":\"Print Regional Design Annual 2015\"}],\"3\":[\"13\"],\"9\":\"Wake\\r\\nStyle\\r\\nshoot\\r\\ndo it all\\r\\nagain\",\"7\":[\"26\"],\"4\":\"#000000\",\"8\":\"<p>Justin Gollmer, one of our go-to photography partners, asked us design a ten-year retrospective promotional brochure. <em>Wake, Style, Shoot, Do It All Again<\\/em> is a collection of images highlighting his work behind, beside, and around the camera. The brochure is divided into four sections that blur the lines between Gollmer\\u2019s personal and commercial work: people, action, travel, and product. Short sheets bound to the exterior provide thumbnail image guides to each section with captions for each image.<\\/p>\",\"10\":{\"28\":{\"type\":\"largeImage\",\"enabled\":\"1\",\"fields\":{\"image\":[\"27\"],\"layoutOptions\":\"full-width\",\"verticalSpacingLevel\":\"vertical-spacing-0\"}},\"31\":{\"type\":\"insetImage\",\"enabled\":\"1\",\"fields\":{\"image\":[\"30\"],\"verticalSpacingLevel\":\"vertical-spacing-2\",\"backgroundColor\":\"#d6ff2e\"}},\"32\":{\"type\":\"imageWithDescription\",\"enabled\":\"1\",\"fields\":{\"position\":\"left\",\"image\":[\"30\"],\"description\":\"<p>Subtitle<\\/p>\\r\\n\\r\\n<p>Donec id elit non mi porta gravida at eget metus. Fusce dapibus, tellus ac cursus commodo, tortor mauris condimentum nibh, ut fermentum massa justo sit amet risus. Etiam porta sem malesuada magna mollis euismod. Lorem ipsum dolor sit.<\\/p>\",\"verticalSpacingLevel\":\"vertical-spacing-2\"}}},\"6\":\"Project Title Here\",\"5\":[\"21\"]}}', '2016-10-17 21:26:38', '2016-10-17 21:26:38', 'a9ee40b0-0c8e-420f-973a-327b7ccf7602'),
 ('36', '15', '3', '1', 'en_us', '17', '', '{\"typeId\":\"3\",\"authorId\":\"1\",\"title\":\"Packaging Entry\",\"slug\":\"packaging-entry\",\"postDate\":1476391140,\"expiryDate\":null,\"enabled\":1,\"parentId\":null,\"fields\":{\"14\":[{\"col1\":\"Recogonition\",\"col2\":\"Print Regional Design Annual 2015\"}],\"3\":[\"13\"],\"9\":\"Wake\\r\\nStyle\\r\\nshoot\\r\\ndo it all\\r\\nagain\",\"7\":[\"26\"],\"4\":\"#000000\",\"8\":\"<p>Justin Gollmer, one of our go-to photography partners, asked us design a ten-year retrospective promotional brochure. <em>Wake, Style, Shoot, Do It All Again<\\/em> is a collection of images highlighting his work behind, beside, and around the camera. The brochure is divided into four sections that blur the lines between Gollmer\\u2019s personal and commercial work: people, action, travel, and product. Short sheets bound to the exterior provide thumbnail image guides to each section with captions for each image.<\\/p>\",\"10\":{\"28\":{\"type\":\"largeImage\",\"enabled\":\"1\",\"fields\":{\"image\":[\"27\"],\"layoutOptions\":\"full-width\",\"verticalSpacingLevel\":\"vertical-spacing-0\"}},\"31\":{\"type\":\"insetImage\",\"enabled\":\"1\",\"fields\":{\"image\":[\"30\"],\"verticalSpacingLevel\":\"vertical-spacing-2\",\"backgroundColor\":\"#d6ff2e\"}},\"32\":{\"type\":\"imageWithDescription\",\"enabled\":\"1\",\"fields\":{\"position\":\"right\",\"image\":[\"30\"],\"description\":\"<p>Subtitle<\\/p>\\r\\n\\r\\n<p>Donec id elit non mi porta gravida at eget metus. Fusce dapibus, tellus ac cursus commodo, tortor mauris condimentum nibh, ut fermentum massa justo sit amet risus. Etiam porta sem malesuada magna mollis euismod. Lorem ipsum dolor sit.<\\/p>\",\"verticalSpacingLevel\":\"vertical-spacing-2\"}}},\"6\":\"Project Title Here\",\"5\":[\"21\"]}}', '2016-10-17 21:42:40', '2016-10-17 21:42:40', '7d237936-9497-4b3f-931b-95876fa7f7f1'),
 ('37', '15', '3', '1', 'en_us', '18', '', '{\"typeId\":\"3\",\"authorId\":\"1\",\"title\":\"Packaging Entry\",\"slug\":\"packaging-entry\",\"postDate\":1476391140,\"expiryDate\":null,\"enabled\":1,\"parentId\":null,\"fields\":{\"14\":[{\"col1\":\"Recogonition\",\"col2\":\"Print Regional Design Annual 2015\"}],\"3\":[\"13\"],\"9\":\"Wake\\r\\nStyle\\r\\nshoot\\r\\ndo it all\\r\\nagain\",\"7\":[\"26\"],\"4\":\"#000000\",\"8\":\"<p>Justin Gollmer, one of our go-to photography partners, asked us design a ten-year retrospective promotional brochure. <em>Wake, Style, Shoot, Do It All Again<\\/em> is a collection of images highlighting his work behind, beside, and around the camera. The brochure is divided into four sections that blur the lines between Gollmer\\u2019s personal and commercial work: people, action, travel, and product. Short sheets bound to the exterior provide thumbnail image guides to each section with captions for each image.<\\/p>\",\"10\":{\"28\":{\"type\":\"largeImage\",\"enabled\":\"1\",\"fields\":{\"image\":[\"27\"],\"layoutOptions\":\"full-width\",\"verticalSpacingLevel\":\"vertical-spacing-0\"}},\"31\":{\"type\":\"insetImage\",\"enabled\":\"1\",\"fields\":{\"image\":[\"30\"],\"verticalSpacingLevel\":\"vertical-spacing-2\",\"backgroundColor\":\"#d6ff2e\"}},\"32\":{\"type\":\"imageWithDescription\",\"enabled\":\"1\",\"fields\":{\"position\":\"left\",\"image\":[\"30\"],\"description\":\"<p>Subtitle<\\/p>\\r\\n\\r\\n<p>Donec id elit non mi porta gravida at eget metus. Fusce dapibus, tellus ac cursus commodo, tortor mauris condimentum nibh, ut fermentum massa justo sit amet risus. Etiam porta sem malesuada magna mollis euismod. Lorem ipsum dolor sit.<\\/p>\",\"verticalSpacingLevel\":\"vertical-spacing-2\"}}},\"6\":\"Project Title Here\",\"5\":[\"21\"]}}', '2016-10-17 21:43:15', '2016-10-17 21:43:15', 'fe8b51d0-a077-4062-a3c2-13fb8b8d1525'),
 ('38', '15', '3', '1', 'en_us', '19', '', '{\"typeId\":\"3\",\"authorId\":\"1\",\"title\":\"Packaging Entry\",\"slug\":\"packaging-entry\",\"postDate\":1476391140,\"expiryDate\":null,\"enabled\":1,\"parentId\":null,\"fields\":{\"14\":[{\"col1\":\"Recogonition\",\"col2\":\"Print Regional Design Annual 2015\"}],\"3\":[\"13\"],\"9\":\"Wake\\r\\nStyle\\r\\nshoot\\r\\ndo it all\\r\\nagain\",\"7\":[\"26\"],\"4\":\"#000000\",\"8\":\"<p>Justin Gollmer, one of our go-to photography partners, asked us design a ten-year retrospective promotional brochure. <em>Wake, Style, Shoot, Do It All Again<\\/em> is a collection of images highlighting his work behind, beside, and around the camera. The brochure is divided into four sections that blur the lines between Gollmer\\u2019s personal and commercial work: people, action, travel, and product. Short sheets bound to the exterior provide thumbnail image guides to each section with captions for each image.<\\/p>\",\"10\":{\"28\":{\"type\":\"largeImage\",\"enabled\":\"1\",\"fields\":{\"image\":[\"27\"],\"layoutOptions\":\"full-width\",\"verticalSpacingLevel\":\"vertical-spacing-0\"}},\"31\":{\"type\":\"insetImage\",\"enabled\":\"1\",\"fields\":{\"image\":[\"30\"],\"verticalSpacingLevel\":\"vertical-spacing-2\",\"backgroundColor\":\"#d6ff2e\"}},\"32\":{\"type\":\"imageWithDescription\",\"enabled\":\"1\",\"fields\":{\"position\":\"left\",\"image\":[\"30\"],\"description\":\"<p>Subtitle<\\/p>\\r\\n\\r\\n<p>Donec id elit non mi porta gravida at eget metus. Fusce dapibus, tellus ac cursus commodo, tortor mauris condimentum nibh, ut fermentum massa justo sit amet risus. Etiam porta sem malesuada magna mollis euismod. Lorem ipsum dolor sit.<\\/p>\",\"verticalSpacingLevel\":\"vertical-spacing-2\"}},\"new1\":{\"type\":\"twoUpImages\",\"enabled\":\"1\",\"fields\":{\"leftImage\":[\"35\"],\"rightImage\":[\"36\"],\"verticalSpacingLevel\":\"vertical-spacing-0\"}}},\"6\":\"Project Title Here\",\"5\":[\"21\"]}}', '2016-10-17 22:08:15', '2016-10-17 22:08:15', '8a68cb51-7268-466f-a518-dbd3279da530'),
 ('39', '15', '3', '1', 'en_us', '20', '', '{\"typeId\":\"3\",\"authorId\":\"1\",\"title\":\"Packaging Entry\",\"slug\":\"packaging-entry\",\"postDate\":1476391140,\"expiryDate\":null,\"enabled\":1,\"parentId\":null,\"fields\":{\"14\":[{\"col1\":\"Recogonition\",\"col2\":\"Print Regional Design Annual 2015\"}],\"3\":[\"13\"],\"9\":\"Wake\\r\\nStyle\\r\\nshoot\\r\\ndo it all\\r\\nagain\",\"7\":[\"26\"],\"4\":\"#000000\",\"8\":\"<p>Justin Gollmer, one of our go-to photography partners, asked us design a ten-year retrospective promotional brochure. <em>Wake, Style, Shoot, Do It All Again<\\/em> is a collection of images highlighting his work behind, beside, and around the camera. The brochure is divided into four sections that blur the lines between Gollmer\\u2019s personal and commercial work: people, action, travel, and product. Short sheets bound to the exterior provide thumbnail image guides to each section with captions for each image.<\\/p>\",\"10\":{\"28\":{\"type\":\"largeImage\",\"enabled\":\"1\",\"fields\":{\"image\":[\"27\"],\"layoutOptions\":\"full-width\",\"verticalSpacingLevel\":\"vertical-spacing-0\"}},\"31\":{\"type\":\"insetImage\",\"enabled\":\"1\",\"fields\":{\"image\":[\"30\"],\"verticalSpacingLevel\":\"vertical-spacing-2\",\"backgroundColor\":\"#d6ff2e\"}},\"32\":{\"type\":\"imageWithDescription\",\"enabled\":\"1\",\"fields\":{\"position\":\"left\",\"image\":[\"30\"],\"description\":\"<p>Subtitle<\\/p>\\r\\n\\r\\n<p>Donec id elit non mi porta gravida at eget metus. Fusce dapibus, tellus ac cursus commodo, tortor mauris condimentum nibh, ut fermentum massa justo sit amet risus. Etiam porta sem malesuada magna mollis euismod. Lorem ipsum dolor sit.<\\/p>\",\"verticalSpacingLevel\":\"vertical-spacing-2\"}},\"37\":{\"type\":\"twoUpImages\",\"enabled\":\"1\",\"fields\":{\"leftImage\":[\"35\"],\"rightImage\":[\"36\"],\"verticalSpacingLevel\":\"vertical-spacing-0\"}},\"new1\":{\"type\":\"centeredText\",\"enabled\":\"1\",\"fields\":{\"text\":\"<p>Subtitle<\\/p>\\r\\n\\r\\n<p>Donec id elit non mi porta gravida at eget metus. Fusce dapibus, tellus ac cursus commodo, tortor mauris condimentum nibh, ut fermentum massa justo sit amet risus. Etiam porta sem malesuada magna mollis euismod. Lorem ipsum dolor sit.<\\/p>\",\"verticalSpacingLevel\":\"vertical-spacing-0\"}}},\"6\":\"Project Title Here\",\"5\":[\"21\"]}}', '2016-10-17 22:32:57', '2016-10-17 22:32:57', '4d1912e0-a133-40f7-9bde-f79d2cd4110f'),
 ('40', '15', '3', '1', 'en_us', '21', '', '{\"typeId\":\"3\",\"authorId\":\"1\",\"title\":\"Packaging Entry\",\"slug\":\"packaging-entry\",\"postDate\":1476391140,\"expiryDate\":null,\"enabled\":1,\"parentId\":null,\"fields\":{\"14\":[{\"col1\":\"Recogonition\",\"col2\":\"Print Regional Design Annual 2015\"}],\"3\":[\"13\"],\"9\":\"Wake\\r\\nStyle\\r\\nshoot\\r\\ndo it all\\r\\nagain\",\"7\":[\"26\"],\"4\":\"#000000\",\"8\":\"<p>Justin Gollmer, one of our go-to photography partners, asked us design a ten-year retrospective promotional brochure. <em>Wake, Style, Shoot, Do It All Again<\\/em> is a collection of images highlighting his work behind, beside, and around the camera. The brochure is divided into four sections that blur the lines between Gollmer\\u2019s personal and commercial work: people, action, travel, and product. Short sheets bound to the exterior provide thumbnail image guides to each section with captions for each image.<\\/p>\",\"10\":{\"28\":{\"type\":\"largeImage\",\"enabled\":\"1\",\"fields\":{\"image\":[\"27\"],\"layoutOptions\":\"full-width\",\"verticalSpacingLevel\":\"vertical-spacing-0\"}},\"31\":{\"type\":\"insetImage\",\"enabled\":\"1\",\"fields\":{\"image\":[\"30\"],\"verticalSpacingLevel\":\"vertical-spacing-2\",\"backgroundColor\":\"#d6ff2e\"}},\"32\":{\"type\":\"imageWithDescription\",\"enabled\":\"1\",\"fields\":{\"position\":\"left\",\"image\":[\"30\"],\"description\":\"<p>Subtitle<\\/p>\\r\\n\\r\\n<p>Donec id elit non mi porta gravida at eget metus. Fusce dapibus, tellus ac cursus commodo, tortor mauris condimentum nibh, ut fermentum massa justo sit amet risus. Etiam porta sem malesuada magna mollis euismod. Lorem ipsum dolor sit.<\\/p>\",\"verticalSpacingLevel\":\"vertical-spacing-2\"}},\"37\":{\"type\":\"twoUpImages\",\"enabled\":\"1\",\"fields\":{\"leftImage\":[\"35\"],\"rightImage\":[\"36\"],\"verticalSpacingLevel\":\"vertical-spacing-0\"}},\"38\":{\"type\":\"centeredText\",\"enabled\":\"1\",\"fields\":{\"text\":\"<p>Subtitle<\\/p>\\r\\n\\r\\n<p>Donec id elit non mi porta gravida at eget metus. Fusce dapibus, tellus ac cursus commodo, tortor mauris condimentum nibh, ut fermentum massa justo sit amet risus. Etiam porta sem malesuada magna mollis euismod. Lorem ipsum dolor sit.<\\/p>\",\"verticalSpacingLevel\":\"vertical-spacing-4\"}}},\"6\":\"Project Title Here\",\"5\":[\"21\"]}}', '2016-10-17 22:33:10', '2016-10-17 22:33:10', '457dc94b-3a64-4c7c-bfd1-72a2a224df27'),
 ('41', '16', '3', '1', 'en_us', '4', '', '{\"typeId\":\"3\",\"authorId\":\"1\",\"title\":\"Environment Entry\",\"slug\":\"environment-entry\",\"postDate\":1476391140,\"expiryDate\":null,\"enabled\":1,\"parentId\":null,\"fields\":{\"14\":\"\",\"3\":[\"14\"],\"9\":\"AN\\r\\nINFUSION\\r\\nOF\\r\\nNEW\\r\\nENERGY\",\"7\":[\"40\"],\"4\":\"#ff24ac\",\"8\":\"\",\"10\":\"\",\"6\":\"Longer Project Title Goes Here\",\"5\":[\"22\"]}}', '2016-10-17 22:53:01', '2016-10-17 22:53:01', 'c7b4be29-f7a9-4555-9d51-3a7e90fe0be1'),
 ('42', '8', '3', '1', 'en_us', '4', '', '{\"typeId\":\"3\",\"authorId\":\"1\",\"title\":\"Strategy Entry\",\"slug\":\"strategy-entry\",\"postDate\":1476390900,\"expiryDate\":null,\"enabled\":1,\"parentId\":null,\"fields\":{\"14\":\"\",\"3\":[\"9\"],\"9\":\"Hero\\r\\nHeadline\\r\\nHere\",\"7\":[\"26\"],\"4\":\"#000000\",\"8\":\"\",\"10\":\"\",\"6\":\"Project Title\",\"5\":[\"23\"]}}', '2016-10-17 22:53:26', '2016-10-17 22:53:26', 'dac87ddc-637f-4f0c-a1e9-0c71333342bb'),
 ('43', '5', '3', '1', 'en_us', '4', '', '{\"typeId\":\"3\",\"authorId\":\"1\",\"title\":\"Print Entry\",\"slug\":\"print-entry\",\"postDate\":1476390840,\"expiryDate\":null,\"enabled\":1,\"parentId\":null,\"fields\":{\"14\":\"\",\"3\":[\"12\"],\"9\":\"Hero\\r\\nHeadline\\r\\nIs\\r\\nHere\",\"7\":[\"40\"],\"4\":\"#000000\",\"8\":\"\",\"10\":\"\",\"6\":\"Cool Print Project Title \",\"5\":[\"24\"]}}', '2016-10-17 22:53:42', '2016-10-17 22:53:42', 'e3dc2615-b67f-486a-98e8-a4dc98bd3ad8'),
 ('44', '6', '3', '1', 'en_us', '4', '', '{\"typeId\":\"3\",\"authorId\":\"1\",\"title\":\"Digital Entry\",\"slug\":\"digital-entry\",\"postDate\":1476390840,\"expiryDate\":null,\"enabled\":1,\"parentId\":null,\"fields\":{\"14\":\"\",\"3\":[\"11\"],\"9\":\"Here\'s\\r\\nto \\r\\nHeadlines\",\"7\":[\"26\"],\"4\":\"#000000\",\"8\":\"\",\"10\":\"\",\"6\":\"Sweet Mother of Digital\",\"5\":[\"22\"]}}', '2016-10-17 22:53:55', '2016-10-17 22:53:55', '4de18c17-e5c8-4c25-a130-b0a5576f3dba'),
 ('45', '7', '3', '1', 'en_us', '4', '', '{\"typeId\":\"3\",\"authorId\":\"1\",\"title\":\"Identity Entry\",\"slug\":\"identity-entry\",\"postDate\":1476390840,\"expiryDate\":null,\"enabled\":1,\"parentId\":null,\"fields\":{\"14\":\"\",\"3\":[\"10\"],\"9\":\"Example\\r\\nHero\\r\\nHeadline\",\"7\":[\"40\"],\"4\":\"#000000\",\"8\":\"\",\"10\":\"\",\"6\":\"Mr Robot\",\"5\":[\"24\"]}}', '2016-10-17 22:54:06', '2016-10-17 22:54:06', '1932103e-b79a-461d-b98b-f1ecd92f04e8'),
 ('46', '15', '3', '1', 'en_us', '22', '', '{\"typeId\":\"3\",\"authorId\":\"1\",\"title\":\"Packaging Entry\",\"slug\":\"packaging-entry\",\"postDate\":1476391140,\"expiryDate\":null,\"enabled\":1,\"parentId\":null,\"fields\":{\"14\":[{\"col1\":\"Recogonition\",\"col2\":\"Print Regional Design Annual 2015\"}],\"3\":[\"13\"],\"9\":\"Wake\\r\\nStyle\\r\\nshoot\\r\\ndo it all\\r\\nagain\",\"7\":[\"26\"],\"4\":\"#000000\",\"8\":\"<p>Justin Gollmer, one of our go-to photography partners, asked us design a ten-year retrospective promotional brochure. <em>Wake, Style, Shoot, Do It All Again<\\/em> is a collection of images highlighting his work behind, beside, and around the camera. The brochure is divided into four sections that blur the lines between Gollmer\\u2019s personal and commercial work: people, action, travel, and product. Short sheets bound to the exterior provide thumbnail image guides to each section with captions for each image.<\\/p>\",\"10\":{\"28\":{\"type\":\"largeImage\",\"enabled\":\"1\",\"fields\":{\"image\":[\"27\"],\"layoutOptions\":\"full-width\",\"verticalSpacingLevel\":\"vertical-spacing-0\"}},\"31\":{\"type\":\"insetImage\",\"enabled\":\"1\",\"fields\":{\"image\":[\"30\"],\"verticalSpacingLevel\":\"vertical-spacing-2\",\"backgroundColor\":\"#d6ff2e\"}},\"32\":{\"type\":\"imageWithDescription\",\"enabled\":\"1\",\"fields\":{\"position\":\"left\",\"image\":[\"30\"],\"description\":\"<p>Subtitle<\\/p>\\r\\n\\r\\n<p>Donec id elit non mi porta gravida at eget metus. Fusce dapibus, tellus ac cursus commodo, tortor mauris condimentum nibh, ut fermentum massa justo sit amet risus. Etiam porta sem malesuada magna mollis euismod. Lorem ipsum dolor sit.<\\/p>\",\"verticalSpacingLevel\":\"vertical-spacing-2\"}},\"37\":{\"type\":\"twoUpImages\",\"enabled\":\"1\",\"fields\":{\"leftImage\":[\"35\"],\"rightImage\":[\"36\"],\"verticalSpacingLevel\":\"vertical-spacing-0\"}},\"38\":{\"type\":\"centeredText\",\"enabled\":\"1\",\"fields\":{\"text\":\"<p>Subtitle<\\/p>\\r\\n\\r\\n<p>Donec id elit non mi porta gravida at eget metus. Fusce dapibus, tellus ac cursus commodo, tortor mauris condimentum nibh, ut fermentum massa justo sit amet risus. Etiam porta sem malesuada magna mollis euismod. Lorem ipsum dolor sit.<\\/p>\",\"verticalSpacingLevel\":\"vertical-spacing-4\"}},\"new1\":{\"type\":\"video\",\"enabled\":\"1\",\"fields\":{\"vimeoVideoId\":\"172827555\",\"autoplay\":\"\"}}},\"6\":\"Project Title Here\",\"5\":[\"21\"]}}', '2016-10-17 23:44:13', '2016-10-17 23:44:13', '6a1e7a37-a0e3-4ee0-adcb-76c3fe5edaff'),
 ('47', '15', '3', '1', 'en_us', '23', '', '{\"typeId\":\"3\",\"authorId\":\"1\",\"title\":\"Packaging Entry\",\"slug\":\"packaging-entry\",\"postDate\":1476391140,\"expiryDate\":null,\"enabled\":1,\"parentId\":null,\"fields\":{\"14\":[{\"col1\":\"Recogonition\",\"col2\":\"Print Regional Design Annual 2015\"}],\"3\":[\"13\"],\"9\":\"Wake\\r\\nStyle\\r\\nshoot\\r\\ndo it all\\r\\nagain\",\"7\":[\"26\"],\"4\":\"#000000\",\"8\":\"<p>Justin Gollmer, one of our go-to photography partners, asked us design a ten-year retrospective promotional brochure. <em>Wake, Style, Shoot, Do It All Again<\\/em> is a collection of images highlighting his work behind, beside, and around the camera. The brochure is divided into four sections that blur the lines between Gollmer\\u2019s personal and commercial work: people, action, travel, and product. Short sheets bound to the exterior provide thumbnail image guides to each section with captions for each image.<\\/p>\",\"10\":{\"28\":{\"type\":\"largeImage\",\"enabled\":\"1\",\"fields\":{\"image\":[\"27\"],\"layoutOptions\":\"full-width\",\"verticalSpacingLevel\":\"vertical-spacing-0\"}},\"31\":{\"type\":\"insetImage\",\"enabled\":\"1\",\"fields\":{\"image\":[\"30\"],\"verticalSpacingLevel\":\"vertical-spacing-2\",\"backgroundColor\":\"#d6ff2e\"}},\"32\":{\"type\":\"imageWithDescription\",\"enabled\":\"1\",\"fields\":{\"position\":\"left\",\"image\":[\"30\"],\"description\":\"<p>Subtitle<\\/p>\\r\\n\\r\\n<p>Donec id elit non mi porta gravida at eget metus. Fusce dapibus, tellus ac cursus commodo, tortor mauris condimentum nibh, ut fermentum massa justo sit amet risus. Etiam porta sem malesuada magna mollis euismod. Lorem ipsum dolor sit.<\\/p>\",\"verticalSpacingLevel\":\"vertical-spacing-2\"}},\"37\":{\"type\":\"twoUpImages\",\"enabled\":\"1\",\"fields\":{\"leftImage\":[\"35\"],\"rightImage\":[\"36\"],\"verticalSpacingLevel\":\"vertical-spacing-0\"}},\"38\":{\"type\":\"centeredText\",\"enabled\":\"1\",\"fields\":{\"text\":\"<p>Subtitle<\\/p>\\r\\n\\r\\n<p>Donec id elit non mi porta gravida at eget metus. Fusce dapibus, tellus ac cursus commodo, tortor mauris condimentum nibh, ut fermentum massa justo sit amet risus. Etiam porta sem malesuada magna mollis euismod. Lorem ipsum dolor sit.<\\/p>\",\"verticalSpacingLevel\":\"vertical-spacing-4\"}},\"41\":{\"type\":\"video\",\"enabled\":\"1\",\"fields\":{\"vimeoVideoId\":\"172827555\",\"autoplay\":\"1\"}}},\"6\":\"Project Title Here\",\"5\":[\"21\"]}}', '2016-10-18 16:35:57', '2016-10-18 16:35:57', 'a878715e-7fc7-4a86-ae9b-efaac2525d5b'),
 ('48', '15', '3', '1', 'en_us', '24', '', '{\"typeId\":\"3\",\"authorId\":\"1\",\"title\":\"Packaging Entry\",\"slug\":\"packaging-entry\",\"postDate\":1476391140,\"expiryDate\":null,\"enabled\":1,\"parentId\":null,\"fields\":{\"14\":[{\"col1\":\"Recogonition\",\"col2\":\"Print Regional Design Annual 2015\"}],\"3\":[\"13\"],\"9\":\"Wake\\r\\nStyle\\r\\nshoot\\r\\ndo it all\\r\\nagain\",\"7\":[\"26\"],\"4\":\"#000000\",\"8\":\"<p>Justin Gollmer, one of our go-to photography partners, asked us design a ten-year retrospective promotional brochure. <em>Wake, Style, Shoot, Do It All Again<\\/em> is a collection of images highlighting his work behind, beside, and around the camera. The brochure is divided into four sections that blur the lines between Gollmer\\u2019s personal and commercial work: people, action, travel, and product. Short sheets bound to the exterior provide thumbnail image guides to each section with captions for each image.<\\/p>\",\"10\":{\"28\":{\"type\":\"largeImage\",\"enabled\":\"1\",\"fields\":{\"image\":[\"27\"],\"layoutOptions\":\"full-width\",\"verticalSpacingLevel\":\"vertical-spacing-0\"}},\"31\":{\"type\":\"insetImage\",\"enabled\":\"1\",\"fields\":{\"image\":[\"30\"],\"verticalSpacingLevel\":\"vertical-spacing-2\",\"backgroundColor\":\"#d6ff2e\"}},\"32\":{\"type\":\"imageWithDescription\",\"enabled\":\"1\",\"fields\":{\"position\":\"left\",\"image\":[\"30\"],\"description\":\"<p>Subtitle<\\/p>\\r\\n\\r\\n<p>Donec id elit non mi porta gravida at eget metus. Fusce dapibus, tellus ac cursus commodo, tortor mauris condimentum nibh, ut fermentum massa justo sit amet risus. Etiam porta sem malesuada magna mollis euismod. Lorem ipsum dolor sit.<\\/p>\",\"verticalSpacingLevel\":\"vertical-spacing-2\"}},\"37\":{\"type\":\"twoUpImages\",\"enabled\":\"1\",\"fields\":{\"leftImage\":[\"35\"],\"rightImage\":[\"36\"],\"verticalSpacingLevel\":\"vertical-spacing-0\"}},\"38\":{\"type\":\"centeredText\",\"enabled\":\"1\",\"fields\":{\"text\":\"<p>Subtitle<\\/p>\\r\\n\\r\\n<p>Donec id elit non mi porta gravida at eget metus. Fusce dapibus, tellus ac cursus commodo, tortor mauris condimentum nibh, ut fermentum massa justo sit amet risus. Etiam porta sem malesuada magna mollis euismod. Lorem ipsum dolor sit.<\\/p>\",\"verticalSpacingLevel\":\"vertical-spacing-4\"}},\"41\":{\"type\":\"video\",\"enabled\":\"1\",\"fields\":{\"vimeoVideoId\":\"172827555\",\"autoplay\":\"\"}}},\"6\":\"Project Title Here\",\"5\":[\"21\"]}}', '2016-10-18 16:50:17', '2016-10-18 16:50:17', '6008b975-250b-4910-9303-c43c935dc539'),
 ('49', '15', '3', '1', 'en_us', '25', '', '{\"typeId\":\"3\",\"authorId\":\"1\",\"title\":\"Packaging Entry\",\"slug\":\"packaging-entry\",\"postDate\":1476391140,\"expiryDate\":null,\"enabled\":1,\"parentId\":null,\"fields\":{\"14\":[{\"col1\":\"Recogonition\",\"col2\":\"Print Regional Design Annual 2015\"}],\"3\":[\"13\"],\"9\":\"Wake\\r\\nStyle\\r\\nshoot\\r\\ndo it all\\r\\nagain\",\"7\":[\"26\"],\"4\":\"#000000\",\"8\":\"<p>Justin Gollmer, one of our go-to photography partners, asked us design a ten-year retrospective promotional brochure. <em>Wake, Style, Shoot, Do It All Again<\\/em> is a collection of images highlighting his work behind, beside, and around the camera. The brochure is divided into four sections that blur the lines between Gollmer\\u2019s personal and commercial work: people, action, travel, and product. Short sheets bound to the exterior provide thumbnail image guides to each section with captions for each image.<\\/p>\",\"10\":{\"28\":{\"type\":\"largeImage\",\"enabled\":\"1\",\"fields\":{\"image\":[\"27\"],\"layoutOptions\":\"full-width\",\"verticalSpacingLevel\":\"vertical-spacing-0\"}},\"31\":{\"type\":\"insetImage\",\"enabled\":\"1\",\"fields\":{\"image\":[\"30\"],\"verticalSpacingLevel\":\"vertical-spacing-2\",\"backgroundColor\":\"#d6ff2e\"}},\"32\":{\"type\":\"imageWithDescription\",\"enabled\":\"1\",\"fields\":{\"position\":\"left\",\"image\":[\"30\"],\"description\":\"<p>Subtitle<\\/p>\\r\\n\\r\\n<p>Donec id elit non mi porta gravida at eget metus. Fusce dapibus, tellus ac cursus commodo, tortor mauris condimentum nibh, ut fermentum massa justo sit amet risus. Etiam porta sem malesuada magna mollis euismod. Lorem ipsum dolor sit.<\\/p>\",\"verticalSpacingLevel\":\"vertical-spacing-2\"}},\"37\":{\"type\":\"twoUpImages\",\"enabled\":\"1\",\"fields\":{\"leftImage\":[\"35\"],\"rightImage\":[\"36\"],\"verticalSpacingLevel\":\"vertical-spacing-0\"}},\"38\":{\"type\":\"centeredText\",\"enabled\":\"1\",\"fields\":{\"text\":\"<p>Subtitle<\\/p>\\r\\n\\r\\n<p>Donec id elit non mi porta gravida at eget metus. Fusce dapibus, tellus ac cursus commodo, tortor mauris condimentum nibh, ut fermentum massa justo sit amet risus. Etiam porta sem malesuada magna mollis euismod. Lorem ipsum dolor sit.<\\/p>\",\"verticalSpacingLevel\":\"vertical-spacing-4\"}},\"41\":{\"type\":\"video\",\"enabled\":\"1\",\"fields\":{\"vimeoVideoId\":\"172827555\",\"autoplay\":\"1\"}}},\"6\":\"Project Title Here\",\"5\":[\"21\"]}}', '2016-10-18 16:52:47', '2016-10-18 16:52:47', '49564407-f2e5-431f-932f-4e868b6bbecc'),
 ('50', '15', '3', '1', 'en_us', '26', '', '{\"typeId\":\"3\",\"authorId\":\"1\",\"title\":\"Packaging Entry\",\"slug\":\"packaging-entry\",\"postDate\":1476391140,\"expiryDate\":null,\"enabled\":1,\"parentId\":null,\"fields\":{\"14\":[{\"col1\":\"Recogonition\",\"col2\":\"Print Regional Design Annual 2015\"}],\"3\":[\"13\"],\"9\":\"Wake\\r\\nStyle\\r\\nshoot\\r\\ndo it all\\r\\nagain\",\"7\":[\"26\"],\"4\":\"#000000\",\"8\":\"<p>Justin Gollmer, one of our go-to photography partners, asked us design a ten-year retrospective promotional brochure. <em>Wake, Style, Shoot, Do It All Again<\\/em> is a collection of images highlighting his work behind, beside, and around the camera. The brochure is divided into four sections that blur the lines between Gollmer\\u2019s personal and commercial work: people, action, travel, and product. Short sheets bound to the exterior provide thumbnail image guides to each section with captions for each image.<\\/p>\",\"10\":{\"28\":{\"type\":\"largeImage\",\"enabled\":\"1\",\"fields\":{\"image\":[\"27\"],\"layoutOptions\":\"full-width\",\"verticalSpacingLevel\":\"vertical-spacing-0\"}},\"41\":{\"type\":\"video\",\"enabled\":\"1\",\"fields\":{\"vimeoVideoId\":\"172827555\",\"autoplay\":\"1\"}},\"31\":{\"type\":\"insetImage\",\"enabled\":\"1\",\"fields\":{\"image\":[\"30\"],\"verticalSpacingLevel\":\"vertical-spacing-2\",\"backgroundColor\":\"#d6ff2e\"}},\"32\":{\"type\":\"imageWithDescription\",\"enabled\":\"1\",\"fields\":{\"position\":\"left\",\"image\":[\"30\"],\"description\":\"<p>Subtitle<\\/p>\\r\\n\\r\\n<p>Donec id elit non mi porta gravida at eget metus. Fusce dapibus, tellus ac cursus commodo, tortor mauris condimentum nibh, ut fermentum massa justo sit amet risus. Etiam porta sem malesuada magna mollis euismod. Lorem ipsum dolor sit.<\\/p>\",\"verticalSpacingLevel\":\"vertical-spacing-2\"}},\"37\":{\"type\":\"twoUpImages\",\"enabled\":\"1\",\"fields\":{\"leftImage\":[\"35\"],\"rightImage\":[\"36\"],\"verticalSpacingLevel\":\"vertical-spacing-0\"}},\"38\":{\"type\":\"centeredText\",\"enabled\":\"1\",\"fields\":{\"text\":\"<p>Subtitle<\\/p>\\r\\n\\r\\n<p>Donec id elit non mi porta gravida at eget metus. Fusce dapibus, tellus ac cursus commodo, tortor mauris condimentum nibh, ut fermentum massa justo sit amet risus. Etiam porta sem malesuada magna mollis euismod. Lorem ipsum dolor sit.<\\/p>\",\"verticalSpacingLevel\":\"vertical-spacing-4\"}},\"new1\":{\"type\":\"video\",\"enabled\":\"1\",\"fields\":{\"vimeoVideoId\":\"172827555\",\"autoplay\":\"\"}}},\"6\":\"Project Title Here\",\"5\":[\"21\"]}}', '2016-10-18 16:53:31', '2016-10-18 16:53:31', '39ce8ced-25d9-435d-8539-0c01fca7060a'),
 ('51', '16', '3', '1', 'en_us', '5', '', '{\"typeId\":\"3\",\"authorId\":\"1\",\"title\":\"Environment Entry\",\"slug\":\"environment-entry\",\"postDate\":1476391140,\"expiryDate\":null,\"enabled\":1,\"parentId\":null,\"fields\":{\"14\":\"\",\"3\":[\"14\"],\"29\":\"off-black\",\"9\":\"AN\\r\\nINFUSION\\r\\nOF\\r\\nNEW\\r\\nENERGY\",\"7\":[\"40\"],\"4\":\"#ff24ac\",\"8\":\"\",\"10\":\"\",\"6\":\"Longer Project Title Goes Here\",\"5\":[\"22\"]}}', '2016-10-18 17:36:03', '2016-10-18 17:36:03', '90c82e1b-0bf1-46f1-8a00-1205d6bae9dc'),
 ('52', '16', '3', '1', 'en_us', '6', '', '{\"typeId\":\"3\",\"authorId\":\"1\",\"title\":\"Environment Entry\",\"slug\":\"environment-entry\",\"postDate\":1476391140,\"expiryDate\":null,\"enabled\":1,\"parentId\":null,\"fields\":{\"14\":\"\",\"3\":[\"14\"],\"29\":\"off-white\",\"9\":\"AN\\r\\nINFUSION\\r\\nOF\\r\\nNEW\\r\\nENERGY\",\"7\":[\"40\"],\"4\":\"#ff24ac\",\"8\":\"\",\"10\":\"\",\"6\":\"Longer Project Title Goes Here\",\"5\":[\"22\"]}}', '2016-10-18 17:37:35', '2016-10-18 17:37:35', 'af575141-d324-4e7f-8baa-5f1a85c46c63'),
 ('53', '15', '3', '1', 'en_us', '27', '', '{\"typeId\":\"3\",\"authorId\":\"1\",\"title\":\"Packaging Entry\",\"slug\":\"packaging-entry\",\"postDate\":1476391140,\"expiryDate\":null,\"enabled\":1,\"parentId\":null,\"fields\":{\"14\":[{\"col1\":\"Recogonition\",\"col2\":\"Print Regional Design Annual 2015\"}],\"3\":[\"13\"],\"29\":\"off-white\",\"9\":\"Wake\\r\\nStyle\\r\\nshoot\\r\\ndo it all\\r\\nagain\",\"7\":[\"26\"],\"4\":\"#000000\",\"8\":\"<p>Justin Gollmer, one of our go-to photography partners, asked us design a ten-year retrospective promotional brochure. <em>Wake, Style, Shoot, Do It All Again<\\/em> is a collection of images highlighting his work behind, beside, and around the camera. The brochure is divided into four sections that blur the lines between Gollmer\\u2019s personal and commercial work: people, action, travel, and product. Short sheets bound to the exterior provide thumbnail image guides to each section with captions for each image.<\\/p>\",\"10\":{\"28\":{\"type\":\"largeImage\",\"enabled\":\"1\",\"fields\":{\"image\":[\"27\"],\"layoutOptions\":\"full-width\",\"verticalSpacingLevel\":\"vertical-spacing-0\"}},\"41\":{\"type\":\"video\",\"enabled\":\"1\",\"fields\":{\"vimeoVideoId\":\"172827555\",\"autoplay\":\"1\"}},\"31\":{\"type\":\"insetImage\",\"enabled\":\"1\",\"fields\":{\"image\":[\"30\"],\"verticalSpacingLevel\":\"vertical-spacing-2\",\"backgroundColor\":\"#d6ff2e\"}},\"32\":{\"type\":\"imageWithDescription\",\"enabled\":\"1\",\"fields\":{\"position\":\"left\",\"image\":[\"30\"],\"description\":\"<p>Subtitle<\\/p>\\r\\n\\r\\n<p>Donec id elit non mi porta gravida at eget metus. Fusce dapibus, tellus ac cursus commodo, tortor mauris condimentum nibh, ut fermentum massa justo sit amet risus. Etiam porta sem malesuada magna mollis euismod. Lorem ipsum dolor sit.<\\/p>\",\"verticalSpacingLevel\":\"vertical-spacing-2\"}},\"37\":{\"type\":\"twoUpImages\",\"enabled\":\"1\",\"fields\":{\"leftImage\":[\"35\"],\"rightImage\":[\"36\"],\"verticalSpacingLevel\":\"vertical-spacing-0\"}},\"38\":{\"type\":\"centeredText\",\"enabled\":\"1\",\"fields\":{\"text\":\"<p>Subtitle<\\/p>\\r\\n\\r\\n<p>Donec id elit non mi porta gravida at eget metus. Fusce dapibus, tellus ac cursus commodo, tortor mauris condimentum nibh, ut fermentum massa justo sit amet risus. Etiam porta sem malesuada magna mollis euismod. Lorem ipsum dolor sit.<\\/p>\",\"verticalSpacingLevel\":\"vertical-spacing-4\"}},\"42\":{\"type\":\"video\",\"enabled\":\"1\",\"fields\":{\"vimeoVideoId\":\"172827555\",\"autoplay\":\"\"}}},\"6\":\"Project Title Here\",\"5\":[\"21\"]}}', '2016-10-18 18:32:57', '2016-10-18 18:32:57', '06ac26ea-e15d-4add-bf79-719f9500792d'),
 ('54', '16', '3', '1', 'en_us', '7', '', '{\"typeId\":\"3\",\"authorId\":\"1\",\"title\":\"Environment Entry\",\"slug\":\"environment-entry\",\"postDate\":1476391140,\"expiryDate\":null,\"enabled\":1,\"parentId\":null,\"fields\":{\"14\":\"\",\"3\":[\"14\"],\"29\":\"off-black\",\"9\":\"AN\\r\\nINFUSION\\r\\nOF\\r\\nNEW\\r\\nENERGY\",\"7\":[\"40\"],\"4\":\"#ff24ac\",\"8\":\"\",\"10\":\"\",\"6\":\"Longer Project Title Goes Here\",\"5\":[\"22\"]}}', '2016-10-18 18:33:32', '2016-10-18 18:33:32', 'bb139921-266c-4c4b-8eec-baff4b48accb'),
 ('55', '16', '3', '1', 'en_us', '8', '', '{\"typeId\":\"3\",\"authorId\":\"1\",\"title\":\"Environment Entry\",\"slug\":\"environment-entry\",\"postDate\":1476391140,\"expiryDate\":null,\"enabled\":1,\"parentId\":null,\"fields\":{\"14\":\"\",\"3\":[\"14\"],\"29\":\"off-white\",\"9\":\"AN\\r\\nINFUSION\\r\\nOF\\r\\nNEW\\r\\nENERGY\",\"7\":[\"40\"],\"4\":\"#ff24ac\",\"8\":\"\",\"10\":\"\",\"6\":\"Longer Project Title Goes Here\",\"5\":[\"22\"]}}', '2016-10-18 18:34:48', '2016-10-18 18:34:48', 'eb302290-fc71-4826-a3e8-76c40d09831d'),
 ('56', '8', '3', '1', 'en_us', '5', '', '{\"typeId\":\"3\",\"authorId\":\"1\",\"title\":\"Strategy Entry\",\"slug\":\"strategy-entry\",\"postDate\":1476390900,\"expiryDate\":null,\"enabled\":1,\"parentId\":null,\"fields\":{\"14\":\"\",\"3\":[\"9\"],\"29\":\"off-white\",\"9\":\"Hero\\r\\nHeadline\\r\\nHere\",\"7\":[\"26\"],\"4\":\"#000000\",\"8\":\"\",\"10\":\"\",\"6\":\"Project Title\",\"5\":[\"23\"]}}', '2016-10-18 18:34:54', '2016-10-18 18:34:54', '8277e7f6-16dd-457c-9a6a-8b335b510ede'),
 ('57', '5', '3', '1', 'en_us', '5', '', '{\"typeId\":\"3\",\"authorId\":\"1\",\"title\":\"Print Entry\",\"slug\":\"print-entry\",\"postDate\":1476390840,\"expiryDate\":null,\"enabled\":1,\"parentId\":null,\"fields\":{\"14\":\"\",\"3\":[\"12\"],\"29\":\"off-white\",\"9\":\"Hero\\r\\nHeadline\\r\\nIs\\r\\nHere\",\"7\":[\"40\"],\"4\":\"#000000\",\"8\":\"\",\"10\":\"\",\"6\":\"Cool Print Project Title \",\"5\":[\"24\"]}}', '2016-10-18 18:34:58', '2016-10-18 18:34:58', '8531b3b8-d459-4160-aba8-137a825ebebe'),
 ('58', '6', '3', '1', 'en_us', '5', '', '{\"typeId\":\"3\",\"authorId\":\"1\",\"title\":\"Digital Entry\",\"slug\":\"digital-entry\",\"postDate\":1476390840,\"expiryDate\":null,\"enabled\":1,\"parentId\":null,\"fields\":{\"14\":\"\",\"3\":[\"11\"],\"29\":\"off-white\",\"9\":\"Here\'s\\r\\nto \\r\\nHeadlines\",\"7\":[\"26\"],\"4\":\"#000000\",\"8\":\"\",\"10\":\"\",\"6\":\"Sweet Mother of Digital\",\"5\":[\"22\"]}}', '2016-10-18 18:35:05', '2016-10-18 18:35:05', '2819dc12-f98f-4aef-b6a9-bb0259979463'),
 ('59', '7', '3', '1', 'en_us', '5', '', '{\"typeId\":\"3\",\"authorId\":\"1\",\"title\":\"Identity Entry\",\"slug\":\"identity-entry\",\"postDate\":1476390840,\"expiryDate\":null,\"enabled\":1,\"parentId\":null,\"fields\":{\"14\":\"\",\"3\":[\"10\"],\"29\":\"off-white\",\"9\":\"Example\\r\\nHero\\r\\nHeadline\",\"7\":[\"40\"],\"4\":\"#000000\",\"8\":\"\",\"10\":\"\",\"6\":\"Mr Robot\",\"5\":[\"24\"]}}', '2016-10-18 18:35:12', '2016-10-18 18:35:12', '70aa16a2-e69f-460a-bdac-bcf3e67a682e'),
 ('60', '43', '5', '1', 'en_us', '1', NULL, '{\"typeId\":\"5\",\"authorId\":null,\"title\":\"Contact\",\"slug\":\"contact\",\"postDate\":1476834187,\"expiryDate\":null,\"enabled\":1,\"parentId\":null,\"fields\":[]}', '2016-10-18 23:43:07', '2016-10-18 23:43:07', 'a24168f3-7c44-4013-a5e0-46aea6fa51c5'),
 ('61', '44', '6', '1', 'en_us', '1', NULL, '{\"typeId\":\"6\",\"authorId\":null,\"title\":\"Journal\",\"slug\":\"journal\",\"postDate\":1476834521,\"expiryDate\":null,\"enabled\":1,\"parentId\":null,\"fields\":[]}', '2016-10-18 23:48:41', '2016-10-18 23:48:41', '8707013a-23dc-491f-b9a7-a7ef6f5b7d6a'),
 ('62', '15', '3', '1', 'en_us', '28', '', '{\"typeId\":\"3\",\"authorId\":\"1\",\"title\":\"Packaging Entry\",\"slug\":\"packaging-entry\",\"postDate\":1476391140,\"expiryDate\":null,\"enabled\":1,\"parentId\":null,\"fields\":{\"14\":[{\"col1\":\"Recogonition\",\"col2\":\"Print Regional Design Annual 2015\"}],\"3\":[\"13\"],\"29\":\"off-white\",\"9\":\"Wake\\r\\nStyle\\r\\nshoot\\r\\ndo it all\\r\\nagain\",\"7\":[\"26\"],\"4\":\"#ffae96\",\"8\":\"<p>Justin Gollmer, one of our go-to photography partners, asked us design a ten-year retrospective promotional brochure. <em>Wake, Style, Shoot, Do It All Again<\\/em> is a collection of images highlighting his work behind, beside, and around the camera. The brochure is divided into four sections that blur the lines between Gollmer\\u2019s personal and commercial work: people, action, travel, and product. Short sheets bound to the exterior provide thumbnail image guides to each section with captions for each image.<\\/p>\",\"10\":{\"28\":{\"type\":\"largeImage\",\"enabled\":\"1\",\"fields\":{\"image\":[\"27\"],\"layoutOptions\":\"full-width\",\"verticalSpacingLevel\":\"vertical-spacing-0\"}},\"41\":{\"type\":\"video\",\"enabled\":\"1\",\"fields\":{\"vimeoVideoId\":\"172827555\",\"autoplay\":\"1\"}},\"31\":{\"type\":\"insetImage\",\"enabled\":\"1\",\"fields\":{\"image\":[\"30\"],\"verticalSpacingLevel\":\"vertical-spacing-2\",\"backgroundColor\":\"#d6ff2e\"}},\"32\":{\"type\":\"imageWithDescription\",\"enabled\":\"1\",\"fields\":{\"position\":\"left\",\"image\":[\"30\"],\"description\":\"<p>Subtitle<\\/p>\\r\\n\\r\\n<p>Donec id elit non mi porta gravida at eget metus. Fusce dapibus, tellus ac cursus commodo, tortor mauris condimentum nibh, ut fermentum massa justo sit amet risus. Etiam porta sem malesuada magna mollis euismod. Lorem ipsum dolor sit.<\\/p>\",\"verticalSpacingLevel\":\"vertical-spacing-2\"}},\"37\":{\"type\":\"twoUpImages\",\"enabled\":\"1\",\"fields\":{\"leftImage\":[\"35\"],\"rightImage\":[\"36\"],\"verticalSpacingLevel\":\"vertical-spacing-0\"}},\"38\":{\"type\":\"centeredText\",\"enabled\":\"1\",\"fields\":{\"text\":\"<p>Subtitle<\\/p>\\r\\n\\r\\n<p>Donec id elit non mi porta gravida at eget metus. Fusce dapibus, tellus ac cursus commodo, tortor mauris condimentum nibh, ut fermentum massa justo sit amet risus. Etiam porta sem malesuada magna mollis euismod. Lorem ipsum dolor sit.<\\/p>\",\"verticalSpacingLevel\":\"vertical-spacing-4\"}},\"42\":{\"type\":\"video\",\"enabled\":\"1\",\"fields\":{\"vimeoVideoId\":\"172827555\",\"autoplay\":\"\"}}},\"6\":\"Project Title Here\",\"5\":[\"21\"]}}', '2016-10-19 17:16:50', '2016-10-19 17:16:50', 'bf8badc7-6152-42d5-92ca-f13fd4b1428c'),
 ('63', '15', '3', '1', 'en_us', '29', '', '{\"typeId\":\"3\",\"authorId\":\"1\",\"title\":\"Packaging Entry\",\"slug\":\"packaging-entry\",\"postDate\":1476391140,\"expiryDate\":null,\"enabled\":1,\"parentId\":null,\"fields\":{\"14\":[{\"col1\":\"Recogonition\",\"col2\":\"Print Regional Design Annual 2015\"}],\"3\":[\"9\",\"13\"],\"29\":\"off-white\",\"9\":\"Wake\\r\\nStyle\\r\\nshoot\\r\\ndo it all\\r\\nagain\",\"7\":[\"26\"],\"4\":\"#ffae96\",\"8\":\"<p>Justin Gollmer, one of our go-to photography partners, asked us design a ten-year retrospective promotional brochure. <em>Wake, Style, Shoot, Do It All Again<\\/em> is a collection of images highlighting his work behind, beside, and around the camera. The brochure is divided into four sections that blur the lines between Gollmer\\u2019s personal and commercial work: people, action, travel, and product. Short sheets bound to the exterior provide thumbnail image guides to each section with captions for each image.<\\/p>\",\"10\":{\"28\":{\"type\":\"largeImage\",\"enabled\":\"1\",\"fields\":{\"image\":[\"27\"],\"layoutOptions\":\"full-width\",\"verticalSpacingLevel\":\"vertical-spacing-0\"}},\"41\":{\"type\":\"video\",\"enabled\":\"1\",\"fields\":{\"vimeoVideoId\":\"172827555\",\"autoplay\":\"1\"}},\"31\":{\"type\":\"insetImage\",\"enabled\":\"1\",\"fields\":{\"image\":[\"30\"],\"verticalSpacingLevel\":\"vertical-spacing-2\",\"backgroundColor\":\"#d6ff2e\"}},\"32\":{\"type\":\"imageWithDescription\",\"enabled\":\"1\",\"fields\":{\"position\":\"left\",\"image\":[\"30\"],\"description\":\"<p>Subtitle<\\/p>\\r\\n\\r\\n<p>Donec id elit non mi porta gravida at eget metus. Fusce dapibus, tellus ac cursus commodo, tortor mauris condimentum nibh, ut fermentum massa justo sit amet risus. Etiam porta sem malesuada magna mollis euismod. Lorem ipsum dolor sit.<\\/p>\",\"verticalSpacingLevel\":\"vertical-spacing-2\"}},\"37\":{\"type\":\"twoUpImages\",\"enabled\":\"1\",\"fields\":{\"leftImage\":[\"35\"],\"rightImage\":[\"36\"],\"verticalSpacingLevel\":\"vertical-spacing-0\"}},\"38\":{\"type\":\"centeredText\",\"enabled\":\"1\",\"fields\":{\"text\":\"<p>Subtitle<\\/p>\\r\\n\\r\\n<p>Donec id elit non mi porta gravida at eget metus. Fusce dapibus, tellus ac cursus commodo, tortor mauris condimentum nibh, ut fermentum massa justo sit amet risus. Etiam porta sem malesuada magna mollis euismod. Lorem ipsum dolor sit.<\\/p>\",\"verticalSpacingLevel\":\"vertical-spacing-4\"}},\"42\":{\"type\":\"video\",\"enabled\":\"1\",\"fields\":{\"vimeoVideoId\":\"172827555\",\"autoplay\":\"\"}}},\"6\":\"Project Title Here\",\"5\":[\"21\"]}}', '2016-10-19 23:16:49', '2016-10-19 23:16:49', 'c46d7b61-2d62-4fe5-8879-0f4bbbd66b52'),
 ('64', '15', '3', '1', 'en_us', '30', '', '{\"typeId\":\"3\",\"authorId\":\"1\",\"title\":\"Packaging Entry\",\"slug\":\"packaging-entry\",\"postDate\":1476391140,\"expiryDate\":null,\"enabled\":1,\"parentId\":null,\"fields\":{\"14\":[{\"col1\":\"Recogonition\",\"col2\":\"Print Regional Design Annual 2015\"}],\"3\":[\"9\",\"10\",\"13\"],\"29\":\"off-white\",\"9\":\"Wake\\r\\nStyle\\r\\nshoot\\r\\ndo it all\\r\\nagain\",\"7\":[\"26\"],\"4\":\"#ffae96\",\"8\":\"<p>Justin Gollmer, one of our go-to photography partners, asked us design a ten-year retrospective promotional brochure. <em>Wake, Style, Shoot, Do It All Again<\\/em> is a collection of images highlighting his work behind, beside, and around the camera. The brochure is divided into four sections that blur the lines between Gollmer\\u2019s personal and commercial work: people, action, travel, and product. Short sheets bound to the exterior provide thumbnail image guides to each section with captions for each image.<\\/p>\",\"10\":{\"28\":{\"type\":\"largeImage\",\"enabled\":\"1\",\"fields\":{\"image\":[\"27\"],\"layoutOptions\":\"full-width\",\"verticalSpacingLevel\":\"vertical-spacing-0\"}},\"41\":{\"type\":\"video\",\"enabled\":\"1\",\"fields\":{\"vimeoVideoId\":\"172827555\",\"autoplay\":\"1\"}},\"31\":{\"type\":\"insetImage\",\"enabled\":\"1\",\"fields\":{\"image\":[\"30\"],\"verticalSpacingLevel\":\"vertical-spacing-2\",\"backgroundColor\":\"#d6ff2e\"}},\"32\":{\"type\":\"imageWithDescription\",\"enabled\":\"1\",\"fields\":{\"position\":\"left\",\"image\":[\"30\"],\"description\":\"<p>Subtitle<\\/p>\\r\\n\\r\\n<p>Donec id elit non mi porta gravida at eget metus. Fusce dapibus, tellus ac cursus commodo, tortor mauris condimentum nibh, ut fermentum massa justo sit amet risus. Etiam porta sem malesuada magna mollis euismod. Lorem ipsum dolor sit.<\\/p>\",\"verticalSpacingLevel\":\"vertical-spacing-2\"}},\"37\":{\"type\":\"twoUpImages\",\"enabled\":\"1\",\"fields\":{\"leftImage\":[\"35\"],\"rightImage\":[\"36\"],\"verticalSpacingLevel\":\"vertical-spacing-0\"}},\"38\":{\"type\":\"centeredText\",\"enabled\":\"1\",\"fields\":{\"text\":\"<p>Subtitle<\\/p>\\r\\n\\r\\n<p>Donec id elit non mi porta gravida at eget metus. Fusce dapibus, tellus ac cursus commodo, tortor mauris condimentum nibh, ut fermentum massa justo sit amet risus. Etiam porta sem malesuada magna mollis euismod. Lorem ipsum dolor sit.<\\/p>\",\"verticalSpacingLevel\":\"vertical-spacing-4\"}},\"42\":{\"type\":\"video\",\"enabled\":\"1\",\"fields\":{\"vimeoVideoId\":\"172827555\",\"autoplay\":\"\"}}},\"6\":\"Project Title Here\",\"5\":[\"21\"]}}', '2016-10-19 23:17:01', '2016-10-19 23:17:01', '2de58daf-a8c1-4568-ad4b-5be59f72366c'),
 ('65', '15', '3', '1', 'en_us', '31', '', '{\"typeId\":\"3\",\"authorId\":\"1\",\"title\":\"Packaging Entry\",\"slug\":\"packaging-entry\",\"postDate\":1476391140,\"expiryDate\":null,\"enabled\":1,\"parentId\":null,\"fields\":{\"14\":[{\"col1\":\"Recogonition\",\"col2\":\"Print Regional Design Annual 2015\"}],\"3\":[\"9\",\"10\",\"13\"],\"29\":\"off-white\",\"9\":\"Wake up\\r\\nStyle\\r\\nshoot\\r\\ndo it all\\r\\nagain\",\"7\":[\"26\"],\"4\":\"#ffae96\",\"8\":\"<p>Justin Gollmer, one of our go-to photography partners, asked us design a ten-year retrospective promotional brochure. <em>Wake, Style, Shoot, Do It All Again<\\/em> is a collection of images highlighting his work behind, beside, and around the camera. The brochure is divided into four sections that blur the lines between Gollmer\\u2019s personal and commercial work: people, action, travel, and product. Short sheets bound to the exterior provide thumbnail image guides to each section with captions for each image.<\\/p>\",\"10\":{\"28\":{\"type\":\"largeImage\",\"enabled\":\"1\",\"fields\":{\"image\":[\"27\"],\"layoutOptions\":\"full-width\",\"verticalSpacingLevel\":\"vertical-spacing-0\"}},\"41\":{\"type\":\"video\",\"enabled\":\"1\",\"fields\":{\"vimeoVideoId\":\"172827555\",\"autoplay\":\"1\"}},\"31\":{\"type\":\"insetImage\",\"enabled\":\"1\",\"fields\":{\"image\":[\"30\"],\"verticalSpacingLevel\":\"vertical-spacing-2\",\"backgroundColor\":\"#d6ff2e\"}},\"32\":{\"type\":\"imageWithDescription\",\"enabled\":\"1\",\"fields\":{\"position\":\"left\",\"image\":[\"30\"],\"description\":\"<p>Subtitle<\\/p>\\r\\n\\r\\n<p>Donec id elit non mi porta gravida at eget metus. Fusce dapibus, tellus ac cursus commodo, tortor mauris condimentum nibh, ut fermentum massa justo sit amet risus. Etiam porta sem malesuada magna mollis euismod. Lorem ipsum dolor sit.<\\/p>\",\"verticalSpacingLevel\":\"vertical-spacing-2\"}},\"37\":{\"type\":\"twoUpImages\",\"enabled\":\"1\",\"fields\":{\"leftImage\":[\"35\"],\"rightImage\":[\"36\"],\"verticalSpacingLevel\":\"vertical-spacing-0\"}},\"38\":{\"type\":\"centeredText\",\"enabled\":\"1\",\"fields\":{\"text\":\"<p>Subtitle<\\/p>\\r\\n\\r\\n<p>Donec id elit non mi porta gravida at eget metus. Fusce dapibus, tellus ac cursus commodo, tortor mauris condimentum nibh, ut fermentum massa justo sit amet risus. Etiam porta sem malesuada magna mollis euismod. Lorem ipsum dolor sit.<\\/p>\",\"verticalSpacingLevel\":\"vertical-spacing-4\"}},\"42\":{\"type\":\"video\",\"enabled\":\"1\",\"fields\":{\"vimeoVideoId\":\"172827555\",\"autoplay\":\"\"}}},\"6\":\"Project Title Here\",\"5\":[\"21\"]}}', '2016-10-20 20:19:12', '2016-10-20 20:19:12', '9ae26577-8243-423c-9fd4-bfcb8c46f945'),
 ('66', '2', '1', '1', 'en_us', '3', '', '{\"typeId\":null,\"authorId\":null,\"title\":\"Turnstyle\",\"slug\":\"homepage\",\"postDate\":1475863314,\"expiryDate\":null,\"enabled\":1,\"parentId\":null,\"fields\":{\"1\":\"<p>It\\u2019s true, this site doesn\\u2019t have a whole lot of content yet, but don\\u2019t worry. Our web developers have just installed the CMS, and they\\u2019re setting things up for the content editors this very moment. Soon Turnstyle.dev will be an oasis of fresh perspectives, sharp analyses, and astute opinions that will keep you coming back again and again.<\\/p>\"}}', '2016-10-20 22:31:56', '2016-10-20 22:31:56', 'b91ced01-c670-45a8-aee5-445b16abe04e'),
 ('67', '16', '3', '1', 'en_us', '9', '', '{\"typeId\":\"3\",\"authorId\":\"1\",\"title\":\"Environment Entry\",\"slug\":\"environment-entry\",\"postDate\":1476391140,\"expiryDate\":null,\"enabled\":1,\"parentId\":null,\"fields\":{\"14\":\"\",\"3\":[\"14\"],\"29\":\"off-black\",\"9\":\"AN\\r\\nINFUSION\\r\\nOF\\r\\nNEW\\r\\nENERGY\",\"7\":[\"40\"],\"4\":\"#ff24ac\",\"8\":\"\",\"10\":\"\",\"6\":\"Longer Project Title Goes Here\",\"5\":[\"22\"]}}', '2016-10-25 00:06:03', '2016-10-25 00:06:03', 'e4552072-9418-4952-9e85-06e6346ee166'),
 ('68', '15', '3', '1', 'en_us', '32', '', '{\"typeId\":\"3\",\"authorId\":\"1\",\"title\":\"Packaging Entry\",\"slug\":\"packaging-entry\",\"postDate\":1476391140,\"expiryDate\":null,\"enabled\":1,\"parentId\":null,\"fields\":{\"14\":[{\"col1\":\"Recogonition\",\"col2\":\"Print Regional Design Annual 2015\"}],\"3\":[\"9\",\"10\",\"13\"],\"29\":\"off-white\",\"9\":\"Wake up\\r\\nStyle\\r\\nshoot\\r\\ndo it all\\r\\nagain\",\"7\":[\"26\"],\"4\":\"#ffae96\",\"8\":\"<p>Justin Gollmer, one of our go-to photography partners, asked us design a ten-year retrospective promotional brochure. <em>Wake, Style, Shoot, Do It All Again<\\/em> is a collection of images highlighting his work behind, beside, and around the camera. The brochure is divided into four sections that blur the lines between Gollmer\\u2019s personal and commercial work: people, action, travel, and product. Short sheets bound to the exterior provide thumbnail image guides to each section with captions for each image.<\\/p>\",\"10\":{\"28\":{\"type\":\"largeImage\",\"enabled\":\"1\",\"fields\":{\"image\":[\"27\"],\"layoutOptions\":\"full-width\",\"verticalSpacingLevel\":\"vertical-spacing-0\"}},\"41\":{\"type\":\"video\",\"enabled\":\"1\",\"fields\":{\"vimeoVideoId\":\"172827555\",\"autoplay\":\"1\"}},\"31\":{\"type\":\"insetImage\",\"enabled\":\"1\",\"fields\":{\"image\":[\"30\"],\"verticalSpacingLevel\":\"vertical-spacing-2\",\"backgroundColor\":\"#d6ff2e\"}},\"32\":{\"type\":\"imageWithDescription\",\"enabled\":\"1\",\"fields\":{\"position\":\"left\",\"image\":[\"30\"],\"description\":\"<p>Subtitle<\\/p>\\r\\n\\r\\n<p>Donec id elit non mi porta gravida at eget metus. Fusce dapibus, tellus ac cursus commodo, tortor mauris condimentum nibh, ut fermentum massa justo sit amet risus. Etiam porta sem malesuada magna mollis euismod. Lorem ipsum dolor sit.<\\/p>\",\"verticalSpacingLevel\":\"vertical-spacing-2\"}},\"37\":{\"type\":\"twoUpImages\",\"enabled\":\"1\",\"fields\":{\"leftImage\":[\"35\"],\"rightImage\":[\"36\"],\"verticalSpacingLevel\":\"vertical-spacing-0\"}},\"38\":{\"type\":\"centeredText\",\"enabled\":\"1\",\"fields\":{\"text\":\"<p>Subtitle<\\/p>\\r\\n\\r\\n<p>Donec id elit non mi porta gravida at eget metus. Fusce dapibus, tellus ac cursus commodo, tortor mauris condimentum nibh, ut fermentum massa justo sit amet risus. Etiam porta sem malesuada magna mollis euismod. Lorem ipsum dolor sit.<\\/p>\",\"verticalSpacingLevel\":\"vertical-spacing-4\"}},\"42\":{\"type\":\"video\",\"enabled\":\"1\",\"fields\":{\"vimeoVideoId\":\"172827555\",\"autoplay\":\"\"}},\"new1\":{\"type\":\"carousel\",\"enabled\":\"1\",\"fields\":{\"images\":[\"48\",\"49\",\"50\"]}}},\"6\":\"Project Title Here\",\"5\":[\"21\"]}}', '2016-10-31 21:00:52', '2016-10-31 21:00:52', 'c8ff28ba-faa4-42fa-83ad-7eb0e67a24e8'),
 ('69', '15', '3', '1', 'en_us', '33', '', '{\"typeId\":\"3\",\"authorId\":\"1\",\"title\":\"Packaging Entry\",\"slug\":\"packaging-entry\",\"postDate\":1476391140,\"expiryDate\":null,\"enabled\":1,\"parentId\":null,\"fields\":{\"14\":[{\"col1\":\"Recogonition\",\"col2\":\"Print Regional Design Annual 2015\"}],\"3\":[\"9\",\"10\",\"13\"],\"29\":\"off-white\",\"9\":\"Wake up\\r\\nStyle\\r\\nshoot\\r\\ndo it all\\r\\nagain\",\"7\":[\"26\"],\"4\":\"#ffae96\",\"8\":\"<p>Justin Gollmer, one of our go-to photography partners, asked us design a ten-year retrospective promotional brochure. <em>Wake, Style, Shoot, Do It All Again<\\/em> is a collection of images highlighting his work behind, beside, and around the camera. The brochure is divided into four sections that blur the lines between Gollmer\\u2019s personal and commercial work: people, action, travel, and product. Short sheets bound to the exterior provide thumbnail image guides to each section with captions for each image.<\\/p>\",\"10\":{\"28\":{\"type\":\"largeImage\",\"enabled\":\"1\",\"fields\":{\"image\":[\"27\"],\"layoutOptions\":\"full-width\",\"verticalSpacingLevel\":\"vertical-spacing-0\"}},\"41\":{\"type\":\"video\",\"enabled\":\"1\",\"fields\":{\"vimeoVideoId\":\"172827555\",\"autoplay\":\"1\"}},\"31\":{\"type\":\"insetImage\",\"enabled\":\"1\",\"fields\":{\"image\":[\"30\"],\"verticalSpacingLevel\":\"vertical-spacing-2\",\"backgroundColor\":\"#d6ff2e\"}},\"32\":{\"type\":\"imageWithDescription\",\"enabled\":\"1\",\"fields\":{\"position\":\"left\",\"image\":[\"30\"],\"description\":\"<p>Subtitle<\\/p>\\r\\n\\r\\n<p>Donec id elit non mi porta gravida at eget metus. Fusce dapibus, tellus ac cursus commodo, tortor mauris condimentum nibh, ut fermentum massa justo sit amet risus. Etiam porta sem malesuada magna mollis euismod. Lorem ipsum dolor sit.<\\/p>\",\"verticalSpacingLevel\":\"vertical-spacing-2\"}},\"37\":{\"type\":\"twoUpImages\",\"enabled\":\"1\",\"fields\":{\"leftImage\":[\"35\"],\"rightImage\":[\"36\"],\"verticalSpacingLevel\":\"vertical-spacing-0\"}},\"38\":{\"type\":\"centeredText\",\"enabled\":\"1\",\"fields\":{\"text\":\"<p>Subtitle<\\/p>\\r\\n\\r\\n<p>Donec id elit non mi porta gravida at eget metus. Fusce dapibus, tellus ac cursus commodo, tortor mauris condimentum nibh, ut fermentum massa justo sit amet risus. Etiam porta sem malesuada magna mollis euismod. Lorem ipsum dolor sit.<\\/p>\",\"verticalSpacingLevel\":\"vertical-spacing-4\"}},\"42\":{\"type\":\"video\",\"enabled\":\"1\",\"fields\":{\"vimeoVideoId\":\"172827555\",\"autoplay\":\"\"}},\"51\":{\"type\":\"carousel\",\"enabled\":\"1\",\"fields\":{\"images\":[\"48\",\"49\",\"50\"],\"verticalSpacingLevel\":\"vertical-spacing-0\"}}},\"6\":\"Project Title Here\",\"5\":[\"21\"]}}', '2016-10-31 21:22:17', '2016-10-31 21:22:17', 'f76a9db0-eb55-4a3c-ac3c-115284b4c04c'),
 ('70', '15', '3', '1', 'en_us', '34', '', '{\"typeId\":\"3\",\"authorId\":\"1\",\"title\":\"Packaging Entry\",\"slug\":\"packaging-entry\",\"postDate\":1476391140,\"expiryDate\":null,\"enabled\":1,\"parentId\":null,\"fields\":{\"14\":[{\"col1\":\"Recogonition\",\"col2\":\"Print Regional Design Annual 2015\"}],\"3\":[\"9\",\"10\",\"13\"],\"29\":\"off-white\",\"9\":\"Wake up\\r\\nStyle\\r\\nshoot\\r\\ndo it all\\r\\nagain\",\"7\":[\"26\"],\"4\":\"#ffae96\",\"8\":\"<p>Justin Gollmer, one of our go-to photography partners, asked us design a ten-year retrospective promotional brochure. <em>Wake, Style, Shoot, Do It All Again<\\/em> is a collection of images highlighting his work behind, beside, and around the camera. The brochure is divided into four sections that blur the lines between Gollmer\\u2019s personal and commercial work: people, action, travel, and product. Short sheets bound to the exterior provide thumbnail image guides to each section with captions for each image.<\\/p>\",\"10\":{\"28\":{\"type\":\"largeImage\",\"enabled\":\"1\",\"fields\":{\"image\":[\"27\"],\"layoutOptions\":\"full-width\",\"verticalSpacingLevel\":\"vertical-spacing-0\"}},\"41\":{\"type\":\"video\",\"enabled\":\"1\",\"fields\":{\"vimeoVideoId\":\"172827555\",\"autoplay\":\"1\"}},\"31\":{\"type\":\"insetImage\",\"enabled\":\"1\",\"fields\":{\"image\":[\"30\"],\"verticalSpacingLevel\":\"vertical-spacing-2\",\"backgroundColor\":\"#d6ff2e\"}},\"32\":{\"type\":\"imageWithDescription\",\"enabled\":\"1\",\"fields\":{\"position\":\"left\",\"image\":[\"30\"],\"description\":\"<p>Subtitle<\\/p>\\r\\n\\r\\n<p>Donec id elit non mi porta gravida at eget metus. Fusce dapibus, tellus ac cursus commodo, tortor mauris condimentum nibh, ut fermentum massa justo sit amet risus. Etiam porta sem malesuada magna mollis euismod. Lorem ipsum dolor sit.<\\/p>\",\"verticalSpacingLevel\":\"vertical-spacing-2\"}},\"37\":{\"type\":\"twoUpImages\",\"enabled\":\"1\",\"fields\":{\"leftImage\":[\"35\"],\"rightImage\":[\"36\"],\"verticalSpacingLevel\":\"vertical-spacing-0\"}},\"38\":{\"type\":\"centeredText\",\"enabled\":\"1\",\"fields\":{\"text\":\"<p>Subtitle<\\/p>\\r\\n\\r\\n<p>Donec id elit non mi porta gravida at eget metus. Fusce dapibus, tellus ac cursus commodo, tortor mauris condimentum nibh, ut fermentum massa justo sit amet risus. Etiam porta sem malesuada magna mollis euismod. Lorem ipsum dolor sit.<\\/p>\",\"verticalSpacingLevel\":\"vertical-spacing-4\"}},\"42\":{\"type\":\"video\",\"enabled\":\"1\",\"fields\":{\"vimeoVideoId\":\"172827555\",\"autoplay\":\"\"}},\"51\":{\"type\":\"carousel\",\"enabled\":\"1\",\"fields\":{\"images\":[\"48\",\"49\",\"50\"],\"verticalSpacingLevel\":\"vertical-spacing-0\"}}},\"6\":\"Project Title Here\",\"5\":[\"21\"]}}', '2016-10-31 21:22:46', '2016-10-31 21:22:46', '8617f5f0-0ae2-42c8-96e4-c97a49c6a653'),
 ('71', '15', '3', '1', 'en_us', '35', '', '{\"typeId\":\"3\",\"authorId\":\"1\",\"title\":\"Packaging Entry\",\"slug\":\"packaging-entry\",\"postDate\":1476391140,\"expiryDate\":null,\"enabled\":1,\"parentId\":null,\"fields\":{\"14\":[{\"col1\":\"Recogonition\",\"col2\":\"Print Regional Design Annual 2015\"}],\"3\":[\"9\",\"10\",\"13\"],\"29\":\"off-white\",\"9\":\"Wake up\\r\\nStyle\\r\\nshoot\\r\\ndo it all\\r\\nagain\",\"7\":[\"26\"],\"4\":\"#ffae96\",\"8\":\"<p>Justin Gollmer, one of our go-to photography partners, asked us design a ten-year retrospective promotional brochure. <em>Wake, Style, Shoot, Do It All Again<\\/em> is a collection of images highlighting his work behind, beside, and around the camera. The brochure is divided into four sections that blur the lines between Gollmer\\u2019s personal and commercial work: people, action, travel, and product. Short sheets bound to the exterior provide thumbnail image guides to each section with captions for each image.<\\/p>\",\"10\":{\"28\":{\"type\":\"largeImage\",\"enabled\":\"1\",\"fields\":{\"image\":[\"27\"],\"layoutOptions\":\"full-width\",\"verticalSpacingLevel\":\"vertical-spacing-0\"}},\"41\":{\"type\":\"video\",\"enabled\":\"1\",\"fields\":{\"vimeoVideoId\":\"172827555\",\"autoplay\":\"1\"}},\"31\":{\"type\":\"insetImage\",\"enabled\":\"1\",\"fields\":{\"image\":[\"30\"],\"verticalSpacingLevel\":\"vertical-spacing-2\",\"backgroundColor\":\"#d6ff2e\"}},\"32\":{\"type\":\"imageWithDescription\",\"enabled\":\"1\",\"fields\":{\"position\":\"left\",\"image\":[\"30\"],\"description\":\"<p>Subtitle<\\/p>\\r\\n\\r\\n<p>Donec id elit non mi porta gravida at eget metus. Fusce dapibus, tellus ac cursus commodo, tortor mauris condimentum nibh, ut fermentum massa justo sit amet risus. Etiam porta sem malesuada magna mollis euismod. Lorem ipsum dolor sit.<\\/p>\",\"verticalSpacingLevel\":\"vertical-spacing-2\"}},\"37\":{\"type\":\"twoUpImages\",\"enabled\":\"1\",\"fields\":{\"leftImage\":[\"35\"],\"rightImage\":[\"36\"],\"verticalSpacingLevel\":\"vertical-spacing-0\"}},\"38\":{\"type\":\"centeredText\",\"enabled\":\"1\",\"fields\":{\"text\":\"<p>Subtitle<\\/p>\\r\\n\\r\\n<p>Donec id elit non mi porta gravida at eget metus. Fusce dapibus, tellus ac cursus commodo, tortor mauris condimentum nibh, ut fermentum massa justo sit amet risus. Etiam porta sem malesuada magna mollis euismod. Lorem ipsum dolor sit.<\\/p>\",\"verticalSpacingLevel\":\"vertical-spacing-4\"}},\"42\":{\"type\":\"video\",\"enabled\":\"1\",\"fields\":{\"vimeoVideoId\":\"172827555\",\"autoplay\":\"\"}},\"51\":{\"type\":\"carousel\",\"enabled\":\"1\",\"fields\":{\"images\":[\"48\",\"49\",\"50\"],\"verticalSpacingLevel\":\"vertical-spacing-0\"}}},\"6\":\"Project Title Here\",\"5\":[\"21\"]}}', '2016-10-31 21:23:12', '2016-10-31 21:23:12', '992607b5-c35c-44f4-8a44-cf2fb1c438c6'),
 ('72', '15', '3', '1', 'en_us', '36', '', '{\"typeId\":\"3\",\"authorId\":\"1\",\"title\":\"Packaging Entry\",\"slug\":\"packaging-entry\",\"postDate\":1476391140,\"expiryDate\":null,\"enabled\":1,\"parentId\":null,\"fields\":{\"14\":[{\"col1\":\"Recogonition\",\"col2\":\"Print Regional Design Annual 2015\"}],\"3\":[\"9\",\"10\",\"13\"],\"29\":\"off-white\",\"9\":\"Wake up\\r\\nStyle\\r\\nshoot\\r\\ndo it all\\r\\nagain\",\"7\":[\"26\"],\"4\":\"#ffae96\",\"8\":\"<p>Justin Gollmer, one of our go-to photography partners, asked us design a ten-year retrospective promotional brochure. <em>Wake, Style, Shoot, Do It All Again<\\/em> is a collection of images highlighting his work behind, beside, and around the camera. The brochure is divided into four sections that blur the lines between Gollmer\\u2019s personal and commercial work: people, action, travel, and product. Short sheets bound to the exterior provide thumbnail image guides to each section with captions for each image.<\\/p>\",\"10\":{\"28\":{\"type\":\"largeImage\",\"enabled\":\"1\",\"fields\":{\"image\":[\"27\"],\"layoutOptions\":\"full-width\",\"verticalSpacingLevel\":\"vertical-spacing-0\"}},\"41\":{\"type\":\"video\",\"enabled\":\"1\",\"fields\":{\"vimeoVideoId\":\"172827555\",\"autoplay\":\"1\"}},\"31\":{\"type\":\"insetImage\",\"enabled\":\"1\",\"fields\":{\"image\":[\"30\"],\"verticalSpacingLevel\":\"vertical-spacing-2\",\"backgroundColor\":\"#d6ff2e\"}},\"32\":{\"type\":\"imageWithDescription\",\"enabled\":\"1\",\"fields\":{\"position\":\"left\",\"image\":[\"30\"],\"description\":\"<p>Subtitle<\\/p>\\r\\n\\r\\n<p>Donec id elit non mi porta gravida at eget metus. Fusce dapibus, tellus ac cursus commodo, tortor mauris condimentum nibh, ut fermentum massa justo sit amet risus. Etiam porta sem malesuada magna mollis euismod. Lorem ipsum dolor sit.<\\/p>\",\"verticalSpacingLevel\":\"vertical-spacing-2\"}},\"37\":{\"type\":\"twoUpImages\",\"enabled\":\"1\",\"fields\":{\"leftImage\":[\"35\"],\"rightImage\":[\"36\"],\"verticalSpacingLevel\":\"vertical-spacing-0\"}},\"38\":{\"type\":\"centeredText\",\"enabled\":\"1\",\"fields\":{\"text\":\"<p>Subtitle<\\/p>\\r\\n\\r\\n<p>Donec id elit non mi porta gravida at eget metus. Fusce dapibus, tellus ac cursus commodo, tortor mauris condimentum nibh, ut fermentum massa justo sit amet risus. Etiam porta sem malesuada magna mollis euismod. Lorem ipsum dolor sit.<\\/p>\",\"verticalSpacingLevel\":\"vertical-spacing-4\"}},\"42\":{\"type\":\"video\",\"enabled\":\"1\",\"fields\":{\"vimeoVideoId\":\"172827555\",\"autoplay\":\"\"}}},\"6\":\"Project Title Here\",\"5\":[\"21\"]}}', '2016-10-31 21:23:49', '2016-10-31 21:23:49', 'ed83473c-bb4e-48ab-92e0-e8f3ce972975'),
 ('73', '15', '3', '1', 'en_us', '37', '', '{\"typeId\":\"3\",\"authorId\":\"1\",\"title\":\"Packaging Entry\",\"slug\":\"packaging-entry\",\"postDate\":1476391140,\"expiryDate\":null,\"enabled\":1,\"parentId\":null,\"fields\":{\"14\":[{\"col1\":\"Recogonition\",\"col2\":\"Print Regional Design Annual 2015\"}],\"3\":[\"9\",\"10\",\"13\"],\"29\":\"off-white\",\"9\":\"Wake up\\r\\nStyle\\r\\nshoot\\r\\ndo it all\\r\\nagain\",\"7\":[\"26\"],\"4\":\"#ffae96\",\"8\":\"<p>Justin Gollmer, one of our go-to photography partners, asked us design a ten-year retrospective promotional brochure. <em>Wake, Style, Shoot, Do It All Again<\\/em> is a collection of images highlighting his work behind, beside, and around the camera. The brochure is divided into four sections that blur the lines between Gollmer\\u2019s personal and commercial work: people, action, travel, and product. Short sheets bound to the exterior provide thumbnail image guides to each section with captions for each image.<\\/p>\",\"10\":{\"28\":{\"type\":\"largeImage\",\"enabled\":\"1\",\"fields\":{\"image\":[\"27\"],\"layoutOptions\":\"full-width\",\"verticalSpacingLevel\":\"vertical-spacing-0\"}},\"41\":{\"type\":\"video\",\"enabled\":\"1\",\"fields\":{\"vimeoVideoId\":\"172827555\",\"autoplay\":\"1\"}},\"31\":{\"type\":\"insetImage\",\"enabled\":\"1\",\"fields\":{\"image\":[\"30\"],\"verticalSpacingLevel\":\"vertical-spacing-2\",\"backgroundColor\":\"#d6ff2e\"}},\"32\":{\"type\":\"imageWithDescription\",\"enabled\":\"1\",\"fields\":{\"position\":\"left\",\"image\":[\"30\"],\"description\":\"<p>Subtitle<\\/p>\\r\\n\\r\\n<p>Donec id elit non mi porta gravida at eget metus. Fusce dapibus, tellus ac cursus commodo, tortor mauris condimentum nibh, ut fermentum massa justo sit amet risus. Etiam porta sem malesuada magna mollis euismod. Lorem ipsum dolor sit.<\\/p>\",\"verticalSpacingLevel\":\"vertical-spacing-2\"}},\"37\":{\"type\":\"twoUpImages\",\"enabled\":\"1\",\"fields\":{\"leftImage\":[\"35\"],\"rightImage\":[\"36\"],\"verticalSpacingLevel\":\"vertical-spacing-0\"}},\"38\":{\"type\":\"centeredText\",\"enabled\":\"1\",\"fields\":{\"text\":\"<p>Subtitle<\\/p>\\r\\n\\r\\n<p>Donec id elit non mi porta gravida at eget metus. Fusce dapibus, tellus ac cursus commodo, tortor mauris condimentum nibh, ut fermentum massa justo sit amet risus. Etiam porta sem malesuada magna mollis euismod. Lorem ipsum dolor sit.<\\/p>\",\"verticalSpacingLevel\":\"vertical-spacing-4\"}},\"42\":{\"type\":\"video\",\"enabled\":\"1\",\"fields\":{\"vimeoVideoId\":\"172827555\",\"autoplay\":\"\"}},\"new1\":{\"type\":\"carousel\",\"enabled\":\"1\",\"fields\":{\"images\":[\"48\",\"49\",\"50\"],\"verticalSpacingLevel\":\"vertical-spacing-0\"}}},\"6\":\"Project Title Here\",\"5\":[\"21\"]}}', '2016-10-31 21:24:09', '2016-10-31 21:24:09', '9a41bd81-ecc8-4dc2-b6d2-e13dc3a5d00c'),
 ('74', '15', '3', '1', 'en_us', '38', '', '{\"typeId\":\"3\",\"authorId\":\"1\",\"title\":\"Packaging Entry\",\"slug\":\"packaging-entry\",\"postDate\":1476391140,\"expiryDate\":null,\"enabled\":1,\"parentId\":null,\"fields\":{\"14\":[{\"col1\":\"Recogonition\",\"col2\":\"Print Regional Design Annual 2015\"}],\"3\":[\"9\",\"10\",\"13\"],\"29\":\"off-white\",\"9\":\"Wake up\\r\\nStyle\\r\\nshoot\\r\\ndo it all\\r\\nagain\",\"7\":[\"26\"],\"4\":\"#ffae96\",\"8\":\"<p>Justin Gollmer, one of our go-to photography partners, asked us design a ten-year retrospective promotional brochure. <em>Wake, Style, Shoot, Do It All Again<\\/em> is a collection of images highlighting his work behind, beside, and around the camera. The brochure is divided into four sections that blur the lines between Gollmer\\u2019s personal and commercial work: people, action, travel, and product. Short sheets bound to the exterior provide thumbnail image guides to each section with captions for each image.<\\/p>\",\"10\":{\"28\":{\"type\":\"largeImage\",\"enabled\":\"1\",\"fields\":{\"image\":[\"27\"],\"layoutOptions\":\"full-width\",\"verticalSpacingLevel\":\"vertical-spacing-0\"}},\"41\":{\"type\":\"video\",\"enabled\":\"1\",\"fields\":{\"vimeoVideoId\":\"172827555\",\"autoplay\":\"1\"}},\"31\":{\"type\":\"insetImage\",\"enabled\":\"1\",\"fields\":{\"image\":[\"30\"],\"verticalSpacingLevel\":\"vertical-spacing-2\",\"backgroundColor\":\"#d6ff2e\"}},\"32\":{\"type\":\"imageWithDescription\",\"enabled\":\"1\",\"fields\":{\"position\":\"left\",\"image\":[\"30\"],\"description\":\"<p>Subtitle<\\/p>\\r\\n\\r\\n<p>Donec id elit non mi porta gravida at eget metus. Fusce dapibus, tellus ac cursus commodo, tortor mauris condimentum nibh, ut fermentum massa justo sit amet risus. Etiam porta sem malesuada magna mollis euismod. Lorem ipsum dolor sit.<\\/p>\",\"verticalSpacingLevel\":\"vertical-spacing-2\"}},\"37\":{\"type\":\"twoUpImages\",\"enabled\":\"1\",\"fields\":{\"leftImage\":[\"35\"],\"rightImage\":[\"36\"],\"verticalSpacingLevel\":\"vertical-spacing-0\"}},\"38\":{\"type\":\"centeredText\",\"enabled\":\"1\",\"fields\":{\"text\":\"<p>Subtitle<\\/p>\\r\\n\\r\\n<p>Donec id elit non mi porta gravida at eget metus. Fusce dapibus, tellus ac cursus commodo, tortor mauris condimentum nibh, ut fermentum massa justo sit amet risus. Etiam porta sem malesuada magna mollis euismod. Lorem ipsum dolor sit.<\\/p>\",\"verticalSpacingLevel\":\"vertical-spacing-4\"}},\"42\":{\"type\":\"video\",\"enabled\":\"1\",\"fields\":{\"vimeoVideoId\":\"172827555\",\"autoplay\":\"\"}},\"52\":{\"type\":\"carousel\",\"enabled\":\"1\",\"fields\":{\"images\":[\"48\",\"49\",\"50\"],\"verticalSpacingLevel\":\"vertical-spacing-0\"}}},\"6\":\"Project Title Here\",\"5\":[\"21\"]}}', '2016-10-31 21:26:12', '2016-10-31 21:26:12', '7586f6dd-505e-40d5-bb98-2ce259353a37'),
 ('75', '15', '3', '1', 'en_us', '39', '', '{\"typeId\":\"3\",\"authorId\":\"1\",\"title\":\"Packaging Entry\",\"slug\":\"packaging-entry\",\"postDate\":1476391140,\"expiryDate\":null,\"enabled\":1,\"parentId\":null,\"fields\":{\"14\":[{\"col1\":\"Recogonition\",\"col2\":\"Print Regional Design Annual 2015\"}],\"3\":[\"9\",\"10\",\"13\"],\"29\":\"off-white\",\"9\":\"Wake up\\r\\nStyle\\r\\nshoot\\r\\ndo it all\\r\\nagain\",\"7\":[\"26\"],\"4\":\"#ffae96\",\"8\":\"<p>Justin Gollmer, one of our go-to photography partners, asked us design a ten-year retrospective promotional brochure. <em>Wake, Style, Shoot, Do It All Again<\\/em> is a collection of images highlighting his work behind, beside, and around the camera. The brochure is divided into four sections that blur the lines between Gollmer\\u2019s personal and commercial work: people, action, travel, and product. Short sheets bound to the exterior provide thumbnail image guides to each section with captions for each image.<\\/p>\",\"10\":{\"28\":{\"type\":\"largeImage\",\"enabled\":\"1\",\"fields\":{\"image\":[\"27\"],\"layoutOptions\":\"full-width\",\"verticalSpacingLevel\":\"vertical-spacing-0\"}},\"41\":{\"type\":\"video\",\"enabled\":\"1\",\"fields\":{\"vimeoVideoId\":\"172827555\",\"autoplay\":\"1\"}},\"31\":{\"type\":\"insetImage\",\"enabled\":\"1\",\"fields\":{\"image\":[\"30\"],\"verticalSpacingLevel\":\"vertical-spacing-2\",\"backgroundColor\":\"#d6ff2e\"}},\"32\":{\"type\":\"imageWithDescription\",\"enabled\":\"1\",\"fields\":{\"position\":\"left\",\"image\":[\"30\"],\"description\":\"<p>Subtitle<\\/p>\\r\\n\\r\\n<p>Donec id elit non mi porta gravida at eget metus. Fusce dapibus, tellus ac cursus commodo, tortor mauris condimentum nibh, ut fermentum massa justo sit amet risus. Etiam porta sem malesuada magna mollis euismod. Lorem ipsum dolor sit.<\\/p>\",\"verticalSpacingLevel\":\"vertical-spacing-2\"}},\"37\":{\"type\":\"twoUpImages\",\"enabled\":\"1\",\"fields\":{\"leftImage\":[\"35\"],\"rightImage\":[\"36\"],\"verticalSpacingLevel\":\"vertical-spacing-0\"}},\"38\":{\"type\":\"centeredText\",\"enabled\":\"1\",\"fields\":{\"text\":\"<p>Subtitle<\\/p>\\r\\n\\r\\n<p>Donec id elit non mi porta gravida at eget metus. Fusce dapibus, tellus ac cursus commodo, tortor mauris condimentum nibh, ut fermentum massa justo sit amet risus. Etiam porta sem malesuada magna mollis euismod. Lorem ipsum dolor sit.<\\/p>\",\"verticalSpacingLevel\":\"vertical-spacing-4\"}},\"42\":{\"type\":\"video\",\"enabled\":\"1\",\"fields\":{\"vimeoVideoId\":\"172827555\",\"autoplay\":\"\"}},\"52\":{\"type\":\"carousel\",\"enabled\":\"1\",\"fields\":{\"images\":[\"48\",\"49\",\"50\"],\"verticalSpacingLevel\":\"vertical-spacing-2\"}}},\"6\":\"Project Title Here\",\"5\":[\"21\"]}}', '2016-10-31 21:26:29', '2016-10-31 21:26:29', 'a860d225-4435-42a9-af5b-1c47a23ccb25'),
 ('76', '15', '3', '1', 'en_us', '40', '', '{\"typeId\":\"3\",\"authorId\":\"1\",\"title\":\"Packaging Entry\",\"slug\":\"packaging-entry\",\"postDate\":1476391140,\"expiryDate\":null,\"enabled\":1,\"parentId\":null,\"fields\":{\"14\":[{\"col1\":\"Recogonition\",\"col2\":\"Print Regional Design Annual 2015\"}],\"3\":[\"9\",\"10\",\"13\"],\"29\":\"off-white\",\"9\":\"Wake up\\r\\nStyle\\r\\nshoot\\r\\ndo it all\\r\\nagain\",\"7\":[\"26\"],\"4\":\"#ffae96\",\"8\":\"<p>Justin Gollmer, one of our go-to photography partners, asked us design a ten-year retrospective promotional brochure. <em>Wake, Style, Shoot, Do It All Again<\\/em> is a collection of images highlighting his work behind, beside, and around the camera. The brochure is divided into four sections that blur the lines between Gollmer\\u2019s personal and commercial work: people, action, travel, and product. Short sheets bound to the exterior provide thumbnail image guides to each section with captions for each image.<\\/p>\",\"10\":{\"28\":{\"type\":\"largeImage\",\"enabled\":\"1\",\"fields\":{\"image\":[\"27\"],\"layoutOptions\":\"full-width\",\"verticalSpacingLevel\":\"vertical-spacing-0\"}},\"41\":{\"type\":\"video\",\"enabled\":\"1\",\"fields\":{\"vimeoVideoId\":\"172827555\",\"autoplay\":\"1\"}},\"31\":{\"type\":\"insetImage\",\"enabled\":\"1\",\"fields\":{\"image\":[\"30\"],\"verticalSpacingLevel\":\"vertical-spacing-2\",\"backgroundColor\":\"#d6ff2e\"}},\"32\":{\"type\":\"imageWithDescription\",\"enabled\":\"1\",\"fields\":{\"position\":\"left\",\"image\":[\"30\"],\"description\":\"<p>Subtitle<\\/p>\\r\\n\\r\\n<p>Donec id elit non mi porta gravida at eget metus. Fusce dapibus, tellus ac cursus commodo, tortor mauris condimentum nibh, ut fermentum massa justo sit amet risus. Etiam porta sem malesuada magna mollis euismod. Lorem ipsum dolor sit.<\\/p>\",\"verticalSpacingLevel\":\"vertical-spacing-2\"}},\"37\":{\"type\":\"twoUpImages\",\"enabled\":\"1\",\"fields\":{\"leftImage\":[\"35\"],\"rightImage\":[\"36\"],\"verticalSpacingLevel\":\"vertical-spacing-0\"}},\"38\":{\"type\":\"centeredText\",\"enabled\":\"1\",\"fields\":{\"text\":\"<p>Subtitle<\\/p>\\r\\n\\r\\n<p>Donec id elit non mi porta gravida at eget metus. Fusce dapibus, tellus ac cursus commodo, tortor mauris condimentum nibh, ut fermentum massa justo sit amet risus. Etiam porta sem malesuada magna mollis euismod. Lorem ipsum dolor sit.<\\/p>\",\"verticalSpacingLevel\":\"vertical-spacing-4\"}},\"42\":{\"type\":\"video\",\"enabled\":\"1\",\"fields\":{\"vimeoVideoId\":\"172827555\",\"autoplay\":\"\"}},\"52\":{\"type\":\"carousel\",\"enabled\":\"1\",\"fields\":{\"images\":[\"48\",\"49\",\"50\"],\"verticalSpacingLevel\":\"vertical-spacing-0\"}}},\"6\":\"Project Title Here\",\"5\":[\"21\"]}}', '2016-10-31 21:28:11', '2016-10-31 21:28:11', 'a2350bb8-9126-46ff-b89d-bb475dd92cd8'),
 ('77', '15', '3', '1', 'en_us', '41', '', '{\"typeId\":\"3\",\"authorId\":\"1\",\"title\":\"Packaging Entry\",\"slug\":\"packaging-entry\",\"postDate\":1476391140,\"expiryDate\":null,\"enabled\":1,\"parentId\":null,\"fields\":{\"14\":[{\"col1\":\"Recogonition\",\"col2\":\"Print Regional Design Annual 2015\"}],\"3\":[\"9\",\"10\",\"13\"],\"29\":\"off-white\",\"9\":\"Wake up\\r\\nStyle\\r\\nshoot\\r\\ndo it all\\r\\nagain\",\"7\":[\"26\"],\"4\":\"#ffae96\",\"8\":\"<p>Justin Gollmer, one of our go-to photography partners, asked us design a ten-year retrospective promotional brochure. <em>Wake, Style, Shoot, Do It All Again<\\/em> is a collection of images highlighting his work behind, beside, and around the camera. The brochure is divided into four sections that blur the lines between Gollmer\\u2019s personal and commercial work: people, action, travel, and product. Short sheets bound to the exterior provide thumbnail image guides to each section with captions for each image.<\\/p>\",\"10\":{\"28\":{\"type\":\"largeImage\",\"enabled\":\"1\",\"fields\":{\"image\":[\"27\"],\"layoutOptions\":\"full-width\",\"verticalSpacingLevel\":\"vertical-spacing-0\"}},\"41\":{\"type\":\"video\",\"enabled\":\"1\",\"fields\":{\"vimeoVideoId\":\"172827555\",\"autoplay\":\"1\"}},\"31\":{\"type\":\"insetImage\",\"enabled\":\"1\",\"fields\":{\"image\":[\"30\"],\"verticalSpacingLevel\":\"vertical-spacing-2\",\"backgroundColor\":\"#d6ff2e\"}},\"32\":{\"type\":\"imageWithDescription\",\"enabled\":\"1\",\"fields\":{\"position\":\"left\",\"image\":[\"30\"],\"description\":\"<p>Subtitle<\\/p>\\r\\n\\r\\n<p>Donec id elit non mi porta gravida at eget metus. Fusce dapibus, tellus ac cursus commodo, tortor mauris condimentum nibh, ut fermentum massa justo sit amet risus. Etiam porta sem malesuada magna mollis euismod. Lorem ipsum dolor sit.<\\/p>\",\"verticalSpacingLevel\":\"vertical-spacing-2\"}},\"37\":{\"type\":\"twoUpImages\",\"enabled\":\"1\",\"fields\":{\"leftImage\":[\"35\"],\"rightImage\":[\"36\"],\"verticalSpacingLevel\":\"vertical-spacing-0\"}},\"38\":{\"type\":\"centeredText\",\"enabled\":\"1\",\"fields\":{\"text\":\"<p>Subtitle<\\/p>\\r\\n\\r\\n<p>Donec id elit non mi porta gravida at eget metus. Fusce dapibus, tellus ac cursus commodo, tortor mauris condimentum nibh, ut fermentum massa justo sit amet risus. Etiam porta sem malesuada magna mollis euismod. Lorem ipsum dolor sit.<\\/p>\",\"verticalSpacingLevel\":\"vertical-spacing-4\"}},\"42\":{\"type\":\"video\",\"enabled\":\"1\",\"fields\":{\"vimeoVideoId\":\"172827555\",\"autoplay\":\"\"}},\"52\":{\"type\":\"carousel\",\"enabled\":\"1\",\"fields\":{\"images\":[\"48\",\"49\",\"50\"],\"verticalSpacingLevel\":\"vertical-spacing-2\"}}},\"6\":\"Project Title Here\",\"5\":[\"21\"]}}', '2016-10-31 21:45:08', '2016-10-31 21:45:08', 'bb2798d7-5862-4e76-a376-e104493b173a'),
 ('78', '15', '3', '1', 'en_us', '42', '', '{\"typeId\":\"3\",\"authorId\":\"1\",\"title\":\"Packaging Entry\",\"slug\":\"packaging-entry\",\"postDate\":1476391140,\"expiryDate\":null,\"enabled\":1,\"parentId\":null,\"fields\":{\"14\":[{\"col1\":\"Recogonition\",\"col2\":\"Print Regional Design Annual 2015\"}],\"3\":[\"9\",\"10\",\"13\"],\"29\":\"off-white\",\"9\":\"Wake up\\r\\nStyle\\r\\nshoot\\r\\ndo it all\\r\\nagain\",\"7\":[\"26\"],\"4\":\"#ffae96\",\"8\":\"<p>Justin Gollmer, one of our go-to photography partners, asked us design a ten-year retrospective promotional brochure. <em>Wake, Style, Shoot, Do It All Again<\\/em> is a collection of images highlighting his work behind, beside, and around the camera. The brochure is divided into four sections that blur the lines between Gollmer\\u2019s personal and commercial work: people, action, travel, and product. Short sheets bound to the exterior provide thumbnail image guides to each section with captions for each image.<\\/p>\",\"10\":{\"28\":{\"type\":\"largeImage\",\"enabled\":\"1\",\"fields\":{\"image\":[\"27\"],\"layoutOptions\":\"full-width\",\"verticalSpacingLevel\":\"vertical-spacing-0\"}},\"41\":{\"type\":\"video\",\"enabled\":\"1\",\"fields\":{\"vimeoVideoId\":\"172827555\",\"autoplay\":\"1\",\"framed\":\"\"}},\"31\":{\"type\":\"insetImage\",\"enabled\":\"1\",\"fields\":{\"image\":[\"30\"],\"verticalSpacingLevel\":\"vertical-spacing-2\",\"backgroundColor\":\"#d6ff2e\"}},\"new1\":{\"type\":\"video\",\"enabled\":\"1\",\"fields\":{\"vimeoVideoId\":\"172827555\",\"autoplay\":\"1\",\"framed\":\"1\"}},\"32\":{\"type\":\"imageWithDescription\",\"enabled\":\"1\",\"fields\":{\"position\":\"left\",\"image\":[\"30\"],\"description\":\"<p>Subtitle<\\/p>\\r\\n\\r\\n<p>Donec id elit non mi porta gravida at eget metus. Fusce dapibus, tellus ac cursus commodo, tortor mauris condimentum nibh, ut fermentum massa justo sit amet risus. Etiam porta sem malesuada magna mollis euismod. Lorem ipsum dolor sit.<\\/p>\",\"verticalSpacingLevel\":\"vertical-spacing-2\"}},\"37\":{\"type\":\"twoUpImages\",\"enabled\":\"1\",\"fields\":{\"leftImage\":[\"35\"],\"rightImage\":[\"36\"],\"verticalSpacingLevel\":\"vertical-spacing-0\"}},\"38\":{\"type\":\"centeredText\",\"enabled\":\"1\",\"fields\":{\"text\":\"<p>Subtitle<\\/p>\\r\\n\\r\\n<p>Donec id elit non mi porta gravida at eget metus. Fusce dapibus, tellus ac cursus commodo, tortor mauris condimentum nibh, ut fermentum massa justo sit amet risus. Etiam porta sem malesuada magna mollis euismod. Lorem ipsum dolor sit.<\\/p>\",\"verticalSpacingLevel\":\"vertical-spacing-4\"}},\"42\":{\"type\":\"video\",\"enabled\":\"1\",\"fields\":{\"vimeoVideoId\":\"172827555\",\"autoplay\":\"\",\"framed\":\"\"}},\"52\":{\"type\":\"carousel\",\"enabled\":\"1\",\"fields\":{\"images\":[\"48\",\"49\",\"50\"],\"verticalSpacingLevel\":\"vertical-spacing-2\"}}},\"6\":\"Project Title Here\",\"5\":[\"21\"]}}', '2016-10-31 21:48:53', '2016-10-31 21:48:53', 'ab5fd1c4-0bb7-495f-8878-07163fd9be5f'),
 ('79', '15', '3', '1', 'en_us', '43', '', '{\"typeId\":\"3\",\"authorId\":\"1\",\"title\":\"Packaging Entry\",\"slug\":\"packaging-entry\",\"postDate\":1476391140,\"expiryDate\":null,\"enabled\":1,\"parentId\":null,\"fields\":{\"14\":[{\"col1\":\"Recogonition\",\"col2\":\"Print Regional Design Annual 2015\"}],\"3\":[\"9\",\"10\",\"13\"],\"29\":\"off-white\",\"9\":\"Wake up\\r\\nStyle\\r\\nshoot\\r\\ndo it all\\r\\nagain\",\"7\":[\"26\"],\"4\":\"#ffae96\",\"8\":\"<p>Justin Gollmer, one of our go-to photography partners, asked us design a ten-year retrospective promotional brochure. <em>Wake, Style, Shoot, Do It All Again<\\/em> is a collection of images highlighting his work behind, beside, and around the camera. The brochure is divided into four sections that blur the lines between Gollmer\\u2019s personal and commercial work: people, action, travel, and product. Short sheets bound to the exterior provide thumbnail image guides to each section with captions for each image.<\\/p>\",\"10\":{\"28\":{\"type\":\"largeImage\",\"enabled\":\"1\",\"fields\":{\"image\":[\"27\"],\"layoutOptions\":\"full-width\",\"verticalSpacingLevel\":\"vertical-spacing-0\"}},\"41\":{\"type\":\"video\",\"enabled\":\"1\",\"fields\":{\"vimeoVideoId\":\"172827555\",\"autoplay\":\"1\",\"framed\":\"\"}},\"31\":{\"type\":\"insetImage\",\"enabled\":\"1\",\"fields\":{\"image\":[\"30\"],\"verticalSpacingLevel\":\"vertical-spacing-2\",\"backgroundColor\":\"#d6ff2e\"}},\"53\":{\"type\":\"video\",\"enabled\":\"1\",\"fields\":{\"vimeoVideoId\":\"172827555\",\"autoplay\":\"1\",\"framed\":\"1\"}},\"32\":{\"type\":\"imageWithDescription\",\"enabled\":\"1\",\"fields\":{\"position\":\"left\",\"image\":[\"30\"],\"description\":\"<p>Subtitle<\\/p>\\r\\n\\r\\n<p>Donec id elit non mi porta gravida at eget metus. Fusce dapibus, tellus ac cursus commodo, tortor mauris condimentum nibh, ut fermentum massa justo sit amet risus. Etiam porta sem malesuada magna mollis euismod. Lorem ipsum dolor sit.<\\/p>\",\"verticalSpacingLevel\":\"vertical-spacing-2\"}},\"37\":{\"type\":\"twoUpImages\",\"enabled\":\"1\",\"fields\":{\"leftImage\":[\"35\"],\"rightImage\":[\"36\"],\"verticalSpacingLevel\":\"vertical-spacing-0\"}},\"38\":{\"type\":\"centeredText\",\"enabled\":\"1\",\"fields\":{\"text\":\"<p>Subtitle<\\/p>\\r\\n\\r\\n<p>Donec id elit non mi porta gravida at eget metus. Fusce dapibus, tellus ac cursus commodo, tortor mauris condimentum nibh, ut fermentum massa justo sit amet risus. Etiam porta sem malesuada magna mollis euismod. Lorem ipsum dolor sit.<\\/p>\",\"verticalSpacingLevel\":\"vertical-spacing-4\"}},\"42\":{\"type\":\"video\",\"enabled\":\"1\",\"fields\":{\"vimeoVideoId\":\"172827555\",\"autoplay\":\"\",\"framed\":\"1\"}},\"52\":{\"type\":\"carousel\",\"enabled\":\"1\",\"fields\":{\"images\":[\"48\",\"49\",\"50\"],\"verticalSpacingLevel\":\"vertical-spacing-2\"}}},\"6\":\"Project Title Here\",\"5\":[\"21\"]}}', '2016-10-31 21:49:07', '2016-10-31 21:49:07', '29974c76-7d3b-4b8c-9915-ec8404cc00f5'),
 ('80', '15', '3', '1', 'en_us', '44', '', '{\"typeId\":\"3\",\"authorId\":\"1\",\"title\":\"Packaging Entry\",\"slug\":\"packaging-entry\",\"postDate\":1476391140,\"expiryDate\":null,\"enabled\":1,\"parentId\":null,\"fields\":{\"14\":[{\"col1\":\"Recogonition\",\"col2\":\"Print Regional Design Annual 2015\"}],\"3\":[\"9\",\"10\",\"13\"],\"29\":\"off-white\",\"9\":\"Wake up\\r\\nStyle\\r\\nshoot\\r\\ndo it all\\r\\nagain\",\"7\":[\"26\"],\"4\":\"#ffae96\",\"8\":\"<p>Justin Gollmer, one of our go-to photography partners, asked us design a ten-year retrospective promotional brochure. <em>Wake, Style, Shoot, Do It All Again<\\/em> is a collection of images highlighting his work behind, beside, and around the camera. The brochure is divided into four sections that blur the lines between Gollmer\\u2019s personal and commercial work: people, action, travel, and product. Short sheets bound to the exterior provide thumbnail image guides to each section with captions for each image.<\\/p>\",\"10\":{\"28\":{\"type\":\"largeImage\",\"enabled\":\"1\",\"fields\":{\"image\":[\"27\"],\"layoutOptions\":\"full-width\",\"verticalSpacingLevel\":\"vertical-spacing-0\"}},\"41\":{\"type\":\"video\",\"enabled\":\"1\",\"fields\":{\"vimeoVideoId\":\"172827555\",\"autoplay\":\"1\",\"framed\":\"1\"}},\"31\":{\"type\":\"insetImage\",\"enabled\":\"1\",\"fields\":{\"image\":[\"30\"],\"verticalSpacingLevel\":\"vertical-spacing-2\",\"backgroundColor\":\"#d6ff2e\"}},\"53\":{\"type\":\"video\",\"enabled\":\"1\",\"fields\":{\"vimeoVideoId\":\"172827555\",\"autoplay\":\"1\",\"framed\":\"\"}},\"32\":{\"type\":\"imageWithDescription\",\"enabled\":\"1\",\"fields\":{\"position\":\"left\",\"image\":[\"30\"],\"description\":\"<p>Subtitle<\\/p>\\r\\n\\r\\n<p>Donec id elit non mi porta gravida at eget metus. Fusce dapibus, tellus ac cursus commodo, tortor mauris condimentum nibh, ut fermentum massa justo sit amet risus. Etiam porta sem malesuada magna mollis euismod. Lorem ipsum dolor sit.<\\/p>\",\"verticalSpacingLevel\":\"vertical-spacing-2\"}},\"37\":{\"type\":\"twoUpImages\",\"enabled\":\"1\",\"fields\":{\"leftImage\":[\"35\"],\"rightImage\":[\"36\"],\"verticalSpacingLevel\":\"vertical-spacing-0\"}},\"38\":{\"type\":\"centeredText\",\"enabled\":\"1\",\"fields\":{\"text\":\"<p>Subtitle<\\/p>\\r\\n\\r\\n<p>Donec id elit non mi porta gravida at eget metus. Fusce dapibus, tellus ac cursus commodo, tortor mauris condimentum nibh, ut fermentum massa justo sit amet risus. Etiam porta sem malesuada magna mollis euismod. Lorem ipsum dolor sit.<\\/p>\",\"verticalSpacingLevel\":\"vertical-spacing-4\"}},\"42\":{\"type\":\"video\",\"enabled\":\"1\",\"fields\":{\"vimeoVideoId\":\"172827555\",\"autoplay\":\"\",\"framed\":\"1\"}},\"52\":{\"type\":\"carousel\",\"enabled\":\"1\",\"fields\":{\"images\":[\"48\",\"49\",\"50\"],\"verticalSpacingLevel\":\"vertical-spacing-2\"}}},\"6\":\"Project Title Here\",\"5\":[\"21\"]}}', '2016-10-31 21:49:29', '2016-10-31 21:49:29', '5f5bbe79-308d-42ad-9640-b75a8398bc7f'),
 ('81', '15', '3', '1', 'en_us', '45', '', '{\"typeId\":\"3\",\"authorId\":\"1\",\"title\":\"Packaging Entry\",\"slug\":\"packaging-entry\",\"postDate\":1476391140,\"expiryDate\":null,\"enabled\":1,\"parentId\":null,\"fields\":{\"14\":[{\"col1\":\"Recogonition\",\"col2\":\"Print Regional Design Annual 2015\"}],\"3\":[\"9\",\"10\",\"13\"],\"29\":\"off-white\",\"9\":\"Wake up\\r\\nStyle\\r\\nshoot\\r\\ndo it all\\r\\nagain\",\"7\":[\"26\"],\"4\":\"#ffae96\",\"8\":\"<p>Justin Gollmer, one of our go-to photography partners, asked us design a ten-year retrospective promotional brochure. <em>Wake, Style, Shoot, Do It All Again<\\/em> is a collection of images highlighting his work behind, beside, and around the camera. The brochure is divided into four sections that blur the lines between Gollmer\\u2019s personal and commercial work: people, action, travel, and product. Short sheets bound to the exterior provide thumbnail image guides to each section with captions for each image.<\\/p>\",\"10\":{\"28\":{\"type\":\"largeImage\",\"enabled\":\"1\",\"fields\":{\"image\":[\"27\"],\"layoutOptions\":\"full-width\",\"verticalSpacingLevel\":\"vertical-spacing-0\"}},\"41\":{\"type\":\"video\",\"enabled\":\"1\",\"fields\":{\"vimeoVideoId\":\"172827555\",\"autoplay\":\"1\",\"framed\":\"1\"}},\"31\":{\"type\":\"insetImage\",\"enabled\":\"1\",\"fields\":{\"image\":[\"30\"],\"verticalSpacingLevel\":\"vertical-spacing-2\",\"backgroundColor\":\"#d6ff2e\"}},\"53\":{\"type\":\"video\",\"enabled\":\"1\",\"fields\":{\"vimeoVideoId\":\"172827555\",\"autoplay\":\"1\",\"framed\":\"1\"}},\"32\":{\"type\":\"imageWithDescription\",\"enabled\":\"1\",\"fields\":{\"position\":\"left\",\"image\":[\"30\"],\"description\":\"<p>Subtitle<\\/p>\\r\\n\\r\\n<p>Donec id elit non mi porta gravida at eget metus. Fusce dapibus, tellus ac cursus commodo, tortor mauris condimentum nibh, ut fermentum massa justo sit amet risus. Etiam porta sem malesuada magna mollis euismod. Lorem ipsum dolor sit.<\\/p>\",\"verticalSpacingLevel\":\"vertical-spacing-2\"}},\"37\":{\"type\":\"twoUpImages\",\"enabled\":\"1\",\"fields\":{\"leftImage\":[\"35\"],\"rightImage\":[\"36\"],\"verticalSpacingLevel\":\"vertical-spacing-0\"}},\"38\":{\"type\":\"centeredText\",\"enabled\":\"1\",\"fields\":{\"text\":\"<p>Subtitle<\\/p>\\r\\n\\r\\n<p>Donec id elit non mi porta gravida at eget metus. Fusce dapibus, tellus ac cursus commodo, tortor mauris condimentum nibh, ut fermentum massa justo sit amet risus. Etiam porta sem malesuada magna mollis euismod. Lorem ipsum dolor sit.<\\/p>\",\"verticalSpacingLevel\":\"vertical-spacing-4\"}},\"42\":{\"type\":\"video\",\"enabled\":\"1\",\"fields\":{\"vimeoVideoId\":\"172827555\",\"autoplay\":\"\",\"framed\":\"1\"}},\"52\":{\"type\":\"carousel\",\"enabled\":\"1\",\"fields\":{\"images\":[\"48\",\"49\",\"50\"],\"verticalSpacingLevel\":\"vertical-spacing-2\"}}},\"6\":\"Project Title Here\",\"5\":[\"21\"]}}', '2016-10-31 21:50:16', '2016-10-31 21:50:16', '165a5b0f-4719-4e56-8c5f-d3a2668a7951'),
 ('82', '15', '3', '1', 'en_us', '46', '', '{\"typeId\":\"3\",\"authorId\":\"1\",\"title\":\"Packaging Entry\",\"slug\":\"packaging-entry\",\"postDate\":1476391140,\"expiryDate\":null,\"enabled\":1,\"parentId\":null,\"fields\":{\"14\":[{\"col1\":\"Recogonition\",\"col2\":\"Print Regional Design Annual 2015\"}],\"3\":[\"9\",\"10\",\"13\"],\"29\":\"off-white\",\"9\":\"Wake up\\r\\nStyle\\r\\nshoot\\r\\ndo it all\\r\\nagain\",\"7\":[\"26\"],\"4\":\"#ffae96\",\"8\":\"<p>Justin Gollmer, one of our go-to photography partners, asked us design a ten-year retrospective promotional brochure. <em>Wake, Style, Shoot, Do It All Again<\\/em> is a collection of images highlighting his work behind, beside, and around the camera. The brochure is divided into four sections that blur the lines between Gollmer\\u2019s personal and commercial work: people, action, travel, and product. Short sheets bound to the exterior provide thumbnail image guides to each section with captions for each image.<\\/p>\",\"10\":{\"28\":{\"type\":\"largeImage\",\"enabled\":\"1\",\"fields\":{\"image\":[\"27\"],\"layoutOptions\":\"full-width\",\"verticalSpacingLevel\":\"vertical-spacing-0\"}},\"41\":{\"type\":\"video\",\"enabled\":\"1\",\"fields\":{\"vimeoVideoId\":\"172827555\",\"autoplay\":\"1\",\"framed\":\"1\"}},\"31\":{\"type\":\"insetImage\",\"enabled\":\"1\",\"fields\":{\"image\":[\"30\"],\"verticalSpacingLevel\":\"vertical-spacing-2\",\"backgroundColor\":\"#d6ff2e\"}},\"53\":{\"type\":\"video\",\"enabled\":\"1\",\"fields\":{\"vimeoVideoId\":\"172827555\",\"autoplay\":\"1\",\"framed\":\"\"}},\"32\":{\"type\":\"imageWithDescription\",\"enabled\":\"1\",\"fields\":{\"position\":\"left\",\"image\":[\"30\"],\"description\":\"<p>Subtitle<\\/p>\\r\\n\\r\\n<p>Donec id elit non mi porta gravida at eget metus. Fusce dapibus, tellus ac cursus commodo, tortor mauris condimentum nibh, ut fermentum massa justo sit amet risus. Etiam porta sem malesuada magna mollis euismod. Lorem ipsum dolor sit.<\\/p>\",\"verticalSpacingLevel\":\"vertical-spacing-2\"}},\"37\":{\"type\":\"twoUpImages\",\"enabled\":\"1\",\"fields\":{\"leftImage\":[\"35\"],\"rightImage\":[\"36\"],\"verticalSpacingLevel\":\"vertical-spacing-0\"}},\"38\":{\"type\":\"centeredText\",\"enabled\":\"1\",\"fields\":{\"text\":\"<p>Subtitle<\\/p>\\r\\n\\r\\n<p>Donec id elit non mi porta gravida at eget metus. Fusce dapibus, tellus ac cursus commodo, tortor mauris condimentum nibh, ut fermentum massa justo sit amet risus. Etiam porta sem malesuada magna mollis euismod. Lorem ipsum dolor sit.<\\/p>\",\"verticalSpacingLevel\":\"vertical-spacing-4\"}},\"42\":{\"type\":\"video\",\"enabled\":\"1\",\"fields\":{\"vimeoVideoId\":\"172827555\",\"autoplay\":\"\",\"framed\":\"1\"}},\"52\":{\"type\":\"carousel\",\"enabled\":\"1\",\"fields\":{\"images\":[\"48\",\"49\",\"50\"],\"verticalSpacingLevel\":\"vertical-spacing-2\"}}},\"6\":\"Project Title Here\",\"5\":[\"21\"]}}', '2016-10-31 21:50:21', '2016-10-31 21:50:21', '2e3db4d8-4924-40b9-9d5f-abd3c4dd9b08'),
 ('83', '43', '5', '1', 'en_us', '2', '', '{\"typeId\":null,\"authorId\":null,\"title\":\"Contact\",\"slug\":\"contact\",\"postDate\":1476834187,\"expiryDate\":null,\"enabled\":1,\"parentId\":null,\"fields\":{\"34\":\"3621 \\r\\nStone Way N\\r\\nSuite B\\r\\nseattle\\r\\nwa\\r\\n98103\",\"33\":\"info@turnstylestudio.com\",\"36\":\"206 \\r\\n297\\u20147390\",\"35\":\"206 \\r\\n297\\u20147350\\r\\n\"}}', '2016-10-31 22:41:35', '2016-10-31 22:41:35', '62f2cfc9-ec4f-41d1-af77-782a67d4ba7d'),
 ('84', '43', '5', '1', 'en_us', '3', '', '{\"typeId\":null,\"authorId\":null,\"title\":\"Contact\",\"slug\":\"contact\",\"postDate\":1476834187,\"expiryDate\":null,\"enabled\":1,\"parentId\":null,\"fields\":{\"34\":\"3621 \\r\\nStone Way N\\r\\nSuite B\\r\\nseattle\\r\\nwa\\r\\n98103\",\"33\":\"info@]\\r\\nturnstyle.\\r\\nstudio\",\"36\":\"206 \\r\\n297\\u20147390\",\"35\":\"206 \\r\\n297\\u20147350\\r\\n\"}}', '2016-10-31 22:47:11', '2016-10-31 22:47:11', '3b129e6a-2858-4c62-877a-58374a695986'),
 ('85', '43', '5', '1', 'en_us', '4', '', '{\"typeId\":null,\"authorId\":null,\"title\":\"Contact\",\"slug\":\"contact\",\"postDate\":1476834187,\"expiryDate\":null,\"enabled\":1,\"parentId\":null,\"fields\":{\"34\":\"3621 \\r\\nStone Way N\\r\\nSuite B\\r\\nseattle\\r\\nwa\\r\\n98103\",\"33\":\"info@\\r\\nturnstyle.\\r\\nstudio\",\"36\":\"206 \\r\\n297\\u20147390\",\"35\":\"206 \\r\\n297\\u20147350\\r\\n\"}}', '2016-10-31 22:52:14', '2016-10-31 22:52:14', 'c0f1b1d6-8d65-40cb-ba86-04630baa2c75'),
 ('87', '55', '7', '1', 'en_us', '1', '', '{\"typeId\":null,\"authorId\":\"1\",\"title\":\"Strategy\",\"slug\":\"strategy\",\"postDate\":1478025098,\"expiryDate\":null,\"enabled\":1,\"parentId\":\"54\",\"fields\":[]}', '2016-11-01 18:31:38', '2016-11-01 18:31:38', 'd3ab7239-9485-4604-ae00-82821640d264'),
 ('88', '56', '7', '1', 'en_us', '1', '', '{\"typeId\":null,\"authorId\":\"1\",\"title\":\"Identity\",\"slug\":\"identity\",\"postDate\":1478025107,\"expiryDate\":null,\"enabled\":1,\"parentId\":\"\",\"fields\":[]}', '2016-11-01 18:31:47', '2016-11-01 18:31:47', '6a36291b-1e54-402c-bd53-6336fa3edf69'),
 ('105', '55', '7', '1', 'en_us', '2', '', '{\"typeId\":\"7\",\"authorId\":\"1\",\"title\":\"Strategy\",\"slug\":\"strategy\",\"postDate\":1478025060,\"expiryDate\":null,\"enabled\":1,\"parentId\":\"\",\"fields\":[]}', '2016-11-01 21:21:13', '2016-11-01 21:21:13', '2b8707ba-b9e0-443a-b554-34baab2427c1'),
 ('106', '56', '7', '1', 'en_us', '2', '', '{\"typeId\":\"7\",\"authorId\":\"1\",\"title\":\"Identity\",\"slug\":\"identity\",\"postDate\":1478025060,\"expiryDate\":null,\"enabled\":1,\"parentId\":\"\",\"fields\":[]}', '2016-11-01 21:21:21', '2016-11-01 21:21:21', '525969cf-3746-4791-9f5c-a3917410b5ab'),
 ('107', '67', '8', '1', 'en_us', '1', '', '{\"typeId\":null,\"authorId\":\"1\",\"title\":\"Regina Baerwalde\",\"slug\":\"regina-baerwalde\",\"postDate\":1478037192,\"expiryDate\":null,\"enabled\":1,\"parentId\":null,\"fields\":{\"41\":\"Senior Designer\",\"43\":[\"66\"]}}', '2016-11-01 21:53:12', '2016-11-01 21:53:12', 'aa106a72-1a82-4a39-8789-7a3400809166'),
 ('108', '68', '8', '1', 'en_us', '1', '', '{\"typeId\":null,\"authorId\":\"1\",\"title\":\"Abbey Baker\",\"slug\":\"abbey-baker\",\"postDate\":1478037213,\"expiryDate\":null,\"enabled\":1,\"parentId\":null,\"fields\":{\"41\":\"Account Manager\",\"43\":[\"66\"]}}', '2016-11-01 21:53:33', '2016-11-01 21:53:33', 'a8271676-e6e9-4129-902e-04f2dbef0ac1'),
 ('109', '69', '8', '1', 'en_us', '1', '', '{\"typeId\":null,\"authorId\":\"1\",\"title\":\"Robert Bennett\",\"slug\":\"robert-bennett\",\"postDate\":1478037229,\"expiryDate\":null,\"enabled\":1,\"parentId\":null,\"fields\":{\"41\":\"Senior Designer\",\"43\":[\"66\"]}}', '2016-11-01 21:53:49', '2016-11-01 21:53:49', '81fe9b25-5e32-49d4-8b6a-b8b57425cd28'),
 ('110', '70', '8', '1', 'en_us', '1', '', '{\"typeId\":null,\"authorId\":\"1\",\"title\":\"Mallory Close\",\"slug\":\"mallory-close\",\"postDate\":1478037245,\"expiryDate\":null,\"enabled\":1,\"parentId\":null,\"fields\":{\"41\":\"Designer\",\"43\":[\"66\"]}}', '2016-11-01 21:54:05', '2016-11-01 21:54:05', '99219f8d-bcc4-4777-b9e1-b78452fc7cdc'),
 ('111', '71', '8', '1', 'en_us', '1', '', '{\"typeId\":null,\"authorId\":\"1\",\"title\":\"Stephanie Cooke\",\"slug\":\"stephanie-cooke\",\"postDate\":1478037265,\"expiryDate\":null,\"enabled\":1,\"parentId\":null,\"fields\":{\"41\":\"Client Relations Director\",\"43\":[\"66\"]}}', '2016-11-01 21:54:25', '2016-11-01 21:54:25', '9224966e-5a54-49fc-97e3-4640e0d65d0b'),
 ('112', '72', '8', '1', 'en_us', '1', '', '{\"typeId\":null,\"authorId\":\"1\",\"title\":\"Matt Diefenbach\",\"slug\":\"matt-diefenbach\",\"postDate\":1478037297,\"expiryDate\":null,\"enabled\":1,\"parentId\":null,\"fields\":{\"41\":\"Principal \\/ Business Director\",\"43\":[\"66\"]}}', '2016-11-01 21:54:57', '2016-11-01 21:54:57', '34565789-cd6c-4ec5-83c7-e6cd9bf0637c'),
 ('113', '73', '8', '1', 'en_us', '1', '', '{\"typeId\":null,\"authorId\":\"1\",\"title\":\"Kyle Gabouer\",\"slug\":\"kyle-gabouer\",\"postDate\":1478037327,\"expiryDate\":null,\"enabled\":1,\"parentId\":null,\"fields\":{\"41\":\"Digital Design Director\",\"43\":[\"66\"]}}', '2016-11-01 21:55:28', '2016-11-01 21:55:28', 'd45ff698-2b80-43a0-92ab-f66bb662201f'),
 ('114', '74', '8', '1', 'en_us', '1', '', '{\"typeId\":null,\"authorId\":\"1\",\"title\":\"Jason Gomez\",\"slug\":\"jason-gomez\",\"postDate\":1478037348,\"expiryDate\":null,\"enabled\":1,\"parentId\":null,\"fields\":{\"41\":\"Associate Creative Director\",\"43\":[\"66\"]}}', '2016-11-01 21:55:49', '2016-11-01 21:55:49', 'a888eddb-4a5b-4af5-83db-165e06b39bd4'),
 ('115', '75', '8', '1', 'en_us', '1', '', '{\"typeId\":null,\"authorId\":\"1\",\"title\":\"Ben Graham\",\"slug\":\"ben-graham\",\"postDate\":1478037367,\"expiryDate\":null,\"enabled\":1,\"parentId\":null,\"fields\":{\"41\":\"Principal \\/ Creative Director\",\"43\":[\"66\"]}}', '2016-11-01 21:56:07', '2016-11-01 21:56:07', '4fa7db66-c860-4e2e-98fe-b6fdf1c39819'),
 ('116', '76', '8', '1', 'en_us', '1', '', '{\"typeId\":null,\"authorId\":\"1\",\"title\":\"Dani Johnson\",\"slug\":\"dani-johnson\",\"postDate\":1478037415,\"expiryDate\":null,\"enabled\":1,\"parentId\":null,\"fields\":{\"41\":\"Operations & Finance Manager\",\"43\":[\"66\"]}}', '2016-11-01 21:56:55', '2016-11-01 21:56:55', '5ade3ed8-c4a0-4c5c-b3c0-41fe4e5390ec'),
 ('117', '77', '8', '1', 'en_us', '1', '', '{\"typeId\":null,\"authorId\":\"1\",\"title\":\"Nick Katarow\",\"slug\":\"nick-katarow\",\"postDate\":1478037432,\"expiryDate\":null,\"enabled\":1,\"parentId\":null,\"fields\":{\"41\":\"Senior Web Developer\",\"43\":[\"66\"]}}', '2016-11-01 21:57:12', '2016-11-01 21:57:12', 'b56673f1-3507-42ad-a211-f053f089b12f'),
 ('118', '78', '8', '1', 'en_us', '1', '', '{\"typeId\":null,\"authorId\":\"1\",\"title\":\"Helen Kong\",\"slug\":\"helen-kong\",\"postDate\":1478037445,\"expiryDate\":null,\"enabled\":1,\"parentId\":null,\"fields\":{\"41\":\"Account Manager\",\"43\":[\"66\"]}}', '2016-11-01 21:57:25', '2016-11-01 21:57:25', '2f0e902c-3265-48dc-83cb-f7136777c724');
INSERT INTO `craft_entryversions` (`id`, `entryId`, `sectionId`, `creatorId`, `locale`, `num`, `notes`, `data`, `dateCreated`, `dateUpdated`, `uid`) VALUES
 ('119', '79', '8', '1', 'en_us', '1', '', '{\"typeId\":null,\"authorId\":\"1\",\"title\":\"Garret Steider\",\"slug\":\"garret-steider\",\"postDate\":1478037465,\"expiryDate\":null,\"enabled\":1,\"parentId\":null,\"fields\":{\"41\":\"Designer\",\"43\":[\"66\"]}}', '2016-11-01 21:57:45', '2016-11-01 21:57:45', 'bf101074-da72-40d5-8fe4-2779acfbfb1b'),
 ('120', '80', '8', '1', 'en_us', '1', '', '{\"typeId\":null,\"authorId\":\"1\",\"title\":\"Steve Watson\",\"slug\":\"steve-watson\",\"postDate\":1478037504,\"expiryDate\":null,\"enabled\":1,\"parentId\":null,\"fields\":{\"41\":\"Principal \\/ Creative Director\",\"43\":[\"66\"]}}', '2016-11-01 21:58:24', '2016-11-01 21:58:24', 'e201622c-90f8-4fb5-b688-18b5b822a471'),
 ('123', '81', '9', '1', 'en_us', '1', '', '{\"typeId\":null,\"authorId\":\"1\",\"title\":\"Handsome\",\"slug\":\"handsome\",\"postDate\":1478040858,\"expiryDate\":null,\"enabled\":1,\"parentId\":null,\"fields\":[]}', '2016-11-01 22:54:18', '2016-11-01 22:54:18', '1a10083a-3fbf-419e-87f6-4ef0771106ee'),
 ('124', '82', '9', '1', 'en_us', '1', '', '{\"typeId\":null,\"authorId\":\"1\",\"title\":\"Pretty Good\",\"slug\":\"pretty-good\",\"postDate\":1478040866,\"expiryDate\":null,\"enabled\":1,\"parentId\":null,\"fields\":[]}', '2016-11-01 22:54:26', '2016-11-01 22:54:26', '396e28c1-c73d-4d65-8b06-13e6a56e30d0'),
 ('125', '83', '9', '1', 'en_us', '1', '', '{\"typeId\":null,\"authorId\":\"1\",\"title\":\"Clever\",\"slug\":\"clever\",\"postDate\":1478040896,\"expiryDate\":null,\"enabled\":1,\"parentId\":null,\"fields\":[]}', '2016-11-01 22:54:56', '2016-11-01 22:54:56', '8a13f2ca-df29-4f04-83d9-99e193520f30'),
 ('126', '84', '9', '1', 'en_us', '1', '', '{\"typeId\":null,\"authorId\":\"1\",\"title\":\"Cheesy\",\"slug\":\"cheesy\",\"postDate\":1478040925,\"expiryDate\":null,\"enabled\":1,\"parentId\":null,\"fields\":[]}', '2016-11-01 22:55:25', '2016-11-01 22:55:25', '32c3bf3b-2f34-43ee-943a-a301369f5d71'),
 ('127', '85', '9', '1', 'en_us', '1', '', '{\"typeId\":null,\"authorId\":\"1\",\"title\":\"Flavorful\",\"slug\":\"flavorful\",\"postDate\":1478040935,\"expiryDate\":null,\"enabled\":1,\"parentId\":null,\"fields\":[]}', '2016-11-01 22:55:35', '2016-11-01 22:55:35', 'ef19456c-0de0-4c5b-a186-d702b4ccbf71'),
 ('129', '87', '9', '1', 'en_us', '1', '', '{\"typeId\":null,\"authorId\":\"1\",\"title\":\"Lumpy\",\"slug\":\"lumpy\",\"postDate\":1478041034,\"expiryDate\":null,\"enabled\":1,\"parentId\":null,\"fields\":[]}', '2016-11-01 22:57:14', '2016-11-01 22:57:14', '566f1852-ab7a-4e48-9fee-796431bb1f2f'),
 ('130', '88', '9', '1', 'en_us', '1', '', '{\"typeId\":null,\"authorId\":\"1\",\"title\":\"Righteous\",\"slug\":\"righteous\",\"postDate\":1478041051,\"expiryDate\":null,\"enabled\":1,\"parentId\":null,\"fields\":[]}', '2016-11-01 22:57:31', '2016-11-01 22:57:31', '182171ab-84b5-42e0-bc40-fdef632cbc33'),
 ('131', '89', '9', '1', 'en_us', '1', '', '{\"typeId\":null,\"authorId\":\"1\",\"title\":\"Fastidious\",\"slug\":\"fastidious\",\"postDate\":1478041103,\"expiryDate\":null,\"enabled\":1,\"parentId\":null,\"fields\":[]}', '2016-11-01 22:58:23', '2016-11-01 22:58:23', '7873131f-f0cf-4d69-b27e-fccf4e9118e8'),
 ('132', '90', '9', '1', 'en_us', '1', '', '{\"typeId\":null,\"authorId\":\"1\",\"title\":\"Jocular\",\"slug\":\"jocular\",\"postDate\":1478041152,\"expiryDate\":null,\"enabled\":1,\"parentId\":null,\"fields\":[]}', '2016-11-01 22:59:12', '2016-11-01 22:59:12', '556c7988-3e06-4502-ad46-573cd69f4cb8'),
 ('133', '91', '9', '1', 'en_us', '1', '', '{\"typeId\":null,\"authorId\":\"1\",\"title\":\"Luminous\",\"slug\":\"luminous\",\"postDate\":1478041167,\"expiryDate\":null,\"enabled\":1,\"parentId\":null,\"fields\":[]}', '2016-11-01 22:59:27', '2016-11-01 22:59:27', 'dcf75fed-8eba-4531-9e01-af954055ef9d'),
 ('134', '92', '9', '1', 'en_us', '1', '', '{\"typeId\":null,\"authorId\":\"1\",\"title\":\"Neighborly\",\"slug\":\"neighborly\",\"postDate\":1478041222,\"expiryDate\":null,\"enabled\":1,\"parentId\":null,\"fields\":[]}', '2016-11-01 23:00:22', '2016-11-01 23:00:22', 'dffa7b04-6528-4222-b72e-347e0225e8a3'),
 ('135', '93', '9', '1', 'en_us', '1', '', '{\"typeId\":null,\"authorId\":\"1\",\"title\":\"Propitious\",\"slug\":\"propitious\",\"postDate\":1478041244,\"expiryDate\":null,\"enabled\":1,\"parentId\":null,\"fields\":[]}', '2016-11-01 23:00:44', '2016-11-01 23:00:44', '5a856806-05fa-4116-9914-e52c8f5d7aae'),
 ('136', '94', '9', '1', 'en_us', '1', '', '{\"typeId\":null,\"authorId\":\"1\",\"title\":\"Spasmodic\",\"slug\":\"spasmodic\",\"postDate\":1478041275,\"expiryDate\":null,\"enabled\":1,\"parentId\":null,\"fields\":[]}', '2016-11-01 23:01:15', '2016-11-01 23:01:15', '580091aa-4509-4e44-8997-1544336d0e06'),
 ('137', '95', '9', '1', 'en_us', '1', '', '{\"typeId\":null,\"authorId\":\"1\",\"title\":\"Zealous\",\"slug\":\"zealous\",\"postDate\":1478041300,\"expiryDate\":null,\"enabled\":1,\"parentId\":null,\"fields\":[]}', '2016-11-01 23:01:40', '2016-11-01 23:01:40', '0d344964-7aca-4fb9-b6ef-ee93e5e5e543'),
 ('141', '16', '3', '1', 'en_us', '10', '', '{\"typeId\":\"3\",\"authorId\":\"1\",\"title\":\"Environment Entry\",\"slug\":\"environment-entry\",\"postDate\":1476391140,\"expiryDate\":null,\"enabled\":1,\"parentId\":null,\"fields\":{\"14\":\"\",\"3\":[\"14\"],\"29\":\"off-white\",\"9\":\"AN\\r\\nINFUSION\\r\\nOF\\r\\nNEW\\r\\nENERGY\",\"7\":[\"40\"],\"4\":\"#ff24ac\",\"8\":\"\",\"10\":\"\",\"6\":\"Longer Project Title Goes Here\",\"5\":[\"22\"]}}', '2016-11-02 20:26:58', '2016-11-02 20:26:58', '7dad416d-927a-4449-8fda-232ee6d6b11b'),
 ('142', '43', '5', '1', 'en_us', '5', '', '{\"typeId\":null,\"authorId\":null,\"title\":\"Contact\",\"slug\":\"contact\",\"postDate\":1476834187,\"expiryDate\":null,\"enabled\":1,\"parentId\":null,\"fields\":{\"34\":\"3621 \\r\\nStone Way N\\r\\nSuite B\\r\\nseattle\\r\\nwa\\r\\n98103\",\"48\":{\"new1\":{\"type\":\"1\",\"fields\":{\"backgroundImage\":\"\",\"backgroundColor\":\"#ffae96\",\"linkUrl\":\"\\/journal\",\"header\":\"Check\\r\\nout\\r\\nwhat\'s\\r\\nhappening\",\"subtext\":\"Our Journal\"}}},\"33\":\"info@\\r\\nturnstyle.\\r\\nstudio\",\"36\":\"206 \\r\\n297\\u20147390\",\"35\":\"206 \\r\\n297\\u20147350\\r\\n\"}}', '2016-11-02 20:49:02', '2016-11-02 20:49:02', '005f6f90-0f99-42f2-a88f-32468783bad1'),
 ('143', '55', '7', '1', 'en_us', '3', '', '{\"typeId\":\"7\",\"authorId\":\"1\",\"title\":\"Strategy\",\"slug\":\"strategy\",\"postDate\":1478025060,\"expiryDate\":null,\"enabled\":1,\"parentId\":\"\",\"fields\":{\"48\":\"\",\"45\":\"<p class=\\\"h3 caps\\\">&mdash; Logo<br>&mdash; Voice & Personality<br>&mdash; Visual System<br>&mdash; Guidelines<\\/p><p class=\\\"h3 caps\\\"><\\/p>\",\"46\":\"<p>In our heart of hearts, we are identity designers. Although our capabilities and experience extend to a wide range of design and strategy offerings, identity is at the core of everything we do. We love the challenge of crafting visual systems that capture our clients\' unique brand personas. Systems that clarify purpose, encourage action, and inspire brand loyalty. Whether we\\u2019re designing from the ground up, managing a transition, or building upon an established identity, the whole brand experience is always on our radar. We design identities that balance the use of iconic, enduring brand elements with the flexibility to evolve, surprise and delight.<\\/p>\"}}', '2016-11-02 21:31:31', '2016-11-02 21:31:31', '60a73cb8-4a3a-4187-aac4-7b40aa75ee47'),
 ('144', '55', '7', '1', 'en_us', '4', '', '{\"typeId\":\"7\",\"authorId\":\"1\",\"title\":\"Strategy\",\"slug\":\"strategy\",\"postDate\":1478025060,\"expiryDate\":null,\"enabled\":1,\"parentId\":\"\",\"fields\":{\"48\":{\"new1\":{\"type\":\"1\",\"fields\":{\"backgroundImage\":[\"97\"],\"backgroundColor\":\"#000000\",\"linkUrl\":\"\\/overview\",\"header\":\"See\\r\\nWhat \\r\\nMakes\\r\\nUs\\r\\nTick\",\"subtext\":\"Our Studio\"}}},\"45\":\"<p class=\\\"h3 caps\\\">&mdash; Logo<br>&mdash; Voice & Personality<br>&mdash; Visual System<br>&mdash; Guidelines<\\/p>\\r\\n\\r\\n<p class=\\\"h3 caps\\\"><\\/p>\",\"46\":\"<p>In our heart of hearts, we are identity designers. Although our capabilities and experience extend to a wide range of design and strategy offerings, identity is at the core of everything we do. We love the challenge of crafting visual systems that capture our clients\' unique brand personas. Systems that clarify purpose, encourage action, and inspire brand loyalty. Whether we\\u2019re designing from the ground up, managing a transition, or building upon an established identity, the whole brand experience is always on our radar. We design identities that balance the use of iconic, enduring brand elements with the flexibility to evolve, surprise and delight.<\\/p>\"}}', '2016-11-02 22:32:22', '2016-11-02 22:32:22', 'b8129e26-7d42-49e4-aef8-38a82daf7e77'),
 ('145', '101', '10', '1', 'en_us', '1', NULL, '{\"typeId\":\"11\",\"authorId\":null,\"title\":\"Studio\",\"slug\":\"studio\",\"postDate\":1478129400,\"expiryDate\":null,\"enabled\":1,\"parentId\":null,\"fields\":[]}', '2016-11-02 23:30:00', '2016-11-02 23:30:00', '654a7fa1-4e06-4760-b44a-1dc91898aaaf'),
 ('146', '101', '10', '1', 'en_us', '2', '', '{\"typeId\":null,\"authorId\":null,\"title\":\"Studio\",\"slug\":\"studio\",\"postDate\":1478129400,\"expiryDate\":null,\"enabled\":1,\"parentId\":null,\"fields\":{\"48\":{\"new1\":{\"type\":\"1\",\"fields\":{\"backgroundImage\":[\"97\"],\"backgroundColor\":\"#000000\",\"linkUrl\":\"\\/contact\",\"header\":\"Drop \\r\\nus \\r\\na \\r\\nline\",\"subtext\":\"Contact Us\"}}},\"45\":\"<p>Born in 2004<\\/p>\",\"46\":\"<p>We are a full-service creative agency with offices in Seattle and Portland. A dedicated team of designers, strategists, developers and account specialists, we create highly-crafted brand experiences that clarify purpose, encourage action, and inspire brand loyalty. We\\u2019d love to get to know you and help tell your story.&nbsp;<\\/p>\"}}', '2016-11-02 23:34:23', '2016-11-02 23:34:23', '787aba9d-3632-4186-93ec-1fb3dc9d7bd8'),
 ('147', '101', '10', '1', 'en_us', '3', '', '{\"typeId\":null,\"authorId\":null,\"title\":\"Studio\",\"slug\":\"studio\",\"postDate\":1478129400,\"expiryDate\":null,\"enabled\":1,\"parentId\":null,\"fields\":{\"48\":{\"102\":{\"type\":\"1\",\"fields\":{\"backgroundImage\":[\"97\"],\"backgroundColor\":\"#000000\",\"linkUrl\":\"\\/contact\",\"header\":\"Drop \\r\\nus \\r\\na \\r\\nline\",\"subtext\":\"Contact Us\"}}},\"45\":\"<p>Born in 2004<\\/p>\",\"46\":\"<p>We are a full-service creative agency with offices in Seattle and Portland. A dedicated team of designers, strategists, developers and account specialists, we create highly-crafted brand experiences that clarify purpose, encourage action, and inspire brand loyalty. We\\u2019d love to get to know you and help tell your story.&nbsp;<\\/p>\",\"10\":{\"new1\":{\"type\":\"carousel\",\"enabled\":\"1\",\"fields\":{\"images\":[\"48\",\"49\",\"50\"],\"verticalSpacingLevel\":\"vertical-spacing-2\"}},\"new2\":{\"type\":\"twoColumnContent\",\"enabled\":\"1\",\"fields\":{\"backgroundColor\":\"dark\",\"leftColumn\":\"<p class=\\\"h3 med\\\">STYLE<br>IS A<br>SIMPLE<br>WAY<br>OF<br>SAYING<br>COMPLEX<br>THINGS<br><span class=\\\"blue\\\">&mdash;JEAN<br>COCTEAU<\\/span><\\/p>\",\"rightColumn\":\"<p><img src=\\\"http:\\/\\/turnstyle.studio\\/_ui\\/img\\/work\\/t-1.svg#asset:60:url\\\"><\\/p>\",\"verticalSpacingLevel\":\"vertical-spacing-1\"}},\"new3\":{\"type\":\"twoColumnContent\",\"enabled\":\"1\",\"fields\":{\"backgroundColor\":\"dark\",\"leftColumn\":\"\\u200b<p>Style is Not a&nbsp;<br>4-letter Word<\\/p>\\u200b\\u200b\",\"rightColumn\":\"<p>In our experience, the brands that are the most magnetic are those which project distinct, memorable and charismatic personalities. These brands place equal emphasis on what they say and how they say it. Some design purists might say that style is merely artificial decoration that should be avoided in favor of logic&mdash;\\u201cform follows function\\u201d and all that. Don\\u2019t get us wrong, we\\u2019re not proponents of style for its own sake, or as ornament applied after an idea has already been defined. Rather, we employ style as an integral and strategic component of our brand-development process. At its best, style can be that magical something about a company or product that pulls people in and transcends the logical. So, to us, style is not a 4-letter word. On the contrary, we embrace it, harnessing its power to cut through the clutter.&nbsp;<\\/p>\\r\\n<p>And besides, \\u201cstyle\\u201d has five letters.<\\/p>\",\"verticalSpacingLevel\":\"vertical-spacing-1\"}},\"new4\":{\"type\":\"twoColumnContent\",\"enabled\":\"1\",\"fields\":{\"backgroundColor\":\"light\",\"leftColumn\":\"<p>We Do<\\/p>\",\"rightColumn\":\"<p class=\\\"h2 caps\\\"><a href=\\\"http:\\/\\/turnstyle.studio\\/strategy#entry:55:url\\\">Strategy<\\/a><br><a href=\\\"http:\\/\\/turnstyle.studio\\/identity#entry:56:url\\\">Identity<\\/a><br>Digital<br>Print<br>Packaging<br>Environment<\\/p>\",\"verticalSpacingLevel\":\"vertical-spacing-1\"}},\"new5\":{\"type\":\"twoColumnContent\",\"enabled\":\"1\",\"fields\":{\"backgroundColor\":\"light\",\"leftColumn\":\"<p>our<br>clients<br>&<br>industries<\\/p>\",\"rightColumn\":\"\",\"verticalSpacingLevel\":\"vertical-spacing-0\"}},\"new7\":{\"type\":\"twoColumnContent\",\"enabled\":\"1\",\"fields\":{\"backgroundColor\":\"light\",\"leftColumn\":\"<p><span class=\\\"gray\\\">Industry<\\/span><\\/p>\\r\\n<p class=\\\"h3 caps\\\">teague<br>nike<br>starbucks<br>microsoft<br>amazon<br>aiga<br>nordstrom<br>teague<br>nike<\\/p>\\r\\n\\r\\n\\r\\n<p><span class=\\\"gray\\\">Industry<\\/span><\\/p>\\r\\n\\r\\n\\r\\n<p class=\\\"h3 caps\\\">starbucks<br>microsoft<br>amazon<\\/p>\\r\\n\\r\\n\\r\\n<p><span class=\\\"gray\\\">Industry<\\/span><\\/p>\\r\\n\\r\\n\\r\\n<p class=\\\"h3 caps\\\">starbucks<br>microsoft<\\/p>\",\"rightColumn\":\"<p>Industry<br><\\/p>\\r\\n<p class=\\\"h3 caps\\\">starbucks<br>microsoft<br>amazon<\\/p>\\r\\n\\r\\n\\r\\n<p><span class=\\\"gray\\\">Industry<\\/span><\\/p>\\r\\n\\r\\n\\r\\n<p class=\\\"h3 caps\\\">teague<br>nike<br>starbucks<br>microsoft<br>amazon<br>aiga<br>nordstrom<br>teague<br>nike<\\/p>\\r\\n\\r\\n\\r\\n<p><span class=\\\"gray\\\"><br><\\/span><\\/p>\\r\\n\\r\\n<p><span class=\\\"gray\\\">Industry<\\/span><\\/p>\\r\\n\\r\\n\\r\\n<p class=\\\"h3 caps\\\">starbucks<br>microsoft<\\/p>\",\"verticalSpacingLevel\":\"vertical-spacing-0\"}}}}}', '2016-11-02 23:38:39', '2016-11-02 23:38:39', 'd56aa4f4-34da-49af-82c0-f359ccf326f6'),
 ('149', '101', '10', '1', 'en_us', '4', '', '{\"typeId\":\"11\",\"authorId\":null,\"title\":\"Studio\",\"slug\":\"studio\",\"postDate\":1478129954,\"expiryDate\":null,\"enabled\":1,\"parentId\":null,\"fields\":{\"48\":{\"102\":{\"type\":\"1\",\"fields\":{\"backgroundImage\":[\"97\"],\"backgroundColor\":\"#000000\",\"linkUrl\":\"\\/contact\",\"header\":\"Drop \\r\\nus \\r\\na \\r\\nline\",\"subtext\":\"Contact Us\"}}},\"45\":\"<p>Born in 2004<\\/p>\",\"46\":\"<p>We are a full-service creative agency with offices in Seattle and Portland. A dedicated team of designers, strategists, developers and account specialists, we create highly-crafted brand experiences that clarify purpose, encourage action, and inspire brand loyalty. We\\u2019d love to get to know you and help tell your story.&nbsp;<\\/p>\",\"10\":{\"103\":{\"type\":\"carousel\",\"enabled\":\"1\",\"fields\":{\"images\":[\"48\",\"49\",\"50\"],\"verticalSpacingLevel\":\"vertical-spacing-2\"}},\"104\":{\"type\":\"twoColumnContent\",\"enabled\":\"1\",\"fields\":{\"backgroundColor\":\"dark\",\"leftColumn\":\"<p class=\\\"h3 med\\\">STYLE<br>IS A<br>SIMPLE<br>WAY<br>OF<br>SAYING<br>COMPLEX<br>THINGS<br><span class=\\\"blue\\\">&mdash;JEAN<br>COCTEAU<\\/span><\\/p>\",\"rightColumn\":\"<p><img src=\\\"http:\\/\\/turnstyle.studio\\/_ui\\/img\\/work\\/t-1.svg#asset:60:url\\\"><\\/p>\",\"verticalSpacingLevel\":\"vertical-spacing-1\"}},\"105\":{\"type\":\"twoColumnContent\",\"enabled\":\"1\",\"fields\":{\"backgroundColor\":\"dark\",\"leftColumn\":\"<p><br><\\/p><p>Style is Not a&nbsp;<br>4-letter Word<\\/p>\\r\\n\\r\\n\",\"rightColumn\":\"<p>In our experience, the brands that are the most magnetic are those which project distinct, memorable and charismatic personalities. These brands place equal emphasis on what they say and how they say it. Some design purists might say that style is merely artificial decoration that should be avoided in favor of logic&mdash;\\u201cform follows function\\u201d and all that. Don\\u2019t get us wrong, we\\u2019re not proponents of style for its own sake, or as ornament applied after an idea has already been defined. Rather, we employ style as an integral and strategic component of our brand-development process. At its best, style can be that magical something about a company or product that pulls people in and transcends the logical. So, to us, style is not a 4-letter word. On the contrary, we embrace it, harnessing its power to cut through the clutter.&nbsp;<\\/p>\\r\\n\\r\\n<p>And besides, \\u201cstyle\\u201d has five letters.<\\/p>\",\"verticalSpacingLevel\":\"vertical-spacing-1\"}},\"106\":{\"type\":\"twoColumnContent\",\"enabled\":\"1\",\"fields\":{\"backgroundColor\":\"light\",\"leftColumn\":\"<p>We Do<\\/p>\",\"rightColumn\":\"<p class=\\\"h2 caps\\\"><a href=\\\"http:\\/\\/turnstyle.studio\\/strategy#entry:55:url\\\">Strategy<\\/a><br><a href=\\\"http:\\/\\/turnstyle.studio\\/identity#entry:56:url\\\">Identity<\\/a><br>Digital<br>Print<br>Packaging<br>Environment<\\/p>\",\"verticalSpacingLevel\":\"vertical-spacing-1\"}},\"107\":{\"type\":\"twoColumnContent\",\"enabled\":\"1\",\"fields\":{\"backgroundColor\":\"light\",\"leftColumn\":\"<p class=\\\"h3 caps\\\">our<br>clients<br>&<br>industries<\\/p>\\r\\n<p class=\\\"h3 caps\\\"><\\/p>\",\"rightColumn\":\"\",\"verticalSpacingLevel\":\"vertical-spacing-0\"}},\"108\":{\"type\":\"twoColumnContent\",\"enabled\":\"1\",\"fields\":{\"backgroundColor\":\"light\",\"leftColumn\":\"<p><span class=\\\"gray\\\">Industry<\\/span><\\/p>\\r\\n\\r\\n<p class=\\\"h3 caps\\\">teague<br>nike<br>starbucks<br>microsoft<br>amazon<br>aiga<br>nordstrom<br>teague<br>nike<\\/p>\\r\\n\\r\\n\\r\\n\\r\\n\\r\\n\\r\\n<p><span class=\\\"gray\\\">Industry<\\/span><\\/p>\\r\\n\\r\\n\\r\\n\\r\\n\\r\\n\\r\\n<p class=\\\"h3 caps\\\">starbucks<br>microsoft<br>amazon<\\/p>\\r\\n\\r\\n\\r\\n\\r\\n\\r\\n\\r\\n<p><span class=\\\"gray\\\">Industry<\\/span><\\/p>\\r\\n\\r\\n\\r\\n\\r\\n\\r\\n\\r\\n<p class=\\\"h3 caps\\\">starbucks<br>microsoft<\\/p>\",\"rightColumn\":\"<p>Industry<br><\\/p>\\r\\n\\r\\n<p class=\\\"h3 caps\\\">starbucks<br>microsoft<br>amazon<\\/p>\\r\\n\\r\\n\\r\\n\\r\\n\\r\\n\\r\\n<p><span class=\\\"gray\\\">Industry<\\/span><\\/p>\\r\\n\\r\\n\\r\\n\\r\\n\\r\\n\\r\\n<p class=\\\"h3 caps\\\">teague<br>nike<br>starbucks<br>microsoft<br>amazon<br>aiga<br>nordstrom<br>teague<br>nike<\\/p>\\r\\n\\r\\n\\r\\n\\r\\n\\r\\n\\r\\n<p><span class=\\\"gray\\\"><br><\\/span><\\/p>\\r\\n\\r\\n\\r\\n\\r\\n<p><span class=\\\"gray\\\">Industry<\\/span><\\/p>\\r\\n\\r\\n\\r\\n\\r\\n\\r\\n\\r\\n<p class=\\\"h3 caps\\\">starbucks<br>microsoft<\\/p>\",\"verticalSpacingLevel\":\"vertical-spacing-0\"}}}}}', '2016-11-02 23:42:14', '2016-11-02 23:42:14', 'b5447cd3-0e01-4065-a937-032928763b25'),
 ('150', '101', '10', '1', 'en_us', '5', '', '{\"typeId\":\"11\",\"authorId\":null,\"title\":\"Studio\",\"slug\":\"studio\",\"postDate\":1478129954,\"expiryDate\":null,\"enabled\":1,\"parentId\":null,\"fields\":{\"48\":{\"102\":{\"type\":\"1\",\"fields\":{\"backgroundImage\":[\"97\"],\"backgroundColor\":\"#000000\",\"linkUrl\":\"\\/contact\",\"header\":\"Drop \\r\\nus \\r\\na \\r\\nline\",\"subtext\":\"Contact Us\"}}},\"45\":\"<p>Born in 2004<\\/p>\",\"46\":\"<p>We are a full-service creative agency with offices in Seattle and Portland. A dedicated team of designers, strategists, developers and account specialists, we create highly-crafted brand experiences that clarify purpose, encourage action, and inspire brand loyalty. We\\u2019d love to get to know you and help tell your story.&nbsp;<\\/p>\",\"10\":{\"103\":{\"type\":\"carousel\",\"enabled\":\"1\",\"fields\":{\"images\":[\"48\",\"49\",\"50\"],\"verticalSpacingLevel\":\"vertical-spacing-2\"}},\"104\":{\"type\":\"twoColumnContent\",\"enabled\":\"1\",\"fields\":{\"backgroundColor\":\"dark\",\"leftColumn\":\"<p class=\\\"h3 med\\\">STYLE<br>IS A<br>SIMPLE<br>WAY<br>OF<br>SAYING<br>COMPLEX<br>THINGS<br><span class=\\\"blue\\\">&mdash;JEAN<br>COCTEAU<\\/span><\\/p>\",\"rightColumn\":\"<p><img src=\\\"http:\\/\\/turnstyle.studio\\/_ui\\/img\\/work\\/t-1.svg#asset:60:url\\\"><\\/p>\",\"verticalSpacingLevel\":\"vertical-spacing-1\"}},\"105\":{\"type\":\"twoColumnContent\",\"enabled\":\"1\",\"fields\":{\"backgroundColor\":\"dark\",\"leftColumn\":\"<p><br><\\/p>\\r\\n\\r\\n<p>Style is Not a&nbsp;<br>4-letter Word<\\/p>\",\"rightColumn\":\"<p>In our experience, the brands that are the most magnetic are those which project distinct, memorable and charismatic personalities. These brands place equal emphasis on what they say and how they say it. Some design purists might say that style is merely artificial decoration that should be avoided in favor of logic&mdash;\\u201cform follows function\\u201d and all that. Don\\u2019t get us wrong, we\\u2019re not proponents of style for its own sake, or as ornament applied after an idea has already been defined. Rather, we employ style as an integral and strategic component of our brand-development process. At its best, style can be that magical something about a company or product that pulls people in and transcends the logical. So, to us, style is not a 4-letter word. On the contrary, we embrace it, harnessing its power to cut through the clutter.&nbsp;<\\/p>\\r\\n\\r\\n<p>And besides, \\u201cstyle\\u201d has five letters.<\\/p>\",\"verticalSpacingLevel\":\"vertical-spacing-1\"}},\"106\":{\"type\":\"twoColumnContent\",\"enabled\":\"1\",\"fields\":{\"backgroundColor\":\"light\",\"leftColumn\":\"<p>We Do<\\/p>\",\"rightColumn\":\"<p class=\\\"h2 caps\\\"><a href=\\\"http:\\/\\/turnstyle.studio\\/strategy#entry:55:url\\\">Strategy<\\/a><br><a href=\\\"http:\\/\\/turnstyle.studio\\/identity#entry:56:url\\\">Identity<\\/a><br>Digital<br>Print<br>Packaging<br>Environment<\\/p>\",\"verticalSpacingLevel\":\"vertical-spacing-1\"}},\"107\":{\"type\":\"twoColumnContent\",\"enabled\":\"1\",\"fields\":{\"backgroundColor\":\"light\",\"leftColumn\":\"<p class=\\\"h3 caps\\\">our<br>clients<br>&<br>industries<\\/p>\\r\\n\\r\\n<p class=\\\"h3 caps\\\"><\\/p>\",\"rightColumn\":\"\",\"verticalSpacingLevel\":\"vertical-spacing-0\"}},\"108\":{\"type\":\"twoColumnContent\",\"enabled\":\"1\",\"fields\":{\"backgroundColor\":\"light\",\"leftColumn\":\"<p><span class=\\\"gray\\\">Industry<\\/span><\\/p>\\r\\n\\r\\n<p class=\\\"h3 caps\\\">teague<br>nike<br>starbucks<br>microsoft<br>amazon<br>aiga<br>nordstrom<br>teague<br>nike<\\/p>\\r\\n\\r\\n\\r\\n\\r\\n\\r\\n\\r\\n\\r\\n\\r\\n<p><span class=\\\"gray\\\">Industry<\\/span><\\/p>\\r\\n\\r\\n\\r\\n\\r\\n\\r\\n\\r\\n\\r\\n\\r\\n<p class=\\\"h3 caps\\\">starbucks<br>microsoft<br>amazon<\\/p>\\r\\n\\r\\n\\r\\n\\r\\n\\r\\n\\r\\n\\r\\n\\r\\n<p><span class=\\\"gray\\\">Industry<\\/span><\\/p>\\r\\n\\r\\n\\r\\n\\r\\n\\r\\n\\r\\n\\r\\n\\r\\n<p class=\\\"h3 caps\\\">starbucks<br>microsoft<\\/p>\",\"rightColumn\":\"<p>Industry<br><\\/p>\\r\\n\\r\\n<p class=\\\"h3 caps\\\">starbucks<br>microsoft<br>amazon<\\/p>\\r\\n\\r\\n\\r\\n\\r\\n\\r\\n\\r\\n\\r\\n\\r\\n<p><span class=\\\"gray\\\">Industry<\\/span><\\/p>\\r\\n\\r\\n\\r\\n\\r\\n\\r\\n\\r\\n\\r\\n\\r\\n<p class=\\\"h3 caps\\\">teague<br>nike<br>starbucks<br>microsoft<br>amazon<br>aiga<br>nordstrom<br>teague<br>nike<\\/p>\\r\\n\\r\\n\\r\\n\\r\\n\\r\\n\\r\\n\\r\\n\\r\\n<p><span class=\\\"gray\\\"><br><\\/span><\\/p>\\r\\n\\r\\n\\r\\n\\r\\n\\r\\n\\r\\n<p><span class=\\\"gray\\\">Industry<\\/span><\\/p>\\r\\n\\r\\n\\r\\n\\r\\n\\r\\n\\r\\n\\r\\n\\r\\n<p class=\\\"h3 caps\\\">starbucks<br>microsoft<\\/p>\",\"verticalSpacingLevel\":\"vertical-spacing-0\"}}},\"47\":\"<p>08\\/2016 &mdash; IdN Magazine v23n2<\\/p>\\r\\n\\r\\n<p>06\\/2016 &mdash; Communication Arts Design Annual 2016<\\/p>\\r\\n\\r\\n<p>05\\/2016 &mdash; PRINT Magazine Regional Design Annual 2016<\\/p>\\r\\n\\r\\n<p>03\\/2016 &mdash; Communication Arts Design Annual 2015<\\/p>\\r\\n\\r\\n<p>02\\/2016 &mdash; IdN Magazine v23n2<\\/p>\\r\\n\\r\\n<p>12\\/2015 &mdash; Communication Arts Design Annual 2016<\\/p>\\r\\n\\r\\n<p>10\\/2015 &mdash; PRINT Magazine Regional Design Annual 2016<\\/p>\\r\\n\\r\\n<p>10\\/2015 &mdash; Communication Arts Design Annual 2015<\\/p>\\r\\n\\r\\n<p>06\\/2015 &mdash; PRINT Magazine Regional Design Annual 2016<\\/p>\\r\\n\\r\\n<p>02\\/2015 &mdash; Communication Arts Design Annual 2015<\\/p>\",\"44\":\"Meet\\r\\nOur\\r\\nTalented\\r\\nTeam\"}}', '2016-11-02 23:43:28', '2016-11-02 23:43:28', 'ef03962b-35d5-4602-ac34-071f9dc764c0'),
 ('151', '101', '10', '1', 'en_us', '6', '', '{\"typeId\":\"11\",\"authorId\":null,\"title\":\"Studio\",\"slug\":\"studio\",\"postDate\":1478129954,\"expiryDate\":null,\"enabled\":1,\"parentId\":null,\"fields\":{\"48\":{\"102\":{\"type\":\"1\",\"fields\":{\"backgroundImage\":[\"97\"],\"backgroundColor\":\"#000000\",\"linkUrl\":\"\\/contact\",\"header\":\"Drop \\r\\nus \\r\\na \\r\\nline\",\"subtext\":\"Contact Us\"}}},\"45\":\"<p>Born in 2004<\\/p>\",\"46\":\"<p>We are a full-service creative agency with offices in Seattle and Portland. A dedicated team of designers, strategists, developers and account specialists, we create highly-crafted brand experiences that clarify purpose, encourage action, and inspire brand loyalty. We\\u2019d love to get to know you and help tell your story.&nbsp;<\\/p>\",\"10\":{\"103\":{\"type\":\"carousel\",\"enabled\":\"1\",\"fields\":{\"images\":[\"48\",\"49\",\"50\"],\"verticalSpacingLevel\":\"vertical-spacing-2\"}},\"104\":{\"type\":\"twoColumnContent\",\"enabled\":\"1\",\"fields\":{\"backgroundColor\":\"dark\",\"leftColumn\":\"<p class=\\\"h3 med\\\">STYLE<br>IS A<br>SIMPLE<br>WAY<br>OF<br>SAYING<br>COMPLEX<br>THINGS<br><span class=\\\"blue\\\">&mdash;JEAN<br>COCTEAU<\\/span><\\/p>\",\"rightColumn\":\"<p><img src=\\\"http:\\/\\/turnstyle.studio\\/_ui\\/img\\/work\\/t-1.svg#asset:60:url\\\"><\\/p>\",\"verticalSpacingLevel\":\"vertical-spacing-1\"}},\"105\":{\"type\":\"twoColumnContent\",\"enabled\":\"1\",\"fields\":{\"backgroundColor\":\"dark\",\"leftColumn\":\"<p><br><\\/p>\\r\\n\\r\\n<p>Style is Not a&nbsp;<br>4-letter Word<\\/p>\",\"rightColumn\":\"<p>In our experience, the brands that are the most magnetic are those which project distinct, memorable and charismatic personalities. These brands place equal emphasis on what they say and how they say it. Some design purists might say that style is merely artificial decoration that should be avoided in favor of logic&mdash;\\u201cform follows function\\u201d and all that. Don\\u2019t get us wrong, we\\u2019re not proponents of style for its own sake, or as ornament applied after an idea has already been defined. Rather, we employ style as an integral and strategic component of our brand-development process. At its best, style can be that magical something about a company or product that pulls people in and transcends the logical. So, to us, style is not a 4-letter word. On the contrary, we embrace it, harnessing its power to cut through the clutter.&nbsp;<\\/p>\\r\\n\\r\\n<p>And besides, \\u201cstyle\\u201d has five letters.<\\/p>\",\"verticalSpacingLevel\":\"vertical-spacing-1\"}},\"106\":{\"type\":\"twoColumnContent\",\"enabled\":\"1\",\"fields\":{\"backgroundColor\":\"light\",\"leftColumn\":\"<p>We Do<\\/p>\",\"rightColumn\":\"<p class=\\\"h2 caps\\\"><a href=\\\"\\/strategy\\\">Strategy<\\/a><br><a href=\\\"\\/identity\\\">Identity<\\/a><br>Digital<br>Print<br>Packaging<br>Environment<\\/p>\",\"verticalSpacingLevel\":\"vertical-spacing-1\"}},\"107\":{\"type\":\"twoColumnContent\",\"enabled\":\"1\",\"fields\":{\"backgroundColor\":\"light\",\"leftColumn\":\"<p class=\\\"h3 caps\\\">our<br>clients<br>&<br>industries<\\/p>\\r\\n\\r\\n<p class=\\\"h3 caps\\\"><\\/p>\",\"rightColumn\":\"\",\"verticalSpacingLevel\":\"vertical-spacing-0\"}},\"108\":{\"type\":\"twoColumnContent\",\"enabled\":\"1\",\"fields\":{\"backgroundColor\":\"light\",\"leftColumn\":\"<p><span class=\\\"gray\\\">Industry<\\/span><\\/p>\\r\\n\\r\\n<p class=\\\"h3 caps\\\">teague<br>nike<br>starbucks<br>microsoft<br>amazon<br>aiga<br>nordstrom<br>teague<br>nike<\\/p>\\r\\n\\r\\n\\r\\n\\r\\n\\r\\n\\r\\n\\r\\n\\r\\n\\r\\n\\r\\n<p><span class=\\\"gray\\\">Industry<\\/span><\\/p>\\r\\n\\r\\n\\r\\n\\r\\n\\r\\n\\r\\n\\r\\n\\r\\n\\r\\n\\r\\n<p class=\\\"h3 caps\\\">starbucks<br>microsoft<br>amazon<\\/p>\\r\\n\\r\\n\\r\\n\\r\\n\\r\\n\\r\\n\\r\\n\\r\\n\\r\\n\\r\\n<p><span class=\\\"gray\\\">Industry<\\/span><\\/p>\\r\\n\\r\\n\\r\\n\\r\\n\\r\\n\\r\\n\\r\\n\\r\\n\\r\\n\\r\\n<p class=\\\"h3 caps\\\">starbucks<br>microsoft<\\/p>\",\"rightColumn\":\"<p>Industry<br><\\/p>\\r\\n\\r\\n<p class=\\\"h3 caps\\\">starbucks<br>microsoft<br>amazon<\\/p>\\r\\n\\r\\n\\r\\n\\r\\n\\r\\n\\r\\n\\r\\n\\r\\n\\r\\n\\r\\n<p><span class=\\\"gray\\\">Industry<\\/span><\\/p>\\r\\n\\r\\n\\r\\n\\r\\n\\r\\n\\r\\n\\r\\n\\r\\n\\r\\n\\r\\n<p class=\\\"h3 caps\\\">teague<br>nike<br>starbucks<br>microsoft<br>amazon<br>aiga<br>nordstrom<br>teague<br>nike<\\/p>\\r\\n\\r\\n\\r\\n\\r\\n\\r\\n\\r\\n\\r\\n\\r\\n\\r\\n\\r\\n<p><span class=\\\"gray\\\"><br><\\/span><\\/p>\\r\\n\\r\\n\\r\\n\\r\\n\\r\\n\\r\\n\\r\\n\\r\\n<p><span class=\\\"gray\\\">Industry<\\/span><\\/p>\\r\\n\\r\\n\\r\\n\\r\\n\\r\\n\\r\\n\\r\\n\\r\\n\\r\\n\\r\\n<p class=\\\"h3 caps\\\">starbucks<br>microsoft<\\/p>\",\"verticalSpacingLevel\":\"vertical-spacing-0\"}}},\"47\":\"<p>08\\/2016 &mdash; IdN Magazine v23n2<\\/p>\\r\\n\\r\\n<p>06\\/2016 &mdash; Communication Arts Design Annual 2016<\\/p>\\r\\n\\r\\n\\r\\n\\r\\n<p>05\\/2016 &mdash; PRINT Magazine Regional Design Annual 2016<\\/p>\\r\\n\\r\\n\\r\\n\\r\\n<p>03\\/2016 &mdash; Communication Arts Design Annual 2015<\\/p>\\r\\n\\r\\n\\r\\n\\r\\n<p>02\\/2016 &mdash; IdN Magazine v23n2<\\/p>\\r\\n\\r\\n\\r\\n\\r\\n<p>12\\/2015 &mdash; Communication Arts Design Annual 2016<\\/p>\\r\\n\\r\\n\\r\\n\\r\\n<p>10\\/2015 &mdash; PRINT Magazine Regional Design Annual 2016<\\/p>\\r\\n\\r\\n\\r\\n\\r\\n<p>10\\/2015 &mdash; Communication Arts Design Annual 2015<\\/p>\\r\\n\\r\\n\\r\\n\\r\\n<p>06\\/2015 &mdash; PRINT Magazine Regional Design Annual 2016<\\/p>\\r\\n\\r\\n\\r\\n\\r\\n<p>02\\/2015 &mdash; Communication Arts Design Annual 2015<\\/p>\",\"44\":\"Meet\\r\\nOur\\r\\nTalented\\r\\nTeam\"}}', '2016-11-03 20:14:04', '2016-11-03 20:14:04', '9487f3dd-1f55-444f-98ce-53de38473eaf'),
 ('152', '101', '10', '1', 'en_us', '7', '', '{\"typeId\":\"11\",\"authorId\":null,\"title\":\"Studio\",\"slug\":\"studio\",\"postDate\":1478129954,\"expiryDate\":null,\"enabled\":1,\"parentId\":null,\"fields\":{\"48\":{\"102\":{\"type\":\"1\",\"fields\":{\"backgroundImage\":[\"97\"],\"backgroundColor\":\"#000000\",\"linkUrl\":\"\\/contact\",\"header\":\"Drop \\r\\nus \\r\\na \\r\\nline\",\"subtext\":\"Contact Us\"}}},\"45\":\"<p>Born in 2004<\\/p>\",\"46\":\"<p>We are a full-service creative agency with offices in Seattle and Portland. A dedicated team of designers, strategists, developers and account specialists, we create highly-crafted brand experiences that clarify purpose, encourage action, and inspire brand loyalty. We\\u2019d love to get to know you and help tell your story.&nbsp;<\\/p>\",\"10\":{\"103\":{\"type\":\"carousel\",\"enabled\":\"1\",\"fields\":{\"images\":[\"48\",\"49\",\"50\"],\"verticalSpacingLevel\":\"vertical-spacing-2\"}},\"104\":{\"type\":\"twoColumnContent\",\"enabled\":\"1\",\"fields\":{\"backgroundColor\":\"dark\",\"leftColumn\":\"<p class=\\\"h3 med\\\">STYLE<br>IS A<br>SIMPLE<br>WAY<br>OF<br>SAYING<br>COMPLEX<br>THINGS<br><span class=\\\"blue\\\">&mdash;JEAN<br>COCTEAU<\\/span><\\/p>\",\"rightColumn\":\"<p><img src=\\\"http:\\/\\/turnstyle.studio\\/_ui\\/img\\/work\\/t-1.svg#asset:60:url\\\"><\\/p>\",\"verticalSpacingLevel\":\"vertical-spacing-1\"}},\"105\":{\"type\":\"twoColumnContent\",\"enabled\":\"1\",\"fields\":{\"backgroundColor\":\"dark\",\"leftColumn\":\"<p>Style is Not a&nbsp;<br>4-letter Word<\\/p>\",\"rightColumn\":\"<p>In our experience, the brands that are the most magnetic are those which project distinct, memorable and charismatic personalities. These brands place equal emphasis on what they say and how they say it. Some design purists might say that style is merely artificial decoration that should be avoided in favor of logic&mdash;\\u201cform follows function\\u201d and all that. Don\\u2019t get us wrong, we\\u2019re not proponents of style for its own sake, or as ornament applied after an idea has already been defined. Rather, we employ style as an integral and strategic component of our brand-development process. At its best, style can be that magical something about a company or product that pulls people in and transcends the logical. So, to us, style is not a 4-letter word. On the contrary, we embrace it, harnessing its power to cut through the clutter.&nbsp;<\\/p>\\r\\n\\r\\n<p>And besides, \\u201cstyle\\u201d has five letters.<\\/p>\",\"verticalSpacingLevel\":\"vertical-spacing-1\"}},\"106\":{\"type\":\"twoColumnContent\",\"enabled\":\"1\",\"fields\":{\"backgroundColor\":\"light\",\"leftColumn\":\"<p>We Do<\\/p>\",\"rightColumn\":\"<p class=\\\"h2 caps\\\"><a href=\\\"\\/strategy\\\" data-color=\\\"3c00ff\\\">Strategy<\\/a><br><a href=\\\"\\/identity\\\" data-color=\\\"3c00ff\\\">Identity<\\/a><br>Digital<br>Print<br>Packaging<br>Environment<\\/p>\",\"verticalSpacingLevel\":\"vertical-spacing-1\"}},\"107\":{\"type\":\"twoColumnContent\",\"enabled\":\"1\",\"fields\":{\"backgroundColor\":\"light\",\"leftColumn\":\"<p class=\\\"h3 caps\\\">our<br>clients<br>&<br>industries<\\/p>\\r\\n\\r\\n<p class=\\\"h3 caps\\\"><\\/p>\",\"rightColumn\":\"\",\"verticalSpacingLevel\":\"vertical-spacing-0\"}},\"108\":{\"type\":\"twoColumnContent\",\"enabled\":\"1\",\"fields\":{\"backgroundColor\":\"light\",\"leftColumn\":\"<p><span class=\\\"gray\\\">Industry<\\/span><\\/p>\\r\\n\\r\\n<p class=\\\"h3 caps\\\">teague<br>nike<br>starbucks<br>microsoft<br>amazon<br>aiga<br>nordstrom<br>teague<br>nike<\\/p>\\r\\n\\r\\n\\r\\n\\r\\n\\r\\n\\r\\n\\r\\n\\r\\n\\r\\n\\r\\n\\r\\n\\r\\n<p><span class=\\\"gray\\\">Industry<\\/span><\\/p>\\r\\n\\r\\n\\r\\n\\r\\n\\r\\n\\r\\n\\r\\n\\r\\n\\r\\n\\r\\n\\r\\n\\r\\n<p class=\\\"h3 caps\\\">starbucks<br>microsoft<br>amazon<\\/p>\\r\\n\\r\\n\\r\\n\\r\\n\\r\\n\\r\\n\\r\\n\\r\\n\\r\\n\\r\\n\\r\\n\\r\\n<p><span class=\\\"gray\\\">Industry<\\/span><\\/p>\\r\\n\\r\\n\\r\\n\\r\\n\\r\\n\\r\\n\\r\\n\\r\\n\\r\\n\\r\\n\\r\\n\\r\\n<p class=\\\"h3 caps\\\">starbucks<br>microsoft<\\/p>\",\"rightColumn\":\"<p>Industry<br><\\/p>\\r\\n\\r\\n<p class=\\\"h3 caps\\\">starbucks<br>microsoft<br>amazon<\\/p>\\r\\n\\r\\n\\r\\n\\r\\n\\r\\n\\r\\n\\r\\n\\r\\n\\r\\n\\r\\n\\r\\n\\r\\n<p><span class=\\\"gray\\\">Industry<\\/span><\\/p>\\r\\n\\r\\n\\r\\n\\r\\n\\r\\n\\r\\n\\r\\n\\r\\n\\r\\n\\r\\n\\r\\n\\r\\n<p class=\\\"h3 caps\\\">teague<br>nike<br>starbucks<br>microsoft<br>amazon<br>aiga<br>nordstrom<br>teague<br>nike<\\/p>\\r\\n\\r\\n\\r\\n\\r\\n\\r\\n\\r\\n\\r\\n\\r\\n\\r\\n\\r\\n\\r\\n\\r\\n<p><span class=\\\"gray\\\"><br><\\/span><\\/p>\\r\\n\\r\\n\\r\\n\\r\\n\\r\\n\\r\\n\\r\\n\\r\\n\\r\\n\\r\\n<p><span class=\\\"gray\\\">Industry<\\/span><\\/p>\\r\\n\\r\\n\\r\\n\\r\\n\\r\\n\\r\\n\\r\\n\\r\\n\\r\\n\\r\\n\\r\\n\\r\\n<p class=\\\"h3 caps\\\">starbucks<br>microsoft<\\/p>\",\"verticalSpacingLevel\":\"vertical-spacing-0\"}}},\"47\":\"<p>08\\/2016 &mdash; IdN Magazine v23n2<\\/p>\\r\\n\\r\\n<p>06\\/2016 &mdash; Communication Arts Design Annual 2016<\\/p>\\r\\n\\r\\n\\r\\n\\r\\n\\r\\n\\r\\n<p>05\\/2016 &mdash; PRINT Magazine Regional Design Annual 2016<\\/p>\\r\\n\\r\\n\\r\\n\\r\\n\\r\\n\\r\\n<p>03\\/2016 &mdash; Communication Arts Design Annual 2015<\\/p>\\r\\n\\r\\n\\r\\n\\r\\n\\r\\n\\r\\n<p>02\\/2016 &mdash; IdN Magazine v23n2<\\/p>\\r\\n\\r\\n\\r\\n\\r\\n\\r\\n\\r\\n<p>12\\/2015 &mdash; Communication Arts Design Annual 2016<\\/p>\\r\\n\\r\\n\\r\\n\\r\\n\\r\\n\\r\\n<p>10\\/2015 &mdash; PRINT Magazine Regional Design Annual 2016<\\/p>\\r\\n\\r\\n\\r\\n\\r\\n\\r\\n\\r\\n<p>10\\/2015 &mdash; Communication Arts Design Annual 2015<\\/p>\\r\\n\\r\\n\\r\\n\\r\\n\\r\\n\\r\\n<p>06\\/2015 &mdash; PRINT Magazine Regional Design Annual 2016<\\/p>\\r\\n\\r\\n\\r\\n\\r\\n\\r\\n\\r\\n<p>02\\/2015 &mdash; Communication Arts Design Annual 2015<\\/p>\",\"44\":\"Meet\\r\\nOur\\r\\nTalented\\r\\nTeam\"}}', '2016-11-03 20:35:21', '2016-11-03 20:35:21', '790807c0-01d3-4330-9eed-7135b23863ef'),
 ('153', '101', '10', '1', 'en_us', '8', '', '{\"typeId\":\"11\",\"authorId\":null,\"title\":\"Studio\",\"slug\":\"studio\",\"postDate\":1478129954,\"expiryDate\":null,\"enabled\":1,\"parentId\":null,\"fields\":{\"48\":{\"102\":{\"type\":\"1\",\"fields\":{\"backgroundImage\":[\"97\"],\"backgroundColor\":\"#000000\",\"linkUrl\":\"\\/contact\",\"header\":\"Drop \\r\\nus \\r\\na \\r\\nline\",\"subtext\":\"Contact Us\"}}},\"45\":\"<p>Born in 2004<\\/p>\",\"46\":\"<p>We are a full-service creative agency with offices in Seattle and Portland. A dedicated team of designers, strategists, developers and account specialists, we create highly-crafted brand experiences that clarify purpose, encourage action, and inspire brand loyalty. We\\u2019d love to get to know you and help tell your story.&nbsp;<\\/p>\",\"10\":{\"103\":{\"type\":\"carousel\",\"enabled\":\"1\",\"fields\":{\"images\":[\"48\",\"49\",\"50\"],\"verticalSpacingLevel\":\"vertical-spacing-2\"}},\"104\":{\"type\":\"twoColumnContent\",\"enabled\":\"1\",\"fields\":{\"backgroundColor\":\"dark\",\"leftColumn\":\"<p class=\\\"h3 med\\\">STYLE<br>IS A<br>SIMPLE<br>WAY<br>OF<br>SAYING<br>COMPLEX<br>THINGS<br><span class=\\\"blue\\\">&mdash;JEAN<br>COCTEAU<\\/span><\\/p>\",\"rightColumn\":\"<p><img src=\\\"http:\\/\\/turnstyle.studio\\/_ui\\/img\\/work\\/t-1.svg#asset:60:url\\\"><\\/p>\",\"verticalSpacingLevel\":\"vertical-spacing-1\"}},\"105\":{\"type\":\"twoColumnContent\",\"enabled\":\"1\",\"fields\":{\"backgroundColor\":\"dark\",\"leftColumn\":\"<p>Style is Not a&nbsp;<br>4-letter Word<\\/p>\",\"rightColumn\":\"<p>In our experience, the brands that are the most magnetic are those which project distinct, memorable and charismatic personalities. These brands place equal emphasis on what they say and how they say it. Some design purists might say that style is merely artificial decoration that should be avoided in favor of logic&mdash;\\u201cform follows function\\u201d and all that. Don\\u2019t get us wrong, we\\u2019re not proponents of style for its own sake, or as ornament applied after an idea has already been defined. Rather, we employ style as an integral and strategic component of our brand-development process. At its best, style can be that magical something about a company or product that pulls people in and transcends the logical. So, to us, style is not a 4-letter word. On the contrary, we embrace it, harnessing its power to cut through the clutter.&nbsp;<\\/p>\\r\\n\\r\\n<p>And besides, \\u201cstyle\\u201d has five letters.<\\/p>\",\"verticalSpacingLevel\":\"vertical-spacing-1\"}},\"106\":{\"type\":\"twoColumnContent\",\"enabled\":\"1\",\"fields\":{\"backgroundColor\":\"light\",\"leftColumn\":\"<p>We Do<\\/p>\",\"rightColumn\":\"<p class=\\\"h2 caps\\\"><a href=\\\"\\/strategy\\\" data-color=\\\"#3c00ff\\\">Strategy<\\/a><br><a href=\\\"\\/identity\\\" data-color=\\\"#3c00ff\\\">Identity<\\/a><br>Digital<br>Print<br>Packaging<br>Environment<\\/p>\",\"verticalSpacingLevel\":\"vertical-spacing-1\"}},\"107\":{\"type\":\"twoColumnContent\",\"enabled\":\"1\",\"fields\":{\"backgroundColor\":\"light\",\"leftColumn\":\"<p class=\\\"h3 caps\\\">our<br>clients<br>&<br>industries<\\/p>\\r\\n\\r\\n<p class=\\\"h3 caps\\\"><\\/p>\",\"rightColumn\":\"\",\"verticalSpacingLevel\":\"vertical-spacing-0\"}},\"108\":{\"type\":\"twoColumnContent\",\"enabled\":\"1\",\"fields\":{\"backgroundColor\":\"light\",\"leftColumn\":\"<p><span class=\\\"gray\\\">Industry<\\/span><\\/p>\\r\\n\\r\\n<p class=\\\"h3 caps\\\">teague<br>nike<br>starbucks<br>microsoft<br>amazon<br>aiga<br>nordstrom<br>teague<br>nike<\\/p>\\r\\n\\r\\n\\r\\n\\r\\n\\r\\n\\r\\n\\r\\n\\r\\n\\r\\n\\r\\n\\r\\n\\r\\n\\r\\n\\r\\n<p><span class=\\\"gray\\\">Industry<\\/span><\\/p>\\r\\n\\r\\n\\r\\n\\r\\n\\r\\n\\r\\n\\r\\n\\r\\n\\r\\n\\r\\n\\r\\n\\r\\n\\r\\n\\r\\n<p class=\\\"h3 caps\\\">starbucks<br>microsoft<br>amazon<\\/p>\\r\\n\\r\\n\\r\\n\\r\\n\\r\\n\\r\\n\\r\\n\\r\\n\\r\\n\\r\\n\\r\\n\\r\\n\\r\\n\\r\\n<p><span class=\\\"gray\\\">Industry<\\/span><\\/p>\\r\\n\\r\\n\\r\\n\\r\\n\\r\\n\\r\\n\\r\\n\\r\\n\\r\\n\\r\\n\\r\\n\\r\\n\\r\\n\\r\\n<p class=\\\"h3 caps\\\">starbucks<br>microsoft<\\/p>\",\"rightColumn\":\"<p>Industry<br><\\/p>\\r\\n\\r\\n<p class=\\\"h3 caps\\\">starbucks<br>microsoft<br>amazon<\\/p>\\r\\n\\r\\n\\r\\n\\r\\n\\r\\n\\r\\n\\r\\n\\r\\n\\r\\n\\r\\n\\r\\n\\r\\n\\r\\n\\r\\n<p><span class=\\\"gray\\\">Industry<\\/span><\\/p>\\r\\n\\r\\n\\r\\n\\r\\n\\r\\n\\r\\n\\r\\n\\r\\n\\r\\n\\r\\n\\r\\n\\r\\n\\r\\n\\r\\n<p class=\\\"h3 caps\\\">teague<br>nike<br>starbucks<br>microsoft<br>amazon<br>aiga<br>nordstrom<br>teague<br>nike<\\/p>\\r\\n\\r\\n\\r\\n\\r\\n\\r\\n\\r\\n\\r\\n\\r\\n\\r\\n\\r\\n\\r\\n\\r\\n\\r\\n\\r\\n<p><span class=\\\"gray\\\"><br><\\/span><\\/p>\\r\\n\\r\\n\\r\\n\\r\\n\\r\\n\\r\\n\\r\\n\\r\\n\\r\\n\\r\\n\\r\\n\\r\\n<p><span class=\\\"gray\\\">Industry<\\/span><\\/p>\\r\\n\\r\\n\\r\\n\\r\\n\\r\\n\\r\\n\\r\\n\\r\\n\\r\\n\\r\\n\\r\\n\\r\\n\\r\\n\\r\\n<p class=\\\"h3 caps\\\">starbucks<br>microsoft<\\/p>\",\"verticalSpacingLevel\":\"vertical-spacing-0\"}}},\"47\":\"<p>08\\/2016 &mdash; IdN Magazine v23n2<\\/p>\\r\\n\\r\\n<p>06\\/2016 &mdash; Communication Arts Design Annual 2016<\\/p>\\r\\n\\r\\n\\r\\n\\r\\n\\r\\n\\r\\n\\r\\n\\r\\n<p>05\\/2016 &mdash; PRINT Magazine Regional Design Annual 2016<\\/p>\\r\\n\\r\\n\\r\\n\\r\\n\\r\\n\\r\\n\\r\\n\\r\\n<p>03\\/2016 &mdash; Communication Arts Design Annual 2015<\\/p>\\r\\n\\r\\n\\r\\n\\r\\n\\r\\n\\r\\n\\r\\n\\r\\n<p>02\\/2016 &mdash; IdN Magazine v23n2<\\/p>\\r\\n\\r\\n\\r\\n\\r\\n\\r\\n\\r\\n\\r\\n\\r\\n<p>12\\/2015 &mdash; Communication Arts Design Annual 2016<\\/p>\\r\\n\\r\\n\\r\\n\\r\\n\\r\\n\\r\\n\\r\\n\\r\\n<p>10\\/2015 &mdash; PRINT Magazine Regional Design Annual 2016<\\/p>\\r\\n\\r\\n\\r\\n\\r\\n\\r\\n\\r\\n\\r\\n\\r\\n<p>10\\/2015 &mdash; Communication Arts Design Annual 2015<\\/p>\\r\\n\\r\\n\\r\\n\\r\\n\\r\\n\\r\\n\\r\\n\\r\\n<p>06\\/2015 &mdash; PRINT Magazine Regional Design Annual 2016<\\/p>\\r\\n\\r\\n\\r\\n\\r\\n\\r\\n\\r\\n\\r\\n\\r\\n<p>02\\/2015 &mdash; Communication Arts Design Annual 2015<\\/p>\",\"44\":\"Meet\\r\\nOur\\r\\nTalented\\r\\nTeam\"}}', '2016-11-03 20:36:51', '2016-11-03 20:36:51', '7a144b51-92db-4529-b7d1-7386f6b708f8'),
 ('154', '112', '2', '1', 'en_us', '1', '', '{\"typeId\":null,\"authorId\":\"1\",\"title\":\"turnstyle featured in idn magazine\",\"slug\":\"turnstyle-featured-in-idn-magazine\",\"postDate\":1478208957,\"expiryDate\":null,\"enabled\":1,\"parentId\":null,\"fields\":{\"10\":\"\"}}', '2016-11-03 21:35:57', '2016-11-03 21:35:57', 'eda54c6d-ef69-4556-b019-80d8d315d7b1'),
 ('155', '112', '2', '1', 'en_us', '2', '', '{\"typeId\":\"2\",\"authorId\":\"1\",\"title\":\"turnstyle featured in idn magazine\",\"slug\":\"turnstyle-featured-in-idn-magazine\",\"postDate\":1478208900,\"expiryDate\":null,\"enabled\":1,\"parentId\":null,\"fields\":{\"55\":\"#daff00\",\"56\":\"\",\"54\":[\"109\"],\"10\":\"\"}}', '2016-11-03 21:37:30', '2016-11-03 21:37:30', 'b7113cd2-6677-413b-81bf-5a618e34359c'),
 ('156', '112', '2', '1', 'en_us', '3', '', '{\"typeId\":\"2\",\"authorId\":\"1\",\"title\":\"turnstyle featured in idn magazine\",\"slug\":\"turnstyle-featured-in-idn-magazine\",\"postDate\":1478208900,\"expiryDate\":null,\"enabled\":1,\"parentId\":null,\"fields\":{\"55\":\"#daff00\",\"56\":[\"114\"],\"54\":[\"109\"],\"10\":{\"new1\":{\"type\":\"centeredText\",\"enabled\":\"1\",\"fields\":{\"text\":\"<p>Lorem ipsum dolor sit amet, consectetur adipiscing elit. Integer posuere erat a ante venenatis dapibus posuere velit aliquet. Donec ullamcorper nulla non metus auctor fringilla. Nulla vitae elit libero, a pharetra augue. Fusce dapibus, tellus ac cursus commodo, tortor mauris condimentum nibh, ut fermentum massa justo sit amet risus. Etiam porta sem malesuada magna mollis euismod.<\\/p>\",\"verticalSpacingLevel\":\"vertical-spacing-1\"}},\"new2\":{\"type\":\"carousel\",\"enabled\":\"1\",\"fields\":{\"images\":[\"48\",\"49\",\"50\"],\"verticalSpacingLevel\":\"vertical-spacing-2\"}}}}}', '2016-11-03 21:38:50', '2016-11-03 21:38:50', '5a34c492-11b0-49eb-8987-baf8d8a9304c'),
 ('157', '118', '2', '1', 'en_us', '1', '', '{\"typeId\":null,\"authorId\":\"1\",\"title\":\"We\'re building our own building\",\"slug\":\"were-building-our-own-building\",\"postDate\":1478209431,\"expiryDate\":null,\"enabled\":1,\"parentId\":null,\"fields\":{\"55\":\"#000000\",\"56\":[\"117\"],\"54\":[\"111\"],\"10\":{\"new1\":{\"type\":\"centeredText\",\"enabled\":\"1\",\"fields\":{\"text\":\"<p>Together with our brand strategy partners at&nbsp;<a href=\\\"http:\\/\\/stokestrategy.com\\/\\\">Stoke,<\\/a>&nbsp;Turnstyle is breaking ground on a new 5,000 sq. foot office in August 2016. The building will serve as home for 20+ strategists, designers and developers. Located on Canal Street, the park-side project borders the Burke-Gilman Trail and overlooks the Fremont Cut waterway. &nbsp;<\\/p>\\r\\n\\r\\n<p>\\\"The firms continue to grow, and our need for space was at odds with the long-term lease trends of Seattle,\\u201d said Stoke partner Erin Quick. \\u201cIt makes good financial sense for the businesses, and for the firms\\u2019 practices. We\\u2019re creating a unique place where creative thinkers can do their best work, and clients can collaborate with us in new and different ways.\\u201d<\\/p>\\r\\n\\r\\n<p>On the street level, a cafe-style collaboration space serves as a foundation to two levels with open-floor studios and meeting space. Designed with 16\\u2019 floor-to-ceiling windows, the plan takes advantage of the views over the trail and canal.<\\/p>\\r\\n\\r\\n<p>\\u201cThe work areas will be bathed with natural light. An open atrium at the center creates visual interest, with the benefit of passive solar design,\\u201d said Ben Graham, partner at Turnstyle. \\u201cIt\'s a design-friendly environment that makes the best of our open, collaborative work style.\\u201d&nbsp;<\\/p>\\r\\n\\r\\n<p>\\u201cThe commercial office market is racing, and the long-term value for buyers in Seattle looks good,\\u201d noted Graham. \\u201cAs the business environment accelerates, having a place that minimizes our commutes, offers easy access to downtown, with everyday access to great restaurants, and enhances mobility options on the Burke-Gilman Trail \\u2013 all with a deck and a view \\u2013 seemed like a winning combination.\\u201d<\\/p>\\r\\n\\r\\n<p>The architecture was led by award-winning&nbsp;<a href=\\\"http:\\/\\/heliotropearchitects.com\\/\\\">Heliotrope,<\\/a>&nbsp;of Ballard. Seattle\\u2019s&nbsp;<a href=\\\"http:\\/\\/westernventures.com\\/\\\">Western Ventures<\\/a>serves as the general contractor.<\\/p>\\r\\n\\r\\n<p>Construction is targeted for completion in June, 2017.<\\/p>\",\"verticalSpacingLevel\":\"vertical-spacing-0\"}}}}}', '2016-11-03 21:43:51', '2016-11-03 21:43:51', 'ea2982b6-1dbd-4bf4-9669-0dc75d21875e'),
 ('158', '122', '2', '1', 'en_us', '1', '', '{\"typeId\":null,\"authorId\":\"1\",\"title\":\"Turnstyle principal serves as juror for communication arts design annual\",\"slug\":\"turnstyle-principal-serves-as-juror-for-communication-arts-design-annual\",\"postDate\":1478209624,\"expiryDate\":null,\"enabled\":1,\"parentId\":null,\"fields\":{\"55\":\"#ff7fc5\",\"56\":[\"121\"],\"54\":[\"111\"],\"10\":{\"new1\":{\"type\":\"centeredText\",\"enabled\":\"1\",\"fields\":{\"text\":\"<p>Turnstyle principal and creative director Steven Watson was invited to serve as a juror for Communication Arts magazine\\u2019s 56th Annual Design Competition. Communication Arts is a professional journal for designers, art directors, design firms, corporate design departments, agencies and everyone involved in visual communications. The CA Design Annual, published each September,&nbsp;is one of the most respected competitions in our industry.&nbsp;<\\/p>\\r\\n\\r\\n<p>Of the 4,083 entries to the 56th Design Annual, only 153 were accepted, representing the work of 141 designers, design firms and in-house design departments, making the Design Annual the most exclusive major design competition in the world. Entries were selected on the basis of creative excellence and quality of execution.<\\/p>\\r\\n\\r\\n<p>Steve screened entries along with five other jurors: Kelly Bjork (VSA Partners), Dora Drimalas (Hybrid-Design), Jay Fletcher (J Fletcher Deisgn), Jeffrey Keyton (MTV), and Jean Coyne (executive editor of Communication Arts magazine). It was an honor to be asked to participate alongside such accomplished fellow jurors.<\\/p>\\r\\n\\r\\n<p>In the column that accompanies the design competition, Steve was asked for his point of view on the entries and the design trends they represent. He replied that \\u201ctechnology will continue to change how we consume media, images, and messages. But the underlying principles of design will always be relevant in communicating effectively, regardless of how the future evolves.\\u201d<\\/p>\",\"verticalSpacingLevel\":\"vertical-spacing-0\"}},\"new2\":{\"type\":\"insetImage\",\"enabled\":\"1\",\"fields\":{\"image\":[\"120\"],\"verticalSpacingLevel\":\"vertical-spacing-0\",\"backgroundColor\":\"#000000\"}}}}}', '2016-11-03 21:47:05', '2016-11-03 21:47:05', 'ac4ff672-87b5-4ec9-9ab5-cab75ae0dfa9'),
 ('159', '122', '2', '1', 'en_us', '2', '', '{\"typeId\":\"2\",\"authorId\":\"1\",\"title\":\"Turnstyle Principal Serves as Juror for Communication Arts Design Annual\",\"slug\":\"turnstyle-principal-serves-as-juror-for-communication-arts-design-annual\",\"postDate\":1478209620,\"expiryDate\":null,\"enabled\":1,\"parentId\":null,\"fields\":{\"55\":\"#ff7fc5\",\"56\":[\"121\"],\"54\":[\"111\"],\"10\":{\"123\":{\"type\":\"centeredText\",\"enabled\":\"1\",\"fields\":{\"text\":\"<p>Turnstyle principal and creative director Steven Watson was invited to serve as a juror for Communication Arts magazine\\u2019s 56th Annual Design Competition. Communication Arts is a professional journal for designers, art directors, design firms, corporate design departments, agencies and everyone involved in visual communications. The CA Design Annual, published each September,&nbsp;is one of the most respected competitions in our industry.&nbsp;<\\/p>\\r\\n\\r\\n<p>Of the 4,083 entries to the 56th Design Annual, only 153 were accepted, representing the work of 141 designers, design firms and in-house design departments, making the Design Annual the most exclusive major design competition in the world. Entries were selected on the basis of creative excellence and quality of execution.<\\/p>\\r\\n\\r\\n\\r\\n\\r\\n<p>Steve screened entries along with five other jurors: Kelly Bjork (VSA Partners), Dora Drimalas (Hybrid-Design), Jay Fletcher (J Fletcher Deisgn), Jeffrey Keyton (MTV), and Jean Coyne (executive editor of Communication Arts magazine). It was an honor to be asked to participate alongside such accomplished fellow jurors.<\\/p>\\r\\n\\r\\n\\r\\n\\r\\n<p>In the column that accompanies the design competition, Steve was asked for his point of view on the entries and the design trends they represent. He replied that \\u201ctechnology will continue to change how we consume media, images, and messages. But the underlying principles of design will always be relevant in communicating effectively, regardless of how the future evolves.\\u201d<\\/p>\",\"verticalSpacingLevel\":\"vertical-spacing-0\"}},\"124\":{\"type\":\"insetImage\",\"enabled\":\"1\",\"fields\":{\"image\":[\"120\"],\"verticalSpacingLevel\":\"vertical-spacing-0\",\"backgroundColor\":\"#000000\"}}}}}', '2016-11-03 21:58:08', '2016-11-03 21:58:08', '7782dad4-6d64-49f5-9c96-70f8614a8ce1'),
 ('160', '118', '2', '1', 'en_us', '2', '', '{\"typeId\":\"2\",\"authorId\":\"1\",\"title\":\"We\'re Building Our Own Building\",\"slug\":\"were-building-our-own-building\",\"postDate\":1478209380,\"expiryDate\":null,\"enabled\":1,\"parentId\":null,\"fields\":{\"55\":\"#000000\",\"56\":[\"117\"],\"54\":[\"111\"],\"10\":{\"119\":{\"type\":\"centeredText\",\"enabled\":\"1\",\"fields\":{\"text\":\"<p>Together with our brand strategy partners at&nbsp;<a href=\\\"http:\\/\\/stokestrategy.com\\/\\\">Stoke,<\\/a>&nbsp;Turnstyle is breaking ground on a new 5,000 sq. foot office in August 2016. The building will serve as home for 20+ strategists, designers and developers. Located on Canal Street, the park-side project borders the Burke-Gilman Trail and overlooks the Fremont Cut waterway. &nbsp;<\\/p>\\r\\n\\r\\n<p>\\\"The firms continue to grow, and our need for space was at odds with the long-term lease trends of Seattle,\\u201d said Stoke partner Erin Quick. \\u201cIt makes good financial sense for the businesses, and for the firms\\u2019 practices. We\\u2019re creating a unique place where creative thinkers can do their best work, and clients can collaborate with us in new and different ways.\\u201d<\\/p>\\r\\n\\r\\n\\r\\n\\r\\n<p>On the street level, a cafe-style collaboration space serves as a foundation to two levels with open-floor studios and meeting space. Designed with 16\\u2019 floor-to-ceiling windows, the plan takes advantage of the views over the trail and canal.<\\/p>\\r\\n\\r\\n\\r\\n\\r\\n<p>\\u201cThe work areas will be bathed with natural light. An open atrium at the center creates visual interest, with the benefit of passive solar design,\\u201d said Ben Graham, partner at Turnstyle. \\u201cIt\'s a design-friendly environment that makes the best of our open, collaborative work style.\\u201d&nbsp;<\\/p>\\r\\n\\r\\n\\r\\n\\r\\n<p>\\u201cThe commercial office market is racing, and the long-term value for buyers in Seattle looks good,\\u201d noted Graham. \\u201cAs the business environment accelerates, having a place that minimizes our commutes, offers easy access to downtown, with everyday access to great restaurants, and enhances mobility options on the Burke-Gilman Trail \\u2013 all with a deck and a view \\u2013 seemed like a winning combination.\\u201d<\\/p>\\r\\n\\r\\n\\r\\n\\r\\n<p>The architecture was led by award-winning&nbsp;<a href=\\\"http:\\/\\/heliotropearchitects.com\\/\\\">Heliotrope,<\\/a>&nbsp;of Ballard. Seattle\\u2019s&nbsp;<a href=\\\"http:\\/\\/westernventures.com\\/\\\">Western Ventures<\\/a>serves as the general contractor.<\\/p>\\r\\n\\r\\n\\r\\n\\r\\n<p>Construction is targeted for completion in June, 2017.<\\/p>\",\"verticalSpacingLevel\":\"vertical-spacing-0\"}}}}}', '2016-11-03 21:58:27', '2016-11-03 21:58:27', '06562b99-c649-437c-badb-d9252e480806'),
 ('161', '112', '2', '1', 'en_us', '4', '', '{\"typeId\":\"2\",\"authorId\":\"1\",\"title\":\"Turnstyle Featured in IdN Magazine\",\"slug\":\"turnstyle-featured-in-idn-magazine\",\"postDate\":1478208900,\"expiryDate\":null,\"enabled\":1,\"parentId\":null,\"fields\":{\"55\":\"#daff00\",\"56\":[\"114\"],\"54\":[\"109\"],\"10\":{\"115\":{\"type\":\"centeredText\",\"enabled\":\"1\",\"fields\":{\"text\":\"<p>Lorem ipsum dolor sit amet, consectetur adipiscing elit. Integer posuere erat a ante venenatis dapibus posuere velit aliquet. Donec ullamcorper nulla non metus auctor fringilla. Nulla vitae elit libero, a pharetra augue. Fusce dapibus, tellus ac cursus commodo, tortor mauris condimentum nibh, ut fermentum massa justo sit amet risus. Etiam porta sem malesuada magna mollis euismod.<\\/p>\",\"verticalSpacingLevel\":\"vertical-spacing-1\"}},\"116\":{\"type\":\"carousel\",\"enabled\":\"1\",\"fields\":{\"images\":[\"48\",\"49\",\"50\"],\"verticalSpacingLevel\":\"vertical-spacing-2\"}}}}}', '2016-11-03 21:58:53', '2016-11-03 21:58:53', '29eea4fa-89e4-40a9-9c20-3e7f5bb7a040'),
 ('162', '122', '2', '1', 'en_us', '3', '', '{\"typeId\":\"2\",\"authorId\":\"1\",\"title\":\"Turnstyle Principal Serves as Juror for Communication Arts Design Annual\",\"slug\":\"turnstyle-principal-serves-as-juror-for-communication-arts-design-annual\",\"postDate\":1478209620,\"expiryDate\":null,\"enabled\":1,\"parentId\":null,\"fields\":{\"48\":{\"new1\":{\"type\":\"1\",\"fields\":{\"backgroundImage\":\"\",\"backgroundColor\":\"#ffae96\",\"linkUrl\":\"\\/journal\",\"header\":\"I\\r\\nWanna\\r\\nRead\\r\\nMore\",\"subtext\":\"Our Journal\"}}},\"55\":\"#ff7fc5\",\"56\":[\"121\"],\"54\":[\"111\"],\"10\":{\"123\":{\"type\":\"centeredText\",\"enabled\":\"1\",\"fields\":{\"text\":\"<p>Turnstyle principal and creative director Steven Watson was invited to serve as a juror for Communication Arts magazine\\u2019s 56th Annual Design Competition. Communication Arts is a professional journal for designers, art directors, design firms, corporate design departments, agencies and everyone involved in visual communications. The CA Design Annual, published each September,&nbsp;is one of the most respected competitions in our industry.&nbsp;<\\/p>\\r\\n\\r\\n<p>Of the 4,083 entries to the 56th Design Annual, only 153 were accepted, representing the work of 141 designers, design firms and in-house design departments, making the Design Annual the most exclusive major design competition in the world. Entries were selected on the basis of creative excellence and quality of execution.<\\/p>\\r\\n\\r\\n\\r\\n\\r\\n\\r\\n\\r\\n<p>Steve screened entries along with five other jurors: Kelly Bjork (VSA Partners), Dora Drimalas (Hybrid-Design), Jay Fletcher (J Fletcher Deisgn), Jeffrey Keyton (MTV), and Jean Coyne (executive editor of Communication Arts magazine). It was an honor to be asked to participate alongside such accomplished fellow jurors.<\\/p>\\r\\n\\r\\n\\r\\n\\r\\n\\r\\n\\r\\n<p>In the column that accompanies the design competition, Steve was asked for his point of view on the entries and the design trends they represent. He replied that \\u201ctechnology will continue to change how we consume media, images, and messages. But the underlying principles of design will always be relevant in communicating effectively, regardless of how the future evolves.\\u201d<\\/p>\",\"verticalSpacingLevel\":\"vertical-spacing-0\"}},\"124\":{\"type\":\"insetImage\",\"enabled\":\"1\",\"fields\":{\"image\":[\"120\"],\"verticalSpacingLevel\":\"vertical-spacing-0\",\"backgroundColor\":\"#000000\"}}}}}', '2016-11-03 23:15:46', '2016-11-03 23:15:46', 'b1bceb2b-e437-4d34-b3ed-5815ee95d60d'),
 ('163', '122', '2', '1', 'en_us', '4', '', '{\"typeId\":\"2\",\"authorId\":\"1\",\"title\":\"Turnstyle Principal Serves as Juror for Communication Arts Design Annual\",\"slug\":\"turnstyle-principal-serves-as-juror-for-communication-arts-design-annual\",\"postDate\":1478209620,\"expiryDate\":null,\"enabled\":1,\"parentId\":null,\"fields\":{\"48\":{\"125\":{\"type\":\"1\",\"fields\":{\"backgroundImage\":\"\",\"backgroundColor\":\"#ffae96\",\"linkUrl\":\"\\/journal\",\"header\":\"I\\r\\nWanna\\r\\nRead\\r\\nMore\",\"subtext\":\"Our Journal\"}}},\"55\":\"#ff7fc5\",\"56\":[\"121\"],\"54\":[\"111\"],\"10\":{\"123\":{\"type\":\"centeredText\",\"enabled\":\"1\",\"fields\":{\"text\":\"<p>Turnstyle principal and creative director Steven Watson was invited to serve as a juror for Communication Arts magazine\\u2019s 56th Annual Design Competition. Communication Arts is a professional journal for designers, art directors, design firms, corporate design departments, agencies and everyone involved in visual communications. The CA Design Annual, published each September,&nbsp;is one of the most respected competitions in our industry.&nbsp;<\\/p>\\r\\n\\r\\n<p>Of the 4,083 entries to the 56th Design Annual, only 153 were accepted, representing the work of 141 designers, design firms and in-house design departments, making the Design Annual the most exclusive major design competition in the world. Entries were selected on the basis of creative excellence and quality of execution.<\\/p>\\r\\n\\r\\n\\r\\n\\r\\n\\r\\n\\r\\n\\r\\n\\r\\n<p>Steve screened entries along with five other jurors: Kelly Bjork (VSA Partners), Dora Drimalas (Hybrid-Design), Jay Fletcher (J Fletcher Deisgn), Jeffrey Keyton (MTV), and Jean Coyne (executive editor of Communication Arts magazine). It was an honor to be asked to participate alongside such accomplished fellow jurors.<\\/p>\\r\\n\\r\\n\\r\\n\\r\\n\\r\\n\\r\\n\\r\\n\\r\\n<p>In the column that accompanies the design competition, Steve was asked for his point of view on the entries and the design trends they represent. He replied that \\u201ctechnology will continue to change how we consume media, images, and messages. But the underlying principles of design will always be relevant in communicating effectively, regardless of how the future evolves.\\u201d<\\/p>\",\"verticalSpacingLevel\":\"vertical-spacing-0\"}},\"124\":{\"type\":\"insetImage\",\"enabled\":\"1\",\"fields\":{\"image\":[\"120\"],\"verticalSpacingLevel\":\"vertical-spacing-0\",\"backgroundColor\":\"#000000\"}}}}}', '2016-11-03 23:18:13', '2016-11-03 23:18:13', '884014c4-f0e6-4738-a771-2e4ae273eb8b'),
 ('164', '122', '2', '1', 'en_us', '5', '', '{\"typeId\":\"2\",\"authorId\":\"1\",\"title\":\"Turnstyle Principal Serves as Juror for Communication Arts Design Annual\",\"slug\":\"turnstyle-principal-serves-as-juror-for-communication-arts-design-annual\",\"postDate\":1478209620,\"expiryDate\":null,\"enabled\":1,\"parentId\":null,\"fields\":{\"48\":{\"125\":{\"type\":\"1\",\"fields\":{\"backgroundImage\":\"\",\"backgroundColor\":\"#ffae96\",\"linkUrl\":\"\\/journal\",\"header\":\"I\\r\\nWanna\\r\\nRead\\r\\nMore\",\"subtext\":\"Our Journal\"}}},\"55\":\"#ff7fc5\",\"56\":[\"121\"],\"54\":[\"111\"],\"10\":{\"123\":{\"type\":\"centeredText\",\"enabled\":\"1\",\"fields\":{\"text\":\"<p>Turnstyle principal and creative director Steven Watson was invited to serve as a juror for Communication Arts magazine\\u2019s 56th Annual Design Competition. Communication Arts is a professional journal for designers, art directors, design firms, corporate design departments, agencies and everyone involved in visual communications. The CA Design Annual, published each September,&nbsp;is one of the most respected competitions in our industry.&nbsp;<\\/p>\\r\\n\\r\\n<p>Of the 4,083 entries to the 56th Design Annual, only 153 were accepted, representing the work of 141 designers, design firms and in-house design departments, making the Design Annual the most exclusive major design competition in the world. Entries were selected on the basis of creative excellence and quality of execution.<\\/p>\\r\\n\\r\\n\\r\\n\\r\\n\\r\\n\\r\\n\\r\\n\\r\\n\\r\\n\\r\\n<p>Steve screened entries along with five other jurors: Kelly Bjork (VSA Partners), Dora Drimalas (Hybrid-Design), Jay Fletcher (J Fletcher Deisgn), Jeffrey Keyton (MTV), and Jean Coyne (executive editor of Communication Arts magazine). It was an honor to be asked to participate alongside such accomplished fellow jurors.<\\/p>\\r\\n\\r\\n\\r\\n\\r\\n\\r\\n\\r\\n\\r\\n\\r\\n\\r\\n\\r\\n<p>In the column that accompanies the design competition, Steve was asked for his point of view on the entries and the design trends they represent. He replied that \\u201ctechnology will continue to change how we consume media, images, and messages. But the underlying principles of design will always be relevant in communicating effectively, regardless of how the future evolves.\\u201d<\\/p>\",\"verticalSpacingLevel\":\"vertical-spacing-0\"}},\"124\":{\"type\":\"insetImage\",\"enabled\":\"1\",\"fields\":{\"image\":[\"120\"],\"verticalSpacingLevel\":\"vertical-spacing-0\",\"backgroundColor\":\"#ffffff\"}}}}}', '2016-11-03 23:18:33', '2016-11-03 23:18:33', '75a68866-3d9a-4365-bf6b-88c0fcee41a4'),
 ('165', '122', '2', '1', 'en_us', '6', '', '{\"typeId\":\"2\",\"authorId\":\"1\",\"title\":\"Turnstyle Principal Serves as Juror for Communication Arts Design Annual\",\"slug\":\"turnstyle-principal-serves-as-juror-for-communication-arts-design-annual\",\"postDate\":1478209620,\"expiryDate\":null,\"enabled\":1,\"parentId\":null,\"fields\":{\"48\":{\"125\":{\"type\":\"1\",\"fields\":{\"backgroundImage\":\"\",\"backgroundColor\":\"#ffae96\",\"linkUrl\":\"\\/journal\",\"header\":\"I\\r\\nWanna\\r\\nRead\\r\\nMore\",\"subtext\":\"Our Journal\"}}},\"55\":\"#ff7fc5\",\"56\":[\"121\"],\"54\":[\"111\"],\"10\":{\"123\":{\"type\":\"centeredText\",\"enabled\":\"1\",\"fields\":{\"text\":\"<p>Turnstyle principal and creative director Steven Watson was invited to serve as a juror for Communication Arts magazine\\u2019s 56th Annual Design Competition. Communication Arts is a professional journal for designers, art directors, design firms, corporate design departments, agencies and everyone involved in visual communications. The CA Design Annual, published each September,&nbsp;is one of the most respected competitions in our industry.&nbsp;<\\/p>\\r\\n\\r\\n<p>Of the 4,083 entries to the 56th Design Annual, only 153 were accepted, representing the work of 141 designers, design firms and in-house design departments, making the Design Annual the most exclusive major design competition in the world. Entries were selected on the basis of creative excellence and quality of execution.<\\/p>\",\"verticalSpacingLevel\":\"vertical-spacing-1\"}},\"124\":{\"type\":\"insetImage\",\"enabled\":\"1\",\"fields\":{\"image\":[\"120\"],\"verticalSpacingLevel\":\"vertical-spacing-1\",\"backgroundColor\":\"#ffffff\"}},\"new1\":{\"type\":\"centeredText\",\"enabled\":\"1\",\"fields\":{\"text\":\"<p>Steve screened entries along with five other jurors: Kelly Bjork (VSA Partners), Dora Drimalas (Hybrid-Design), Jay Fletcher (J Fletcher Deisgn), Jeffrey Keyton (MTV), and Jean Coyne (executive editor of Communication Arts magazine). It was an honor to be asked to participate alongside such accomplished fellow jurors.<\\/p>\\r\\n\\r\\n<p>In the column that accompanies the design competition, Steve was asked for his point of view on the entries and the design trends they represent. He replied that \\u201ctechnology will continue to change how we consume media, images, and messages. But the underlying principles of design will always be relevant in communicating effectively, regardless of how the future evolves.\\u201d<\\/p>\",\"verticalSpacingLevel\":\"vertical-spacing-1\"}}}}}', '2016-11-04 15:59:58', '2016-11-04 15:59:58', '7e348d7a-7623-4f95-a5c9-56e7d1da9474'),
 ('166', '15', '3', '1', 'en_us', '47', '', '{\"typeId\":\"3\",\"authorId\":\"1\",\"title\":\"Packaging Entry\",\"slug\":\"packaging-entry\",\"postDate\":1476391140,\"expiryDate\":null,\"enabled\":1,\"parentId\":null,\"fields\":{\"14\":[{\"col1\":\"Recogonition\",\"col2\":\"Print Regional Design Annual 2015\"}],\"3\":[\"9\",\"10\",\"13\"],\"29\":\"off-black\",\"9\":\"Wake up\\r\\nStyle\\r\\nshoot\\r\\ndo it all\\r\\nagain\",\"7\":[\"26\"],\"4\":\"#ffae96\",\"8\":\"<p>Justin Gollmer, one of our go-to photography partners, asked us design a ten-year retrospective promotional brochure. <em>Wake, Style, Shoot, Do It All Again<\\/em> is a collection of images highlighting his work behind, beside, and around the camera. The brochure is divided into four sections that blur the lines between Gollmer\\u2019s personal and commercial work: people, action, travel, and product. Short sheets bound to the exterior provide thumbnail image guides to each section with captions for each image.<\\/p>\",\"10\":{\"28\":{\"type\":\"largeImage\",\"enabled\":\"1\",\"fields\":{\"image\":[\"27\"],\"layoutOptions\":\"full-width\",\"verticalSpacingLevel\":\"vertical-spacing-0\"}},\"41\":{\"type\":\"video\",\"enabled\":\"1\",\"fields\":{\"vimeoVideoId\":\"172827555\",\"autoplay\":\"1\",\"framed\":\"1\"}},\"31\":{\"type\":\"insetImage\",\"enabled\":\"1\",\"fields\":{\"image\":[\"30\"],\"verticalSpacingLevel\":\"vertical-spacing-2\",\"backgroundColor\":\"#d6ff2e\"}},\"53\":{\"type\":\"video\",\"enabled\":\"1\",\"fields\":{\"vimeoVideoId\":\"172827555\",\"autoplay\":\"1\",\"framed\":\"\"}},\"32\":{\"type\":\"imageWithDescription\",\"enabled\":\"1\",\"fields\":{\"position\":\"left\",\"image\":[\"30\"],\"description\":\"<p>Subtitle<\\/p>\\r\\n\\r\\n<p>Donec id elit non mi porta gravida at eget metus. Fusce dapibus, tellus ac cursus commodo, tortor mauris condimentum nibh, ut fermentum massa justo sit amet risus. Etiam porta sem malesuada magna mollis euismod. Lorem ipsum dolor sit.<\\/p>\",\"verticalSpacingLevel\":\"vertical-spacing-2\"}},\"37\":{\"type\":\"twoUpImages\",\"enabled\":\"1\",\"fields\":{\"leftImage\":[\"35\"],\"rightImage\":[\"36\"],\"verticalSpacingLevel\":\"vertical-spacing-0\"}},\"38\":{\"type\":\"centeredText\",\"enabled\":\"1\",\"fields\":{\"text\":\"<p>Subtitle<\\/p>\\r\\n\\r\\n<p>Donec id elit non mi porta gravida at eget metus. Fusce dapibus, tellus ac cursus commodo, tortor mauris condimentum nibh, ut fermentum massa justo sit amet risus. Etiam porta sem malesuada magna mollis euismod. Lorem ipsum dolor sit.<\\/p>\",\"verticalSpacingLevel\":\"vertical-spacing-4\"}},\"42\":{\"type\":\"video\",\"enabled\":\"1\",\"fields\":{\"vimeoVideoId\":\"172827555\",\"autoplay\":\"\",\"framed\":\"1\"}},\"52\":{\"type\":\"carousel\",\"enabled\":\"1\",\"fields\":{\"images\":[\"48\",\"49\",\"50\"],\"verticalSpacingLevel\":\"vertical-spacing-2\"}}},\"6\":\"Project Title Here\",\"5\":[\"21\"]}}', '2016-11-04 17:45:38', '2016-11-04 17:45:38', '893fe5d0-2132-40b0-aef8-fe823a4e4197'),
 ('167', '122', '2', '1', 'en_us', '7', '', '{\"typeId\":\"2\",\"authorId\":\"1\",\"title\":\"Turnstyle Principal Serves as Juror for Communication Arts Design Annual\",\"slug\":\"turnstyle-principal-serves-as-juror-for-communication-arts-design-annual\",\"postDate\":1478209620,\"expiryDate\":null,\"enabled\":1,\"parentId\":null,\"fields\":{\"48\":{\"125\":{\"type\":\"1\",\"fields\":{\"backgroundImage\":\"\",\"backgroundColor\":\"#ffae96\",\"linkUrl\":\"\\/journal\",\"header\":\"I\\r\\nWanna\\r\\nRead\\r\\nMore\",\"subtext\":\"Our Journal\"}}},\"55\":\"#ff7fc5\",\"29\":\"off-black\",\"56\":[\"121\"],\"54\":[\"111\"],\"10\":{\"123\":{\"type\":\"centeredText\",\"enabled\":\"1\",\"fields\":{\"text\":\"<p>Turnstyle principal and creative director Steven Watson was invited to serve as a juror for Communication Arts magazine\\u2019s 56th Annual Design Competition. Communication Arts is a professional journal for designers, art directors, design firms, corporate design departments, agencies and everyone involved in visual communications. The CA Design Annual, published each September,&nbsp;is one of the most respected competitions in our industry.&nbsp;<\\/p>\\r\\n\\r\\n<p>Of the 4,083 entries to the 56th Design Annual, only 153 were accepted, representing the work of 141 designers, design firms and in-house design departments, making the Design Annual the most exclusive major design competition in the world. Entries were selected on the basis of creative excellence and quality of execution.<\\/p>\",\"verticalSpacingLevel\":\"vertical-spacing-1\"}},\"124\":{\"type\":\"insetImage\",\"enabled\":\"1\",\"fields\":{\"image\":[\"120\"],\"verticalSpacingLevel\":\"vertical-spacing-1\",\"backgroundColor\":\"#ffffff\"}},\"126\":{\"type\":\"centeredText\",\"enabled\":\"1\",\"fields\":{\"text\":\"<p>Steve screened entries along with five other jurors: Kelly Bjork (VSA Partners), Dora Drimalas (Hybrid-Design), Jay Fletcher (J Fletcher Deisgn), Jeffrey Keyton (MTV), and Jean Coyne (executive editor of Communication Arts magazine). It was an honor to be asked to participate alongside such accomplished fellow jurors.<\\/p>\\r\\n\\r\\n<p>In the column that accompanies the design competition, Steve was asked for his point of view on the entries and the design trends they represent. He replied that \\u201ctechnology will continue to change how we consume media, images, and messages. But the underlying principles of design will always be relevant in communicating effectively, regardless of how the future evolves.\\u201d<\\/p>\",\"verticalSpacingLevel\":\"vertical-spacing-1\"}}}}}', '2016-11-04 17:58:19', '2016-11-04 17:58:19', '234ecba2-a913-4b9c-bb9c-13ba76d74191'),
 ('168', '122', '2', '1', 'en_us', '8', '', '{\"typeId\":\"2\",\"authorId\":\"1\",\"title\":\"Turnstyle Principal Serves as Juror for Communication Arts Design Annual\",\"slug\":\"turnstyle-principal-serves-as-juror-for-communication-arts-design-annual\",\"postDate\":1478209620,\"expiryDate\":null,\"enabled\":1,\"parentId\":null,\"fields\":{\"48\":{\"125\":{\"type\":\"1\",\"fields\":{\"backgroundImage\":\"\",\"backgroundColor\":\"#ffae96\",\"linkUrl\":\"\\/journal\",\"header\":\"I\\r\\nWanna\\r\\nRead\\r\\nMore\",\"subtext\":\"Our Journal\",\"fontColor\":\"#ffffff\"}}},\"55\":\"#ff7fc5\",\"29\":\"off-black\",\"56\":[\"121\"],\"54\":[\"111\"],\"10\":{\"123\":{\"type\":\"centeredText\",\"enabled\":\"1\",\"fields\":{\"text\":\"<p>Turnstyle principal and creative director Steven Watson was invited to serve as a juror for Communication Arts magazine\\u2019s 56th Annual Design Competition. Communication Arts is a professional journal for designers, art directors, design firms, corporate design departments, agencies and everyone involved in visual communications. The CA Design Annual, published each September,&nbsp;is one of the most respected competitions in our industry.&nbsp;<\\/p>\\r\\n\\r\\n<p>Of the 4,083 entries to the 56th Design Annual, only 153 were accepted, representing the work of 141 designers, design firms and in-house design departments, making the Design Annual the most exclusive major design competition in the world. Entries were selected on the basis of creative excellence and quality of execution.<\\/p>\",\"verticalSpacingLevel\":\"vertical-spacing-1\"}},\"124\":{\"type\":\"insetImage\",\"enabled\":\"1\",\"fields\":{\"image\":[\"120\"],\"verticalSpacingLevel\":\"vertical-spacing-1\",\"backgroundColor\":\"#ffffff\"}},\"126\":{\"type\":\"centeredText\",\"enabled\":\"1\",\"fields\":{\"text\":\"<p>Steve screened entries along with five other jurors: Kelly Bjork (VSA Partners), Dora Drimalas (Hybrid-Design), Jay Fletcher (J Fletcher Deisgn), Jeffrey Keyton (MTV), and Jean Coyne (executive editor of Communication Arts magazine). It was an honor to be asked to participate alongside such accomplished fellow jurors.<\\/p>\\r\\n\\r\\n<p>In the column that accompanies the design competition, Steve was asked for his point of view on the entries and the design trends they represent. He replied that \\u201ctechnology will continue to change how we consume media, images, and messages. But the underlying principles of design will always be relevant in communicating effectively, regardless of how the future evolves.\\u201d<\\/p>\",\"verticalSpacingLevel\":\"vertical-spacing-1\"}}}}}', '2016-11-04 18:32:55', '2016-11-04 18:32:55', '393ddc79-e586-44a5-995d-393a6f350e3e'),
 ('169', '122', '2', '1', 'en_us', '9', '', '{\"typeId\":\"2\",\"authorId\":\"1\",\"title\":\"Turnstyle Principal Serves as Juror for Communication Arts Design Annual\",\"slug\":\"turnstyle-principal-serves-as-juror-for-communication-arts-design-annual\",\"postDate\":1478209620,\"expiryDate\":null,\"enabled\":1,\"parentId\":null,\"fields\":{\"48\":{\"125\":{\"type\":\"1\",\"fields\":{\"backgroundImage\":\"\",\"backgroundColor\":\"#ffae96\",\"linkUrl\":\"\\/journal\",\"header\":\"I\\r\\nWanna\\r\\nRead\\r\\nMore\",\"subtext\":\"Our Journal\",\"fontColor\":\"#ffffff\"}}},\"55\":\"#ff7fc5\",\"29\":\"#daff00\",\"56\":[\"121\"],\"54\":[\"111\"],\"10\":{\"123\":{\"type\":\"centeredText\",\"enabled\":\"1\",\"fields\":{\"text\":\"<p>Turnstyle principal and creative director Steven Watson was invited to serve as a juror for Communication Arts magazine\\u2019s 56th Annual Design Competition. Communication Arts is a professional journal for designers, art directors, design firms, corporate design departments, agencies and everyone involved in visual communications. The CA Design Annual, published each September,&nbsp;is one of the most respected competitions in our industry.&nbsp;<\\/p>\\r\\n\\r\\n<p>Of the 4,083 entries to the 56th Design Annual, only 153 were accepted, representing the work of 141 designers, design firms and in-house design departments, making the Design Annual the most exclusive major design competition in the world. Entries were selected on the basis of creative excellence and quality of execution.<\\/p>\",\"verticalSpacingLevel\":\"vertical-spacing-1\"}},\"124\":{\"type\":\"insetImage\",\"enabled\":\"1\",\"fields\":{\"image\":[\"120\"],\"verticalSpacingLevel\":\"vertical-spacing-1\",\"backgroundColor\":\"#ffffff\"}},\"126\":{\"type\":\"centeredText\",\"enabled\":\"1\",\"fields\":{\"text\":\"<p>Steve screened entries along with five other jurors: Kelly Bjork (VSA Partners), Dora Drimalas (Hybrid-Design), Jay Fletcher (J Fletcher Deisgn), Jeffrey Keyton (MTV), and Jean Coyne (executive editor of Communication Arts magazine). It was an honor to be asked to participate alongside such accomplished fellow jurors.<\\/p>\\r\\n\\r\\n<p>In the column that accompanies the design competition, Steve was asked for his point of view on the entries and the design trends they represent. He replied that \\u201ctechnology will continue to change how we consume media, images, and messages. But the underlying principles of design will always be relevant in communicating effectively, regardless of how the future evolves.\\u201d<\\/p>\",\"verticalSpacingLevel\":\"vertical-spacing-1\"}}}}}', '2016-11-04 18:44:24', '2016-11-04 18:44:24', '1346e939-7f13-4154-8987-8154b453fe36'),
 ('170', '15', '3', '1', 'en_us', '48', '', '{\"typeId\":\"3\",\"authorId\":\"1\",\"title\":\"Packaging Entry\",\"slug\":\"packaging-entry\",\"postDate\":1476391140,\"expiryDate\":null,\"enabled\":1,\"parentId\":null,\"fields\":{\"14\":[{\"col1\":\"Recogonition\",\"col2\":\"Print Regional Design Annual 2015\"}],\"3\":[\"9\",\"10\",\"13\"],\"29\":\"#efefef\",\"9\":\"Wake up\\r\\nStyle\\r\\nshoot\\r\\ndo it all\\r\\nagain\",\"7\":[\"26\"],\"4\":\"#ffae96\",\"8\":\"<p>Justin Gollmer, one of our go-to photography partners, asked us design a ten-year retrospective promotional brochure. <em>Wake, Style, Shoot, Do It All Again<\\/em> is a collection of images highlighting his work behind, beside, and around the camera. The brochure is divided into four sections that blur the lines between Gollmer\\u2019s personal and commercial work: people, action, travel, and product. Short sheets bound to the exterior provide thumbnail image guides to each section with captions for each image.<\\/p>\",\"10\":{\"28\":{\"type\":\"largeImage\",\"enabled\":\"1\",\"fields\":{\"image\":[\"27\"],\"layoutOptions\":\"full-width\",\"verticalSpacingLevel\":\"vertical-spacing-0\"}},\"41\":{\"type\":\"video\",\"enabled\":\"1\",\"fields\":{\"vimeoVideoId\":\"172827555\",\"autoplay\":\"1\",\"framed\":\"1\"}},\"31\":{\"type\":\"insetImage\",\"enabled\":\"1\",\"fields\":{\"image\":[\"30\"],\"verticalSpacingLevel\":\"vertical-spacing-2\",\"backgroundColor\":\"#d6ff2e\"}},\"53\":{\"type\":\"video\",\"enabled\":\"1\",\"fields\":{\"vimeoVideoId\":\"172827555\",\"autoplay\":\"1\",\"framed\":\"\"}},\"32\":{\"type\":\"imageWithDescription\",\"enabled\":\"1\",\"fields\":{\"position\":\"left\",\"image\":[\"30\"],\"description\":\"<p>Subtitle<\\/p>\\r\\n\\r\\n<p>Donec id elit non mi porta gravida at eget metus. Fusce dapibus, tellus ac cursus commodo, tortor mauris condimentum nibh, ut fermentum massa justo sit amet risus. Etiam porta sem malesuada magna mollis euismod. Lorem ipsum dolor sit.<\\/p>\",\"verticalSpacingLevel\":\"vertical-spacing-2\"}},\"37\":{\"type\":\"twoUpImages\",\"enabled\":\"1\",\"fields\":{\"leftImage\":[\"35\"],\"rightImage\":[\"36\"],\"verticalSpacingLevel\":\"vertical-spacing-0\"}},\"38\":{\"type\":\"centeredText\",\"enabled\":\"1\",\"fields\":{\"text\":\"<p>Subtitle<\\/p>\\r\\n\\r\\n<p>Donec id elit non mi porta gravida at eget metus. Fusce dapibus, tellus ac cursus commodo, tortor mauris condimentum nibh, ut fermentum massa justo sit amet risus. Etiam porta sem malesuada magna mollis euismod. Lorem ipsum dolor sit.<\\/p>\",\"verticalSpacingLevel\":\"vertical-spacing-4\"}},\"42\":{\"type\":\"video\",\"enabled\":\"1\",\"fields\":{\"vimeoVideoId\":\"172827555\",\"autoplay\":\"\",\"framed\":\"1\"}},\"52\":{\"type\":\"carousel\",\"enabled\":\"1\",\"fields\":{\"images\":[\"48\",\"49\",\"50\"],\"verticalSpacingLevel\":\"vertical-spacing-2\"}}},\"6\":\"Project Title Here\",\"5\":[\"21\"]}}', '2016-11-07 19:05:34', '2016-11-07 19:05:34', '164225cb-c0ff-4aef-b373-552d01bc2bb6'),
 ('171', '15', '3', '46', 'en_us', '49', '', '{\"typeId\":\"3\",\"authorId\":\"1\",\"title\":\"Packaging Entry\",\"slug\":\"packaging-entry\",\"postDate\":1476391140,\"expiryDate\":null,\"enabled\":1,\"parentId\":null,\"fields\":{\"14\":[{\"col1\":\"Recogonition\",\"col2\":\"Print Regional Design Annual 2015\"}],\"3\":[\"9\",\"10\",\"13\"],\"29\":\"#efefef\",\"9\":\"Wake up\\r\\nStyle\\r\\nshoot\\r\\ndo it all\\r\\nagain\",\"7\":[\"26\"],\"4\":\"#ffae96\",\"8\":\"<h3>Justin Gollmer, one of our go-to photography partners, asked us design a ten-year retrospective promotional brochure. Wake, Style, Shoot, Do It All Again is a collection of images highlighting his work behind, beside, and around the camera. The brochure is divided into four sections that blur the lines between Gollmer\\u2019s personal and commercial work: people, action, travel, and product. Short sheets bound to the exterior provide thumbnail image guides to each section with captions for each image.<\\/h3>\",\"10\":{\"28\":{\"type\":\"largeImage\",\"enabled\":\"1\",\"fields\":{\"image\":[\"27\"],\"layoutOptions\":\"full-width\",\"verticalSpacingLevel\":\"vertical-spacing-0\"}},\"41\":{\"type\":\"video\",\"enabled\":\"1\",\"fields\":{\"vimeoVideoId\":\"172827555\",\"autoplay\":\"1\",\"framed\":\"1\"}},\"31\":{\"type\":\"insetImage\",\"enabled\":\"1\",\"fields\":{\"image\":[\"30\"],\"verticalSpacingLevel\":\"vertical-spacing-2\",\"backgroundColor\":\"#d6ff2e\"}},\"53\":{\"type\":\"video\",\"enabled\":\"1\",\"fields\":{\"vimeoVideoId\":\"172827555\",\"autoplay\":\"1\",\"framed\":\"\"}},\"32\":{\"type\":\"imageWithDescription\",\"enabled\":\"1\",\"fields\":{\"position\":\"left\",\"image\":[\"30\"],\"description\":\"<p>Subtitle<\\/p>\\r\\n\\r\\n<p>Donec id elit non mi porta gravida at eget metus. Fusce dapibus, tellus ac cursus commodo, tortor mauris condimentum nibh, ut fermentum massa justo sit amet risus. Etiam porta sem malesuada magna mollis euismod. Lorem ipsum dolor sit.<\\/p>\",\"verticalSpacingLevel\":\"vertical-spacing-2\"}},\"37\":{\"type\":\"twoUpImages\",\"enabled\":\"1\",\"fields\":{\"leftImage\":[\"35\"],\"rightImage\":[\"36\"],\"verticalSpacingLevel\":\"vertical-spacing-0\"}},\"38\":{\"type\":\"centeredText\",\"enabled\":\"1\",\"fields\":{\"text\":\"<p>Subtitle<\\/p>\\r\\n\\r\\n<p>Donec id elit non mi porta gravida at eget metus. Fusce dapibus, tellus ac cursus commodo, tortor mauris condimentum nibh, ut fermentum massa justo sit amet risus. Etiam porta sem malesuada magna mollis euismod. Lorem ipsum dolor sit.<\\/p>\",\"verticalSpacingLevel\":\"vertical-spacing-4\"}},\"42\":{\"type\":\"video\",\"enabled\":\"1\",\"fields\":{\"vimeoVideoId\":\"172827555\",\"autoplay\":\"\",\"framed\":\"1\"}},\"52\":{\"type\":\"carousel\",\"enabled\":\"1\",\"fields\":{\"images\":[\"48\",\"49\",\"50\"],\"verticalSpacingLevel\":\"vertical-spacing-2\"}}},\"6\":\"Project Title Here\",\"5\":[\"21\"]}}', '2016-11-10 18:11:22', '2016-11-10 18:11:22', 'cd38b1d6-c6a9-4a68-aa37-938a8c92904b'),
 ('172', '15', '3', '46', 'en_us', '50', '', '{\"typeId\":\"3\",\"authorId\":\"1\",\"title\":\"Packaging Entry\",\"slug\":\"packaging-entry\",\"postDate\":1476391140,\"expiryDate\":null,\"enabled\":1,\"parentId\":null,\"fields\":{\"14\":[{\"col1\":\"Recogonition\",\"col2\":\"Print Regional Design Annual 2015\"}],\"3\":[\"9\",\"10\",\"13\"],\"29\":\"#efefef\",\"9\":\"Wake up\\r\\nStyle\\r\\nshoot\\r\\ndo it all\\r\\nagain\",\"7\":[\"26\"],\"4\":\"#ffae96\",\"8\":\"<p>Justin Gollmer, one of our go-to photography partners, asked us design a ten-year retrospective promotional brochure. Wake, Style, Shoot, Do It All Again is a collection of images highlighting his work behind, beside, and around the camera. The brochure is divided into four sections that blur the lines between Gollmer\\u2019s personal and commercial work: people, action, travel, and product. Short sheets bound to the exterior provide thumbnail image guides to each section with captions for each image.<\\/p>\",\"10\":{\"28\":{\"type\":\"largeImage\",\"enabled\":\"1\",\"fields\":{\"image\":[\"27\"],\"layoutOptions\":\"full-width\",\"verticalSpacingLevel\":\"vertical-spacing-0\"}},\"41\":{\"type\":\"video\",\"enabled\":\"1\",\"fields\":{\"vimeoVideoId\":\"172827555\",\"autoplay\":\"1\",\"framed\":\"1\"}},\"31\":{\"type\":\"insetImage\",\"enabled\":\"1\",\"fields\":{\"image\":[\"30\"],\"verticalSpacingLevel\":\"vertical-spacing-2\",\"backgroundColor\":\"#d6ff2e\"}},\"53\":{\"type\":\"video\",\"enabled\":\"1\",\"fields\":{\"vimeoVideoId\":\"172827555\",\"autoplay\":\"1\",\"framed\":\"\"}},\"32\":{\"type\":\"imageWithDescription\",\"enabled\":\"1\",\"fields\":{\"position\":\"left\",\"image\":[\"30\"],\"description\":\"<p>Subtitle<\\/p>\\r\\n\\r\\n<p>Donec id elit non mi porta gravida at eget metus. Fusce dapibus, tellus ac cursus commodo, tortor mauris condimentum nibh, ut fermentum massa justo sit amet risus. Etiam porta sem malesuada magna mollis euismod. Lorem ipsum dolor sit.<\\/p>\",\"verticalSpacingLevel\":\"vertical-spacing-2\"}},\"37\":{\"type\":\"twoUpImages\",\"enabled\":\"1\",\"fields\":{\"leftImage\":[\"35\"],\"rightImage\":[\"36\"],\"verticalSpacingLevel\":\"vertical-spacing-0\"}},\"38\":{\"type\":\"centeredText\",\"enabled\":\"1\",\"fields\":{\"text\":\"<p>Subtitle<\\/p>\\r\\n\\r\\n<p>Donec id elit non mi porta gravida at eget metus. Fusce dapibus, tellus ac cursus commodo, tortor mauris condimentum nibh, ut fermentum massa justo sit amet risus. Etiam porta sem malesuada magna mollis euismod. Lorem ipsum dolor sit.<\\/p>\",\"verticalSpacingLevel\":\"vertical-spacing-4\"}},\"42\":{\"type\":\"video\",\"enabled\":\"1\",\"fields\":{\"vimeoVideoId\":\"172827555\",\"autoplay\":\"\",\"framed\":\"1\"}},\"52\":{\"type\":\"carousel\",\"enabled\":\"1\",\"fields\":{\"images\":[\"48\",\"49\",\"50\"],\"verticalSpacingLevel\":\"vertical-spacing-2\"}}},\"6\":\"Project Title Here\",\"5\":[\"21\"]}}', '2016-11-10 18:16:08', '2016-11-10 18:16:08', 'ff688af1-6613-49a8-911c-5e4e890d7608'),
 ('173', '16', '3', '46', 'en_us', '11', '', '{\"typeId\":\"3\",\"authorId\":\"1\",\"title\":\"Oiselle Brand Identity\",\"slug\":\"environment-entry\",\"postDate\":1476391140,\"expiryDate\":null,\"enabled\":1,\"parentId\":null,\"fields\":{\"14\":\"\",\"3\":[\"14\"],\"29\":\"#000000\",\"9\":\"AN\\r\\nINFUSION\\r\\nOF\\r\\nNEW\\r\\nENERGY\",\"7\":[\"40\"],\"4\":\"#ff5822\",\"8\":\"\",\"10\":\"\",\"6\":\"Longer Project Title Goes Here\",\"5\":[\"22\"]}}', '2016-11-10 19:35:32', '2016-11-10 19:35:32', '6945a0ba-1984-4934-949a-843137854997'),
 ('174', '16', '3', '46', 'en_us', '12', '', '{\"typeId\":\"3\",\"authorId\":\"1\",\"title\":\"Oiselle Brand Identity\",\"slug\":\"environment-entry\",\"postDate\":1476391140,\"expiryDate\":null,\"enabled\":1,\"parentId\":null,\"fields\":{\"14\":\"\",\"3\":[\"14\"],\"29\":\"#ffffff\",\"9\":\"AN\\r\\nINFUSION\\r\\nOF\\r\\nNEW\\r\\nENERGY\",\"7\":[\"40\"],\"4\":\"#ff5822\",\"8\":\"\",\"10\":\"\",\"6\":\"Longer Project Title Goes Here\",\"5\":[\"22\"]}}', '2016-11-10 19:36:19', '2016-11-10 19:36:19', '5cd6f310-dee3-43b2-9ab4-0d6bcc2e0aa0'),
 ('175', '16', '3', '46', 'en_us', '13', '', '{\"typeId\":\"3\",\"authorId\":\"1\",\"title\":\"Oiselle\",\"slug\":\"environment-entry\",\"postDate\":1476391140,\"expiryDate\":null,\"enabled\":1,\"parentId\":null,\"fields\":{\"14\":\"\",\"3\":[\"10\",\"11\",\"12\",\"14\"],\"29\":\"#efefef\",\"9\":\"AN\\r\\nINFUSION\\r\\nOF\\r\\nNEW\\r\\nENERGY\",\"7\":[\"40\"],\"4\":\"#ff5822\",\"8\":\"\",\"10\":\"\",\"6\":\"Brand Identity System\",\"5\":[\"22\"]}}', '2016-11-10 19:46:33', '2016-11-10 19:46:33', '8a8612f6-a1fe-48c5-994f-9587353ce887'),
 ('176', '16', '3', '46', 'en_us', '14', '', '{\"typeId\":\"3\",\"authorId\":\"1\",\"title\":\"Oiselle\",\"slug\":\"environment-entry\",\"postDate\":1476391140,\"expiryDate\":null,\"enabled\":1,\"parentId\":null,\"fields\":{\"14\":\"\",\"3\":[\"10\",\"11\",\"12\",\"14\"],\"29\":\"#efefef\",\"9\":\"AN\\r\\nINFUSION\\r\\nOF\\r\\nNEW\\r\\nENERGY\",\"7\":[\"40\"],\"4\":\"#ff5822\",\"8\":\"<p>As they prepared to open their first bricks and mortar store, Oiselle&mdash;a pioneer in women\\u2019s running and athletic fashion&mdash;had a mature brand that needed an infusion of new energy. Turnstyle worked with the Oiselle team to establish an updated identity system and then applied it to a huge range of customer touch points, coordinated to deliver, install and deploy in concert with their store opening in Seattle\\u2019s University Village in the summer of 2015.&nbsp;<\\/p>\",\"10\":\"\",\"6\":\"Brand Identity System\",\"5\":[\"22\"]}}', '2016-11-10 19:55:36', '2016-11-10 19:55:36', '7d48c84f-cce1-4b6f-a07f-f611d09e913b'),
 ('177', '15', '3', '1', 'en_us', '51', '', '{\"typeId\":\"3\",\"authorId\":\"1\",\"title\":\"Packaging Entry\",\"slug\":\"packaging-entry\",\"postDate\":1476391140,\"expiryDate\":null,\"enabled\":1,\"parentId\":null,\"fields\":{\"14\":[{\"col1\":\"Recogonition\",\"col2\":\"Print Regional Design Annual 2015\"}],\"3\":[\"9\",\"10\",\"13\"],\"29\":\"#efefef\",\"9\":\"Wake up\\r\\nStyle\\r\\nshoot\\r\\ndo it all\\r\\nagain\",\"7\":[\"26\"],\"4\":\"#ffae96\",\"8\":\"<p>Justin Gollmer, one of our go-to photography partners, asked us design a ten-year retrospective promotional brochure. Wake, Style, Shoot, Do It All Again is a collection of images highlighting his work behind, beside, and around the camera. The brochure is divided into four sections that blur the lines between Gollmer\\u2019s personal and commercial work: people, action, travel, and product. Short sheets bound to the exterior provide thumbnail image guides to each section with captions for each image.<\\/p>\",\"10\":{\"28\":{\"type\":\"largeImage\",\"enabled\":\"1\",\"fields\":{\"image\":[\"27\"],\"layoutOptions\":\"full-width\",\"verticalSpacingLevel\":\"vertical-spacing-0\"}},\"41\":{\"type\":\"video\",\"enabled\":\"1\",\"fields\":{\"vimeoVideoId\":\"172827555\",\"autoplay\":\"1\",\"framed\":\"1\"}},\"31\":{\"type\":\"insetImage\",\"enabled\":\"1\",\"fields\":{\"image\":[\"30\"],\"verticalSpacingLevel\":\"vertical-spacing-2\",\"backgroundColor\":\"#d6ff2e\"}},\"53\":{\"type\":\"video\",\"enabled\":\"1\",\"fields\":{\"vimeoVideoId\":\"172827555\",\"autoplay\":\"1\",\"framed\":\"\"}},\"32\":{\"type\":\"imageWithDescription\",\"enabled\":\"1\",\"fields\":{\"position\":\"left\",\"image\":[\"30\"],\"description\":\"<p>Subtitle<\\/p>\\r\\n\\r\\n<p>Donec id elit non mi porta gravida at eget metus. Fusce dapibus, tellus ac cursus commodo, tortor mauris condimentum nibh, ut fermentum massa justo sit amet risus. Etiam porta sem malesuada magna mollis euismod. Lorem ipsum dolor sit.<\\/p>\",\"verticalSpacingLevel\":\"vertical-spacing-2\"}},\"37\":{\"type\":\"twoUpImages\",\"enabled\":\"1\",\"fields\":{\"leftImage\":[\"35\"],\"rightImage\":[\"36\"],\"verticalSpacingLevel\":\"vertical-spacing-0\"}},\"38\":{\"type\":\"centeredText\",\"enabled\":\"1\",\"fields\":{\"text\":\"<p>Subtitle<\\/p>\\r\\n\\r\\n<p>Donec id elit non mi porta gravida at eget metus. Fusce dapibus, tellus ac cursus commodo, tortor mauris condimentum nibh, ut fermentum massa justo sit amet risus. Etiam porta sem malesuada magna mollis euismod. Lorem ipsum dolor sit.<\\/p>\",\"verticalSpacingLevel\":\"vertical-spacing-4\"}},\"42\":{\"type\":\"video\",\"enabled\":\"1\",\"fields\":{\"vimeoVideoId\":\"172827555\",\"autoplay\":\"\",\"framed\":\"1\"}},\"52\":{\"type\":\"carousel\",\"enabled\":\"1\",\"fields\":{\"images\":[\"48\",\"30\",\"50\",\"35\"],\"verticalSpacingLevel\":\"vertical-spacing-2\"}}},\"6\":\"Project Title Here\",\"5\":[\"21\"]}}', '2016-11-11 19:12:33', '2016-11-11 19:12:33', '578212fe-2869-481b-8afb-af2a46e0c02f'),
 ('178', '15', '3', '1', 'en_us', '52', '', '{\"typeId\":\"3\",\"authorId\":\"1\",\"title\":\"Packaging Entry\",\"slug\":\"packaging-entry\",\"postDate\":1476391140,\"expiryDate\":null,\"enabled\":1,\"parentId\":null,\"fields\":{\"14\":[{\"col1\":\"Recogonition\",\"col2\":\"Print Regional Design Annual 2015\"}],\"3\":[\"9\",\"10\",\"13\"],\"29\":\"#efefef\",\"9\":\"Wake up\\r\\nStyle\\r\\nshoot\\r\\ndo it all\\r\\nagain\",\"7\":[\"26\"],\"4\":\"#ffae96\",\"8\":\"<p>Justin Gollmer, one of our go-to photography partners, asked us design a ten-year retrospective promotional brochure. Wake, Style, Shoot, Do It All Again is a collection of images highlighting his work behind, beside, and around the camera. The brochure is divided into four sections that blur the lines between Gollmer\\u2019s personal and commercial work: people, action, travel, and product. Short sheets bound to the exterior provide thumbnail image guides to each section with captions for each image.<\\/p>\",\"10\":{\"28\":{\"type\":\"largeImage\",\"enabled\":\"1\",\"fields\":{\"image\":[\"27\"],\"layoutOptions\":\"full-width\",\"verticalSpacingLevel\":\"vertical-spacing-0\"}},\"41\":{\"type\":\"video\",\"enabled\":\"1\",\"fields\":{\"vimeoVideoId\":\"172827555\",\"autoplay\":\"1\",\"framed\":\"1\"}},\"31\":{\"type\":\"insetImage\",\"enabled\":\"1\",\"fields\":{\"image\":[\"30\"],\"verticalSpacingLevel\":\"vertical-spacing-5\",\"backgroundColor\":\"#d6ff2e\"}},\"53\":{\"type\":\"video\",\"enabled\":\"1\",\"fields\":{\"vimeoVideoId\":\"172827555\",\"autoplay\":\"1\",\"framed\":\"\"}},\"32\":{\"type\":\"imageWithDescription\",\"enabled\":\"1\",\"fields\":{\"position\":\"left\",\"image\":[\"30\"],\"description\":\"<p>Subtitle<\\/p>\\r\\n\\r\\n<p>Donec id elit non mi porta gravida at eget metus. Fusce dapibus, tellus ac cursus commodo, tortor mauris condimentum nibh, ut fermentum massa justo sit amet risus. Etiam porta sem malesuada magna mollis euismod. Lorem ipsum dolor sit.<\\/p>\",\"verticalSpacingLevel\":\"vertical-spacing-2\"}},\"37\":{\"type\":\"twoUpImages\",\"enabled\":\"1\",\"fields\":{\"leftImage\":[\"35\"],\"rightImage\":[\"36\"],\"verticalSpacingLevel\":\"vertical-spacing-0\"}},\"38\":{\"type\":\"centeredText\",\"enabled\":\"1\",\"fields\":{\"text\":\"<p>Subtitle<\\/p>\\r\\n\\r\\n<p>Donec id elit non mi porta gravida at eget metus. Fusce dapibus, tellus ac cursus commodo, tortor mauris condimentum nibh, ut fermentum massa justo sit amet risus. Etiam porta sem malesuada magna mollis euismod. Lorem ipsum dolor sit.<\\/p>\",\"verticalSpacingLevel\":\"vertical-spacing-4\"}},\"42\":{\"type\":\"video\",\"enabled\":\"1\",\"fields\":{\"vimeoVideoId\":\"172827555\",\"autoplay\":\"\",\"framed\":\"1\"}},\"52\":{\"type\":\"carousel\",\"enabled\":\"1\",\"fields\":{\"images\":[\"48\",\"30\",\"50\",\"35\"],\"verticalSpacingLevel\":\"vertical-spacing-2\"}}},\"6\":\"Project Title Here\",\"5\":[\"21\"]}}', '2016-11-11 19:33:47', '2016-11-11 19:33:47', '7dc12561-4220-407e-83ef-bed990956e6e'),
 ('179', '101', '10', '1', 'en_us', '9', '', '{\"typeId\":\"11\",\"authorId\":null,\"title\":\"Studio\",\"slug\":\"studio\",\"postDate\":1478129954,\"expiryDate\":null,\"enabled\":1,\"parentId\":null,\"fields\":{\"48\":{\"102\":{\"type\":\"1\",\"fields\":{\"backgroundImage\":[\"97\"],\"backgroundColor\":\"#000000\",\"linkUrl\":\"\\/contact\",\"header\":\"Drop \\r\\nus \\r\\na \\r\\nline\",\"subtext\":\"Contact Us\",\"fontColor\":\"#000000\"}}},\"45\":\"<p>Born in 2004<\\/p>\",\"46\":\"<p>We are a full-service creative agency with offices in Seattle and Portland. A dedicated team of designers, strategists, developers and account specialists, we create highly-crafted brand experiences that clarify purpose, encourage action, and inspire brand loyalty. We\\u2019d love to get to know you and help tell your story.&nbsp;<\\/p>\",\"10\":{\"103\":{\"type\":\"carousel\",\"enabled\":\"1\",\"fields\":{\"images\":[\"48\",\"49\",\"50\"],\"verticalSpacingLevel\":\"vertical-spacing-2\"}},\"104\":{\"type\":\"twoColumnContent\",\"enabled\":\"1\",\"fields\":{\"backgroundColor\":\"dark\",\"leftColumn\":\"<p class=\\\"h3 med\\\">STYLE<br>IS A<br>SIMPLE<br>WAY<br>OF<br>SAYING<br>COMPLEX<br>THINGS<br><span class=\\\"blue\\\">&mdash;JEAN<br>COCTEAU<\\/span><\\/p>\",\"rightColumn\":\"<p><img src=\\\"http:\\/\\/turnstyle.studio\\/_ui\\/img\\/work\\/t-1.svg#asset:60:url\\\"><\\/p>\",\"verticalSpacingLevel\":\"vertical-spacing-1\"}},\"105\":{\"type\":\"twoColumnContent\",\"enabled\":\"1\",\"fields\":{\"backgroundColor\":\"dark\",\"leftColumn\":\"<p>Style is Not a&nbsp;<br>4-letter Word<\\/p>\",\"rightColumn\":\"<p>In our experience, the brands that are the most magnetic are those which project distinct, memorable and charismatic personalities. These brands place equal emphasis on what they say and how they say it. Some design purists might say that style is merely artificial decoration that should be avoided in favor of logic&mdash;\\u201cform follows function\\u201d and all that. Don\\u2019t get us wrong, we\\u2019re not proponents of style for its own sake, or as ornament applied after an idea has already been defined. Rather, we employ style as an integral and strategic component of our brand-development process. At its best, style can be that magical something about a company or product that pulls people in and transcends the logical. So, to us, style is not a 4-letter word. On the contrary, we embrace it, harnessing its power to cut through the clutter.&nbsp;<\\/p>\\r\\n\\r\\n<p>And besides, \\u201cstyle\\u201d has five letters.<\\/p>\",\"verticalSpacingLevel\":\"vertical-spacing-1\"}},\"106\":{\"type\":\"twoColumnContent\",\"enabled\":\"1\",\"fields\":{\"backgroundColor\":\"dark\",\"leftColumn\":\"<p>We Do<\\/p>\",\"rightColumn\":\"<p class=\\\"h2 caps\\\"><a href=\\\"\\/strategy\\\" data-color=\\\"#3c00ff\\\">Strategy<\\/a><br><a href=\\\"\\/identity\\\" data-color=\\\"#3c00ff\\\">Identity<\\/a><br>Digital<br>Print<br>Packaging<br>Environment<\\/p>\",\"verticalSpacingLevel\":\"vertical-spacing-1\"}},\"107\":{\"type\":\"twoColumnContent\",\"enabled\":\"1\",\"fields\":{\"backgroundColor\":\"light\",\"leftColumn\":\"<p class=\\\"h3 caps\\\">our<br>clients<br>&<br>industries<\\/p>\\r\\n\\r\\n<p class=\\\"h3 caps\\\"><\\/p>\",\"rightColumn\":\"\",\"verticalSpacingLevel\":\"vertical-spacing-0\"}},\"108\":{\"type\":\"twoColumnContent\",\"enabled\":\"1\",\"fields\":{\"backgroundColor\":\"light\",\"leftColumn\":\"<p><span class=\\\"gray\\\">Industry<\\/span><\\/p>\\r\\n\\r\\n<p class=\\\"h3 caps\\\">teague<br>nike<br>starbucks<br>microsoft<br>amazon<br>aiga<br>nordstrom<br>teague<br>nike<\\/p>\\r\\n\\r\\n\\r\\n\\r\\n\\r\\n\\r\\n\\r\\n\\r\\n\\r\\n\\r\\n\\r\\n\\r\\n\\r\\n\\r\\n\\r\\n\\r\\n<p><span class=\\\"gray\\\">Industry<\\/span><\\/p>\\r\\n\\r\\n\\r\\n\\r\\n\\r\\n\\r\\n\\r\\n\\r\\n\\r\\n\\r\\n\\r\\n\\r\\n\\r\\n\\r\\n\\r\\n\\r\\n<p class=\\\"h3 caps\\\">starbucks<br>microsoft<br>amazon<\\/p>\\r\\n\\r\\n\\r\\n\\r\\n\\r\\n\\r\\n\\r\\n\\r\\n\\r\\n\\r\\n\\r\\n\\r\\n\\r\\n\\r\\n\\r\\n\\r\\n<p><span class=\\\"gray\\\">Industry<\\/span><\\/p>\\r\\n\\r\\n\\r\\n\\r\\n\\r\\n\\r\\n\\r\\n\\r\\n\\r\\n\\r\\n\\r\\n\\r\\n\\r\\n\\r\\n\\r\\n\\r\\n<p class=\\\"h3 caps\\\">starbucks<br>microsoft<\\/p>\",\"rightColumn\":\"<p>Industry<br><\\/p>\\r\\n\\r\\n<p class=\\\"h3 caps\\\">starbucks<br>microsoft<br>amazon<\\/p>\\r\\n\\r\\n\\r\\n\\r\\n\\r\\n\\r\\n\\r\\n\\r\\n\\r\\n\\r\\n\\r\\n\\r\\n\\r\\n\\r\\n\\r\\n\\r\\n<p><span class=\\\"gray\\\">Industry<\\/span><\\/p>\\r\\n\\r\\n\\r\\n\\r\\n\\r\\n\\r\\n\\r\\n\\r\\n\\r\\n\\r\\n\\r\\n\\r\\n\\r\\n\\r\\n\\r\\n\\r\\n<p class=\\\"h3 caps\\\">teague<br>nike<br>starbucks<br>microsoft<br>amazon<br>aiga<br>nordstrom<br>teague<br>nike<\\/p>\\r\\n\\r\\n\\r\\n\\r\\n\\r\\n\\r\\n\\r\\n\\r\\n\\r\\n\\r\\n\\r\\n\\r\\n\\r\\n\\r\\n\\r\\n\\r\\n<p><span class=\\\"gray\\\"><br><\\/span><\\/p>\\r\\n\\r\\n\\r\\n\\r\\n\\r\\n\\r\\n\\r\\n\\r\\n\\r\\n\\r\\n\\r\\n\\r\\n\\r\\n\\r\\n<p><span class=\\\"gray\\\">Industry<\\/span><\\/p>\\r\\n\\r\\n\\r\\n\\r\\n\\r\\n\\r\\n\\r\\n\\r\\n\\r\\n\\r\\n\\r\\n\\r\\n\\r\\n\\r\\n\\r\\n\\r\\n<p class=\\\"h3 caps\\\">starbucks<br>microsoft<\\/p>\",\"verticalSpacingLevel\":\"vertical-spacing-0\"}}},\"47\":\"<p>08\\/2016 &mdash; IdN Magazine v23n2<\\/p>\\r\\n\\r\\n<p>06\\/2016 &mdash; Communication Arts Design Annual 2016<\\/p>\\r\\n\\r\\n\\r\\n\\r\\n\\r\\n\\r\\n\\r\\n\\r\\n\\r\\n\\r\\n<p>05\\/2016 &mdash; PRINT Magazine Regional Design Annual 2016<\\/p>\\r\\n\\r\\n\\r\\n\\r\\n\\r\\n\\r\\n\\r\\n\\r\\n\\r\\n\\r\\n<p>03\\/2016 &mdash; Communication Arts Design Annual 2015<\\/p>\\r\\n\\r\\n\\r\\n\\r\\n\\r\\n\\r\\n\\r\\n\\r\\n\\r\\n\\r\\n<p>02\\/2016 &mdash; IdN Magazine v23n2<\\/p>\\r\\n\\r\\n\\r\\n\\r\\n\\r\\n\\r\\n\\r\\n\\r\\n\\r\\n\\r\\n<p>12\\/2015 &mdash; Communication Arts Design Annual 2016<\\/p>\\r\\n\\r\\n\\r\\n\\r\\n\\r\\n\\r\\n\\r\\n\\r\\n\\r\\n\\r\\n<p>10\\/2015 &mdash; PRINT Magazine Regional Design Annual 2016<\\/p>\\r\\n\\r\\n\\r\\n\\r\\n\\r\\n\\r\\n\\r\\n\\r\\n\\r\\n\\r\\n<p>10\\/2015 &mdash; Communication Arts Design Annual 2015<\\/p>\\r\\n\\r\\n\\r\\n\\r\\n\\r\\n\\r\\n\\r\\n\\r\\n\\r\\n\\r\\n<p>06\\/2015 &mdash; PRINT Magazine Regional Design Annual 2016<\\/p>\\r\\n\\r\\n\\r\\n\\r\\n\\r\\n\\r\\n\\r\\n\\r\\n\\r\\n\\r\\n<p>02\\/2015 &mdash; Communication Arts Design Annual 2015<\\/p>\",\"44\":\"Meet\\r\\nOur\\r\\nTalented\\r\\nTeam\"}}', '2016-11-11 19:59:41', '2016-11-11 19:59:41', 'eef5ae00-0c08-442c-9105-ef06c1dc68c4'),
 ('180', '5', '3', '1', 'en_us', '6', '', '{\"typeId\":\"3\",\"authorId\":\"1\",\"title\":\"Print Entry\",\"slug\":\"print-entry\",\"postDate\":1476390840,\"expiryDate\":null,\"enabled\":1,\"parentId\":null,\"fields\":{\"14\":\"\",\"3\":[\"12\"],\"29\":\"#000000\",\"9\":\"Hero\\r\\nHeadline\\r\\nIs\\r\\nHere\",\"7\":[\"40\"],\"4\":\"#000000\",\"8\":\"\",\"10\":{\"new1\":{\"type\":\"largeImage\",\"enabled\":\"1\",\"fields\":{\"image\":[\"132\"],\"layoutOptions\":\"full-width\",\"verticalSpacingLevel\":\"vertical-spacing-0\"}}},\"6\":\"Cool Print Project Title \",\"5\":[\"24\"]}}', '2016-11-11 21:04:30', '2016-11-11 21:04:30', 'b6d34e49-5a97-43bd-a582-daba011f4fda'),
 ('181', '101', '10', '46', 'en_us', '10', '', '{\"typeId\":\"11\",\"authorId\":null,\"title\":\"Studio\",\"slug\":\"studio\",\"postDate\":1478129954,\"expiryDate\":null,\"enabled\":1,\"parentId\":null,\"fields\":{\"48\":{\"102\":{\"type\":\"1\",\"fields\":{\"backgroundImage\":[\"97\"],\"backgroundColor\":\"#000000\",\"linkUrl\":\"\\/contact\",\"header\":\"Drop \\r\\nus \\r\\na \\r\\nline\",\"subtext\":\"Contact Us\",\"fontColor\":\"#000000\"}}},\"45\":\"<p class=\\\"large\\\">Born in 2004<\\/p>\",\"46\":\"<p class=\\\"large\\\">We are a full-service creative agency with offices in Seattle and Portland. A dedicated team of designers, strategists, developers and account specialists, we create highly-crafted brand experiences that clarify purpose, encourage action, and inspire brand loyalty. We\\u2019d love to get to know you and help tell your story.&nbsp;<\\/p>\",\"10\":{\"103\":{\"type\":\"carousel\",\"enabled\":\"1\",\"fields\":{\"images\":[\"48\",\"49\",\"50\"],\"verticalSpacingLevel\":\"vertical-spacing-2\"}},\"104\":{\"type\":\"twoColumnContent\",\"enabled\":\"1\",\"fields\":{\"backgroundColor\":\"dark\",\"leftColumn\":\"<p class=\\\"h3 med\\\">STYLE<br>IS A<br>SIMPLE<br>WAY<br>OF<br>SAYING<br>COMPLEX<br>THINGS<br><span class=\\\"blue\\\">&mdash;JEAN<br>COCTEAU<\\/span><\\/p>\",\"rightColumn\":\"<p><img src=\\\"http:\\/\\/turnstyle.studio\\/_ui\\/img\\/work\\/t-1.svg#asset:60:url\\\"><\\/p>\",\"verticalSpacingLevel\":\"vertical-spacing-1\"}},\"105\":{\"type\":\"twoColumnContent\",\"enabled\":\"1\",\"fields\":{\"backgroundColor\":\"dark\",\"leftColumn\":\"<p>Style is Not a&nbsp;<br>4-letter Word<\\/p>\",\"rightColumn\":\"<p>In our experience, the brands that are the most magnetic are those which project distinct, memorable and charismatic personalities. These brands place equal emphasis on what they say and how they say it. Some design purists might say that style is merely artificial decoration that should be avoided in favor of logic&mdash;\\u201cform follows function\\u201d and all that. Don\\u2019t get us wrong, we\\u2019re not proponents of style for its own sake, or as ornament applied after an idea has already been defined. Rather, we employ style as an integral and strategic component of our brand-development process. At its best, style can be that magical something about a company or product that pulls people in and transcends the logical. So, to us, style is not a 4-letter word. On the contrary, we embrace it, harnessing its power to cut through the clutter.&nbsp;<\\/p>\\r\\n\\r\\n<p>And besides, \\u201cstyle\\u201d has five letters.<\\/p>\",\"verticalSpacingLevel\":\"vertical-spacing-1\"}},\"106\":{\"type\":\"twoColumnContent\",\"enabled\":\"1\",\"fields\":{\"backgroundColor\":\"dark\",\"leftColumn\":\"<p>We Do<\\/p>\",\"rightColumn\":\"<p class=\\\"h2 caps\\\"><a href=\\\"\\/strategy\\\" data-color=\\\"#3c00ff\\\">Strategy<\\/a><br><a href=\\\"\\/identity\\\" data-color=\\\"#3c00ff\\\">Identity<\\/a><br>Digital<br>Print<br>Packaging<br>Environment<\\/p>\",\"verticalSpacingLevel\":\"vertical-spacing-1\"}},\"107\":{\"type\":\"twoColumnContent\",\"enabled\":\"1\",\"fields\":{\"backgroundColor\":\"light\",\"leftColumn\":\"<p class=\\\"h3 caps\\\">our<br>clients<br>&<br>industries<\\/p>\\r\\n\\r\\n<p class=\\\"h3 caps\\\"><\\/p>\",\"rightColumn\":\"\",\"verticalSpacingLevel\":\"vertical-spacing-0\"}},\"108\":{\"type\":\"twoColumnContent\",\"enabled\":\"1\",\"fields\":{\"backgroundColor\":\"light\",\"leftColumn\":\"<p><span class=\\\"gray\\\">Industry<\\/span><\\/p>\\r\\n\\r\\n<p class=\\\"h3 caps\\\">teague<br>nike<br>starbucks<br>microsoft<br>amazon<br>aiga<br>nordstrom<br>teague<br>nike<\\/p>\\r\\n\\r\\n\\r\\n\\r\\n\\r\\n\\r\\n\\r\\n\\r\\n\\r\\n\\r\\n\\r\\n\\r\\n\\r\\n\\r\\n\\r\\n\\r\\n\\r\\n\\r\\n<p><span class=\\\"gray\\\">Industry<\\/span><\\/p>\\r\\n\\r\\n\\r\\n\\r\\n\\r\\n\\r\\n\\r\\n\\r\\n\\r\\n\\r\\n\\r\\n\\r\\n\\r\\n\\r\\n\\r\\n\\r\\n\\r\\n\\r\\n<p class=\\\"h3 caps\\\">starbucks<br>microsoft<br>amazon<\\/p>\\r\\n\\r\\n\\r\\n\\r\\n\\r\\n\\r\\n\\r\\n\\r\\n\\r\\n\\r\\n\\r\\n\\r\\n\\r\\n\\r\\n\\r\\n\\r\\n\\r\\n\\r\\n<p><span class=\\\"gray\\\">Industry<\\/span><\\/p>\\r\\n\\r\\n\\r\\n\\r\\n\\r\\n\\r\\n\\r\\n\\r\\n\\r\\n\\r\\n\\r\\n\\r\\n\\r\\n\\r\\n\\r\\n\\r\\n\\r\\n\\r\\n<p class=\\\"h3 caps\\\">starbucks<br>microsoft<\\/p>\",\"rightColumn\":\"<p>Industry<br><\\/p>\\r\\n\\r\\n<p class=\\\"h3 caps\\\">starbucks<br>microsoft<br>amazon<\\/p>\\r\\n\\r\\n\\r\\n\\r\\n\\r\\n\\r\\n\\r\\n\\r\\n\\r\\n\\r\\n\\r\\n\\r\\n\\r\\n\\r\\n\\r\\n\\r\\n\\r\\n\\r\\n<p><span class=\\\"gray\\\">Industry<\\/span><\\/p>\\r\\n\\r\\n\\r\\n\\r\\n\\r\\n\\r\\n\\r\\n\\r\\n\\r\\n\\r\\n\\r\\n\\r\\n\\r\\n\\r\\n\\r\\n\\r\\n\\r\\n\\r\\n<p class=\\\"h3 caps\\\">teague<br>nike<br>starbucks<br>microsoft<br>amazon<br>aiga<br>nordstrom<br>teague<br>nike<\\/p>\\r\\n\\r\\n\\r\\n\\r\\n\\r\\n\\r\\n\\r\\n\\r\\n\\r\\n\\r\\n\\r\\n\\r\\n\\r\\n\\r\\n\\r\\n\\r\\n\\r\\n\\r\\n<p><span class=\\\"gray\\\"><br><\\/span><\\/p>\\r\\n\\r\\n\\r\\n\\r\\n\\r\\n\\r\\n\\r\\n\\r\\n\\r\\n\\r\\n\\r\\n\\r\\n\\r\\n\\r\\n\\r\\n\\r\\n<p><span class=\\\"gray\\\">Industry<\\/span><\\/p>\\r\\n\\r\\n\\r\\n\\r\\n\\r\\n\\r\\n\\r\\n\\r\\n\\r\\n\\r\\n\\r\\n\\r\\n\\r\\n\\r\\n\\r\\n\\r\\n\\r\\n\\r\\n<p class=\\\"h3 caps\\\">starbucks<br>microsoft<\\/p>\",\"verticalSpacingLevel\":\"vertical-spacing-0\"}}},\"47\":\"<p>08\\/2016 &mdash; IdN Magazine v23n2<\\/p>\\r\\n\\r\\n<p>06\\/2016 &mdash; Communication Arts Design Annual 2016<\\/p>\\r\\n\\r\\n\\r\\n\\r\\n\\r\\n\\r\\n\\r\\n\\r\\n\\r\\n\\r\\n\\r\\n\\r\\n<p>05\\/2016 &mdash; PRINT Magazine Regional Design Annual 2016<\\/p>\\r\\n\\r\\n\\r\\n\\r\\n\\r\\n\\r\\n\\r\\n\\r\\n\\r\\n\\r\\n\\r\\n\\r\\n<p>03\\/2016 &mdash; Communication Arts Design Annual 2015<\\/p>\\r\\n\\r\\n\\r\\n\\r\\n\\r\\n\\r\\n\\r\\n\\r\\n\\r\\n\\r\\n\\r\\n\\r\\n<p>02\\/2016 &mdash; IdN Magazine v23n2<\\/p>\\r\\n\\r\\n\\r\\n\\r\\n\\r\\n\\r\\n\\r\\n\\r\\n\\r\\n\\r\\n\\r\\n\\r\\n<p>12\\/2015 &mdash; Communication Arts Design Annual 2016<\\/p>\\r\\n\\r\\n\\r\\n\\r\\n\\r\\n\\r\\n\\r\\n\\r\\n\\r\\n\\r\\n\\r\\n\\r\\n<p>10\\/2015 &mdash; PRINT Magazine Regional Design Annual 2016<\\/p>\\r\\n\\r\\n\\r\\n\\r\\n\\r\\n\\r\\n\\r\\n\\r\\n\\r\\n\\r\\n\\r\\n\\r\\n<p>10\\/2015 &mdash; Communication Arts Design Annual 2015<\\/p>\\r\\n\\r\\n\\r\\n\\r\\n\\r\\n\\r\\n\\r\\n\\r\\n\\r\\n\\r\\n\\r\\n\\r\\n<p>06\\/2015 &mdash; PRINT Magazine Regional Design Annual 2016<\\/p>\\r\\n\\r\\n\\r\\n\\r\\n\\r\\n\\r\\n\\r\\n\\r\\n\\r\\n\\r\\n\\r\\n\\r\\n<p>02\\/2015 &mdash; Communication Arts Design Annual 2015<\\/p>\",\"44\":\"MEET\\r\\nOUR\\r\\nTALENTED\\r\\nTEAM\"}}', '2016-11-11 21:33:45', '2016-11-11 21:33:45', '6df20d4d-12bf-460d-b48b-11287598e204'),
 ('182', '15', '3', '1', 'en_us', '53', '', '{\"typeId\":\"3\",\"authorId\":\"1\",\"title\":\"Packaging Entry\",\"slug\":\"packaging-entry\",\"postDate\":1476391140,\"expiryDate\":null,\"enabled\":1,\"parentId\":null,\"fields\":{\"14\":[{\"col1\":\"Recogonition\",\"col2\":\"Print Regional Design Annual 2015\"}],\"3\":[\"9\",\"10\",\"13\"],\"29\":\"#efefef\",\"9\":\"Wake up\\r\\nStyle\\r\\nshoot\\r\\ndo it all\\r\\nagain\",\"7\":[\"26\"],\"4\":\"#ffae96\",\"8\":\"<p>Justin Gollmer, one of our go-to photography partners, asked us design a ten-year retrospective promotional brochure. Wake, Style, Shoot, Do It All Again is a collection of images highlighting his work behind, beside, and around the camera. The brochure is divided into four sections that blur the lines between Gollmer\\u2019s personal and commercial work: people, action, travel, and product. Short sheets bound to the exterior provide thumbnail image guides to each section with captions for each image.<\\/p>\",\"10\":{\"28\":{\"type\":\"largeImage\",\"enabled\":\"1\",\"fields\":{\"image\":[\"27\"],\"layoutOptions\":\"full-width\",\"verticalSpacingLevel\":\"vertical-spacing-0\"}},\"41\":{\"type\":\"video\",\"enabled\":\"1\",\"fields\":{\"vimeoVideoId\":\"172827555\",\"autoplay\":\"1\",\"framed\":\"1\"}},\"31\":{\"type\":\"insetImage\",\"enabled\":\"1\",\"fields\":{\"image\":[\"30\"],\"imageWidth\":\"50\",\"verticalSpacingLevel\":\"vertical-spacing-5\",\"backgroundColor\":\"#d6ff2e\"}},\"53\":{\"type\":\"video\",\"enabled\":\"1\",\"fields\":{\"vimeoVideoId\":\"172827555\",\"autoplay\":\"1\",\"framed\":\"\"}},\"32\":{\"type\":\"imageWithDescription\",\"enabled\":\"1\",\"fields\":{\"position\":\"left\",\"image\":[\"30\"],\"imageWidth\":\"50\",\"description\":\"<p>Subtitle<\\/p>\\r\\n\\r\\n<p>Donec id elit non mi porta gravida at eget metus. Fusce dapibus, tellus ac cursus commodo, tortor mauris condimentum nibh, ut fermentum massa justo sit amet risus. Etiam porta sem malesuada magna mollis euismod. Lorem ipsum dolor sit.<\\/p>\",\"verticalSpacingLevel\":\"vertical-spacing-2\"}},\"37\":{\"type\":\"twoUpImages\",\"enabled\":\"1\",\"fields\":{\"leftImage\":[\"35\"],\"rightImage\":[\"36\"],\"verticalSpacingLevel\":\"vertical-spacing-0\"}},\"38\":{\"type\":\"centeredText\",\"enabled\":\"1\",\"fields\":{\"text\":\"<p>Subtitle<\\/p>\\r\\n\\r\\n<p>Donec id elit non mi porta gravida at eget metus. Fusce dapibus, tellus ac cursus commodo, tortor mauris condimentum nibh, ut fermentum massa justo sit amet risus. Etiam porta sem malesuada magna mollis euismod. Lorem ipsum dolor sit.<\\/p>\",\"verticalSpacingLevel\":\"vertical-spacing-4\"}},\"42\":{\"type\":\"video\",\"enabled\":\"1\",\"fields\":{\"vimeoVideoId\":\"172827555\",\"autoplay\":\"\",\"framed\":\"1\"}},\"52\":{\"type\":\"carousel\",\"enabled\":\"1\",\"fields\":{\"images\":[\"48\",\"30\",\"50\",\"35\"],\"verticalSpacingLevel\":\"vertical-spacing-2\"}}},\"6\":\"Project Title Here\",\"5\":[\"21\"]}}', '2016-11-11 22:59:06', '2016-11-11 22:59:06', 'b1e8894e-6fbc-4b6f-8286-eda18d41de79'),
 ('183', '15', '3', '1', 'en_us', '54', '', '{\"typeId\":\"3\",\"authorId\":\"1\",\"title\":\"Packaging Entry\",\"slug\":\"packaging-entry\",\"postDate\":1476391140,\"expiryDate\":null,\"enabled\":1,\"parentId\":null,\"fields\":{\"14\":[{\"col1\":\"Recogonition\",\"col2\":\"Print Regional Design Annual 2015\"}],\"3\":[\"9\",\"10\",\"13\"],\"29\":\"#efefef\",\"9\":\"Wake up\\r\\nStyle\\r\\nshoot\\r\\ndo it all\\r\\nagain\",\"7\":[\"26\"],\"4\":\"#ffae96\",\"8\":\"<p>Justin Gollmer, one of our go-to photography partners, asked us design a ten-year retrospective promotional brochure. Wake, Style, Shoot, Do It All Again is a collection of images highlighting his work behind, beside, and around the camera. The brochure is divided into four sections that blur the lines between Gollmer\\u2019s personal and commercial work: people, action, travel, and product. Short sheets bound to the exterior provide thumbnail image guides to each section with captions for each image.<\\/p>\",\"10\":{\"28\":{\"type\":\"largeImage\",\"enabled\":\"1\",\"fields\":{\"image\":[\"27\"],\"layoutOptions\":\"full-width\",\"verticalSpacingLevel\":\"vertical-spacing-0\"}},\"41\":{\"type\":\"video\",\"enabled\":\"1\",\"fields\":{\"vimeoVideoId\":\"172827555\",\"autoplay\":\"1\",\"framed\":\"1\"}},\"31\":{\"type\":\"insetImage\",\"enabled\":\"1\",\"fields\":{\"image\":[\"30\"],\"imageWidth\":\"75\",\"verticalSpacingLevel\":\"vertical-spacing-5\",\"backgroundColor\":\"#d6ff2e\"}},\"53\":{\"type\":\"video\",\"enabled\":\"1\",\"fields\":{\"vimeoVideoId\":\"172827555\",\"autoplay\":\"1\",\"framed\":\"\"}},\"32\":{\"type\":\"imageWithDescription\",\"enabled\":\"1\",\"fields\":{\"position\":\"left\",\"image\":[\"30\"],\"imageWidth\":\"100\",\"description\":\"<p>Subtitle<\\/p>\\r\\n\\r\\n<p>Donec id elit non mi porta gravida at eget metus. Fusce dapibus, tellus ac cursus commodo, tortor mauris condimentum nibh, ut fermentum massa justo sit amet risus. Etiam porta sem malesuada magna mollis euismod. Lorem ipsum dolor sit.<\\/p>\",\"verticalSpacingLevel\":\"vertical-spacing-2\"}},\"37\":{\"type\":\"twoUpImages\",\"enabled\":\"1\",\"fields\":{\"leftImage\":[\"35\"],\"rightImage\":[\"36\"],\"verticalSpacingLevel\":\"vertical-spacing-0\"}},\"38\":{\"type\":\"centeredText\",\"enabled\":\"1\",\"fields\":{\"text\":\"<p>Subtitle<\\/p>\\r\\n\\r\\n<p>Donec id elit non mi porta gravida at eget metus. Fusce dapibus, tellus ac cursus commodo, tortor mauris condimentum nibh, ut fermentum massa justo sit amet risus. Etiam porta sem malesuada magna mollis euismod. Lorem ipsum dolor sit.<\\/p>\",\"verticalSpacingLevel\":\"vertical-spacing-4\"}},\"42\":{\"type\":\"video\",\"enabled\":\"1\",\"fields\":{\"vimeoVideoId\":\"172827555\",\"autoplay\":\"\",\"framed\":\"1\"}},\"52\":{\"type\":\"carousel\",\"enabled\":\"1\",\"fields\":{\"images\":[\"48\",\"30\",\"50\",\"35\"],\"verticalSpacingLevel\":\"vertical-spacing-2\"}}},\"6\":\"Project Title Here\",\"5\":[\"21\"]}}', '2016-11-11 23:00:17', '2016-11-11 23:00:17', '4d842676-8fd0-4dfa-8c8b-a4f336f82d13'),
 ('184', '15', '3', '1', 'en_us', '55', '', '{\"typeId\":\"3\",\"authorId\":\"1\",\"title\":\"Packaging Entry\",\"slug\":\"packaging-entry\",\"postDate\":1476391140,\"expiryDate\":null,\"enabled\":1,\"parentId\":null,\"fields\":{\"14\":[{\"col1\":\"Recogonition\",\"col2\":\"Print Regional Design Annual 2015\"}],\"3\":[\"9\",\"10\",\"13\"],\"29\":\"#efefef\",\"9\":\"Wake up\\r\\nStyle\\r\\nshoot\\r\\ndo it all\\r\\nagain\",\"7\":[\"26\"],\"4\":\"#ffae96\",\"8\":\"<p>Justin Gollmer, one of our go-to photography partners, asked us design a ten-year retrospective promotional brochure. Wake, Style, Shoot, Do It All Again is a collection of images highlighting his work behind, beside, and around the camera. The brochure is divided into four sections that blur the lines between Gollmer\\u2019s personal and commercial work: people, action, travel, and product. Short sheets bound to the exterior provide thumbnail image guides to each section with captions for each image.<\\/p>\",\"10\":{\"28\":{\"type\":\"largeImage\",\"enabled\":\"1\",\"fields\":{\"image\":[\"27\"],\"layoutOptions\":\"full-width\",\"verticalSpacingLevel\":\"vertical-spacing-0\"}},\"41\":{\"type\":\"video\",\"enabled\":\"1\",\"fields\":{\"vimeoVideoId\":\"172827555\",\"autoplay\":\"1\",\"framed\":\"1\"}},\"31\":{\"type\":\"insetImage\",\"enabled\":\"1\",\"fields\":{\"image\":[\"30\"],\"imageWidth\":\"75\",\"verticalSpacingLevel\":\"vertical-spacing-5\",\"backgroundColor\":\"#d6ff2e\"}},\"53\":{\"type\":\"video\",\"enabled\":\"1\",\"fields\":{\"vimeoVideoId\":\"172827555\",\"autoplay\":\"1\",\"framed\":\"\"}},\"32\":{\"type\":\"imageWithDescription\",\"enabled\":\"1\",\"fields\":{\"position\":\"left\",\"image\":[\"30\"],\"imageWidth\":\"50\",\"description\":\"<p>Subtitle<\\/p>\\r\\n\\r\\n<p>Donec id elit non mi porta gravida at eget metus. Fusce dapibus, tellus ac cursus commodo, tortor mauris condimentum nibh, ut fermentum massa justo sit amet risus. Etiam porta sem malesuada magna mollis euismod. Lorem ipsum dolor sit.<\\/p>\",\"verticalSpacingLevel\":\"vertical-spacing-2\",\"backgroundColor\":\"#00ff00\"}},\"37\":{\"type\":\"twoUpImages\",\"enabled\":\"1\",\"fields\":{\"leftImage\":[\"35\"],\"rightImage\":[\"36\"],\"verticalSpacingLevel\":\"vertical-spacing-0\"}},\"38\":{\"type\":\"centeredText\",\"enabled\":\"1\",\"fields\":{\"text\":\"<p>Subtitle<\\/p>\\r\\n\\r\\n<p>Donec id elit non mi porta gravida at eget metus. Fusce dapibus, tellus ac cursus commodo, tortor mauris condimentum nibh, ut fermentum massa justo sit amet risus. Etiam porta sem malesuada magna mollis euismod. Lorem ipsum dolor sit.<\\/p>\",\"verticalSpacingLevel\":\"vertical-spacing-4\"}},\"42\":{\"type\":\"video\",\"enabled\":\"1\",\"fields\":{\"vimeoVideoId\":\"172827555\",\"autoplay\":\"\",\"framed\":\"1\"}},\"52\":{\"type\":\"carousel\",\"enabled\":\"1\",\"fields\":{\"images\":[\"48\",\"30\",\"50\",\"35\"],\"verticalSpacingLevel\":\"vertical-spacing-2\"}}},\"6\":\"Project Title Here\",\"5\":[\"21\"]}}', '2016-11-11 23:05:08', '2016-11-11 23:05:08', 'e677b085-b925-4b50-bfd3-be6636ff5613'),
 ('185', '15', '3', '1', 'en_us', '56', '', '{\"typeId\":\"3\",\"authorId\":\"1\",\"title\":\"Packaging Entry\",\"slug\":\"packaging-entry\",\"postDate\":1476391140,\"expiryDate\":null,\"enabled\":1,\"parentId\":null,\"fields\":{\"14\":[{\"col1\":\"Recogonition\",\"col2\":\"Print Regional Design Annual 2015\"}],\"3\":[\"9\",\"10\",\"13\"],\"29\":\"#efefef\",\"9\":\"Wake up\\r\\nStyle\\r\\nshoot\\r\\ndo it all\\r\\nagain\",\"7\":[\"26\"],\"4\":\"#ffae96\",\"8\":\"<p>Justin Gollmer, one of our go-to photography partners, asked us design a ten-year retrospective promotional brochure. Wake, Style, Shoot, Do It All Again is a collection of images highlighting his work behind, beside, and around the camera. The brochure is divided into four sections that blur the lines between Gollmer\\u2019s personal and commercial work: people, action, travel, and product. Short sheets bound to the exterior provide thumbnail image guides to each section with captions for each image.<\\/p>\",\"10\":{\"28\":{\"type\":\"largeImage\",\"enabled\":\"1\",\"fields\":{\"image\":[\"27\"],\"layoutOptions\":\"full-width\",\"verticalSpacingLevel\":\"vertical-spacing-0\"}},\"41\":{\"type\":\"video\",\"enabled\":\"1\",\"fields\":{\"vimeoVideoId\":\"172827555\",\"autoplay\":\"1\",\"framed\":\"1\"}},\"31\":{\"type\":\"insetImage\",\"enabled\":\"1\",\"fields\":{\"image\":[\"30\"],\"imageWidth\":\"75\",\"verticalSpacingLevel\":\"vertical-spacing-2\",\"backgroundColor\":\"#d6ff2e\"}},\"53\":{\"type\":\"video\",\"enabled\":\"1\",\"fields\":{\"vimeoVideoId\":\"172827555\",\"autoplay\":\"1\",\"framed\":\"\"}},\"32\":{\"type\":\"imageWithDescription\",\"enabled\":\"1\",\"fields\":{\"position\":\"left\",\"image\":[\"30\"],\"imageWidth\":\"50\",\"description\":\"<p>Subtitle<\\/p>\\r\\n\\r\\n<p>Donec id elit non mi porta gravida at eget metus. Fusce dapibus, tellus ac cursus commodo, tortor mauris condimentum nibh, ut fermentum massa justo sit amet risus. Etiam porta sem malesuada magna mollis euismod. Lorem ipsum dolor sit.<\\/p>\",\"verticalSpacingLevel\":\"vertical-spacing-2\",\"backgroundColor\":\"#00ff00\"}},\"37\":{\"type\":\"twoUpImages\",\"enabled\":\"1\",\"fields\":{\"leftImage\":[\"35\"],\"rightImage\":[\"36\"],\"verticalSpacingLevel\":\"vertical-spacing-2\"}},\"38\":{\"type\":\"centeredText\",\"enabled\":\"1\",\"fields\":{\"text\":\"<p>Subtitle<\\/p>\\r\\n\\r\\n<p>Donec id elit non mi porta gravida at eget metus. Fusce dapibus, tellus ac cursus commodo, tortor mauris condimentum nibh, ut fermentum massa justo sit amet risus. Etiam porta sem malesuada magna mollis euismod. Lorem ipsum dolor sit.<\\/p>\",\"verticalSpacingLevel\":\"vertical-spacing-4\"}},\"42\":{\"type\":\"video\",\"enabled\":\"1\",\"fields\":{\"vimeoVideoId\":\"172827555\",\"autoplay\":\"\",\"framed\":\"1\"}},\"52\":{\"type\":\"carousel\",\"enabled\":\"1\",\"fields\":{\"images\":[\"48\",\"30\",\"50\",\"35\"],\"verticalSpacingLevel\":\"vertical-spacing-2\"}}},\"6\":\"Project Title Here\",\"5\":[\"21\"]}}', '2016-11-11 23:07:53', '2016-11-11 23:07:53', 'c5556591-5499-4fcf-8d84-1585c68807f4'),
 ('186', '15', '3', '1', 'en_us', '57', '', '{\"typeId\":\"3\",\"authorId\":\"1\",\"title\":\"Packaging Entry\",\"slug\":\"packaging-entry\",\"postDate\":1476391140,\"expiryDate\":null,\"enabled\":1,\"parentId\":null,\"fields\":{\"14\":[{\"col1\":\"Recogonition\",\"col2\":\"Print Regional Design Annual 2015\"}],\"3\":[\"9\",\"10\",\"13\"],\"29\":\"#efefef\",\"9\":\"Wake up\\r\\nStyle\\r\\nshoot\\r\\ndo it all\\r\\nagain\",\"7\":[\"26\"],\"4\":\"#ffae96\",\"8\":\"<p>Justin Gollmer, one of our go-to photography partners, asked us design a ten-year retrospective promotional brochure. Wake, Style, Shoot, Do It All Again is a collection of images highlighting his work behind, beside, and around the camera. The brochure is divided into four sections that blur the lines between Gollmer\\u2019s personal and commercial work: people, action, travel, and product. Short sheets bound to the exterior provide thumbnail image guides to each section with captions for each image.<\\/p>\",\"10\":{\"28\":{\"type\":\"largeImage\",\"enabled\":\"1\",\"fields\":{\"image\":[\"27\"],\"layoutOptions\":\"full-width\",\"verticalSpacingLevel\":\"vertical-spacing-0\"}},\"41\":{\"type\":\"video\",\"enabled\":\"1\",\"fields\":{\"vimeoVideoId\":\"172827555\",\"autoplay\":\"1\",\"framed\":\"1\"}},\"31\":{\"type\":\"insetImage\",\"enabled\":\"1\",\"fields\":{\"image\":[\"30\"],\"imageWidth\":\"100\",\"verticalSpacingLevel\":\"vertical-spacing-2\",\"backgroundColor\":\"#d6ff2e\"}},\"53\":{\"type\":\"video\",\"enabled\":\"1\",\"fields\":{\"vimeoVideoId\":\"172827555\",\"autoplay\":\"1\",\"framed\":\"\"}},\"32\":{\"type\":\"imageWithDescription\",\"enabled\":\"1\",\"fields\":{\"position\":\"left\",\"image\":[\"30\"],\"imageWidth\":\"100\",\"description\":\"<p>Subtitle<\\/p>\\r\\n\\r\\n<p>Donec id elit non mi porta gravida at eget metus. Fusce dapibus, tellus ac cursus commodo, tortor mauris condimentum nibh, ut fermentum massa justo sit amet risus. Etiam porta sem malesuada magna mollis euismod. Lorem ipsum dolor sit.<\\/p>\",\"verticalSpacingLevel\":\"vertical-spacing-2\",\"backgroundColor\":\"#00ff00\"}},\"37\":{\"type\":\"twoUpImages\",\"enabled\":\"1\",\"fields\":{\"leftImage\":[\"35\"],\"rightImage\":[\"36\"],\"verticalSpacingLevel\":\"vertical-spacing-2\"}},\"38\":{\"type\":\"centeredText\",\"enabled\":\"1\",\"fields\":{\"text\":\"<p>Subtitle<\\/p>\\r\\n\\r\\n<p>Donec id elit non mi porta gravida at eget metus. Fusce dapibus, tellus ac cursus commodo, tortor mauris condimentum nibh, ut fermentum massa justo sit amet risus. Etiam porta sem malesuada magna mollis euismod. Lorem ipsum dolor sit.<\\/p>\",\"verticalSpacingLevel\":\"vertical-spacing-4\"}},\"42\":{\"type\":\"video\",\"enabled\":\"1\",\"fields\":{\"vimeoVideoId\":\"172827555\",\"autoplay\":\"\",\"framed\":\"1\"}},\"52\":{\"type\":\"carousel\",\"enabled\":\"1\",\"fields\":{\"images\":[\"48\",\"30\",\"50\",\"35\"],\"verticalSpacingLevel\":\"vertical-spacing-2\"}}},\"6\":\"Project Title Here\",\"5\":[\"21\"]}}', '2016-11-11 23:10:46', '2016-11-11 23:10:46', '1cfb7dc3-c4a8-4e1d-aa47-29dc9f3baf77'),
 ('187', '16', '3', '1', 'en_us', '15', '', '{\"typeId\":\"3\",\"authorId\":\"1\",\"title\":\"Oiselle\",\"slug\":\"environment-entry\",\"postDate\":1476391140,\"expiryDate\":null,\"enabled\":1,\"parentId\":null,\"fields\":{\"14\":\"\",\"3\":[\"10\",\"11\",\"12\",\"14\"],\"29\":\"#efef00\",\"9\":\"AN\\r\\nINFUSION\\r\\nOF\\r\\nNEW\\r\\nENERGY\",\"7\":[\"40\"],\"4\":\"#ff5822\",\"8\":\"<p>As they prepared to open their first bricks and mortar store, Oiselle&mdash;a pioneer in women\\u2019s running and athletic fashion&mdash;had a mature brand that needed an infusion of new energy. Turnstyle worked with the Oiselle team to establish an updated identity system and then applied it to a huge range of customer touch points, coordinated to deliver, install and deploy in concert with their store opening in Seattle\\u2019s University Village in the summer of 2015.&nbsp;<\\/p>\",\"10\":\"\",\"6\":\"Brand Identity System\",\"5\":[\"22\"]}}', '2016-11-11 23:27:55', '2016-11-11 23:27:55', '1617ee20-4642-4727-a157-8a68811b2d4a'),
 ('188', '15', '3', '46', 'en_us', '58', '', '{\"typeId\":\"3\",\"authorId\":\"1\",\"title\":\"Packaging Entry\",\"slug\":\"packaging-entry\",\"postDate\":1476391140,\"expiryDate\":null,\"enabled\":1,\"parentId\":null,\"fields\":{\"14\":[{\"col1\":\"Recogonition\",\"col2\":\"Print Regional Design Annual 2015\"}],\"3\":[\"9\",\"10\",\"13\"],\"29\":\"#efefef\",\"9\":\"Wake up\\r\\nStyle\\r\\nshoot\\r\\ndo it all\\r\\nagain\",\"7\":[\"26\"],\"4\":\"#ffae96\",\"8\":\"<p class=\\\"large\\\">Justin Gollmer, one of our go-to photography partners, asked us design a ten-year retrospective promotional brochure. Wake, Style, Shoot, Do It All Again is a collection of images highlighting his work behind, beside, and around the camera. The brochure is divided into four sections that blur the lines between Gollmer\\u2019s personal and commercial work: people, action, travel, and product. Short sheets bound to the exterior provide thumbnail image guides to each section with captions for each image.<\\/p>\",\"10\":{\"28\":{\"type\":\"largeImage\",\"enabled\":\"1\",\"fields\":{\"image\":[\"27\"],\"layoutOptions\":\"full-width\",\"verticalSpacingLevel\":\"vertical-spacing-0\"}},\"41\":{\"type\":\"video\",\"enabled\":\"1\",\"fields\":{\"vimeoVideoId\":\"172827555\",\"autoplay\":\"1\",\"framed\":\"1\"}},\"31\":{\"type\":\"insetImage\",\"enabled\":\"1\",\"fields\":{\"image\":[\"30\"],\"imageWidth\":\"100\",\"verticalSpacingLevel\":\"vertical-spacing-2\",\"backgroundColor\":\"#d6ff2e\"}},\"53\":{\"type\":\"video\",\"enabled\":\"1\",\"fields\":{\"vimeoVideoId\":\"172827555\",\"autoplay\":\"1\",\"framed\":\"\"}},\"32\":{\"type\":\"imageWithDescription\",\"enabled\":\"1\",\"fields\":{\"position\":\"left\",\"image\":[\"30\"],\"imageWidth\":\"100\",\"description\":\"<p>Subtitle<\\/p>\\r\\n\\r\\n<p>Donec id elit non mi porta gravida at eget metus. Fusce dapibus, tellus ac cursus commodo, tortor mauris condimentum nibh, ut fermentum massa justo sit amet risus. Etiam porta sem malesuada magna mollis euismod. Lorem ipsum dolor sit.<\\/p>\",\"verticalSpacingLevel\":\"vertical-spacing-2\",\"backgroundColor\":\"#00ff00\"}},\"37\":{\"type\":\"twoUpImages\",\"enabled\":\"1\",\"fields\":{\"leftImage\":[\"35\"],\"rightImage\":[\"36\"],\"verticalSpacingLevel\":\"vertical-spacing-2\"}},\"38\":{\"type\":\"centeredText\",\"enabled\":\"1\",\"fields\":{\"text\":\"<p>Subtitle<\\/p>\\r\\n\\r\\n<p>Donec id elit non mi porta gravida at eget metus. Fusce dapibus, tellus ac cursus commodo, tortor mauris condimentum nibh, ut fermentum massa justo sit amet risus. Etiam porta sem malesuada magna mollis euismod. Lorem ipsum dolor sit.<\\/p>\",\"verticalSpacingLevel\":\"vertical-spacing-4\"}},\"42\":{\"type\":\"video\",\"enabled\":\"1\",\"fields\":{\"vimeoVideoId\":\"172827555\",\"autoplay\":\"\",\"framed\":\"1\"}},\"52\":{\"type\":\"carousel\",\"enabled\":\"1\",\"fields\":{\"images\":[\"48\",\"30\",\"50\",\"35\"],\"verticalSpacingLevel\":\"vertical-spacing-2\"}}},\"6\":\"Project Title Here\",\"5\":[\"21\"]}}', '2016-11-11 23:42:06', '2016-11-11 23:42:06', 'bef10d53-e012-4809-99fa-a7908f32e402'),
 ('189', '15', '3', '1', 'en_us', '59', '', '{\"typeId\":\"3\",\"authorId\":\"1\",\"title\":\"Packaging Entry\",\"slug\":\"packaging-entry\",\"postDate\":1476391140,\"expiryDate\":null,\"enabled\":1,\"parentId\":null,\"fields\":{\"14\":[{\"col1\":\"Recogonition\",\"col2\":\"Print Regional Design Annual 2015\"}],\"3\":[\"9\",\"13\",\"14\"],\"29\":\"#efefef\",\"9\":\"Wake up\\r\\nStyle\\r\\nshoot\\r\\ndo it all\\r\\nagain\",\"7\":[\"26\"],\"4\":\"#ffae96\",\"8\":\"<p class=\\\"large\\\">Justin Gollmer, one of our go-to photography partners, asked us design a ten-year retrospective promotional brochure. Wake, Style, Shoot, Do It All Again is a collection of images highlighting his work behind, beside, and around the camera. The brochure is divided into four sections that blur the lines between Gollmer\\u2019s personal and commercial work: people, action, travel, and product. Short sheets bound to the exterior provide thumbnail image guides to each section with captions for each image.<\\/p>\",\"10\":{\"28\":{\"type\":\"largeImage\",\"enabled\":\"1\",\"fields\":{\"image\":[\"27\"],\"layoutOptions\":\"full-width\",\"verticalSpacingLevel\":\"vertical-spacing-0\"}},\"41\":{\"type\":\"video\",\"enabled\":\"1\",\"fields\":{\"vimeoVideoId\":\"172827555\",\"autoplay\":\"1\",\"framed\":\"1\"}},\"31\":{\"type\":\"insetImage\",\"enabled\":\"1\",\"fields\":{\"image\":[\"30\"],\"imageWidth\":\"100\",\"verticalSpacingLevel\":\"vertical-spacing-2\",\"backgroundColor\":\"#d6ff2e\"}},\"53\":{\"type\":\"video\",\"enabled\":\"1\",\"fields\":{\"vimeoVideoId\":\"172827555\",\"autoplay\":\"1\",\"framed\":\"\"}},\"32\":{\"type\":\"imageWithDescription\",\"enabled\":\"1\",\"fields\":{\"position\":\"left\",\"image\":[\"30\"],\"imageWidth\":\"100\",\"description\":\"<p>Subtitle<\\/p>\\r\\n\\r\\n<p>Donec id elit non mi porta gravida at eget metus. Fusce dapibus, tellus ac cursus commodo, tortor mauris condimentum nibh, ut fermentum massa justo sit amet risus. Etiam porta sem malesuada magna mollis euismod. Lorem ipsum dolor sit.<\\/p>\",\"verticalSpacingLevel\":\"vertical-spacing-2\",\"backgroundColor\":\"#00ff00\"}},\"37\":{\"type\":\"twoUpImages\",\"enabled\":\"1\",\"fields\":{\"leftImage\":[\"35\"],\"rightImage\":[\"36\"],\"verticalSpacingLevel\":\"vertical-spacing-2\"}},\"38\":{\"type\":\"centeredText\",\"enabled\":\"1\",\"fields\":{\"text\":\"<p>Subtitle<\\/p>\\r\\n\\r\\n<p>Donec id elit non mi porta gravida at eget metus. Fusce dapibus, tellus ac cursus commodo, tortor mauris condimentum nibh, ut fermentum massa justo sit amet risus. Etiam porta sem malesuada magna mollis euismod. Lorem ipsum dolor sit.<\\/p>\",\"verticalSpacingLevel\":\"vertical-spacing-4\"}},\"42\":{\"type\":\"video\",\"enabled\":\"1\",\"fields\":{\"vimeoVideoId\":\"172827555\",\"autoplay\":\"\",\"framed\":\"1\"}},\"52\":{\"type\":\"carousel\",\"enabled\":\"1\",\"fields\":{\"images\":[\"48\",\"30\",\"50\",\"35\"],\"verticalSpacingLevel\":\"vertical-spacing-2\"}}},\"6\":\"Project Title Here\",\"5\":[\"21\"]}}', '2016-11-11 23:58:53', '2016-11-11 23:58:53', '210ebe40-b95d-41d8-a2bd-d215a448aa2a'),
 ('190', '15', '3', '46', 'en_us', '60', '', '{\"typeId\":\"3\",\"authorId\":\"1\",\"title\":\"Packaging Entry\",\"slug\":\"packaging-entry\",\"postDate\":1476391140,\"expiryDate\":null,\"enabled\":1,\"parentId\":null,\"fields\":{\"14\":[{\"col1\":\"Recogonition\",\"col2\":\"Print Regional Design Annual 2015\"}],\"3\":[\"9\",\"13\",\"14\"],\"29\":\"#efefef\",\"9\":\"Wake up\\r\\nStyle\\r\\nshoot\\r\\ndo it all\\r\\nagain\",\"7\":[\"26\"],\"4\":\"#ffae96\",\"8\":\"<p class=\\\"large\\\">Justin Gollmer, one of our go-to photography partners, asked us design a ten-year retrospective promotional brochure. Wake, Style, Shoot, Do It All Again is a collection of images highlighting his work behind, beside, and around the camera. The brochure is divided into four sections that blur the lines between Gollmer\\u2019s personal and commercial work: people, action, travel, and product. Short sheets bound to the exterior provide thumbnail image guides to each section with captions for each image.<\\/p>\",\"10\":{\"28\":{\"type\":\"largeImage\",\"enabled\":\"1\",\"fields\":{\"image\":[\"27\"],\"layoutOptions\":\"full-width\",\"verticalSpacingLevel\":\"vertical-spacing-0\"}},\"41\":{\"type\":\"video\",\"enabled\":\"1\",\"fields\":{\"vimeoVideoId\":\"172827555\",\"autoplay\":\"1\",\"framed\":\"1\"}},\"31\":{\"type\":\"insetImage\",\"enabled\":\"1\",\"fields\":{\"image\":[\"30\"],\"imageWidth\":\"100\",\"verticalSpacingLevel\":\"vertical-spacing-2\",\"backgroundColor\":\"#d6ff2e\"}},\"53\":{\"type\":\"video\",\"enabled\":\"1\",\"fields\":{\"vimeoVideoId\":\"172827555\",\"autoplay\":\"1\",\"framed\":\"\"}},\"32\":{\"type\":\"imageWithDescription\",\"enabled\":\"1\",\"fields\":{\"position\":\"left\",\"image\":[\"30\"],\"imageWidth\":\"100\",\"description\":\"<p>Subtitle<\\/p>\\r\\n\\r\\n<p>Donec id elit non mi porta gravida at eget metus. Fusce dapibus, tellus ac cursus commodo, tortor mauris condimentum nibh, ut fermentum massa justo sit amet risus. Etiam porta sem malesuada magna mollis euismod. Lorem ipsum dolor sit.<\\/p>\",\"verticalSpacingLevel\":\"vertical-spacing-2\",\"backgroundColor\":\"#000000\"}},\"37\":{\"type\":\"twoUpImages\",\"enabled\":\"1\",\"fields\":{\"leftImage\":[\"35\"],\"rightImage\":[\"36\"],\"verticalSpacingLevel\":\"vertical-spacing-2\"}},\"38\":{\"type\":\"centeredText\",\"enabled\":\"1\",\"fields\":{\"text\":\"<p>Subtitle<\\/p>\\r\\n\\r\\n<p>Donec id elit non mi porta gravida at eget metus. Fusce dapibus, tellus ac cursus commodo, tortor mauris condimentum nibh, ut fermentum massa justo sit amet risus. Etiam porta sem malesuada magna mollis euismod. Lorem ipsum dolor sit.<\\/p>\",\"verticalSpacingLevel\":\"vertical-spacing-4\"}},\"42\":{\"type\":\"video\",\"enabled\":\"1\",\"fields\":{\"vimeoVideoId\":\"172827555\",\"autoplay\":\"\",\"framed\":\"1\"}},\"52\":{\"type\":\"carousel\",\"enabled\":\"1\",\"fields\":{\"images\":[\"48\",\"30\",\"50\",\"35\"],\"verticalSpacingLevel\":\"vertical-spacing-2\"}}},\"6\":\"Project Title Here\",\"5\":[\"21\"]}}', '2016-11-14 19:04:36', '2016-11-14 19:04:36', '431956df-4535-4144-9553-810ed70c23c3'),
 ('191', '15', '3', '1', 'en_us', '61', '', '{\"typeId\":\"3\",\"authorId\":\"1\",\"title\":\"Packaging Entry\",\"slug\":\"packaging-entry\",\"postDate\":1476391140,\"expiryDate\":null,\"enabled\":1,\"parentId\":null,\"fields\":{\"14\":[{\"col1\":\"Recogonition\",\"col2\":\"Print Regional Design Annual 2015\"}],\"3\":[\"9\",\"13\",\"14\"],\"29\":\"#efefef\",\"9\":\"Wake up\\r\\nStyle\\r\\nshoot\\r\\ndo it all\\r\\nagain\",\"7\":[\"26\"],\"4\":\"#ffae96\",\"8\":\"<p class=\\\"large\\\">Justin Gollmer, one of our go-to photography partners, asked us design a ten-year retrospective promotional brochure. Wake, Style, Shoot, Do It All Again is a collection of images highlighting his work behind, beside, and around the camera. The brochure is divided into four sections that blur the lines between Gollmer\\u2019s personal and commercial work: people, action, travel, and product. Short sheets bound to the exterior provide thumbnail image guides to each section with captions for each image.<\\/p>\",\"10\":{\"28\":{\"type\":\"largeImage\",\"enabled\":\"1\",\"fields\":{\"image\":[\"27\"],\"layoutOptions\":\"full-width\",\"verticalSpacingLevel\":\"vertical-spacing-0\"}},\"41\":{\"type\":\"video\",\"enabled\":\"1\",\"fields\":{\"vimeoVideoId\":\"172827555\",\"autoplay\":\"1\",\"framed\":\"1\"}},\"31\":{\"type\":\"insetImage\",\"enabled\":\"1\",\"fields\":{\"image\":[\"30\"],\"imageWidth\":\"100\",\"verticalSpacingLevel\":\"vertical-spacing-2\",\"backgroundColor\":\"#d6ff2e\"}},\"53\":{\"type\":\"video\",\"enabled\":\"1\",\"fields\":{\"vimeoVideoId\":\"172827555\",\"autoplay\":\"1\",\"framed\":\"\"}},\"32\":{\"type\":\"imageWithDescription\",\"enabled\":\"1\",\"fields\":{\"position\":\"left\",\"image\":[\"30\"],\"imageWidth\":\"100\",\"description\":\"<p>Subtitle<\\/p>\\r\\n\\r\\n<p>Donec id elit non mi porta gravida at eget metus. Fusce dapibus, tellus ac cursus commodo, tortor mauris condimentum nibh, ut fermentum massa justo sit amet risus. Etiam porta sem malesuada magna mollis euismod. Lorem ipsum dolor sit.<\\/p>\",\"verticalSpacingLevel\":\"vertical-spacing-2\",\"backgroundColor\":\"#000000\"}},\"37\":{\"type\":\"twoUpImages\",\"enabled\":\"1\",\"fields\":{\"leftImage\":[\"35\"],\"rightImage\":[\"36\"],\"verticalSpacingLevel\":\"vertical-spacing-2\"}},\"38\":{\"type\":\"centeredText\",\"enabled\":\"1\",\"fields\":{\"text\":\"<p><span class=\\\"white\\\">Subtitle<\\/span><\\/p>\\r\\n\\r\\n<p><span class=\\\"white\\\">Donec id elit non mi porta gravida at eget metus. Fusce dapibus, tellus ac cursus commodo, tortor mauris condimentum nibh, ut fermentum massa justo sit amet risus. Etiam porta sem malesuada magna mollis euismod. Lorem ipsum dolor sit.<\\/span><\\/p>\",\"verticalSpacingLevel\":\"vertical-spacing-4\",\"backgroundColor\":\"#000000\"}},\"42\":{\"type\":\"video\",\"enabled\":\"1\",\"fields\":{\"vimeoVideoId\":\"172827555\",\"autoplay\":\"\",\"framed\":\"1\"}},\"52\":{\"type\":\"carousel\",\"enabled\":\"1\",\"fields\":{\"images\":[\"48\",\"30\",\"50\",\"35\"],\"verticalSpacingLevel\":\"vertical-spacing-2\"}}},\"6\":\"Project Title Here\",\"5\":[\"21\"]}}', '2016-11-14 20:23:56', '2016-11-14 20:23:56', '3a021cb0-7498-4b05-b952-4a4b1495c183'),
 ('192', '15', '3', '1', 'en_us', '62', '', '{\"typeId\":\"3\",\"authorId\":\"1\",\"title\":\"Packaging Entry\",\"slug\":\"packaging-entry\",\"postDate\":1476391140,\"expiryDate\":null,\"enabled\":1,\"parentId\":null,\"fields\":{\"14\":[{\"col1\":\"Recogonition\",\"col2\":\"Print Regional Design Annual 2015\"}],\"3\":[\"9\",\"13\",\"14\"],\"29\":\"#efefef\",\"9\":\"Wake up\\r\\nStyle\\r\\nshoot\\r\\ndo it all\\r\\nagain\",\"7\":[\"26\"],\"4\":\"#ffae96\",\"8\":\"<p class=\\\"large\\\">Justin Gollmer, one of our go-to photography partners, asked us design a ten-year retrospective promotional brochure. Wake, Style, Shoot, Do It All Again is a collection of images highlighting his work behind, beside, and around the camera. The brochure is divided into four sections that blur the lines between Gollmer\\u2019s personal and commercial work: people, action, travel, and product. Short sheets bound to the exterior provide thumbnail image guides to each section with captions for each image.<\\/p>\",\"10\":{\"28\":{\"type\":\"largeImage\",\"enabled\":\"1\",\"fields\":{\"image\":[\"27\"],\"layoutOptions\":\"full-width\",\"verticalSpacingLevel\":\"vertical-spacing-0\"}},\"41\":{\"type\":\"video\",\"enabled\":\"1\",\"fields\":{\"vimeoVideoId\":\"172827555\",\"autoplay\":\"1\",\"framed\":\"1\"}},\"31\":{\"type\":\"insetImage\",\"enabled\":\"1\",\"fields\":{\"image\":[\"30\"],\"imageWidth\":\"100\",\"verticalSpacingLevel\":\"vertical-spacing-2\",\"backgroundColor\":\"#d6ff2e\"}},\"53\":{\"type\":\"video\",\"enabled\":\"1\",\"fields\":{\"vimeoVideoId\":\"172827555\",\"autoplay\":\"1\",\"framed\":\"\"}},\"32\":{\"type\":\"imageWithDescription\",\"enabled\":\"1\",\"fields\":{\"position\":\"left\",\"image\":[\"30\"],\"imageWidth\":\"100\",\"description\":\"<p><span class=\\\"white\\\">Subtitle<\\/span><\\/p>\\r\\n\\r\\n<p><span class=\\\"white\\\">Donec id elit non mi porta gravida at eget metus. Fusce dapibus, tellus ac cursus commodo, tortor mauris condimentum nibh, ut fermentum massa justo sit amet risus. Etiam porta sem malesuada magna mollis euismod. Lorem ipsum dolor sit.<\\/span><\\/p>\",\"verticalSpacingLevel\":\"vertical-spacing-2\",\"backgroundColor\":\"#000000\"}},\"37\":{\"type\":\"twoUpImages\",\"enabled\":\"1\",\"fields\":{\"leftImage\":[\"35\"],\"rightImage\":[\"36\"],\"verticalSpacingLevel\":\"vertical-spacing-2\"}},\"38\":{\"type\":\"centeredText\",\"enabled\":\"1\",\"fields\":{\"text\":\"<p>Subtitle<\\/p>\\r\\n\\r\\n<p>Donec id elit non mi porta gravida at eget metus. Fusce dapibus, tellus ac cursus commodo, tortor mauris condimentum nibh, ut fermentum massa justo sit amet risus. Etiam porta sem malesuada magna mollis euismod. Lorem ipsum dolor sit.<\\/p>\",\"verticalSpacingLevel\":\"vertical-spacing-4\",\"backgroundColor\":\"#000000\"}},\"42\":{\"type\":\"video\",\"enabled\":\"1\",\"fields\":{\"vimeoVideoId\":\"172827555\",\"autoplay\":\"\",\"framed\":\"1\"}},\"52\":{\"type\":\"carousel\",\"enabled\":\"1\",\"fields\":{\"images\":[\"48\",\"30\",\"50\",\"35\"],\"verticalSpacingLevel\":\"vertical-spacing-2\"}}},\"6\":\"Project Title Here\",\"5\":[\"21\"]}}', '2016-11-14 20:24:56', '2016-11-14 20:24:56', '23aee9d2-7146-46eb-ab2d-d912fc84cbd5'),
 ('193', '15', '3', '1', 'en_us', '63', '', '{\"typeId\":\"3\",\"authorId\":\"1\",\"title\":\"Packaging Entry\",\"slug\":\"packaging-entry\",\"postDate\":1476391140,\"expiryDate\":null,\"enabled\":1,\"parentId\":null,\"fields\":{\"14\":[{\"col1\":\"Recogonition\",\"col2\":\"Print Regional Design Annual 2015\"}],\"3\":[\"9\",\"13\",\"14\"],\"29\":\"#efefef\",\"9\":\"Wake up\\r\\nStyle\\r\\nshoot\\r\\ndo it all\\r\\nagain\",\"7\":[\"26\"],\"4\":\"#ffae96\",\"8\":\"<p class=\\\"large\\\">Justin Gollmer, one of our go-to photography partners, asked us design a ten-year retrospective promotional brochure. Wake, Style, Shoot, Do It All Again is a collection of images highlighting his work behind, beside, and around the camera. The brochure is divided into four sections that blur the lines between Gollmer\\u2019s personal and commercial work: people, action, travel, and product. Short sheets bound to the exterior provide thumbnail image guides to each section with captions for each image.<\\/p>\",\"10\":{\"28\":{\"type\":\"largeImage\",\"enabled\":\"1\",\"fields\":{\"image\":[\"27\"],\"layoutOptions\":\"full-width\",\"verticalSpacingLevel\":\"vertical-spacing-0\"}},\"41\":{\"type\":\"video\",\"enabled\":\"1\",\"fields\":{\"vimeoVideoId\":\"172827555\",\"autoplay\":\"1\",\"framed\":\"1\"}},\"31\":{\"type\":\"insetImage\",\"enabled\":\"1\",\"fields\":{\"image\":[\"30\"],\"imageWidth\":\"100\",\"verticalSpacingLevel\":\"vertical-spacing-2\",\"backgroundColor\":\"#d6ff2e\"}},\"53\":{\"type\":\"video\",\"enabled\":\"1\",\"fields\":{\"vimeoVideoId\":\"172827555\",\"autoplay\":\"1\",\"framed\":\"\"}},\"32\":{\"type\":\"imageWithDescription\",\"enabled\":\"1\",\"fields\":{\"position\":\"left\",\"image\":[\"30\"],\"imageWidth\":\"100\",\"description\":\"<p>Subtitle<\\/p>\\r\\n\\r\\n<p>Donec id elit non mi porta gravida at eget metus. Fusce dapibus, tellus ac cursus commodo, tortor mauris condimentum nibh, ut fermentum massa justo sit amet risus. Etiam porta sem malesuada magna mollis euismod. Lorem ipsum dolor sit.<\\/p>\",\"verticalSpacingLevel\":\"vertical-spacing-2\",\"backgroundColor\":\"#000000\"}},\"37\":{\"type\":\"twoUpImages\",\"enabled\":\"1\",\"fields\":{\"leftImage\":[\"35\"],\"rightImage\":[\"36\"],\"verticalSpacingLevel\":\"vertical-spacing-2\"}},\"38\":{\"type\":\"centeredText\",\"enabled\":\"1\",\"fields\":{\"text\":\"<p><span class=\\\"white\\\">Subtitle<\\/span><\\/p>\\r\\n\\r\\n<p><span class=\\\"white\\\">Donec id elit non mi porta gravida at eget metus. Fusce dapibus, tellus ac cursus commodo, tortor mauris condimentum nibh, ut fermentum massa justo sit amet risus. Etiam porta sem malesuada magna mollis euismod. Lorem ipsum dolor sit.<\\/span><\\/p>\",\"verticalSpacingLevel\":\"vertical-spacing-4\",\"backgroundColor\":\"#000000\"}},\"42\":{\"type\":\"video\",\"enabled\":\"1\",\"fields\":{\"vimeoVideoId\":\"172827555\",\"autoplay\":\"\",\"framed\":\"1\"}},\"52\":{\"type\":\"carousel\",\"enabled\":\"1\",\"fields\":{\"images\":[\"48\",\"30\",\"50\",\"35\"],\"verticalSpacingLevel\":\"vertical-spacing-2\"}}},\"6\":\"Project Title Here\",\"5\":[\"21\"]}}', '2016-11-14 20:26:39', '2016-11-14 20:26:39', '9dc068ca-eb6d-4896-83ae-862c1305b8b8'),
 ('194', '15', '3', '46', 'en_us', '64', '', '{\"typeId\":\"3\",\"authorId\":\"1\",\"title\":\"Packaging Entry\",\"slug\":\"packaging-entry\",\"postDate\":1476391140,\"expiryDate\":null,\"enabled\":1,\"parentId\":null,\"fields\":{\"14\":[{\"col1\":\"Recogonition\",\"col2\":\"Print Regional Design Annual 2015\"}],\"3\":[\"9\",\"13\",\"14\"],\"29\":\"#efefef\",\"9\":\"Wake up\\r\\nStyle\\r\\nshoot\\r\\ndo it all\\r\\nagain\",\"7\":[\"26\"],\"4\":\"#ffae96\",\"8\":\"<p class=\\\"large\\\">Justin Gollmer, one of our go-to photography partners, asked us design a ten-year retrospective promotional brochure. Wake, Style, Shoot, Do It All Again is a collection of images highlighting his work behind, beside, and around the camera. The brochure is divided into four sections that blur the lines between Gollmer\\u2019s personal and commercial work: people, action, travel, and product. Short sheets bound to the exterior provide thumbnail image guides to each section with captions for each image.<\\/p>\",\"10\":{\"28\":{\"type\":\"largeImage\",\"enabled\":\"1\",\"fields\":{\"image\":[\"27\"],\"layoutOptions\":\"full-width\",\"verticalSpacingLevel\":\"vertical-spacing-0\"}},\"41\":{\"type\":\"video\",\"enabled\":\"1\",\"fields\":{\"vimeoVideoId\":\"172827555\",\"autoplay\":\"1\",\"framed\":\"1\"}},\"31\":{\"type\":\"insetImage\",\"enabled\":\"1\",\"fields\":{\"image\":[\"30\"],\"imageWidth\":\"100\",\"verticalSpacingLevel\":\"vertical-spacing-2\",\"backgroundColor\":\"#d6ff2e\"}},\"53\":{\"type\":\"video\",\"enabled\":\"1\",\"fields\":{\"vimeoVideoId\":\"172827555\",\"autoplay\":\"1\",\"framed\":\"\"}},\"32\":{\"type\":\"imageWithDescription\",\"enabled\":\"1\",\"fields\":{\"position\":\"left\",\"image\":[\"30\"],\"imageWidth\":\"100\",\"description\":\"<p>Subtitle<\\/p>\\r\\n\\r\\n<p>Donec id elit non mi porta gravida at eget metus. Fusce dapibus, tellus ac cursus commodo, tortor mauris condimentum nibh, ut fermentum massa justo sit amet risus. Etiam porta sem malesuada magna mollis euismod. Lorem ipsum dolor sit.<\\/p>\",\"verticalSpacingLevel\":\"vertical-spacing-2\",\"backgroundColor\":\"#000000\"}},\"37\":{\"type\":\"twoUpImages\",\"enabled\":\"1\",\"fields\":{\"leftImage\":[\"35\"],\"rightImage\":[\"36\"],\"verticalSpacingLevel\":\"vertical-spacing-2\"}},\"38\":{\"type\":\"centeredText\",\"enabled\":\"1\",\"fields\":{\"text\":\"<p class=\\\"large\\\"><span class=\\\"white\\\">Donec sed odio dui. Nullam quis risus eget urna mollis ornare vel eu leo. Praesent commodo cursus magna, vel scelerisque nisl consectetur et. Cras mattis consectetur purus sit amet fermentum. Maecenas sed diam eget risus varius blandit sit amet non magna. Praesent commodo cursus magna, vel scelerisque nisl consectetur et.<\\/span><\\/p>\",\"verticalSpacingLevel\":\"vertical-spacing-4\",\"backgroundColor\":\"#0000ff\"}},\"42\":{\"type\":\"video\",\"enabled\":\"1\",\"fields\":{\"vimeoVideoId\":\"172827555\",\"autoplay\":\"\",\"framed\":\"1\"}},\"52\":{\"type\":\"carousel\",\"enabled\":\"1\",\"fields\":{\"images\":[\"48\",\"30\",\"50\",\"35\"],\"verticalSpacingLevel\":\"vertical-spacing-2\"}}},\"6\":\"Project Title Here\",\"5\":[\"21\"]}}', '2016-11-14 20:35:55', '2016-11-14 20:35:55', '81abfe70-4441-410b-8dd0-df4a13a59f33'),
 ('195', '15', '3', '46', 'en_us', '65', '', '{\"typeId\":\"3\",\"authorId\":\"1\",\"title\":\"Packaging Entry\",\"slug\":\"packaging-entry\",\"postDate\":1476391140,\"expiryDate\":null,\"enabled\":1,\"parentId\":null,\"fields\":{\"14\":[{\"col1\":\"Recogonition\",\"col2\":\"Print Regional Design Annual 2015\"}],\"3\":[\"9\",\"13\",\"14\"],\"29\":\"#efefef\",\"9\":\"Wake up\\r\\nStyle\\r\\nshoot\\r\\ndo it all\\r\\nagain\",\"7\":[\"26\"],\"4\":\"#ffae96\",\"8\":\"<p class=\\\"large\\\">Justin Gollmer, one of our go-to photography partners, asked us design a ten-year retrospective promotional brochure. Wake, Style, Shoot, Do It All Again is a collection of images highlighting his work behind, beside, and around the camera. The brochure is divided into four sections that blur the lines between Gollmer\\u2019s personal and commercial work: people, action, travel, and product. Short sheets bound to the exterior provide thumbnail image guides to each section with captions for each image.<\\/p>\",\"10\":{\"28\":{\"type\":\"largeImage\",\"enabled\":\"1\",\"fields\":{\"image\":[\"27\"],\"layoutOptions\":\"full-width\",\"verticalSpacingLevel\":\"vertical-spacing-0\"}},\"41\":{\"type\":\"video\",\"enabled\":\"1\",\"fields\":{\"vimeoVideoId\":\"172827555\",\"autoplay\":\"1\",\"framed\":\"1\"}},\"31\":{\"type\":\"insetImage\",\"enabled\":\"1\",\"fields\":{\"image\":[\"30\"],\"imageWidth\":\"100\",\"verticalSpacingLevel\":\"vertical-spacing-2\",\"backgroundColor\":\"#d6ff2e\"}},\"53\":{\"type\":\"video\",\"enabled\":\"1\",\"fields\":{\"vimeoVideoId\":\"172827555\",\"autoplay\":\"1\",\"framed\":\"\"}},\"32\":{\"type\":\"imageWithDescription\",\"enabled\":\"1\",\"fields\":{\"position\":\"right\",\"image\":[\"30\"],\"imageWidth\":\"100\",\"description\":\"<p class=\\\"large\\\"><span class=\\\"white\\\">Subtitle<\\/span><\\/p>\\r\\n\\r\\n<p class=\\\"large\\\"><span class=\\\"white\\\">Donec id elit non mi porta gravida at eget metus. Fusce dapibus, tellus ac cursus commodo, tortor mauris condimentum nibh, ut fermentum massa justo sit amet risus. Etiam porta sem malesuada magna mollis euismod. Lorem ipsum dolor sit.<\\/span><\\/p>\",\"verticalSpacingLevel\":\"vertical-spacing-2\",\"backgroundColor\":\"#000000\"}},\"37\":{\"type\":\"twoUpImages\",\"enabled\":\"1\",\"fields\":{\"leftImage\":[\"35\"],\"rightImage\":[\"36\"],\"verticalSpacingLevel\":\"vertical-spacing-2\"}},\"38\":{\"type\":\"centeredText\",\"enabled\":\"1\",\"fields\":{\"text\":\"<p class=\\\"large\\\"><span class=\\\"white\\\">Donec sed odio dui. Nullam quis risus eget urna mollis ornare vel eu leo. Praesent commodo cursus magna, vel scelerisque nisl consectetur et. Cras mattis consectetur purus sit amet fermentum. Maecenas sed diam eget risus varius blandit sit amet non magna. Praesent commodo cursus magna, vel scelerisque nisl consectetur et.<\\/span><\\/p>\",\"verticalSpacingLevel\":\"vertical-spacing-4\",\"backgroundColor\":\"#0000ff\"}},\"42\":{\"type\":\"video\",\"enabled\":\"1\",\"fields\":{\"vimeoVideoId\":\"172827555\",\"autoplay\":\"\",\"framed\":\"1\"}},\"52\":{\"type\":\"carousel\",\"enabled\":\"1\",\"fields\":{\"images\":[\"48\",\"30\",\"50\",\"35\"],\"verticalSpacingLevel\":\"vertical-spacing-2\"}}},\"6\":\"Project Title Here\",\"5\":[\"21\"]}}', '2016-11-14 20:37:03', '2016-11-14 20:37:03', '4c0caebf-6d04-4965-8264-b0fa3dd7f493'),
 ('196', '15', '3', '46', 'en_us', '66', '', '{\"typeId\":\"3\",\"authorId\":\"1\",\"title\":\"Packaging Entry\",\"slug\":\"packaging-entry\",\"postDate\":1476391140,\"expiryDate\":null,\"enabled\":1,\"parentId\":null,\"fields\":{\"14\":[{\"col1\":\"Recogonition\",\"col2\":\"Print Regional Design Annual 2015\"}],\"3\":[\"9\",\"13\",\"14\"],\"29\":\"#efefef\",\"9\":\"Wake up\\r\\nStyle\\r\\nshoot\\r\\ndo it all\\r\\nagain\",\"7\":[\"26\"],\"4\":\"#ffae96\",\"8\":\"<p class=\\\"large\\\">Justin Gollmer, one of our go-to photography partners, asked us design a ten-year retrospective promotional brochure. Wake, Style, Shoot, Do It All Again is a collection of images highlighting his work behind, beside, and around the camera. The brochure is divided into four sections that blur the lines between Gollmer\\u2019s personal and commercial work: people, action, travel, and product. Short sheets bound to the exterior provide thumbnail image guides to each section with captions for each image.<\\/p>\",\"10\":{\"28\":{\"type\":\"largeImage\",\"enabled\":\"1\",\"fields\":{\"image\":[\"27\"],\"layoutOptions\":\"full-width\",\"verticalSpacingLevel\":\"vertical-spacing-0\"}},\"41\":{\"type\":\"video\",\"enabled\":\"1\",\"fields\":{\"vimeoVideoId\":\"172827555\",\"autoplay\":\"1\",\"framed\":\"1\"}},\"31\":{\"type\":\"insetImage\",\"enabled\":\"1\",\"fields\":{\"image\":[\"30\"],\"imageWidth\":\"50\",\"verticalSpacingLevel\":\"vertical-spacing-2\",\"backgroundColor\":\"#d6ff2e\"}},\"53\":{\"type\":\"video\",\"enabled\":\"1\",\"fields\":{\"vimeoVideoId\":\"172827555\",\"autoplay\":\"1\",\"framed\":\"\"}},\"32\":{\"type\":\"imageWithDescription\",\"enabled\":\"1\",\"fields\":{\"position\":\"right\",\"image\":[\"30\"],\"imageWidth\":\"50\",\"description\":\"<p class=\\\"large\\\"><span class=\\\"white\\\">Subtitle<\\/span><\\/p>\\r\\n\\r\\n<p class=\\\"large\\\"><span class=\\\"white\\\">Donec id elit non mi porta gravida at eget metus. Fusce dapibus, tellus ac cursus commodo, tortor mauris condimentum nibh, ut fermentum massa justo sit amet risus. Etiam porta sem malesuada magna mollis euismod. Lorem ipsum dolor sit.<\\/span><\\/p>\",\"verticalSpacingLevel\":\"vertical-spacing-2\",\"backgroundColor\":\"#000000\"}},\"37\":{\"type\":\"twoUpImages\",\"enabled\":\"1\",\"fields\":{\"leftImage\":[\"35\"],\"rightImage\":[\"36\"],\"verticalSpacingLevel\":\"vertical-spacing-2\"}},\"38\":{\"type\":\"centeredText\",\"enabled\":\"1\",\"fields\":{\"text\":\"<p class=\\\"large\\\"><span class=\\\"white\\\">Donec sed odio dui. Nullam quis risus eget urna mollis ornare vel eu leo. Praesent commodo cursus magna, vel scelerisque nisl consectetur et. Cras mattis consectetur purus sit amet fermentum. Maecenas sed diam eget risus varius blandit sit amet non magna. Praesent commodo cursus magna, vel scelerisque nisl consectetur et.<\\/span><\\/p>\",\"verticalSpacingLevel\":\"vertical-spacing-4\",\"backgroundColor\":\"#0000ff\"}},\"42\":{\"type\":\"video\",\"enabled\":\"1\",\"fields\":{\"vimeoVideoId\":\"172827555\",\"autoplay\":\"\",\"framed\":\"1\"}},\"52\":{\"type\":\"carousel\",\"enabled\":\"1\",\"fields\":{\"images\":[\"48\",\"30\",\"50\",\"35\"],\"verticalSpacingLevel\":\"vertical-spacing-2\"}}},\"6\":\"Project Title Here\",\"5\":[\"21\"]}}', '2016-11-14 20:38:19', '2016-11-14 20:38:19', 'b6aa467e-978f-41c8-b4f4-182d0590a276'),
 ('197', '15', '3', '46', 'en_us', '67', '', '{\"typeId\":\"3\",\"authorId\":\"1\",\"title\":\"Packaging Entry\",\"slug\":\"packaging-entry\",\"postDate\":1476391140,\"expiryDate\":null,\"enabled\":1,\"parentId\":null,\"fields\":{\"14\":[{\"col1\":\"Recogonition\",\"col2\":\"Print Regional Design Annual 2015\"}],\"3\":[\"9\",\"13\",\"14\"],\"29\":\"#efefef\",\"9\":\"Wake up\\r\\nStyle\\r\\nshoot\\r\\ndo it all\\r\\nagain\",\"7\":[\"26\"],\"4\":\"#ffae96\",\"8\":\"<p class=\\\"large\\\">Justin Gollmer, one of our go-to photography partners, asked us design a ten-year retrospective promotional brochure. Wake, Style, Shoot, Do It All Again is a collection of images highlighting his work behind, beside, and around the camera. The brochure is divided into four sections that blur the lines between Gollmer\\u2019s personal and commercial work: people, action, travel, and product. Short sheets bound to the exterior provide thumbnail image guides to each section with captions for each image.<\\/p>\",\"10\":{\"28\":{\"type\":\"largeImage\",\"enabled\":\"1\",\"fields\":{\"image\":[\"27\"],\"layoutOptions\":\"full-width\",\"verticalSpacingLevel\":\"vertical-spacing-0\"}},\"41\":{\"type\":\"video\",\"enabled\":\"1\",\"fields\":{\"vimeoVideoId\":\"172827555\",\"autoplay\":\"1\",\"framed\":\"1\"}},\"31\":{\"type\":\"insetImage\",\"enabled\":\"1\",\"fields\":{\"image\":[\"30\"],\"imageWidth\":\"50\",\"verticalSpacingLevel\":\"vertical-spacing-2\",\"backgroundColor\":\"#d6ff2e\"}},\"53\":{\"type\":\"video\",\"enabled\":\"1\",\"fields\":{\"vimeoVideoId\":\"172827555\",\"autoplay\":\"1\",\"framed\":\"\"}},\"32\":{\"type\":\"imageWithDescription\",\"enabled\":\"1\",\"fields\":{\"position\":\"right\",\"image\":[\"30\"],\"imageWidth\":\"50\",\"description\":\"<p class=\\\"large\\\"><span class=\\\"white\\\">Subtitle<\\/span><\\/p>\\r\\n\\r\\n<p class=\\\"large\\\"><span class=\\\"white\\\">Donec id elit non mi porta gravida at eget metus. Fusce dapibus, tellus ac cursus commodo, tortor mauris condimentum nibh, ut fermentum massa justo sit amet risus. Etiam porta sem malesuada magna mollis euismod. Lorem ipsum dolor sit.<\\/span><\\/p>\",\"verticalSpacingLevel\":\"vertical-spacing-2\",\"backgroundColor\":\"#f5f5f5\"}},\"37\":{\"type\":\"twoUpImages\",\"enabled\":\"1\",\"fields\":{\"leftImage\":[\"35\"],\"rightImage\":[\"36\"],\"verticalSpacingLevel\":\"vertical-spacing-2\"}},\"38\":{\"type\":\"centeredText\",\"enabled\":\"1\",\"fields\":{\"text\":\"<p class=\\\"large\\\"><span class=\\\"white\\\">Donec sed odio dui. Nullam quis risus eget urna mollis ornare vel eu leo. Praesent commodo cursus magna, vel scelerisque nisl consectetur et. Cras mattis consectetur purus sit amet fermentum. Maecenas sed diam eget risus varius blandit sit amet non magna. Praesent commodo cursus magna, vel scelerisque nisl consectetur et.<\\/span><\\/p>\",\"verticalSpacingLevel\":\"vertical-spacing-4\",\"backgroundColor\":\"#0000ff\"}},\"42\":{\"type\":\"video\",\"enabled\":\"1\",\"fields\":{\"vimeoVideoId\":\"172827555\",\"autoplay\":\"\",\"framed\":\"1\"}},\"52\":{\"type\":\"carousel\",\"enabled\":\"1\",\"fields\":{\"images\":[\"48\",\"30\",\"50\",\"35\"],\"verticalSpacingLevel\":\"vertical-spacing-2\"}}},\"6\":\"Project Title Here\",\"5\":[\"21\"]}}', '2016-11-14 20:39:11', '2016-11-14 20:39:11', '87e8ede5-f28f-4935-914c-173439fc78da'),
 ('198', '15', '3', '46', 'en_us', '68', '', '{\"typeId\":\"3\",\"authorId\":\"1\",\"title\":\"Packaging Entry\",\"slug\":\"packaging-entry\",\"postDate\":1476391140,\"expiryDate\":null,\"enabled\":1,\"parentId\":null,\"fields\":{\"14\":[{\"col1\":\"Recogonition\",\"col2\":\"Print Regional Design Annual 2015\"}],\"3\":[\"9\",\"13\",\"14\"],\"29\":\"#efefef\",\"9\":\"Wake up\\r\\nStyle\\r\\nshoot\\r\\ndo it all\\r\\nagain\",\"7\":[\"26\"],\"4\":\"#ffae96\",\"8\":\"<p class=\\\"large\\\">Justin Gollmer, one of our go-to photography partners, asked us design a ten-year retrospective promotional brochure. Wake, Style, Shoot, Do It All Again is a collection of images highlighting his work behind, beside, and around the camera. The brochure is divided into four sections that blur the lines between Gollmer\\u2019s personal and commercial work: people, action, travel, and product. Short sheets bound to the exterior provide thumbnail image guides to each section with captions for each image.<\\/p>\",\"10\":{\"28\":{\"type\":\"largeImage\",\"enabled\":\"1\",\"fields\":{\"image\":[\"27\"],\"layoutOptions\":\"full-width\",\"verticalSpacingLevel\":\"vertical-spacing-0\"}},\"41\":{\"type\":\"video\",\"enabled\":\"1\",\"fields\":{\"vimeoVideoId\":\"172827555\",\"autoplay\":\"1\",\"framed\":\"1\"}},\"31\":{\"type\":\"insetImage\",\"enabled\":\"1\",\"fields\":{\"image\":[\"30\"],\"imageWidth\":\"50\",\"verticalSpacingLevel\":\"vertical-spacing-2\",\"backgroundColor\":\"#d6ff2e\"}},\"53\":{\"type\":\"video\",\"enabled\":\"1\",\"fields\":{\"vimeoVideoId\":\"172827555\",\"autoplay\":\"1\",\"framed\":\"\"}},\"32\":{\"type\":\"imageWithDescription\",\"enabled\":\"1\",\"fields\":{\"position\":\"left\",\"image\":[\"30\"],\"imageWidth\":\"50\",\"description\":\"<p class=\\\"large\\\"><span class=\\\"white\\\">Subtitle<\\/span><\\/p>\\r\\n\\r\\n<p class=\\\"large\\\"><span class=\\\"white\\\">Donec id elit non mi porta gravida at eget metus. Fusce dapibus, tellus ac cursus commodo, tortor mauris condimentum nibh, ut fermentum massa justo sit amet risus. Etiam porta sem malesuada magna mollis euismod. Lorem ipsum dolor sit.<\\/span><\\/p>\",\"verticalSpacingLevel\":\"vertical-spacing-2\",\"backgroundColor\":\"#f5f5f5\"}},\"37\":{\"type\":\"twoUpImages\",\"enabled\":\"1\",\"fields\":{\"leftImage\":[\"35\"],\"rightImage\":[\"36\"],\"verticalSpacingLevel\":\"vertical-spacing-2\"}},\"38\":{\"type\":\"centeredText\",\"enabled\":\"1\",\"fields\":{\"text\":\"<p class=\\\"large\\\"><span class=\\\"white\\\">Donec sed odio dui. Nullam quis risus eget urna mollis ornare vel eu leo. Praesent commodo cursus magna, vel scelerisque nisl consectetur et. Cras mattis consectetur purus sit amet fermentum. Maecenas sed diam eget risus varius blandit sit amet non magna. Praesent commodo cursus magna, vel scelerisque nisl consectetur et.<\\/span><\\/p>\",\"verticalSpacingLevel\":\"vertical-spacing-4\",\"backgroundColor\":\"#0000ff\"}},\"42\":{\"type\":\"video\",\"enabled\":\"1\",\"fields\":{\"vimeoVideoId\":\"172827555\",\"autoplay\":\"\",\"framed\":\"1\"}},\"52\":{\"type\":\"carousel\",\"enabled\":\"1\",\"fields\":{\"images\":[\"48\",\"30\",\"50\",\"35\"],\"verticalSpacingLevel\":\"vertical-spacing-2\"}}},\"6\":\"Project Title Here\",\"5\":[\"21\"]}}', '2016-11-14 20:39:40', '2016-11-14 20:39:40', 'b08b624f-7550-4ad1-bd13-80356be7477b'),
 ('199', '15', '3', '46', 'en_us', '69', '', '{\"typeId\":\"3\",\"authorId\":\"1\",\"title\":\"Packaging Entry\",\"slug\":\"packaging-entry\",\"postDate\":1476391140,\"expiryDate\":null,\"enabled\":1,\"parentId\":null,\"fields\":{\"14\":[{\"col1\":\"Recogonition\",\"col2\":\"Print Regional Design Annual 2015\"}],\"3\":[\"9\",\"13\",\"14\"],\"29\":\"#efefef\",\"9\":\"Wake up\\r\\nStyle\\r\\nshoot\\r\\ndo it all\\r\\nagain\",\"7\":[\"26\"],\"4\":\"#ffae96\",\"8\":\"<p class=\\\"large\\\">Justin Gollmer, one of our go-to photography partners, asked us design a ten-year retrospective promotional brochure. Wake, Style, Shoot, Do It All Again is a collection of images highlighting his work behind, beside, and around the camera. The brochure is divided into four sections that blur the lines between Gollmer\\u2019s personal and commercial work: people, action, travel, and product. Short sheets bound to the exterior provide thumbnail image guides to each section with captions for each image.<\\/p>\",\"10\":{\"28\":{\"type\":\"largeImage\",\"enabled\":\"1\",\"fields\":{\"image\":[\"27\"],\"layoutOptions\":\"full-width\",\"verticalSpacingLevel\":\"vertical-spacing-0\"}},\"41\":{\"type\":\"video\",\"enabled\":\"1\",\"fields\":{\"vimeoVideoId\":\"172827555\",\"autoplay\":\"1\",\"framed\":\"1\"}},\"31\":{\"type\":\"insetImage\",\"enabled\":\"1\",\"fields\":{\"image\":[\"30\"],\"imageWidth\":\"50\",\"verticalSpacingLevel\":\"vertical-spacing-2\",\"backgroundColor\":\"#d6ff2e\"}},\"53\":{\"type\":\"video\",\"enabled\":\"1\",\"fields\":{\"vimeoVideoId\":\"172827555\",\"autoplay\":\"1\",\"framed\":\"\"}},\"32\":{\"type\":\"imageWithDescription\",\"enabled\":\"1\",\"fields\":{\"position\":\"right\",\"image\":[\"30\"],\"imageWidth\":\"50\",\"description\":\"<p class=\\\"large\\\"><span class=\\\"white\\\">Subtitle<\\/span><\\/p>\\r\\n\\r\\n<p class=\\\"large\\\"><span class=\\\"white\\\">Donec id elit non mi porta gravida at eget metus. Fusce dapibus, tellus ac cursus commodo, tortor mauris condimentum nibh, ut fermentum massa justo sit amet risus. Etiam porta sem malesuada magna mollis euismod. Lorem ipsum dolor sit.<\\/span><\\/p>\",\"verticalSpacingLevel\":\"vertical-spacing-2\",\"backgroundColor\":\"#f5f5f5\"}},\"37\":{\"type\":\"twoUpImages\",\"enabled\":\"1\",\"fields\":{\"leftImage\":[\"35\"],\"rightImage\":[\"36\"],\"verticalSpacingLevel\":\"vertical-spacing-2\"}},\"38\":{\"type\":\"centeredText\",\"enabled\":\"1\",\"fields\":{\"text\":\"<p class=\\\"large\\\"><span class=\\\"white\\\">Donec sed odio dui. Nullam quis risus eget urna mollis ornare vel eu leo. Praesent commodo cursus magna, vel scelerisque nisl consectetur et. Cras mattis consectetur purus sit amet fermentum. Maecenas sed diam eget risus varius blandit sit amet non magna. Praesent commodo cursus magna, vel scelerisque nisl consectetur et.<\\/span><\\/p>\",\"verticalSpacingLevel\":\"vertical-spacing-4\",\"backgroundColor\":\"#0000ff\"}},\"42\":{\"type\":\"video\",\"enabled\":\"1\",\"fields\":{\"vimeoVideoId\":\"172827555\",\"autoplay\":\"\",\"framed\":\"1\"}},\"52\":{\"type\":\"carousel\",\"enabled\":\"1\",\"fields\":{\"images\":[\"48\",\"30\",\"50\",\"35\"],\"verticalSpacingLevel\":\"vertical-spacing-2\"}}},\"6\":\"Project Title Here\",\"5\":[\"21\"]}}', '2016-11-14 20:42:37', '2016-11-14 20:42:37', '591ff3ea-157b-4b90-b73a-17604031fbd7'),
 ('200', '15', '3', '46', 'en_us', '70', '', '{\"typeId\":\"3\",\"authorId\":\"1\",\"title\":\"Packaging Entry\",\"slug\":\"packaging-entry\",\"postDate\":1476391140,\"expiryDate\":null,\"enabled\":1,\"parentId\":null,\"fields\":{\"14\":[{\"col1\":\"Recogonition\",\"col2\":\"Print Regional Design Annual 2015\"}],\"3\":[\"9\",\"13\",\"14\"],\"29\":\"#efefef\",\"9\":\"Wake up\\r\\nStyle\\r\\nshoot\\r\\ndo it all\\r\\nagain\",\"7\":[\"26\"],\"4\":\"#ffae96\",\"8\":\"<p class=\\\"large\\\">Justin Gollmer, one of our go-to photography partners, asked us design a ten-year retrospective promotional brochure. Wake, Style, Shoot, Do It All Again is a collection of images highlighting his work behind, beside, and around the camera. The brochure is divided into four sections that blur the lines between Gollmer\\u2019s personal and commercial work: people, action, travel, and product. Short sheets bound to the exterior provide thumbnail image guides to each section with captions for each image.<\\/p>\",\"10\":{\"28\":{\"type\":\"largeImage\",\"enabled\":\"1\",\"fields\":{\"image\":[\"27\"],\"layoutOptions\":\"full-width\",\"verticalSpacingLevel\":\"vertical-spacing-0\"}},\"41\":{\"type\":\"video\",\"enabled\":\"1\",\"fields\":{\"vimeoVideoId\":\"172827555\",\"autoplay\":\"1\",\"framed\":\"1\"}},\"31\":{\"type\":\"insetImage\",\"enabled\":\"1\",\"fields\":{\"image\":[\"30\"],\"imageWidth\":\"50\",\"verticalSpacingLevel\":\"vertical-spacing-2\",\"backgroundColor\":\"#d6ff2e\"}},\"53\":{\"type\":\"video\",\"enabled\":\"1\",\"fields\":{\"vimeoVideoId\":\"172827555\",\"autoplay\":\"1\",\"framed\":\"\"}},\"32\":{\"type\":\"imageWithDescription\",\"enabled\":\"1\",\"fields\":{\"position\":\"right\",\"image\":[\"30\"],\"imageWidth\":\"50\",\"description\":\"<p class=\\\"large\\\"><span class=\\\"white\\\">Subtitle<\\/span><\\/p>\\r\\n\\r\\n<p class=\\\"large\\\"><span class=\\\"white\\\">Donec id elit non mi porta gravida at eget metus. Fusce dapibus, tellus ac cursus commodo, tortor mauris condimentum nibh, ut fermentum massa justo sit amet risus. Etiam porta sem malesuada magna mollis euismod. Lorem ipsum dolor sit.<\\/span><\\/p>\",\"verticalSpacingLevel\":\"vertical-spacing-2\",\"backgroundColor\":\"#f5f5f5\"}},\"37\":{\"type\":\"twoUpImages\",\"enabled\":\"1\",\"fields\":{\"leftImage\":[\"35\"],\"rightImage\":[\"36\"],\"verticalSpacingLevel\":\"vertical-spacing-2\"}},\"38\":{\"type\":\"centeredText\",\"enabled\":\"1\",\"fields\":{\"text\":\"<p class=\\\"large\\\"><span class=\\\"white\\\">Donec sed odio dui. Nullam quis risus eget urna mollis ornare vel eu leo. Praesent commodo cursus magna, vel scelerisque nisl consectetur et. Cras mattis consectetur purus sit amet fermentum. Maecenas sed diam eget risus varius blandit sit amet non magna. Praesent commodo cursus magna, vel scelerisque nisl consectetur et.<\\/span><\\/p>\",\"verticalSpacingLevel\":\"vertical-spacing-4\",\"backgroundColor\":\"#0000ff\"}},\"42\":{\"type\":\"video\",\"enabled\":\"1\",\"fields\":{\"vimeoVideoId\":\"172827555\",\"autoplay\":\"\",\"framed\":\"1\"}},\"52\":{\"type\":\"carousel\",\"enabled\":\"1\",\"fields\":{\"images\":[\"48\",\"30\",\"50\",\"35\"],\"verticalSpacingLevel\":\"vertical-spacing-2\"}}},\"6\":\"Project Title Here\",\"5\":[\"21\"]}}', '2016-11-14 20:53:31', '2016-11-14 20:53:31', 'fbc34f6b-1516-4f40-bdc5-ee63e30de66a'),
 ('201', '15', '3', '1', 'en_us', '71', '', '{\"typeId\":\"3\",\"authorId\":\"1\",\"title\":\"Packaging Entry\",\"slug\":\"packaging-entry\",\"postDate\":1476391140,\"expiryDate\":null,\"enabled\":1,\"parentId\":null,\"fields\":{\"14\":[{\"col1\":\"Recogonition\",\"col2\":\"Print Regional Design Annual 2015\"}],\"3\":[\"9\",\"13\",\"14\"],\"29\":\"#efefef\",\"9\":\"Wake up\\r\\nStyle\\r\\nshoot\\r\\ndo it all\\r\\nagain\",\"7\":[\"26\"],\"4\":\"#ffae96\",\"8\":\"<p class=\\\"large\\\">Justin Gollmer, one of our go-to photography partners, asked us design a ten-year retrospective promotional brochure. Wake, Style, Shoot, Do It All Again is a collection of images highlighting his work behind, beside, and around the camera. The brochure is divided into four sections that blur the lines between Gollmer\\u2019s personal and commercial work: people, action, travel, and product. Short sheets bound to the exterior provide thumbnail image guides to each section with captions for each image.<\\/p>\",\"10\":{\"28\":{\"type\":\"largeImage\",\"enabled\":\"1\",\"fields\":{\"image\":[\"27\"],\"layoutOptions\":\"full-width\",\"verticalSpacingLevel\":\"vertical-spacing-0\"}},\"41\":{\"type\":\"video\",\"enabled\":\"1\",\"fields\":{\"vimeoVideoId\":\"172827555\",\"autoplay\":\"1\",\"framed\":\"1\"}},\"31\":{\"type\":\"insetImage\",\"enabled\":\"1\",\"fields\":{\"image\":[\"30\"],\"imageWidth\":\"50\",\"verticalSpacingLevel\":\"vertical-spacing-2\",\"backgroundColor\":\"#d6ff2e\"}},\"53\":{\"type\":\"video\",\"enabled\":\"1\",\"fields\":{\"vimeoVideoId\":\"172827555\",\"autoplay\":\"1\",\"framed\":\"\"}},\"32\":{\"type\":\"imageWithDescription\",\"enabled\":\"1\",\"fields\":{\"position\":\"right\",\"image\":[\"30\"],\"imageWidth\":\"50\",\"description\":\"<p class=\\\"large\\\">Subtitle<\\/p>\\r\\n<p class=\\\"large\\\">Donec id elit non mi porta gravida at eget metus. Fusce dapibus, tellus ac cursus commodo, tortor mauris condimentum nibh, ut fermentum massa justo sit amet risus. Etiam porta sem malesuada magna mollis euismod. Lorem ipsum dolor sit.<\\/p>\",\"verticalSpacingLevel\":\"vertical-spacing-2\",\"backgroundColor\":\"#f5f5f5\"}},\"37\":{\"type\":\"twoUpImages\",\"enabled\":\"1\",\"fields\":{\"leftImage\":[\"35\"],\"rightImage\":[\"36\"],\"verticalSpacingLevel\":\"vertical-spacing-2\"}},\"38\":{\"type\":\"centeredText\",\"enabled\":\"1\",\"fields\":{\"text\":\"<p class=\\\"large\\\"><span class=\\\"white\\\">Donec sed odio dui. Nullam quis risus eget urna mollis ornare vel eu leo. Praesent commodo cursus magna, vel scelerisque nisl consectetur et. Cras mattis consectetur purus sit amet fermentum. Maecenas sed diam eget risus varius blandit sit amet non magna. Praesent commodo cursus magna, vel scelerisque nisl consectetur et.<\\/span><\\/p>\",\"verticalSpacingLevel\":\"vertical-spacing-4\",\"backgroundColor\":\"#0000ff\"}},\"42\":{\"type\":\"video\",\"enabled\":\"1\",\"fields\":{\"vimeoVideoId\":\"172827555\",\"autoplay\":\"\",\"framed\":\"1\"}},\"52\":{\"type\":\"carousel\",\"enabled\":\"1\",\"fields\":{\"images\":[\"48\",\"30\",\"50\",\"35\"],\"verticalSpacingLevel\":\"vertical-spacing-2\"}}},\"6\":\"Project Title Here\",\"5\":[\"21\"]}}', '2016-11-14 21:44:48', '2016-11-14 21:44:48', '0c8c64ee-5d77-4116-82e9-bd9581f99b9e'),
 ('202', '15', '3', '1', 'en_us', '72', '', '{\"typeId\":\"3\",\"authorId\":\"1\",\"title\":\"Packaging Entry\",\"slug\":\"packaging-entry\",\"postDate\":1476391140,\"expiryDate\":null,\"enabled\":1,\"parentId\":null,\"fields\":{\"14\":[{\"col1\":\"Recogonition\",\"col2\":\"Print Regional Design Annual 2015\"}],\"3\":[\"9\",\"13\",\"14\"],\"29\":\"#efefef\",\"9\":\"Wake up\\r\\nStyle\\r\\nshoot\\r\\ndo it all\\r\\nagain\",\"7\":[\"26\"],\"4\":\"#ffae96\",\"8\":\"<p class=\\\"large\\\">Justin Gollmer, one of our go-to photography partners, asked us design a ten-year retrospective promotional brochure. Wake, Style, Shoot, Do It All Again is a collection of images highlighting his work behind, beside, and around the camera. The brochure is divided into four sections that blur the lines between Gollmer\\u2019s personal and commercial work: people, action, travel, and product. Short sheets bound to the exterior provide thumbnail image guides to each section with captions for each image.<\\/p>\",\"10\":{\"28\":{\"type\":\"largeImage\",\"enabled\":\"1\",\"fields\":{\"image\":[\"27\"],\"layoutOptions\":\"full-width\",\"verticalSpacingLevel\":\"vertical-spacing-0\"}},\"41\":{\"type\":\"video\",\"enabled\":\"1\",\"fields\":{\"vimeoVideoId\":\"172827555\",\"autoplay\":\"1\",\"framed\":\"1\"}},\"31\":{\"type\":\"insetImage\",\"enabled\":\"1\",\"fields\":{\"image\":[\"30\"],\"imageWidth\":\"50\",\"verticalSpacingLevel\":\"vertical-spacing-2\",\"backgroundColor\":\"#d6ff2e\"}},\"53\":{\"type\":\"video\",\"enabled\":\"1\",\"fields\":{\"vimeoVideoId\":\"172827555\",\"autoplay\":\"1\",\"framed\":\"\"}},\"new1\":{\"type\":\"imageWithDescription\",\"enabled\":\"1\",\"fields\":{\"position\":\"left\",\"image\":[\"30\"],\"imageWidth\":\"50\",\"description\":\"<p>Subtitle<\\/p>\\r\\n\\r\\n<p>Donec id elit non mi porta gravida at eget metus. Fusce dapibus, tellus ac cursus commodo, tortor mauris condimentum nibh, ut fermentum massa justo sit amet risus. Etiam porta sem malesuada magna mollis euismod. Lorem ipsum dolor sit.<\\/p>\",\"verticalSpacingLevel\":\"vertical-spacing-1\",\"backgroundColor\":\"#ffffff\"}},\"32\":{\"type\":\"imageWithDescription\",\"enabled\":\"1\",\"fields\":{\"position\":\"right\",\"image\":[\"30\"],\"imageWidth\":\"50\",\"description\":\"<p class=\\\"large\\\">Subtitle<\\/p>\\r\\n\\r\\n<p class=\\\"large\\\">Donec id elit non mi porta gravida at eget metus. Fusce dapibus, tellus ac cursus commodo, tortor mauris condimentum nibh, ut fermentum massa justo sit amet risus. Etiam porta sem malesuada magna mollis euismod. Lorem ipsum dolor sit.<\\/p>\",\"verticalSpacingLevel\":\"vertical-spacing-2\",\"backgroundColor\":\"#f5f5f5\"}},\"37\":{\"type\":\"twoUpImages\",\"enabled\":\"1\",\"fields\":{\"leftImage\":[\"35\"],\"rightImage\":[\"36\"],\"verticalSpacingLevel\":\"vertical-spacing-2\"}},\"38\":{\"type\":\"centeredText\",\"enabled\":\"1\",\"fields\":{\"text\":\"<p class=\\\"large\\\"><span class=\\\"white\\\">Donec sed odio dui. Nullam quis risus eget urna mollis ornare vel eu leo. Praesent commodo cursus magna, vel scelerisque nisl consectetur et. Cras mattis consectetur purus sit amet fermentum. Maecenas sed diam eget risus varius blandit sit amet non magna. Praesent commodo cursus magna, vel scelerisque nisl consectetur et.<\\/span><\\/p>\",\"verticalSpacingLevel\":\"vertical-spacing-4\",\"backgroundColor\":\"#0000ff\"}},\"42\":{\"type\":\"video\",\"enabled\":\"1\",\"fields\":{\"vimeoVideoId\":\"172827555\",\"autoplay\":\"\",\"framed\":\"1\"}},\"52\":{\"type\":\"carousel\",\"enabled\":\"1\",\"fields\":{\"images\":[\"48\",\"30\",\"50\",\"35\"],\"verticalSpacingLevel\":\"vertical-spacing-2\"}}},\"6\":\"Project Title Here\",\"5\":[\"21\"]}}', '2016-11-14 22:57:35', '2016-11-14 22:57:35', '7b798e9b-eb56-411d-84e5-5b4a1ff30595'),
 ('203', '16', '3', '46', 'en_us', '16', '', '{\"typeId\":\"3\",\"authorId\":\"1\",\"title\":\"Oiselle\",\"slug\":\"environment-entry\",\"postDate\":1476391140,\"expiryDate\":null,\"enabled\":1,\"parentId\":null,\"fields\":{\"14\":\"\",\"3\":[\"10\",\"11\",\"12\",\"14\"],\"29\":\"#efefef\",\"9\":\"AN\\r\\nINFUSION\\r\\nOF\\r\\nNEW\\r\\nENERGY\",\"7\":[\"40\"],\"4\":\"#ff5822\",\"8\":\"<p>As they prepared to open their first bricks and mortar store, Oiselle&mdash;a pioneer in women\\u2019s running and athletic fashion&mdash;had a mature brand that needed an infusion of new energy. Turnstyle worked with the Oiselle team to establish an updated identity system and then applied it to a huge range of customer touch points, coordinated to deliver, install and deploy in concert with their store opening in Seattle\\u2019s University Village in the summer of 2015.&nbsp;<\\/p>\",\"10\":\"\",\"6\":\"Brand Identity System\",\"5\":[\"135\"]}}', '2016-11-15 18:19:17', '2016-11-15 18:19:17', '4ef7076a-23a3-4b1e-9bd1-56e021555564'),
 ('204', '16', '3', '46', 'en_us', '17', '', '{\"typeId\":\"3\",\"authorId\":\"1\",\"title\":\"Oiselle\",\"slug\":\"environment-entry\",\"postDate\":1476391140,\"expiryDate\":null,\"enabled\":1,\"parentId\":null,\"fields\":{\"14\":\"\",\"3\":[\"10\",\"11\",\"12\",\"14\"],\"29\":\"#efefef\",\"9\":\"AN\\r\\nINFUSION\\r\\nOF\\r\\nNEW\\r\\nENERGY\",\"7\":[\"40\"],\"4\":\"#ff5822\",\"8\":\"<p class=\\\"large\\\">As they prepared to open their first bricks and mortar store, Oiselle&mdash;a pioneer in women\\u2019s running and athletic fashion&mdash;had a mature brand that needed an infusion of new energy. Turnstyle worked with the Oiselle team to establish an updated identity system and then applied it to a huge range of customer touch points, coordinated to deliver, install and deploy in concert with their store opening in Seattle\\u2019s University Village in the summer of 2015.&nbsp;<\\/p>\",\"10\":{\"new1\":{\"type\":\"largeImage\",\"enabled\":\"1\",\"fields\":{\"image\":[\"136\"],\"layoutOptions\":\"framed\",\"verticalSpacingLevel\":\"vertical-spacing-0\"}}},\"6\":\"Brand Identity System\",\"5\":[\"135\"]}}', '2016-11-15 18:22:12', '2016-11-15 18:22:12', '4d17f125-69fc-4075-b2a5-b26869c87f27'),
 ('205', '16', '3', '46', 'en_us', '18', '', '{\"typeId\":\"3\",\"authorId\":\"1\",\"title\":\"Oiselle\",\"slug\":\"oiselle-identity\",\"postDate\":1476391140,\"expiryDate\":null,\"enabled\":1,\"parentId\":null,\"fields\":{\"14\":\"\",\"3\":[\"10\",\"11\",\"12\",\"14\"],\"29\":\"#efefef\",\"9\":\"AN\\r\\nINFUSION\\r\\nOF\\r\\nNEW\\r\\nENERGY\",\"7\":[\"40\"],\"4\":\"#ff5822\",\"8\":\"<p class=\\\"large\\\">As they prepared to open their first bricks and mortar store, Oiselle&mdash;a pioneer in women\\u2019s running and athletic fashion&mdash;had a mature brand that needed an infusion of new energy. Turnstyle worked with the Oiselle team to establish an updated identity system and then applied it to a huge range of customer touch points, coordinated to deliver, install and deploy in concert with their store opening in Seattle\\u2019s University Village in the summer of 2015.&nbsp;<\\/p>\",\"10\":{\"137\":{\"type\":\"largeImage\",\"enabled\":\"1\",\"fields\":{\"image\":[\"136\"],\"layoutOptions\":\"framed\",\"verticalSpacingLevel\":\"vertical-spacing-0\"}}},\"6\":\"Brand Identity System\",\"5\":[\"135\"]}}', '2016-11-15 18:24:07', '2016-11-15 18:24:07', '2907c1ca-2983-41aa-9202-b4f064487422'),
 ('206', '16', '3', '46', 'en_us', '19', '', '{\"typeId\":\"3\",\"authorId\":\"1\",\"title\":\"Oiselle\",\"slug\":\"oiselle-identity\",\"postDate\":1476391140,\"expiryDate\":null,\"enabled\":1,\"parentId\":null,\"fields\":{\"14\":\"\",\"3\":[\"10\",\"11\",\"12\",\"14\"],\"29\":\"#efefef\",\"9\":\"AN\\r\\nINFUSION\\r\\nOF\\r\\nNEW\\r\\nENERGY\",\"7\":[\"40\"],\"4\":\"#ff5822\",\"8\":\"<p class=\\\"large\\\">As they prepared to open their first bricks and mortar store, Oiselle&mdash;a pioneer in women\\u2019s running and athletic fashion&mdash;had a mature brand that needed an infusion of new energy. Turnstyle worked with the Oiselle team to establish an updated identity system and then applied it to a huge range of customer touch points, coordinated to deliver, install and deploy in concert with their store opening in Seattle\\u2019s University Village in the summer of 2015.&nbsp;<\\/p>\",\"10\":{\"137\":{\"type\":\"largeImage\",\"enabled\":\"1\",\"fields\":{\"image\":[\"136\"],\"layoutOptions\":\"full-width\",\"verticalSpacingLevel\":\"vertical-spacing-0\"}}},\"6\":\"Brand Identity System\",\"5\":[\"135\"]}}', '2016-11-15 18:29:20', '2016-11-15 18:29:20', 'd3ddec60-cc82-4679-997a-8fabfb22ac94'),
 ('207', '16', '3', '46', 'en_us', '20', '', '{\"typeId\":\"3\",\"authorId\":\"1\",\"title\":\"Oiselle\",\"slug\":\"oiselle-identity\",\"postDate\":1476391140,\"expiryDate\":null,\"enabled\":1,\"parentId\":null,\"fields\":{\"14\":\"\",\"3\":[\"10\",\"11\",\"12\",\"14\"],\"29\":\"#efefef\",\"9\":\"AN\\r\\nINFUSION\\r\\nOF\\r\\nNEW\\r\\nENERGY\",\"7\":[\"40\"],\"4\":\"#ff5822\",\"8\":\"<p class=\\\"large\\\">As they prepared to open their first bricks and mortar store, Oiselle&mdash;a pioneer in women\\u2019s running and athletic fashion&mdash;had a mature brand that needed an infusion of new energy. Turnstyle worked with the Oiselle team to establish an updated identity system and then applied it to a huge range of customer touch points, coordinated to deliver, install and deploy in concert with their store opening in Seattle\\u2019s University Village in the summer of 2015.&nbsp;<\\/p>\",\"10\":{\"137\":{\"type\":\"largeImage\",\"enabled\":\"1\",\"fields\":{\"image\":[\"136\"],\"layoutOptions\":\"framed\",\"verticalSpacingLevel\":\"vertical-spacing-0\"}}},\"6\":\"Brand Identity System\",\"5\":[\"135\"]}}', '2016-11-15 18:29:50', '2016-11-15 18:29:50', '6555936d-0c56-412a-bc11-c75ca0e38f98'),
 ('208', '15', '3', '46', 'en_us', '73', '', '{\"typeId\":\"3\",\"authorId\":\"1\",\"title\":\"Justin Golmer\",\"slug\":\"justin-golmer-promo\",\"postDate\":1476391140,\"expiryDate\":null,\"enabled\":1,\"parentId\":null,\"fields\":{\"14\":[{\"col1\":\"Recogonition\",\"col2\":\"Print Regional Design Annual 2015\"}],\"3\":[\"12\"],\"29\":\"#efefef\",\"9\":\"Wake up\\r\\nStyle\\r\\nshoot\\r\\ndo it all\\r\\nagain\",\"7\":[\"26\"],\"4\":\"#ffae96\",\"8\":\"<p class=\\\"large\\\">Justin Gollmer, one of our go-to photography partners, asked us design a ten-year retrospective promotional brochure. Wake, Style, Shoot, Do It All Again is a collection of images highlighting his work behind, beside, and around the camera. The brochure is divided into four sections that blur the lines between Gollmer\\u2019s personal and commercial work: people, action, travel, and product. Short sheets bound to the exterior provide thumbnail image guides to each section with captions for each image.<\\/p>\",\"10\":{\"28\":{\"type\":\"largeImage\",\"enabled\":\"1\",\"fields\":{\"image\":[\"27\"],\"layoutOptions\":\"full-width\",\"verticalSpacingLevel\":\"vertical-spacing-0\"}},\"41\":{\"type\":\"video\",\"enabled\":\"1\",\"fields\":{\"vimeoVideoId\":\"172827555\",\"autoplay\":\"1\",\"framed\":\"1\"}},\"31\":{\"type\":\"insetImage\",\"enabled\":\"1\",\"fields\":{\"image\":[\"30\"],\"imageWidth\":\"50\",\"verticalSpacingLevel\":\"vertical-spacing-2\",\"backgroundColor\":\"#d6ff2e\"}},\"53\":{\"type\":\"video\",\"enabled\":\"1\",\"fields\":{\"vimeoVideoId\":\"172827555\",\"autoplay\":\"1\",\"framed\":\"\"}},\"134\":{\"type\":\"imageWithDescription\",\"enabled\":\"1\",\"fields\":{\"position\":\"left\",\"image\":[\"30\"],\"imageWidth\":\"50\",\"description\":\"<p>Subtitle<\\/p>\\r\\n\\r\\n<p>Donec id elit non mi porta gravida at eget metus. Fusce dapibus, tellus ac cursus commodo, tortor mauris condimentum nibh, ut fermentum massa justo sit amet risus. Etiam porta sem malesuada magna mollis euismod. Lorem ipsum dolor sit.<\\/p>\",\"verticalSpacingLevel\":\"vertical-spacing-1\",\"backgroundColor\":\"#ffffff\"}},\"32\":{\"type\":\"imageWithDescription\",\"enabled\":\"1\",\"fields\":{\"position\":\"right\",\"image\":[\"30\"],\"imageWidth\":\"50\",\"description\":\"<p class=\\\"large\\\">Subtitle<\\/p>\\r\\n\\r\\n<p class=\\\"large\\\">Donec id elit non mi porta gravida at eget metus. Fusce dapibus, tellus ac cursus commodo, tortor mauris condimentum nibh, ut fermentum massa justo sit amet risus. Etiam porta sem malesuada magna mollis euismod. Lorem ipsum dolor sit.<\\/p>\",\"verticalSpacingLevel\":\"vertical-spacing-2\",\"backgroundColor\":\"#f5f5f5\"}},\"37\":{\"type\":\"twoUpImages\",\"enabled\":\"1\",\"fields\":{\"leftImage\":[\"35\"],\"rightImage\":[\"36\"],\"verticalSpacingLevel\":\"vertical-spacing-2\"}},\"38\":{\"type\":\"centeredText\",\"enabled\":\"1\",\"fields\":{\"text\":\"<p class=\\\"large\\\"><span class=\\\"white\\\">Donec sed odio dui. Nullam quis risus eget urna mollis ornare vel eu leo. Praesent commodo cursus magna, vel scelerisque nisl consectetur et. Cras mattis consectetur purus sit amet fermentum. Maecenas sed diam eget risus varius blandit sit amet non magna. Praesent commodo cursus magna, vel scelerisque nisl consectetur et.<\\/span><\\/p>\",\"verticalSpacingLevel\":\"vertical-spacing-4\",\"backgroundColor\":\"#0000ff\"}},\"42\":{\"type\":\"video\",\"enabled\":\"1\",\"fields\":{\"vimeoVideoId\":\"172827555\",\"autoplay\":\"\",\"framed\":\"1\"}},\"52\":{\"type\":\"carousel\",\"enabled\":\"1\",\"fields\":{\"images\":[\"48\",\"30\",\"50\",\"35\"],\"verticalSpacingLevel\":\"vertical-spacing-2\"}}},\"6\":\"Photography Promo\",\"5\":[\"21\"]}}', '2016-11-15 18:53:29', '2016-11-15 18:53:29', '7edd304b-5eaf-4aac-8e12-90aa74bae79e'),
 ('209', '101', '10', '1', 'en_us', '11', '', '{\"typeId\":\"11\",\"authorId\":null,\"title\":\"Studio\",\"slug\":\"studio\",\"postDate\":1478129954,\"expiryDate\":null,\"enabled\":1,\"parentId\":null,\"fields\":{\"48\":{\"102\":{\"type\":\"1\",\"fields\":{\"backgroundImage\":[\"97\"],\"backgroundColor\":\"#000000\",\"linkUrl\":\"\\/contact\",\"header\":\"Drop \\r\\nus \\r\\na \\r\\nline\",\"subtext\":\"Contact Us\",\"fontColor\":\"#000000\"}}},\"45\":\"<p class=\\\"large\\\">Born in 2004<\\/p>\",\"46\":\"<p class=\\\"large\\\">We are a full-service creative agency with offices in Seattle and Portland. A dedicated team of designers, strategists, developers and account specialists, we create highly-crafted brand experiences that clarify purpose, encourage action, and inspire brand loyalty. We\\u2019d love to get to know you and help tell your story.&nbsp;<\\/p>\",\"10\":{\"103\":{\"type\":\"carousel\",\"enabled\":\"1\",\"fields\":{\"images\":[\"48\",\"49\",\"50\"],\"verticalSpacingLevel\":\"vertical-spacing-2\"}},\"104\":{\"type\":\"twoColumnContent\",\"enabled\":\"1\",\"fields\":{\"backgroundColor\":\"#000000\",\"leftColumn\":\"<p class=\\\"h3 med\\\">STYLE<br>IS A<br>SIMPLE<br>WAY<br>OF<br>SAYING<br>COMPLEX<br>THINGS<br><span class=\\\"blue\\\">&mdash;JEAN<br>COCTEAU<\\/span><\\/p>\",\"rightColumn\":\"<p><img src=\\\"http:\\/\\/turnstyle.studio\\/_ui\\/img\\/work\\/t-1.svg#asset:60:url\\\"><\\/p>\",\"verticalSpacingLevel\":\"vertical-spacing-1\"}},\"105\":{\"type\":\"twoColumnContent\",\"enabled\":\"1\",\"fields\":{\"backgroundColor\":\"#ffffff\",\"leftColumn\":\"<p>Style is Not a&nbsp;<br>4-letter Word<\\/p>\",\"rightColumn\":\"<p>In our experience, the brands that are the most magnetic are those which project distinct, memorable and charismatic personalities. These brands place equal emphasis on what they say and how they say it. Some design purists might say that style is merely artificial decoration that should be avoided in favor of logic&mdash;\\u201cform follows function\\u201d and all that. Don\\u2019t get us wrong, we\\u2019re not proponents of style for its own sake, or as ornament applied after an idea has already been defined. Rather, we employ style as an integral and strategic component of our brand-development process. At its best, style can be that magical something about a company or product that pulls people in and transcends the logical. So, to us, style is not a 4-letter word. On the contrary, we embrace it, harnessing its power to cut through the clutter.&nbsp;<\\/p>\\r\\n\\r\\n<p>And besides, \\u201cstyle\\u201d has five letters.<\\/p>\",\"verticalSpacingLevel\":\"vertical-spacing-1\"}},\"106\":{\"type\":\"twoColumnContent\",\"enabled\":\"1\",\"fields\":{\"backgroundColor\":\"#ffffff\",\"leftColumn\":\"<p>We Do<\\/p>\",\"rightColumn\":\"<p class=\\\"h2 caps\\\"><a href=\\\"\\/strategy\\\" data-color=\\\"#3c00ff\\\">Strategy<\\/a><br><a href=\\\"\\/identity\\\" data-color=\\\"#3c00ff\\\">Identity<\\/a><br>Digital<br>Print<br>Packaging<br>Environment<\\/p>\",\"verticalSpacingLevel\":\"vertical-spacing-1\"}},\"107\":{\"type\":\"twoColumnContent\",\"enabled\":\"1\",\"fields\":{\"backgroundColor\":\"#ffffff\",\"leftColumn\":\"<p class=\\\"h3 caps\\\">our<br>clients<br>&<br>industries<\\/p>\\r\\n\\r\\n<p class=\\\"h3 caps\\\"><\\/p>\",\"rightColumn\":\"\",\"verticalSpacingLevel\":\"vertical-spacing-0\"}},\"108\":{\"type\":\"twoColumnContent\",\"enabled\":\"1\",\"fields\":{\"backgroundColor\":\"#ffffff\",\"leftColumn\":\"<p><span class=\\\"gray\\\">Industry<\\/span><\\/p>\\r\\n\\r\\n<p class=\\\"h3 caps\\\">teague<br>nike<br>starbucks<br>microsoft<br>amazon<br>aiga<br>nordstrom<br>teague<br>nike<\\/p>\\r\\n\\r\\n\\r\\n\\r\\n\\r\\n\\r\\n\\r\\n\\r\\n\\r\\n\\r\\n\\r\\n\\r\\n\\r\\n\\r\\n\\r\\n\\r\\n\\r\\n\\r\\n\\r\\n\\r\\n<p><span class=\\\"gray\\\">Industry<\\/span><\\/p>\\r\\n\\r\\n\\r\\n\\r\\n\\r\\n\\r\\n\\r\\n\\r\\n\\r\\n\\r\\n\\r\\n\\r\\n\\r\\n\\r\\n\\r\\n\\r\\n\\r\\n\\r\\n\\r\\n\\r\\n<p class=\\\"h3 caps\\\">starbucks<br>microsoft<br>amazon<\\/p>\\r\\n\\r\\n\\r\\n\\r\\n\\r\\n\\r\\n\\r\\n\\r\\n\\r\\n\\r\\n\\r\\n\\r\\n\\r\\n\\r\\n\\r\\n\\r\\n\\r\\n\\r\\n\\r\\n\\r\\n<p><span class=\\\"gray\\\">Industry<\\/span><\\/p>\\r\\n\\r\\n\\r\\n\\r\\n\\r\\n\\r\\n\\r\\n\\r\\n\\r\\n\\r\\n\\r\\n\\r\\n\\r\\n\\r\\n\\r\\n\\r\\n\\r\\n\\r\\n\\r\\n\\r\\n<p class=\\\"h3 caps\\\">starbucks<br>microsoft<\\/p>\",\"rightColumn\":\"<p>Industry<br><\\/p>\\r\\n\\r\\n<p class=\\\"h3 caps\\\">starbucks<br>microsoft<br>amazon<\\/p>\\r\\n\\r\\n\\r\\n\\r\\n\\r\\n\\r\\n\\r\\n\\r\\n\\r\\n\\r\\n\\r\\n\\r\\n\\r\\n\\r\\n\\r\\n\\r\\n\\r\\n\\r\\n\\r\\n\\r\\n<p><span class=\\\"gray\\\">Industry<\\/span><\\/p>\\r\\n\\r\\n\\r\\n\\r\\n\\r\\n\\r\\n\\r\\n\\r\\n\\r\\n\\r\\n\\r\\n\\r\\n\\r\\n\\r\\n\\r\\n\\r\\n\\r\\n\\r\\n\\r\\n\\r\\n<p class=\\\"h3 caps\\\">teague<br>nike<br>starbucks<br>microsoft<br>amazon<br>aiga<br>nordstrom<br>teague<br>nike<\\/p>\\r\\n\\r\\n\\r\\n\\r\\n\\r\\n\\r\\n\\r\\n\\r\\n\\r\\n\\r\\n\\r\\n\\r\\n\\r\\n\\r\\n\\r\\n\\r\\n\\r\\n\\r\\n\\r\\n\\r\\n<p><span class=\\\"gray\\\"><br><\\/span><\\/p>\\r\\n\\r\\n\\r\\n\\r\\n\\r\\n\\r\\n\\r\\n\\r\\n\\r\\n\\r\\n\\r\\n\\r\\n\\r\\n\\r\\n\\r\\n\\r\\n\\r\\n\\r\\n<p><span class=\\\"gray\\\">Industry<\\/span><\\/p>\\r\\n\\r\\n\\r\\n\\r\\n\\r\\n\\r\\n\\r\\n\\r\\n\\r\\n\\r\\n\\r\\n\\r\\n\\r\\n\\r\\n\\r\\n\\r\\n\\r\\n\\r\\n\\r\\n\\r\\n<p class=\\\"h3 caps\\\">starbucks<br>microsoft<\\/p>\",\"verticalSpacingLevel\":\"vertical-spacing-0\"}}},\"47\":\"<p>08\\/2016 &mdash; IdN Magazine v23n2<\\/p>\\r\\n\\r\\n<p>06\\/2016 &mdash; Communication Arts Design Annual 2016<\\/p>\\r\\n\\r\\n\\r\\n\\r\\n\\r\\n\\r\\n\\r\\n\\r\\n\\r\\n\\r\\n\\r\\n\\r\\n\\r\\n\\r\\n<p>05\\/2016 &mdash; PRINT Magazine Regional Design Annual 2016<\\/p>\\r\\n\\r\\n\\r\\n\\r\\n\\r\\n\\r\\n\\r\\n\\r\\n\\r\\n\\r\\n\\r\\n\\r\\n\\r\\n\\r\\n<p>03\\/2016 &mdash; Communication Arts Design Annual 2015<\\/p>\\r\\n\\r\\n\\r\\n\\r\\n\\r\\n\\r\\n\\r\\n\\r\\n\\r\\n\\r\\n\\r\\n\\r\\n\\r\\n\\r\\n<p>02\\/2016 &mdash; IdN Magazine v23n2<\\/p>\\r\\n\\r\\n\\r\\n\\r\\n\\r\\n\\r\\n\\r\\n\\r\\n\\r\\n\\r\\n\\r\\n\\r\\n\\r\\n\\r\\n<p>12\\/2015 &mdash; Communication Arts Design Annual 2016<\\/p>\\r\\n\\r\\n\\r\\n\\r\\n\\r\\n\\r\\n\\r\\n\\r\\n\\r\\n\\r\\n\\r\\n\\r\\n\\r\\n\\r\\n<p>10\\/2015 &mdash; PRINT Magazine Regional Design Annual 2016<\\/p>\\r\\n\\r\\n\\r\\n\\r\\n\\r\\n\\r\\n\\r\\n\\r\\n\\r\\n\\r\\n\\r\\n\\r\\n\\r\\n\\r\\n<p>10\\/2015 &mdash; Communication Arts Design Annual 2015<\\/p>\\r\\n\\r\\n\\r\\n\\r\\n\\r\\n\\r\\n\\r\\n\\r\\n\\r\\n\\r\\n\\r\\n\\r\\n\\r\\n\\r\\n<p>06\\/2015 &mdash; PRINT Magazine Regional Design Annual 2016<\\/p>\\r\\n\\r\\n\\r\\n\\r\\n\\r\\n\\r\\n\\r\\n\\r\\n\\r\\n\\r\\n\\r\\n\\r\\n\\r\\n\\r\\n<p>02\\/2015 &mdash; Communication Arts Design Annual 2015<\\/p>\",\"44\":\"MEET\\r\\nOUR\\r\\nTALENTED\\r\\nTEAM\"}}', '2016-11-15 19:01:50', '2016-11-15 19:01:50', '4ff66bc1-f047-4ca5-b0b7-a7de4e09956f'),
 ('210', '101', '10', '1', 'en_us', '12', '', '{\"typeId\":\"11\",\"authorId\":null,\"title\":\"Studio\",\"slug\":\"studio\",\"postDate\":1478129954,\"expiryDate\":null,\"enabled\":1,\"parentId\":null,\"fields\":{\"48\":{\"102\":{\"type\":\"1\",\"fields\":{\"backgroundImage\":[\"97\"],\"backgroundColor\":\"#000000\",\"linkUrl\":\"\\/contact\",\"header\":\"Drop \\r\\nus \\r\\na \\r\\nline\",\"subtext\":\"Contact Us\",\"fontColor\":\"#000000\"}}},\"45\":\"<p class=\\\"large\\\">Born in 2004<\\/p>\",\"46\":\"<p class=\\\"large\\\">We are a full-service creative agency with offices in Seattle and Portland. A dedicated team of designers, strategists, developers and account specialists, we create highly-crafted brand experiences that clarify purpose, encourage action, and inspire brand loyalty. We\\u2019d love to get to know you and help tell your story.&nbsp;<\\/p>\",\"10\":{\"103\":{\"type\":\"carousel\",\"enabled\":\"1\",\"fields\":{\"images\":[\"48\",\"49\",\"50\"],\"verticalSpacingLevel\":\"vertical-spacing-2\"}},\"104\":{\"type\":\"twoColumnContent\",\"enabled\":\"1\",\"fields\":{\"backgroundColor\":\"#ffffff\",\"leftColumn\":\"<p class=\\\"h3 med\\\">STYLE<br>IS A<br>SIMPLE<br>WAY<br>OF<br>SAYING<br>COMPLEX<br>THINGS<br><span class=\\\"blue\\\">&mdash;JEAN<br>COCTEAU<\\/span><\\/p>\",\"rightColumn\":\"<p><img src=\\\"http:\\/\\/turnstyle.studio\\/_ui\\/img\\/work\\/t-1.svg#asset:60:url\\\"><\\/p>\",\"verticalSpacingLevel\":\"vertical-spacing-1\"}},\"105\":{\"type\":\"twoColumnContent\",\"enabled\":\"1\",\"fields\":{\"backgroundColor\":\"#ffffff\",\"leftColumn\":\"<p>Style is Not a&nbsp;<br>4-letter Word<\\/p>\",\"rightColumn\":\"<p>In our experience, the brands that are the most magnetic are those which project distinct, memorable and charismatic personalities. These brands place equal emphasis on what they say and how they say it. Some design purists might say that style is merely artificial decoration that should be avoided in favor of logic&mdash;\\u201cform follows function\\u201d and all that. Don\\u2019t get us wrong, we\\u2019re not proponents of style for its own sake, or as ornament applied after an idea has already been defined. Rather, we employ style as an integral and strategic component of our brand-development process. At its best, style can be that magical something about a company or product that pulls people in and transcends the logical. So, to us, style is not a 4-letter word. On the contrary, we embrace it, harnessing its power to cut through the clutter.&nbsp;<\\/p>\\r\\n\\r\\n<p>And besides, \\u201cstyle\\u201d has five letters.<\\/p>\",\"verticalSpacingLevel\":\"vertical-spacing-1\"}},\"106\":{\"type\":\"twoColumnContent\",\"enabled\":\"1\",\"fields\":{\"backgroundColor\":\"#ffffff\",\"leftColumn\":\"<p>We Do<\\/p>\",\"rightColumn\":\"<p class=\\\"h2 caps\\\"><a href=\\\"\\/strategy\\\" data-color=\\\"#3c00ff\\\">Strategy<\\/a><br><a href=\\\"\\/identity\\\" data-color=\\\"#3c00ff\\\">Identity<\\/a><br>Digital<br>Print<br>Packaging<br>Environment<\\/p>\",\"verticalSpacingLevel\":\"vertical-spacing-1\"}},\"107\":{\"type\":\"twoColumnContent\",\"enabled\":\"1\",\"fields\":{\"backgroundColor\":\"#ffffff\",\"leftColumn\":\"<p class=\\\"h3 caps\\\">our<br>clients<br>&<br>industries<\\/p>\\r\\n\\r\\n<p class=\\\"h3 caps\\\"><\\/p>\",\"rightColumn\":\"\",\"verticalSpacingLevel\":\"vertical-spacing-0\"}},\"108\":{\"type\":\"twoColumnContent\",\"enabled\":\"1\",\"fields\":{\"backgroundColor\":\"#ffffff\",\"leftColumn\":\"<p><span class=\\\"gray\\\">Industry<\\/span><\\/p>\\r\\n\\r\\n<p class=\\\"h3 caps\\\">teague<br>nike<br>starbucks<br>microsoft<br>amazon<br>aiga<br>nordstrom<br>teague<br>nike<\\/p>\\r\\n\\r\\n\\r\\n\\r\\n\\r\\n\\r\\n\\r\\n\\r\\n\\r\\n\\r\\n\\r\\n\\r\\n\\r\\n\\r\\n\\r\\n\\r\\n\\r\\n\\r\\n\\r\\n\\r\\n\\r\\n\\r\\n<p><span class=\\\"gray\\\">Industry<\\/span><\\/p>\\r\\n\\r\\n\\r\\n\\r\\n\\r\\n\\r\\n\\r\\n\\r\\n\\r\\n\\r\\n\\r\\n\\r\\n\\r\\n\\r\\n\\r\\n\\r\\n\\r\\n\\r\\n\\r\\n\\r\\n\\r\\n\\r\\n<p class=\\\"h3 caps\\\">starbucks<br>microsoft<br>amazon<\\/p>\\r\\n\\r\\n\\r\\n\\r\\n\\r\\n\\r\\n\\r\\n\\r\\n\\r\\n\\r\\n\\r\\n\\r\\n\\r\\n\\r\\n\\r\\n\\r\\n\\r\\n\\r\\n\\r\\n\\r\\n\\r\\n\\r\\n<p><span class=\\\"gray\\\">Industry<\\/span><\\/p>\\r\\n\\r\\n\\r\\n\\r\\n\\r\\n\\r\\n\\r\\n\\r\\n\\r\\n\\r\\n\\r\\n\\r\\n\\r\\n\\r\\n\\r\\n\\r\\n\\r\\n\\r\\n\\r\\n\\r\\n\\r\\n\\r\\n<p class=\\\"h3 caps\\\">starbucks<br>microsoft<\\/p>\",\"rightColumn\":\"<p>Industry<br><\\/p>\\r\\n\\r\\n<p class=\\\"h3 caps\\\">starbucks<br>microsoft<br>amazon<\\/p>\\r\\n\\r\\n\\r\\n\\r\\n\\r\\n\\r\\n\\r\\n\\r\\n\\r\\n\\r\\n\\r\\n\\r\\n\\r\\n\\r\\n\\r\\n\\r\\n\\r\\n\\r\\n\\r\\n\\r\\n\\r\\n\\r\\n<p><span class=\\\"gray\\\">Industry<\\/span><\\/p>\\r\\n\\r\\n\\r\\n\\r\\n\\r\\n\\r\\n\\r\\n\\r\\n\\r\\n\\r\\n\\r\\n\\r\\n\\r\\n\\r\\n\\r\\n\\r\\n\\r\\n\\r\\n\\r\\n\\r\\n\\r\\n\\r\\n<p class=\\\"h3 caps\\\">teague<br>nike<br>starbucks<br>microsoft<br>amazon<br>aiga<br>nordstrom<br>teague<br>nike<\\/p>\\r\\n\\r\\n\\r\\n\\r\\n\\r\\n\\r\\n\\r\\n\\r\\n\\r\\n\\r\\n\\r\\n\\r\\n\\r\\n\\r\\n\\r\\n\\r\\n\\r\\n\\r\\n\\r\\n\\r\\n\\r\\n\\r\\n<p><span class=\\\"gray\\\"><br><\\/span><\\/p>\\r\\n\\r\\n\\r\\n\\r\\n\\r\\n\\r\\n\\r\\n\\r\\n\\r\\n\\r\\n\\r\\n\\r\\n\\r\\n\\r\\n\\r\\n\\r\\n\\r\\n\\r\\n\\r\\n\\r\\n<p><span class=\\\"gray\\\">Industry<\\/span><\\/p>\\r\\n\\r\\n\\r\\n\\r\\n\\r\\n\\r\\n\\r\\n\\r\\n\\r\\n\\r\\n\\r\\n\\r\\n\\r\\n\\r\\n\\r\\n\\r\\n\\r\\n\\r\\n\\r\\n\\r\\n\\r\\n\\r\\n<p class=\\\"h3 caps\\\">starbucks<br>microsoft<\\/p>\",\"verticalSpacingLevel\":\"vertical-spacing-0\"}}},\"47\":\"<p>08\\/2016 &mdash; IdN Magazine v23n2<\\/p>\\r\\n\\r\\n<p>06\\/2016 &mdash; Communication Arts Design Annual 2016<\\/p>\\r\\n\\r\\n\\r\\n\\r\\n\\r\\n\\r\\n\\r\\n\\r\\n\\r\\n\\r\\n\\r\\n\\r\\n\\r\\n\\r\\n\\r\\n\\r\\n<p>05\\/2016 &mdash; PRINT Magazine Regional Design Annual 2016<\\/p>\\r\\n\\r\\n\\r\\n\\r\\n\\r\\n\\r\\n\\r\\n\\r\\n\\r\\n\\r\\n\\r\\n\\r\\n\\r\\n\\r\\n\\r\\n\\r\\n<p>03\\/2016 &mdash; Communication Arts Design Annual 2015<\\/p>\\r\\n\\r\\n\\r\\n\\r\\n\\r\\n\\r\\n\\r\\n\\r\\n\\r\\n\\r\\n\\r\\n\\r\\n\\r\\n\\r\\n\\r\\n\\r\\n<p>02\\/2016 &mdash; IdN Magazine v23n2<\\/p>\\r\\n\\r\\n\\r\\n\\r\\n\\r\\n\\r\\n\\r\\n\\r\\n\\r\\n\\r\\n\\r\\n\\r\\n\\r\\n\\r\\n\\r\\n\\r\\n<p>12\\/2015 &mdash; Communication Arts Design Annual 2016<\\/p>\\r\\n\\r\\n\\r\\n\\r\\n\\r\\n\\r\\n\\r\\n\\r\\n\\r\\n\\r\\n\\r\\n\\r\\n\\r\\n\\r\\n\\r\\n\\r\\n<p>10\\/2015 &mdash; PRINT Magazine Regional Design Annual 2016<\\/p>\\r\\n\\r\\n\\r\\n\\r\\n\\r\\n\\r\\n\\r\\n\\r\\n\\r\\n\\r\\n\\r\\n\\r\\n\\r\\n\\r\\n\\r\\n\\r\\n<p>10\\/2015 &mdash; Communication Arts Design Annual 2015<\\/p>\\r\\n\\r\\n\\r\\n\\r\\n\\r\\n\\r\\n\\r\\n\\r\\n\\r\\n\\r\\n\\r\\n\\r\\n\\r\\n\\r\\n\\r\\n\\r\\n<p>06\\/2015 &mdash; PRINT Magazine Regional Design Annual 2016<\\/p>\\r\\n\\r\\n\\r\\n\\r\\n\\r\\n\\r\\n\\r\\n\\r\\n\\r\\n\\r\\n\\r\\n\\r\\n\\r\\n\\r\\n\\r\\n\\r\\n<p>02\\/2015 &mdash; Communication Arts Design Annual 2015<\\/p>\",\"44\":\"MEET\\r\\nOUR\\r\\nTALENTED\\r\\nTEAM\"}}', '2016-11-15 19:10:06', '2016-11-15 19:10:06', '89a181ac-143a-4b0a-81dd-1f9343be9503'),
 ('211', '15', '3', '46', 'en_us', '74', '', '{\"typeId\":\"3\",\"authorId\":\"1\",\"title\":\"Justin Golmer\",\"slug\":\"justin-golmer-promo\",\"postDate\":1476391140,\"expiryDate\":null,\"enabled\":1,\"parentId\":null,\"fields\":{\"14\":[{\"col1\":\"Recogonition\",\"col2\":\"Print Regional Design Annual 2015\"}],\"3\":[\"12\"],\"29\":\"#efefef\",\"9\":\"Wake up\\r\\nStyle\\r\\nshoot\\r\\ndo it all\\r\\nagain\",\"7\":[\"26\"],\"4\":\"#ffae96\",\"8\":\"<p class=\\\"large\\\">Justin Gollmer, one of our go-to photography partners, asked us design a ten-year retrospective promotional brochure. Wake, Style, Shoot, Do It All Again is a collection of images highlighting his work behind, beside, and around the camera. The brochure is divided into four sections that blur the lines between Gollmer\\u2019s personal and commercial work: people, action, travel, and product. Short sheets bound to the exterior provide thumbnail image guides to each section with captions for each image.<\\/p>\",\"10\":{\"28\":{\"type\":\"largeImage\",\"enabled\":\"1\",\"fields\":{\"image\":[\"138\"],\"layoutOptions\":\"full-width\",\"verticalSpacingLevel\":\"vertical-spacing-0\"}},\"41\":{\"type\":\"video\",\"enabled\":\"1\",\"fields\":{\"vimeoVideoId\":\"172827555\",\"autoplay\":\"1\",\"framed\":\"1\"}},\"31\":{\"type\":\"insetImage\",\"enabled\":\"1\",\"fields\":{\"image\":[\"30\"],\"imageWidth\":\"50\",\"verticalSpacingLevel\":\"vertical-spacing-2\",\"backgroundColor\":\"#d6ff2e\"}},\"53\":{\"type\":\"video\",\"enabled\":\"1\",\"fields\":{\"vimeoVideoId\":\"172827555\",\"autoplay\":\"1\",\"framed\":\"\"}},\"134\":{\"type\":\"imageWithDescription\",\"enabled\":\"1\",\"fields\":{\"position\":\"left\",\"image\":[\"30\"],\"imageWidth\":\"50\",\"description\":\"<p>Subtitle<\\/p>\\r\\n\\r\\n<p>Donec id elit non mi porta gravida at eget metus. Fusce dapibus, tellus ac cursus commodo, tortor mauris condimentum nibh, ut fermentum massa justo sit amet risus. Etiam porta sem malesuada magna mollis euismod. Lorem ipsum dolor sit.<\\/p>\",\"verticalSpacingLevel\":\"vertical-spacing-1\",\"backgroundColor\":\"#ffffff\"}},\"32\":{\"type\":\"imageWithDescription\",\"enabled\":\"1\",\"fields\":{\"position\":\"right\",\"image\":[\"30\"],\"imageWidth\":\"50\",\"description\":\"<p class=\\\"large\\\">Subtitle<\\/p>\\r\\n\\r\\n<p class=\\\"large\\\">Donec id elit non mi porta gravida at eget metus. Fusce dapibus, tellus ac cursus commodo, tortor mauris condimentum nibh, ut fermentum massa justo sit amet risus. Etiam porta sem malesuada magna mollis euismod. Lorem ipsum dolor sit.<\\/p>\",\"verticalSpacingLevel\":\"vertical-spacing-2\",\"backgroundColor\":\"#f5f5f5\"}},\"37\":{\"type\":\"twoUpImages\",\"enabled\":\"1\",\"fields\":{\"leftImage\":[\"35\"],\"rightImage\":[\"36\"],\"verticalSpacingLevel\":\"vertical-spacing-2\"}},\"38\":{\"type\":\"centeredText\",\"enabled\":\"1\",\"fields\":{\"text\":\"<p class=\\\"large\\\"><span class=\\\"white\\\">Donec sed odio dui. Nullam quis risus eget urna mollis ornare vel eu leo. Praesent commodo cursus magna, vel scelerisque nisl consectetur et. Cras mattis consectetur purus sit amet fermentum. Maecenas sed diam eget risus varius blandit sit amet non magna. Praesent commodo cursus magna, vel scelerisque nisl consectetur et.<\\/span><\\/p>\",\"verticalSpacingLevel\":\"vertical-spacing-4\",\"backgroundColor\":\"#0000ff\"}},\"42\":{\"type\":\"video\",\"enabled\":\"1\",\"fields\":{\"vimeoVideoId\":\"172827555\",\"autoplay\":\"\",\"framed\":\"1\"}},\"52\":{\"type\":\"carousel\",\"enabled\":\"1\",\"fields\":{\"images\":[\"48\",\"30\",\"50\",\"35\"],\"verticalSpacingLevel\":\"vertical-spacing-2\"}}},\"6\":\"Photography Promo\",\"5\":[\"21\"]}}', '2016-11-15 19:40:33', '2016-11-15 19:40:33', '890e4823-7947-4674-bcfc-e3b5a22526d3'),
 ('212', '101', '10', '46', 'en_us', '13', '', '{\"typeId\":\"11\",\"authorId\":null,\"title\":\"Studio\",\"slug\":\"studio\",\"postDate\":1478129954,\"expiryDate\":null,\"enabled\":1,\"parentId\":null,\"fields\":{\"48\":{\"102\":{\"type\":\"1\",\"fields\":{\"backgroundImage\":[\"97\"],\"backgroundColor\":\"#000000\",\"linkUrl\":\"\\/contact\",\"header\":\"Drop \\r\\nus \\r\\na \\r\\nline\",\"subtext\":\"Contact Us\",\"fontColor\":\"#efefef\"}}},\"45\":\"<p class=\\\"large\\\">Born in 2004<\\/p>\",\"46\":\"<p class=\\\"large\\\">We are a full-service creative agency with offices in Seattle and Portland. A dedicated team of designers, strategists, developers and account specialists, we create highly-crafted brand experiences that clarify purpose, encourage action, and inspire brand loyalty. We\\u2019d love to get to know you and help tell your story.&nbsp;<\\/p>\",\"10\":{\"103\":{\"type\":\"carousel\",\"enabled\":\"1\",\"fields\":{\"images\":[\"48\",\"49\",\"50\"],\"verticalSpacingLevel\":\"vertical-spacing-2\"}},\"104\":{\"type\":\"twoColumnContent\",\"enabled\":\"1\",\"fields\":{\"backgroundColor\":\"#000000\",\"leftColumn\":\"<p class=\\\"h3 med\\\"><span class=\\\"white\\\">STYLE<br>IS A<br>SIMPLE<br>WAY<br>OF<br>SAYING<br>COMPLEX<br>THINGS<br><\\/span><span class=\\\"blue white\\\">&mdash;JEAN<br>COCTEAU<\\/span><\\/p>\",\"rightColumn\":\"<p><img src=\\\"http:\\/\\/turnstyle.studio\\/_ui\\/img\\/work\\/t-1.svg#asset:60:url\\\"><\\/p>\",\"verticalSpacingLevel\":\"vertical-spacing-1\"}},\"105\":{\"type\":\"twoColumnContent\",\"enabled\":\"1\",\"fields\":{\"backgroundColor\":\"#000000\",\"leftColumn\":\"<p class=\\\"large\\\"><span class=\\\"white\\\">Style is Not a&nbsp;<br>4-letter Word<\\/span><\\/p>\",\"rightColumn\":\"<p class=\\\"large\\\"><span class=\\\"white\\\">In our experience, the brands that are the most magnetic are those which project distinct, memorable and charismatic personalities. These brands place equal emphasis on what they say and how they say it. Some design purists might say that style is merely artificial decoration that should be avoided in favor of logic&mdash;\\u201cform follows function\\u201d and all that. Don\\u2019t get us wrong, we\\u2019re not proponents of style for its own sake, or as ornament applied after an idea has already been defined. Rather, we employ style as an integral and strategic component of our brand-development process. At its best, style can be that magical something about a company or product that pulls people in and transcends the logical. So, to us, style is not a 4-letter word. On the contrary, we embrace it, harnessing its power to cut through the clutter.&nbsp;<\\/span><\\/p>\\r\\n\\r\\n<p class=\\\"large\\\"><span class=\\\"white\\\">And besides, \\u201cstyle\\u201d has five letters.<\\/span><\\/p>\",\"verticalSpacingLevel\":\"vertical-spacing-1\"}},\"106\":{\"type\":\"twoColumnContent\",\"enabled\":\"1\",\"fields\":{\"backgroundColor\":\"#000000\",\"leftColumn\":\"<p class=\\\"large\\\"><span class=\\\"white\\\">We Do<\\/span><\\/p>\",\"rightColumn\":\"<p class=\\\"h2 caps\\\"><a href=\\\"\\/strategy\\\" data-color=\\\"#3c00ff\\\">Strategy<\\/a><br><a href=\\\"\\/identity\\\" data-color=\\\"#3c00ff\\\">Identity<\\/a><br>Digital<br>Print<br>Packaging<br>Environment<\\/p>\",\"verticalSpacingLevel\":\"vertical-spacing-1\"}},\"107\":{\"type\":\"twoColumnContent\",\"enabled\":\"1\",\"fields\":{\"backgroundColor\":\"#ffffff\",\"leftColumn\":\"<p class=\\\"h3 caps\\\">our<br>clients<br>&<br>industries<\\/p>\\r\\n\\r\\n<p class=\\\"h3 caps\\\"><\\/p>\",\"rightColumn\":\"\",\"verticalSpacingLevel\":\"vertical-spacing-0\"}},\"108\":{\"type\":\"twoColumnContent\",\"enabled\":\"1\",\"fields\":{\"backgroundColor\":\"#ffffff\",\"leftColumn\":\"<p><span class=\\\"gray\\\">Industry<\\/span><\\/p>\\r\\n\\r\\n<p class=\\\"h3 caps\\\">teague<br>nike<br>starbucks<br>microsoft<br>amazon<br>aiga<br>nordstrom<br>teague<br>nike<\\/p>\\r\\n\\r\\n\\r\\n\\r\\n\\r\\n\\r\\n\\r\\n\\r\\n\\r\\n\\r\\n\\r\\n\\r\\n\\r\\n\\r\\n\\r\\n\\r\\n\\r\\n\\r\\n\\r\\n\\r\\n\\r\\n\\r\\n\\r\\n\\r\\n<p><span class=\\\"gray\\\">Industry<\\/span><\\/p>\\r\\n\\r\\n\\r\\n\\r\\n\\r\\n\\r\\n\\r\\n\\r\\n\\r\\n\\r\\n\\r\\n\\r\\n\\r\\n\\r\\n\\r\\n\\r\\n\\r\\n\\r\\n\\r\\n\\r\\n\\r\\n\\r\\n\\r\\n\\r\\n<p class=\\\"h3 caps\\\">starbucks<br>microsoft<br>amazon<\\/p>\\r\\n\\r\\n\\r\\n\\r\\n\\r\\n\\r\\n\\r\\n\\r\\n\\r\\n\\r\\n\\r\\n\\r\\n\\r\\n\\r\\n\\r\\n\\r\\n\\r\\n\\r\\n\\r\\n\\r\\n\\r\\n\\r\\n\\r\\n\\r\\n<p><span class=\\\"gray\\\">Industry<\\/span><\\/p>\\r\\n\\r\\n\\r\\n\\r\\n\\r\\n\\r\\n\\r\\n\\r\\n\\r\\n\\r\\n\\r\\n\\r\\n\\r\\n\\r\\n\\r\\n\\r\\n\\r\\n\\r\\n\\r\\n\\r\\n\\r\\n\\r\\n\\r\\n\\r\\n<p class=\\\"h3 caps\\\">starbucks<br>microsoft<\\/p>\",\"rightColumn\":\"<p>Industry<br><\\/p>\\r\\n\\r\\n<p class=\\\"h3 caps\\\">starbucks<br>microsoft<br>amazon<\\/p>\\r\\n\\r\\n\\r\\n\\r\\n\\r\\n\\r\\n\\r\\n\\r\\n\\r\\n\\r\\n\\r\\n\\r\\n\\r\\n\\r\\n\\r\\n\\r\\n\\r\\n\\r\\n\\r\\n\\r\\n\\r\\n\\r\\n\\r\\n\\r\\n<p><span class=\\\"gray\\\">Industry<\\/span><\\/p>\\r\\n\\r\\n\\r\\n\\r\\n\\r\\n\\r\\n\\r\\n\\r\\n\\r\\n\\r\\n\\r\\n\\r\\n\\r\\n\\r\\n\\r\\n\\r\\n\\r\\n\\r\\n\\r\\n\\r\\n\\r\\n\\r\\n\\r\\n\\r\\n<p class=\\\"h3 caps\\\">teague<br>nike<br>starbucks<br>microsoft<br>amazon<br>aiga<br>nordstrom<br>teague<br>nike<\\/p>\\r\\n\\r\\n\\r\\n\\r\\n\\r\\n\\r\\n\\r\\n\\r\\n\\r\\n\\r\\n\\r\\n\\r\\n\\r\\n\\r\\n\\r\\n\\r\\n\\r\\n\\r\\n\\r\\n\\r\\n\\r\\n\\r\\n\\r\\n\\r\\n<p><span class=\\\"gray\\\"><br><\\/span><\\/p>\\r\\n\\r\\n\\r\\n\\r\\n\\r\\n\\r\\n\\r\\n\\r\\n\\r\\n\\r\\n\\r\\n\\r\\n\\r\\n\\r\\n\\r\\n\\r\\n\\r\\n\\r\\n\\r\\n\\r\\n\\r\\n\\r\\n<p><span class=\\\"gray\\\">Industry<\\/span><\\/p>\\r\\n\\r\\n\\r\\n\\r\\n\\r\\n\\r\\n\\r\\n\\r\\n\\r\\n\\r\\n\\r\\n\\r\\n\\r\\n\\r\\n\\r\\n\\r\\n\\r\\n\\r\\n\\r\\n\\r\\n\\r\\n\\r\\n\\r\\n\\r\\n<p class=\\\"h3 caps\\\">starbucks<br>microsoft<\\/p>\",\"verticalSpacingLevel\":\"vertical-spacing-0\"}}},\"47\":\"<p>08\\/2016 &mdash; IdN Magazine v23n2<\\/p>\\r\\n\\r\\n<p>06\\/2016 &mdash; Communication Arts Design Annual 2016<\\/p>\\r\\n\\r\\n\\r\\n\\r\\n\\r\\n\\r\\n\\r\\n\\r\\n\\r\\n\\r\\n\\r\\n\\r\\n\\r\\n\\r\\n\\r\\n\\r\\n\\r\\n\\r\\n<p>05\\/2016 &mdash; PRINT Magazine Regional Design Annual 2016<\\/p>\\r\\n\\r\\n\\r\\n\\r\\n\\r\\n\\r\\n\\r\\n\\r\\n\\r\\n\\r\\n\\r\\n\\r\\n\\r\\n\\r\\n\\r\\n\\r\\n\\r\\n\\r\\n<p>03\\/2016 &mdash; Communication Arts Design Annual 2015<\\/p>\\r\\n\\r\\n\\r\\n\\r\\n\\r\\n\\r\\n\\r\\n\\r\\n\\r\\n\\r\\n\\r\\n\\r\\n\\r\\n\\r\\n\\r\\n\\r\\n\\r\\n\\r\\n<p>02\\/2016 &mdash; IdN Magazine v23n2<\\/p>\\r\\n\\r\\n\\r\\n\\r\\n\\r\\n\\r\\n\\r\\n\\r\\n\\r\\n\\r\\n\\r\\n\\r\\n\\r\\n\\r\\n\\r\\n\\r\\n\\r\\n\\r\\n<p>12\\/2015 &mdash; Communication Arts Design Annual 2016<\\/p>\\r\\n\\r\\n\\r\\n\\r\\n\\r\\n\\r\\n\\r\\n\\r\\n\\r\\n\\r\\n\\r\\n\\r\\n\\r\\n\\r\\n\\r\\n\\r\\n\\r\\n\\r\\n<p>10\\/2015 &mdash; PRINT Magazine Regional Design Annual 2016<\\/p>\\r\\n\\r\\n\\r\\n\\r\\n\\r\\n\\r\\n\\r\\n\\r\\n\\r\\n\\r\\n\\r\\n\\r\\n\\r\\n\\r\\n\\r\\n\\r\\n\\r\\n\\r\\n<p>10\\/2015 &mdash; Communication Arts Design Annual 2015<\\/p>\\r\\n\\r\\n\\r\\n\\r\\n\\r\\n\\r\\n\\r\\n\\r\\n\\r\\n\\r\\n\\r\\n\\r\\n\\r\\n\\r\\n\\r\\n\\r\\n\\r\\n\\r\\n<p>06\\/2015 &mdash; PRINT Magazine Regional Design Annual 2016<\\/p>\\r\\n\\r\\n\\r\\n\\r\\n\\r\\n\\r\\n\\r\\n\\r\\n\\r\\n\\r\\n\\r\\n\\r\\n\\r\\n\\r\\n\\r\\n\\r\\n\\r\\n\\r\\n<p>02\\/2015 &mdash; Communication Arts Design Annual 2015<\\/p>\",\"44\":\"MEET\\r\\nOUR\\r\\nTALENTED\\r\\nTEAM\"}}', '2016-11-15 20:13:30', '2016-11-15 20:13:30', 'ed59d1de-2055-47ad-87db-bcf07831791d'),
 ('213', '101', '10', '46', 'en_us', '14', '', '{\"typeId\":\"11\",\"authorId\":null,\"title\":\"Studio\",\"slug\":\"studio\",\"postDate\":1478129954,\"expiryDate\":null,\"enabled\":1,\"parentId\":null,\"fields\":{\"48\":{\"102\":{\"type\":\"1\",\"fields\":{\"backgroundImage\":[\"97\"],\"backgroundColor\":\"#000000\",\"linkUrl\":\"\\/contact\",\"header\":\"Drop \\r\\nus \\r\\na \\r\\nline\",\"subtext\":\"Contact Us\",\"fontColor\":\"#efefef\"}}},\"45\":\"<p class=\\\"large\\\">Born in 2004<\\/p>\",\"46\":\"<p class=\\\"large\\\">We are a full-service creative agency with offices in Seattle and Portland. A dedicated team of designers, strategists, developers and account specialists, we create highly-crafted brand experiences that clarify purpose, encourage action, and inspire brand loyalty. We\\u2019d love to get to know you and help tell your story.&nbsp;<\\/p>\",\"10\":{\"103\":{\"type\":\"carousel\",\"enabled\":\"1\",\"fields\":{\"images\":[\"48\",\"49\",\"50\"],\"verticalSpacingLevel\":\"vertical-spacing-2\"}},\"104\":{\"type\":\"twoColumnContent\",\"enabled\":\"1\",\"fields\":{\"backgroundColor\":\"#000000\",\"leftColumn\":\"<p class=\\\"h3 med\\\"><span class=\\\"white\\\">STYLE<br>IS A<br>SIMPLE<br>WAY<br>OF<br>SAYING<br>COMPLEX<br>THINGS<br><\\/span><span class=\\\"blue white\\\">&mdash;JEAN<br>COCTEAU<\\/span><\\/p>\",\"rightColumn\":\"<p><img src=\\\"http:\\/\\/turnstyle.studio\\/_ui\\/img\\/work\\/t-1.svg#asset:60:url\\\"><\\/p>\",\"verticalSpacingLevel\":\"vertical-spacing-1\"}},\"105\":{\"type\":\"twoColumnContent\",\"enabled\":\"1\",\"fields\":{\"backgroundColor\":\"#000000\",\"leftColumn\":\"<p class=\\\"large\\\"><span class=\\\"white\\\">Style is Not a&nbsp;<br>4-letter Word<\\/span><\\/p>\",\"rightColumn\":\"<p class=\\\"large\\\"><span class=\\\"white\\\">In our experience, the brands that are the most magnetic are those which project distinct, memorable and charismatic personalities. These brands place equal emphasis on what they say and how they say it. Some design purists might say that style is merely artificial decoration that should be avoided in favor of logic&mdash;\\u201cform follows function\\u201d and all that. Don\\u2019t get us wrong, we\\u2019re not proponents of style for its own sake, or as ornament applied after an idea has already been defined. Rather, we employ style as an integral and strategic component of our brand-development process. At its best, style can be that magical something about a company or product that pulls people in and transcends the logical. So, to us, style is not a 4-letter word. On the contrary, we embrace it, harnessing its power to cut through the clutter.&nbsp;<\\/span><\\/p>\\r\\n\\r\\n<p class=\\\"large\\\"><span class=\\\"white\\\">And besides, \\u201cstyle\\u201d has five letters.<\\/span><\\/p>\",\"verticalSpacingLevel\":\"vertical-spacing-1\"}},\"106\":{\"type\":\"twoColumnContent\",\"enabled\":\"1\",\"fields\":{\"backgroundColor\":\"#000000\",\"leftColumn\":\"<p class=\\\"large\\\"><span class=\\\"white\\\">We Do<\\/span><\\/p>\",\"rightColumn\":\"<p class=\\\"h2 caps\\\"><a href=\\\"\\/strategy\\\" data-color=\\\"#3c00ff\\\">Strategy<\\/a><br><a href=\\\"\\/identity\\\" data-color=\\\"#3c00ff\\\">Identity<\\/a><br>Digital<br>Print<br>Packaging<br>Environment<\\/p>\",\"verticalSpacingLevel\":\"vertical-spacing-1\"}},\"107\":{\"type\":\"twoColumnContent\",\"enabled\":\"1\",\"fields\":{\"backgroundColor\":\"#ffffff\",\"leftColumn\":\"<p class=\\\"h3 caps\\\">our<br>clients<br>&<br>industries<\\/p>\\r\\n\\r\\n<p class=\\\"h3 caps\\\"><\\/p>\",\"rightColumn\":\"\",\"verticalSpacingLevel\":\"vertical-spacing-1\"}},\"108\":{\"type\":\"twoColumnContent\",\"enabled\":\"1\",\"fields\":{\"backgroundColor\":\"#ffffff\",\"leftColumn\":\"<p><span class=\\\"gray\\\">Industry<\\/span><\\/p>\\r\\n\\r\\n<p class=\\\"h3 caps\\\">teague<br>nike<br>starbucks<br>microsoft<br>amazon<br>aiga<br>nordstrom<br>teague<br>nike<\\/p>\\r\\n\\r\\n\\r\\n\\r\\n\\r\\n\\r\\n\\r\\n\\r\\n\\r\\n\\r\\n\\r\\n\\r\\n\\r\\n\\r\\n\\r\\n\\r\\n\\r\\n\\r\\n\\r\\n\\r\\n\\r\\n\\r\\n\\r\\n\\r\\n\\r\\n\\r\\n<p><span class=\\\"gray\\\">Industry<\\/span><\\/p>\\r\\n\\r\\n\\r\\n\\r\\n\\r\\n\\r\\n\\r\\n\\r\\n\\r\\n\\r\\n\\r\\n\\r\\n\\r\\n\\r\\n\\r\\n\\r\\n\\r\\n\\r\\n\\r\\n\\r\\n\\r\\n\\r\\n\\r\\n\\r\\n\\r\\n\\r\\n<p class=\\\"h3 caps\\\">starbucks<br>microsoft<br>amazon<\\/p>\\r\\n\\r\\n\\r\\n\\r\\n\\r\\n\\r\\n\\r\\n\\r\\n\\r\\n\\r\\n\\r\\n\\r\\n\\r\\n\\r\\n\\r\\n\\r\\n\\r\\n\\r\\n\\r\\n\\r\\n\\r\\n\\r\\n\\r\\n\\r\\n\\r\\n\\r\\n<p><span class=\\\"gray\\\">Industry<\\/span><\\/p>\\r\\n\\r\\n\\r\\n\\r\\n\\r\\n\\r\\n\\r\\n\\r\\n\\r\\n\\r\\n\\r\\n\\r\\n\\r\\n\\r\\n\\r\\n\\r\\n\\r\\n\\r\\n\\r\\n\\r\\n\\r\\n\\r\\n\\r\\n\\r\\n\\r\\n\\r\\n<p class=\\\"h3 caps\\\">starbucks<br>microsoft<\\/p>\",\"rightColumn\":\"<p>Industry<br><\\/p>\\r\\n\\r\\n<p class=\\\"h3 caps\\\">starbucks<br>microsoft<br>amazon<\\/p>\\r\\n\\r\\n\\r\\n\\r\\n\\r\\n\\r\\n\\r\\n\\r\\n\\r\\n\\r\\n\\r\\n\\r\\n\\r\\n\\r\\n\\r\\n\\r\\n\\r\\n\\r\\n\\r\\n\\r\\n\\r\\n\\r\\n\\r\\n\\r\\n\\r\\n\\r\\n<p><span class=\\\"gray\\\">Industry<\\/span><\\/p>\\r\\n\\r\\n\\r\\n\\r\\n\\r\\n\\r\\n\\r\\n\\r\\n\\r\\n\\r\\n\\r\\n\\r\\n\\r\\n\\r\\n\\r\\n\\r\\n\\r\\n\\r\\n\\r\\n\\r\\n\\r\\n\\r\\n\\r\\n\\r\\n\\r\\n\\r\\n<p class=\\\"h3 caps\\\">teague<br>nike<br>starbucks<br>microsoft<br>amazon<br>aiga<br>nordstrom<br>teague<br>nike<\\/p>\\r\\n\\r\\n\\r\\n\\r\\n\\r\\n\\r\\n\\r\\n\\r\\n\\r\\n\\r\\n\\r\\n\\r\\n\\r\\n\\r\\n\\r\\n\\r\\n\\r\\n\\r\\n\\r\\n\\r\\n\\r\\n\\r\\n\\r\\n\\r\\n\\r\\n\\r\\n<p><span class=\\\"gray\\\"><br><\\/span><\\/p>\\r\\n\\r\\n\\r\\n\\r\\n\\r\\n\\r\\n\\r\\n\\r\\n\\r\\n\\r\\n\\r\\n\\r\\n\\r\\n\\r\\n\\r\\n\\r\\n\\r\\n\\r\\n\\r\\n\\r\\n\\r\\n\\r\\n\\r\\n\\r\\n<p><span class=\\\"gray\\\">Industry<\\/span><\\/p>\\r\\n\\r\\n\\r\\n\\r\\n\\r\\n\\r\\n\\r\\n\\r\\n\\r\\n\\r\\n\\r\\n\\r\\n\\r\\n\\r\\n\\r\\n\\r\\n\\r\\n\\r\\n\\r\\n\\r\\n\\r\\n\\r\\n\\r\\n\\r\\n\\r\\n\\r\\n<p class=\\\"h3 caps\\\">starbucks<br>microsoft<\\/p>\",\"verticalSpacingLevel\":\"vertical-spacing-2\"}}},\"47\":\"<p>08\\/2016 &mdash; IdN Magazine v23n2<\\/p>\\r\\n\\r\\n<p>06\\/2016 &mdash; Communication Arts Design Annual 2016<\\/p>\\r\\n\\r\\n\\r\\n\\r\\n\\r\\n\\r\\n\\r\\n\\r\\n\\r\\n\\r\\n\\r\\n\\r\\n\\r\\n\\r\\n\\r\\n\\r\\n\\r\\n\\r\\n\\r\\n\\r\\n<p>05\\/2016 &mdash; PRINT Magazine Regional Design Annual 2016<\\/p>\\r\\n\\r\\n\\r\\n\\r\\n\\r\\n\\r\\n\\r\\n\\r\\n\\r\\n\\r\\n\\r\\n\\r\\n\\r\\n\\r\\n\\r\\n\\r\\n\\r\\n\\r\\n\\r\\n\\r\\n<p>03\\/2016 &mdash; Communication Arts Design Annual 2015<\\/p>\\r\\n\\r\\n\\r\\n\\r\\n\\r\\n\\r\\n\\r\\n\\r\\n\\r\\n\\r\\n\\r\\n\\r\\n\\r\\n\\r\\n\\r\\n\\r\\n\\r\\n\\r\\n\\r\\n\\r\\n<p>02\\/2016 &mdash; IdN Magazine v23n2<\\/p>\\r\\n\\r\\n\\r\\n\\r\\n\\r\\n\\r\\n\\r\\n\\r\\n\\r\\n\\r\\n\\r\\n\\r\\n\\r\\n\\r\\n\\r\\n\\r\\n\\r\\n\\r\\n\\r\\n\\r\\n<p>12\\/2015 &mdash; Communication Arts Design Annual 2016<\\/p>\\r\\n\\r\\n\\r\\n\\r\\n\\r\\n\\r\\n\\r\\n\\r\\n\\r\\n\\r\\n\\r\\n\\r\\n\\r\\n\\r\\n\\r\\n\\r\\n\\r\\n\\r\\n\\r\\n\\r\\n<p>10\\/2015 &mdash; PRINT Magazine Regional Design Annual 2016<\\/p>\\r\\n\\r\\n\\r\\n\\r\\n\\r\\n\\r\\n\\r\\n\\r\\n\\r\\n\\r\\n\\r\\n\\r\\n\\r\\n\\r\\n\\r\\n\\r\\n\\r\\n\\r\\n\\r\\n\\r\\n<p>10\\/2015 &mdash; Communication Arts Design Annual 2015<\\/p>\\r\\n\\r\\n\\r\\n\\r\\n\\r\\n\\r\\n\\r\\n\\r\\n\\r\\n\\r\\n\\r\\n\\r\\n\\r\\n\\r\\n\\r\\n\\r\\n\\r\\n\\r\\n\\r\\n\\r\\n<p>06\\/2015 &mdash; PRINT Magazine Regional Design Annual 2016<\\/p>\\r\\n\\r\\n\\r\\n\\r\\n\\r\\n\\r\\n\\r\\n\\r\\n\\r\\n\\r\\n\\r\\n\\r\\n\\r\\n\\r\\n\\r\\n\\r\\n\\r\\n\\r\\n\\r\\n\\r\\n<p>02\\/2015 &mdash; Communication Arts Design Annual 2015<\\/p>\",\"44\":\"MEET\\r\\nOUR\\r\\nTALENTED\\r\\nTEAM\"}}', '2016-11-15 20:15:09', '2016-11-15 20:15:09', 'e3c601b1-d3fc-4d56-bc74-c5e63a69cb52'),
 ('214', '101', '10', '46', 'en_us', '15', '', '{\"typeId\":\"11\",\"authorId\":null,\"title\":\"Studio\",\"slug\":\"studio\",\"postDate\":1478129954,\"expiryDate\":null,\"enabled\":1,\"parentId\":null,\"fields\":{\"48\":{\"102\":{\"type\":\"1\",\"fields\":{\"backgroundImage\":[\"97\"],\"backgroundColor\":\"#000000\",\"linkUrl\":\"\\/contact\",\"header\":\"Drop \\r\\nus \\r\\na \\r\\nline\",\"subtext\":\"Contact Us\",\"fontColor\":\"#efefef\"}}},\"45\":\"<p class=\\\"large\\\">Born in 2004<\\/p>\",\"46\":\"<p class=\\\"large\\\">We are a full-service creative agency with offices in Seattle and Portland. A dedicated team of designers, strategists, developers and account specialists, we create highly-crafted brand experiences that clarify purpose, encourage action, and inspire brand loyalty. We\\u2019d love to get to know you and help tell your story.&nbsp;<\\/p>\",\"10\":{\"103\":{\"type\":\"carousel\",\"enabled\":\"1\",\"fields\":{\"images\":[\"48\",\"49\",\"50\"],\"verticalSpacingLevel\":\"vertical-spacing-2\"}},\"104\":{\"type\":\"twoColumnContent\",\"enabled\":\"1\",\"fields\":{\"backgroundColor\":\"#000000\",\"leftColumn\":\"<p class=\\\"h3 med\\\"><span class=\\\"white\\\">STYLE<br>IS A<br>SIMPLE<br>WAY<br>OF<br>SAYING<br>COMPLEX<br>THINGS<br><\\/span><span class=\\\"blue white\\\">&mdash;JEAN<br>COCTEAU<\\/span><\\/p>\",\"rightColumn\":\"<p><img src=\\\"http:\\/\\/turnstyle.studio\\/_ui\\/img\\/work\\/t-1.svg#asset:60:url\\\"><\\/p>\",\"verticalSpacingLevel\":\"vertical-spacing-2\"}},\"105\":{\"type\":\"twoColumnContent\",\"enabled\":\"1\",\"fields\":{\"backgroundColor\":\"#000000\",\"leftColumn\":\"<p class=\\\"large\\\"><span class=\\\"white\\\">Style is Not a&nbsp;<br>4-letter Word<\\/span><\\/p>\",\"rightColumn\":\"<p class=\\\"large\\\"><span class=\\\"white\\\">In our experience, the brands that are the most magnetic are those which project distinct, memorable and charismatic personalities. These brands place equal emphasis on what they say and how they say it. Some design purists might say that style is merely artificial decoration that should be avoided in favor of logic&mdash;\\u201cform follows function\\u201d and all that. Don\\u2019t get us wrong, we\\u2019re not proponents of style for its own sake, or as ornament applied after an idea has already been defined. Rather, we employ style as an integral and strategic component of our brand-development process. At its best, style can be that magical something about a company or product that pulls people in and transcends the logical. So, to us, style is not a 4-letter word. On the contrary, we embrace it, harnessing its power to cut through the clutter.&nbsp;<\\/span><\\/p>\\r\\n\\r\\n<p class=\\\"large\\\"><span class=\\\"white\\\">And besides, \\u201cstyle\\u201d has five letters.<\\/span><\\/p>\",\"verticalSpacingLevel\":\"vertical-spacing-2\"}},\"106\":{\"type\":\"twoColumnContent\",\"enabled\":\"1\",\"fields\":{\"backgroundColor\":\"#000000\",\"leftColumn\":\"<p class=\\\"large\\\"><span class=\\\"white\\\">We Do<\\/span><\\/p>\",\"rightColumn\":\"<p class=\\\"h2 caps\\\"><a href=\\\"\\/strategy\\\" data-color=\\\"#3c00ff\\\">Strategy<\\/a><br><a href=\\\"\\/identity\\\" data-color=\\\"#3c00ff\\\">Identity<\\/a><br>Digital<br>Print<br>Packaging<br>Environment<\\/p>\",\"verticalSpacingLevel\":\"vertical-spacing-2\"}},\"107\":{\"type\":\"twoColumnContent\",\"enabled\":\"1\",\"fields\":{\"backgroundColor\":\"#ffffff\",\"leftColumn\":\"<p class=\\\"h3 caps\\\">our<br>clients<br>&<br>industries<\\/p>\\r\\n\\r\\n<p class=\\\"h3 caps\\\"><\\/p>\",\"rightColumn\":\"\",\"verticalSpacingLevel\":\"vertical-spacing-1\"}},\"108\":{\"type\":\"twoColumnContent\",\"enabled\":\"1\",\"fields\":{\"backgroundColor\":\"#ffffff\",\"leftColumn\":\"<p><span class=\\\"gray\\\">Industry<\\/span><\\/p>\\r\\n\\r\\n<p class=\\\"h3 caps\\\">teague<br>nike<br>starbucks<br>microsoft<br>amazon<br>aiga<br>nordstrom<br>teague<br>nike<\\/p>\\r\\n\\r\\n\\r\\n\\r\\n\\r\\n\\r\\n\\r\\n\\r\\n\\r\\n\\r\\n\\r\\n\\r\\n\\r\\n\\r\\n\\r\\n\\r\\n\\r\\n\\r\\n\\r\\n\\r\\n\\r\\n\\r\\n\\r\\n\\r\\n\\r\\n\\r\\n\\r\\n\\r\\n<p><span class=\\\"gray\\\">Industry<\\/span><\\/p>\\r\\n\\r\\n\\r\\n\\r\\n\\r\\n\\r\\n\\r\\n\\r\\n\\r\\n\\r\\n\\r\\n\\r\\n\\r\\n\\r\\n\\r\\n\\r\\n\\r\\n\\r\\n\\r\\n\\r\\n\\r\\n\\r\\n\\r\\n\\r\\n\\r\\n\\r\\n\\r\\n\\r\\n<p class=\\\"h3 caps\\\">starbucks<br>microsoft<br>amazon<\\/p>\\r\\n\\r\\n\\r\\n\\r\\n\\r\\n\\r\\n\\r\\n\\r\\n\\r\\n\\r\\n\\r\\n\\r\\n\\r\\n\\r\\n\\r\\n\\r\\n\\r\\n\\r\\n\\r\\n\\r\\n\\r\\n\\r\\n\\r\\n\\r\\n\\r\\n\\r\\n\\r\\n\\r\\n<p><span class=\\\"gray\\\">Industry<\\/span><\\/p>\\r\\n\\r\\n\\r\\n\\r\\n\\r\\n\\r\\n\\r\\n\\r\\n\\r\\n\\r\\n\\r\\n\\r\\n\\r\\n\\r\\n\\r\\n\\r\\n\\r\\n\\r\\n\\r\\n\\r\\n\\r\\n\\r\\n\\r\\n\\r\\n\\r\\n\\r\\n\\r\\n\\r\\n<p class=\\\"h3 caps\\\">starbucks<br>microsoft<\\/p>\",\"rightColumn\":\"<p>Industry<br><\\/p>\\r\\n\\r\\n<p class=\\\"h3 caps\\\">starbucks<br>microsoft<br>amazon<\\/p>\\r\\n\\r\\n\\r\\n\\r\\n\\r\\n\\r\\n\\r\\n\\r\\n\\r\\n\\r\\n\\r\\n\\r\\n\\r\\n\\r\\n\\r\\n\\r\\n\\r\\n\\r\\n\\r\\n\\r\\n\\r\\n\\r\\n\\r\\n\\r\\n\\r\\n\\r\\n\\r\\n\\r\\n<p><span class=\\\"gray\\\">Industry<\\/span><\\/p>\\r\\n\\r\\n\\r\\n\\r\\n\\r\\n\\r\\n\\r\\n\\r\\n\\r\\n\\r\\n\\r\\n\\r\\n\\r\\n\\r\\n\\r\\n\\r\\n\\r\\n\\r\\n\\r\\n\\r\\n\\r\\n\\r\\n\\r\\n\\r\\n\\r\\n\\r\\n\\r\\n\\r\\n<p class=\\\"h3 caps\\\">teague<br>nike<br>starbucks<br>microsoft<br>amazon<br>aiga<br>nordstrom<br>teague<br>nike<\\/p>\\r\\n\\r\\n\\r\\n\\r\\n\\r\\n\\r\\n\\r\\n\\r\\n\\r\\n\\r\\n\\r\\n\\r\\n\\r\\n\\r\\n\\r\\n\\r\\n\\r\\n\\r\\n\\r\\n\\r\\n\\r\\n\\r\\n\\r\\n\\r\\n\\r\\n\\r\\n\\r\\n\\r\\n<p><span class=\\\"gray\\\"><br><\\/span><\\/p>\\r\\n\\r\\n\\r\\n\\r\\n\\r\\n\\r\\n\\r\\n\\r\\n\\r\\n\\r\\n\\r\\n\\r\\n\\r\\n\\r\\n\\r\\n\\r\\n\\r\\n\\r\\n\\r\\n\\r\\n\\r\\n\\r\\n\\r\\n\\r\\n\\r\\n\\r\\n<p><span class=\\\"gray\\\">Industry<\\/span><\\/p>\\r\\n\\r\\n\\r\\n\\r\\n\\r\\n\\r\\n\\r\\n\\r\\n\\r\\n\\r\\n\\r\\n\\r\\n\\r\\n\\r\\n\\r\\n\\r\\n\\r\\n\\r\\n\\r\\n\\r\\n\\r\\n\\r\\n\\r\\n\\r\\n\\r\\n\\r\\n\\r\\n\\r\\n<p class=\\\"h3 caps\\\">starbucks<br>microsoft<\\/p>\",\"verticalSpacingLevel\":\"vertical-spacing-1\"}}},\"47\":\"<p>08\\/2016 &mdash; IdN Magazine v23n2<\\/p>\\r\\n\\r\\n<p>06\\/2016 &mdash; Communication Arts Design Annual 2016<\\/p>\\r\\n\\r\\n\\r\\n\\r\\n\\r\\n\\r\\n\\r\\n\\r\\n\\r\\n\\r\\n\\r\\n\\r\\n\\r\\n\\r\\n\\r\\n\\r\\n\\r\\n\\r\\n\\r\\n\\r\\n\\r\\n\\r\\n<p>05\\/2016 &mdash; PRINT Magazine Regional Design Annual 2016<\\/p>\\r\\n\\r\\n\\r\\n\\r\\n\\r\\n\\r\\n\\r\\n\\r\\n\\r\\n\\r\\n\\r\\n\\r\\n\\r\\n\\r\\n\\r\\n\\r\\n\\r\\n\\r\\n\\r\\n\\r\\n\\r\\n\\r\\n<p>03\\/2016 &mdash; Communication Arts Design Annual 2015<\\/p>\\r\\n\\r\\n\\r\\n\\r\\n\\r\\n\\r\\n\\r\\n\\r\\n\\r\\n\\r\\n\\r\\n\\r\\n\\r\\n\\r\\n\\r\\n\\r\\n\\r\\n\\r\\n\\r\\n\\r\\n\\r\\n\\r\\n<p>02\\/2016 &mdash; IdN Magazine v23n2<\\/p>\\r\\n\\r\\n\\r\\n\\r\\n\\r\\n\\r\\n\\r\\n\\r\\n\\r\\n\\r\\n\\r\\n\\r\\n\\r\\n\\r\\n\\r\\n\\r\\n\\r\\n\\r\\n\\r\\n\\r\\n\\r\\n\\r\\n<p>12\\/2015 &mdash; Communication Arts Design Annual 2016<\\/p>\\r\\n\\r\\n\\r\\n\\r\\n\\r\\n\\r\\n\\r\\n\\r\\n\\r\\n\\r\\n\\r\\n\\r\\n\\r\\n\\r\\n\\r\\n\\r\\n\\r\\n\\r\\n\\r\\n\\r\\n\\r\\n\\r\\n<p>10\\/2015 &mdash; PRINT Magazine Regional Design Annual 2016<\\/p>\\r\\n\\r\\n\\r\\n\\r\\n\\r\\n\\r\\n\\r\\n\\r\\n\\r\\n\\r\\n\\r\\n\\r\\n\\r\\n\\r\\n\\r\\n\\r\\n\\r\\n\\r\\n\\r\\n\\r\\n\\r\\n\\r\\n<p>10\\/2015 &mdash; Communication Arts Design Annual 2015<\\/p>\\r\\n\\r\\n\\r\\n\\r\\n\\r\\n\\r\\n\\r\\n\\r\\n\\r\\n\\r\\n\\r\\n\\r\\n\\r\\n\\r\\n\\r\\n\\r\\n\\r\\n\\r\\n\\r\\n\\r\\n\\r\\n\\r\\n<p>06\\/2015 &mdash; PRINT Magazine Regional Design Annual 2016<\\/p>\\r\\n\\r\\n\\r\\n\\r\\n\\r\\n\\r\\n\\r\\n\\r\\n\\r\\n\\r\\n\\r\\n\\r\\n\\r\\n\\r\\n\\r\\n\\r\\n\\r\\n\\r\\n\\r\\n\\r\\n\\r\\n\\r\\n<p>02\\/2015 &mdash; Communication Arts Design Annual 2015<\\/p>\",\"44\":\"MEET\\r\\nOUR\\r\\nTALENTED\\r\\nTEAM\"}}', '2016-11-15 20:16:59', '2016-11-15 20:16:59', '319a7fdc-aad3-4d50-91c0-6ef122bcc16a'),
 ('215', '101', '10', '46', 'en_us', '16', '', '{\"typeId\":\"11\",\"authorId\":null,\"title\":\"Studio\",\"slug\":\"studio\",\"postDate\":1478129954,\"expiryDate\":null,\"enabled\":1,\"parentId\":null,\"fields\":{\"48\":{\"102\":{\"type\":\"1\",\"fields\":{\"backgroundImage\":[\"97\"],\"backgroundColor\":\"#000000\",\"linkUrl\":\"\\/contact\",\"header\":\"Drop \\r\\nus \\r\\na \\r\\nline\",\"subtext\":\"Contact Us\",\"fontColor\":\"#efefef\"}}},\"45\":\"<p class=\\\"large\\\">Born in 2004<\\/p>\",\"46\":\"<p class=\\\"large\\\">We are a full-service creative agency with offices in Seattle and Portland. A dedicated team of designers, strategists, developers and account specialists, we create highly-crafted brand experiences that clarify purpose, encourage action, and inspire brand loyalty. We\\u2019d love to get to know you and help tell your story.&nbsp;<\\/p>\",\"10\":{\"103\":{\"type\":\"carousel\",\"enabled\":\"1\",\"fields\":{\"images\":[\"48\",\"49\",\"50\"],\"verticalSpacingLevel\":\"vertical-spacing-2\"}},\"104\":{\"type\":\"twoColumnContent\",\"enabled\":\"1\",\"fields\":{\"backgroundColor\":\"#000000\",\"leftColumn\":\"<p class=\\\"h3 med\\\"><span class=\\\"white\\\">STYLE<br>IS A<br>SIMPLE<br>WAY<br>OF<br>SAYING<br>COMPLEX<br>THINGS<br><\\/span><span class=\\\"blue white\\\">&mdash;JEAN<br>COCTEAU<\\/span><\\/p>\",\"rightColumn\":\"<p><img src=\\\"http:\\/\\/turnstyle.studio\\/_ui\\/img\\/work\\/t-1.svg#asset:60:url\\\"><\\/p>\",\"verticalSpacingLevel\":\"vertical-spacing-2\"}},\"105\":{\"type\":\"twoColumnContent\",\"enabled\":\"1\",\"fields\":{\"backgroundColor\":\"#000000\",\"leftColumn\":\"<p class=\\\"large\\\"><span class=\\\"white\\\">Style is Not a&nbsp;<br>4-letter Word<\\/span><\\/p>\",\"rightColumn\":\"<p class=\\\"large\\\"><span class=\\\"white\\\">In our experience, the brands that are the most magnetic are those which project distinct, memorable and charismatic personalities. These brands place equal emphasis on what they say and how they say it. Some design purists might say that style is merely artificial decoration that should be avoided in favor of logic&mdash;\\u201cform follows function\\u201d and all that. Don\\u2019t get us wrong, we\\u2019re not proponents of style for its own sake, or as ornament applied after an idea has already been defined. Rather, we employ style as an integral and strategic component of our brand-development process. At its best, style can be that magical something about a company or product that pulls people in and transcends the logical. So, to us, style is not a 4-letter word. On the contrary, we embrace it, harnessing its power to cut through the clutter.&nbsp;<\\/span><\\/p>\\r\\n\\r\\n<p class=\\\"large\\\"><span class=\\\"white\\\">And besides, \\u201cstyle\\u201d has five letters.<\\/span><\\/p>\",\"verticalSpacingLevel\":\"vertical-spacing-2\"}},\"106\":{\"type\":\"twoColumnContent\",\"enabled\":\"1\",\"fields\":{\"backgroundColor\":\"#000000\",\"leftColumn\":\"<p class=\\\"large\\\"><span class=\\\"white\\\">We Do<\\/span><\\/p>\",\"rightColumn\":\"<p class=\\\"h2 caps\\\"><a href=\\\"\\/strategy\\\" data-color=\\\"#3c00ff\\\">Strategy<\\/a><br><a href=\\\"\\/identity\\\" data-color=\\\"#3c00ff\\\">Identity<\\/a><br>Digital<br>Print<br>Packaging<br>Environment<\\/p>\",\"verticalSpacingLevel\":\"vertical-spacing-2\"}},\"107\":{\"type\":\"twoColumnContent\",\"enabled\":\"1\",\"fields\":{\"backgroundColor\":\"#ffffff\",\"leftColumn\":\"<p class=\\\"h3 caps\\\">our<br>clients<br>&<br>industries<\\/p>\\r\\n\\r\\n<p class=\\\"h3 caps\\\"><\\/p>\",\"rightColumn\":\"\",\"verticalSpacingLevel\":\"vertical-spacing-1\"}},\"108\":{\"type\":\"twoColumnContent\",\"enabled\":\"1\",\"fields\":{\"backgroundColor\":\"#ffffff\",\"leftColumn\":\"<p><span class=\\\"gray\\\">Industry<\\/span><\\/p>\\r\\n\\r\\n<p class=\\\"h3 caps\\\">teague<br>nike<br>starbucks<br>microsoft<br>amazon<br>aiga<br>nordstrom<br>teague<br>nike<\\/p>\\r\\n\\r\\n\\r\\n\\r\\n\\r\\n\\r\\n\\r\\n\\r\\n\\r\\n\\r\\n\\r\\n\\r\\n\\r\\n\\r\\n\\r\\n\\r\\n\\r\\n\\r\\n\\r\\n\\r\\n\\r\\n\\r\\n\\r\\n\\r\\n\\r\\n\\r\\n\\r\\n\\r\\n\\r\\n\\r\\n<p><span class=\\\"gray\\\">Industry<\\/span><\\/p>\\r\\n\\r\\n\\r\\n\\r\\n\\r\\n\\r\\n\\r\\n\\r\\n\\r\\n\\r\\n\\r\\n\\r\\n\\r\\n\\r\\n\\r\\n\\r\\n\\r\\n\\r\\n\\r\\n\\r\\n\\r\\n\\r\\n\\r\\n\\r\\n\\r\\n\\r\\n\\r\\n\\r\\n\\r\\n\\r\\n<p class=\\\"h3 caps\\\">starbucks<br>microsoft<br>amazon<\\/p>\\r\\n\\r\\n\\r\\n\\r\\n\\r\\n\\r\\n\\r\\n\\r\\n\\r\\n\\r\\n\\r\\n\\r\\n\\r\\n\\r\\n\\r\\n\\r\\n\\r\\n\\r\\n\\r\\n\\r\\n\\r\\n\\r\\n\\r\\n\\r\\n\\r\\n\\r\\n\\r\\n\\r\\n\\r\\n\\r\\n<p><span class=\\\"gray\\\">Industry<\\/span><\\/p>\\r\\n\\r\\n\\r\\n\\r\\n\\r\\n\\r\\n\\r\\n\\r\\n\\r\\n\\r\\n\\r\\n\\r\\n\\r\\n\\r\\n\\r\\n\\r\\n\\r\\n\\r\\n\\r\\n\\r\\n\\r\\n\\r\\n\\r\\n\\r\\n\\r\\n\\r\\n\\r\\n\\r\\n\\r\\n\\r\\n<p class=\\\"h3 caps\\\">starbucks<br>microsoft<\\/p>\",\"rightColumn\":\"<p>Industry<br><\\/p>\\r\\n\\r\\n<p class=\\\"h3 caps\\\">starbucks<br>microsoft<br>amazon<\\/p>\\r\\n\\r\\n\\r\\n\\r\\n\\r\\n\\r\\n\\r\\n\\r\\n\\r\\n\\r\\n\\r\\n\\r\\n\\r\\n\\r\\n\\r\\n\\r\\n\\r\\n\\r\\n\\r\\n\\r\\n\\r\\n\\r\\n\\r\\n\\r\\n\\r\\n\\r\\n\\r\\n\\r\\n\\r\\n\\r\\n<p><span class=\\\"gray\\\">Industry<\\/span><\\/p>\\r\\n\\r\\n\\r\\n\\r\\n\\r\\n\\r\\n\\r\\n\\r\\n\\r\\n\\r\\n\\r\\n\\r\\n\\r\\n\\r\\n\\r\\n\\r\\n\\r\\n\\r\\n\\r\\n\\r\\n\\r\\n\\r\\n\\r\\n\\r\\n\\r\\n\\r\\n\\r\\n\\r\\n\\r\\n\\r\\n<p class=\\\"h3 caps\\\">teague<br>nike<br>starbucks<br>microsoft<br>amazon<br>aiga<br>nordstrom<br>teague<br>nike<\\/p>\\r\\n\\r\\n\\r\\n\\r\\n\\r\\n\\r\\n\\r\\n\\r\\n\\r\\n\\r\\n\\r\\n\\r\\n\\r\\n\\r\\n\\r\\n\\r\\n\\r\\n\\r\\n\\r\\n\\r\\n\\r\\n\\r\\n\\r\\n\\r\\n\\r\\n\\r\\n\\r\\n\\r\\n\\r\\n\\r\\n<p><span class=\\\"gray\\\"><br><\\/span><\\/p>\\r\\n\\r\\n\\r\\n\\r\\n\\r\\n\\r\\n\\r\\n\\r\\n\\r\\n\\r\\n\\r\\n\\r\\n\\r\\n\\r\\n\\r\\n\\r\\n\\r\\n\\r\\n\\r\\n\\r\\n\\r\\n\\r\\n\\r\\n\\r\\n\\r\\n\\r\\n\\r\\n\\r\\n<p><span class=\\\"gray\\\">Industry<\\/span><\\/p>\\r\\n\\r\\n\\r\\n\\r\\n\\r\\n\\r\\n\\r\\n\\r\\n\\r\\n\\r\\n\\r\\n\\r\\n\\r\\n\\r\\n\\r\\n\\r\\n\\r\\n\\r\\n\\r\\n\\r\\n\\r\\n\\r\\n\\r\\n\\r\\n\\r\\n\\r\\n\\r\\n\\r\\n\\r\\n\\r\\n<p class=\\\"h3 caps\\\">starbucks<br>microsoft<\\/p>\",\"verticalSpacingLevel\":\"vertical-spacing-1\"}}},\"47\":\"<p>08\\/2016 &mdash; IdN Magazine v23n2<\\/p>\\r\\n\\r\\n<p>06\\/2016 &mdash; Communication Arts Design Annual 2016<\\/p>\\r\\n\\r\\n\\r\\n\\r\\n\\r\\n\\r\\n\\r\\n\\r\\n\\r\\n\\r\\n\\r\\n\\r\\n\\r\\n\\r\\n\\r\\n\\r\\n\\r\\n\\r\\n\\r\\n\\r\\n\\r\\n\\r\\n\\r\\n\\r\\n<p>05\\/2016 &mdash; PRINT Magazine Regional Design Annual 2016<\\/p>\\r\\n\\r\\n\\r\\n\\r\\n\\r\\n\\r\\n\\r\\n\\r\\n\\r\\n\\r\\n\\r\\n\\r\\n\\r\\n\\r\\n\\r\\n\\r\\n\\r\\n\\r\\n\\r\\n\\r\\n\\r\\n\\r\\n\\r\\n\\r\\n<p>03\\/2016 &mdash; Communication Arts Design Annual 2015<\\/p>\\r\\n\\r\\n\\r\\n\\r\\n\\r\\n\\r\\n\\r\\n\\r\\n\\r\\n\\r\\n\\r\\n\\r\\n\\r\\n\\r\\n\\r\\n\\r\\n\\r\\n\\r\\n\\r\\n\\r\\n\\r\\n\\r\\n\\r\\n\\r\\n<p>02\\/2016 &mdash; IdN Magazine v23n2<\\/p>\\r\\n\\r\\n\\r\\n\\r\\n\\r\\n\\r\\n\\r\\n\\r\\n\\r\\n\\r\\n\\r\\n\\r\\n\\r\\n\\r\\n\\r\\n\\r\\n\\r\\n\\r\\n\\r\\n\\r\\n\\r\\n\\r\\n\\r\\n\\r\\n<p>12\\/2015 &mdash; Communication Arts Design Annual 2016<\\/p>\\r\\n\\r\\n\\r\\n\\r\\n\\r\\n\\r\\n\\r\\n\\r\\n\\r\\n\\r\\n\\r\\n\\r\\n\\r\\n\\r\\n\\r\\n\\r\\n\\r\\n\\r\\n\\r\\n\\r\\n\\r\\n\\r\\n\\r\\n\\r\\n<p>10\\/2015 &mdash; PRINT Magazine Regional Design Annual 2016<\\/p>\\r\\n\\r\\n\\r\\n\\r\\n\\r\\n\\r\\n\\r\\n\\r\\n\\r\\n\\r\\n\\r\\n\\r\\n\\r\\n\\r\\n\\r\\n\\r\\n\\r\\n\\r\\n\\r\\n\\r\\n\\r\\n\\r\\n\\r\\n\\r\\n<p>10\\/2015 &mdash; Communication Arts Design Annual 2015<\\/p>\\r\\n\\r\\n\\r\\n\\r\\n\\r\\n\\r\\n\\r\\n\\r\\n\\r\\n\\r\\n\\r\\n\\r\\n\\r\\n\\r\\n\\r\\n\\r\\n\\r\\n\\r\\n\\r\\n\\r\\n\\r\\n\\r\\n\\r\\n\\r\\n<p>06\\/2015 &mdash; PRINT Magazine Regional Design Annual 2016<\\/p>\\r\\n\\r\\n\\r\\n\\r\\n\\r\\n\\r\\n\\r\\n\\r\\n\\r\\n\\r\\n\\r\\n\\r\\n\\r\\n\\r\\n\\r\\n\\r\\n\\r\\n\\r\\n\\r\\n\\r\\n\\r\\n\\r\\n\\r\\n\\r\\n<p>02\\/2015 &mdash; Communication Arts Design Annual 2015<\\/p>\",\"44\":\"MEET\\r\\nOUR\\r\\nTALENTED\\r\\nTEAM\"}}', '2016-11-15 20:17:47', '2016-11-15 20:17:47', 'fa8e90dd-44c5-4991-8f0e-0a9520360dc1'),
 ('216', '101', '10', '46', 'en_us', '17', '', '{\"typeId\":\"11\",\"authorId\":null,\"title\":\"Studio\",\"slug\":\"studio\",\"postDate\":1478129954,\"expiryDate\":null,\"enabled\":1,\"parentId\":null,\"fields\":{\"48\":{\"102\":{\"type\":\"1\",\"fields\":{\"backgroundImage\":[\"97\"],\"backgroundColor\":\"#000000\",\"linkUrl\":\"\\/contact\",\"header\":\"Drop \\r\\nus \\r\\na \\r\\nline\",\"subtext\":\"Contact Us\",\"fontColor\":\"#efefef\"}}},\"45\":\"<p class=\\\"large\\\">Born in 2004<\\/p>\",\"46\":\"<p class=\\\"large\\\">We are a full-service creative agency with offices in Seattle and Portland. A dedicated team of designers, strategists, developers and account specialists, we create highly-crafted brand experiences that clarify purpose, encourage action, and inspire brand loyalty. We\\u2019d love to get to know you and help tell your story.&nbsp;<\\/p>\",\"10\":{\"103\":{\"type\":\"carousel\",\"enabled\":\"1\",\"fields\":{\"images\":[\"48\",\"49\",\"50\"],\"verticalSpacingLevel\":\"vertical-spacing-2\"}},\"104\":{\"type\":\"twoColumnContent\",\"enabled\":\"1\",\"fields\":{\"backgroundColor\":\"#000000\",\"leftColumn\":\"<p class=\\\"h3 med\\\"><span class=\\\"white\\\">STYLE<br>IS A<br>SIMPLE<br>WAY<br>OF<br>SAYING<br>COMPLEX<br>THINGS<br><\\/span><span class=\\\"blue white\\\">&mdash;JEAN<br>COCTEAU<\\/span><\\/p>\",\"rightColumn\":\"<p><img src=\\\"http:\\/\\/turnstyle.studio\\/_ui\\/img\\/work\\/t-1.svg#asset:60:url\\\"><\\/p>\",\"verticalSpacingLevel\":\"vertical-spacing-2\"}},\"105\":{\"type\":\"twoColumnContent\",\"enabled\":\"1\",\"fields\":{\"backgroundColor\":\"#000000\",\"leftColumn\":\"<p class=\\\"large\\\"><span class=\\\"white\\\">Style is Not a&nbsp;<br>4-letter Word<\\/span><\\/p>\",\"rightColumn\":\"<p class=\\\"large\\\"><span class=\\\"white\\\">In our experience, the brands that are the most magnetic are those which project distinct, memorable and charismatic personalities. These brands place equal emphasis on what they say and how they say it. Some design purists might say that style is merely artificial decoration that should be avoided in favor of logic&mdash;\\u201cform follows function\\u201d and all that. Don\\u2019t get us wrong, we\\u2019re not proponents of style for its own sake, or as ornament applied after an idea has already been defined. Rather, we employ style as an integral and strategic component of our brand-development process. At its best, style can be that magical something about a company or product that pulls people in and transcends the logical. So, to us, style is not a 4-letter word. On the contrary, we embrace it, harnessing its power to cut through the clutter.&nbsp;<\\/span><\\/p>\\r\\n\\r\\n<p class=\\\"large\\\"><span class=\\\"white\\\">And besides, \\u201cstyle\\u201d has five letters.<\\/span><\\/p>\",\"verticalSpacingLevel\":\"vertical-spacing-2\"}},\"106\":{\"type\":\"twoColumnContent\",\"enabled\":\"1\",\"fields\":{\"backgroundColor\":\"#000000\",\"leftColumn\":\"<p class=\\\"large\\\"><span class=\\\"white\\\">We Do<\\/span><\\/p>\",\"rightColumn\":\"<p class=\\\"h2 caps\\\"><a href=\\\"http:\\/\\/turnstyle.studio\\/strategy#entry:55\\\">Strategy<\\/a><br><a href=\\\"http:\\/\\/turnstyle.studio\\/identity#entry:56\\\">Identity<\\/a><br>Digital<br>Print<br>Packaging<br>Environment<\\/p>\\r\\n\\r\\n\",\"verticalSpacingLevel\":\"vertical-spacing-2\"}},\"107\":{\"type\":\"twoColumnContent\",\"enabled\":\"1\",\"fields\":{\"backgroundColor\":\"#ffffff\",\"leftColumn\":\"<p class=\\\"h3 caps\\\">our<br>clients<br>&<br>industries<\\/p>\\r\\n\\r\\n<p class=\\\"h3 caps\\\"><\\/p>\",\"rightColumn\":\"\",\"verticalSpacingLevel\":\"vertical-spacing-1\"}},\"108\":{\"type\":\"twoColumnContent\",\"enabled\":\"1\",\"fields\":{\"backgroundColor\":\"#ffffff\",\"leftColumn\":\"<p><span class=\\\"gray\\\">Industry<\\/span><\\/p>\\r\\n\\r\\n<p class=\\\"h3 caps\\\">teague<br>nike<br>starbucks<br>microsoft<br>amazon<br>aiga<br>nordstrom<br>teague<br>nike<\\/p>\\r\\n\\r\\n\\r\\n\\r\\n\\r\\n\\r\\n\\r\\n\\r\\n\\r\\n\\r\\n\\r\\n\\r\\n\\r\\n\\r\\n\\r\\n\\r\\n\\r\\n\\r\\n\\r\\n\\r\\n\\r\\n\\r\\n\\r\\n\\r\\n\\r\\n\\r\\n\\r\\n\\r\\n\\r\\n\\r\\n\\r\\n\\r\\n<p><span class=\\\"gray\\\">Industry<\\/span><\\/p>\\r\\n\\r\\n\\r\\n\\r\\n\\r\\n\\r\\n\\r\\n\\r\\n\\r\\n\\r\\n\\r\\n\\r\\n\\r\\n\\r\\n\\r\\n\\r\\n\\r\\n\\r\\n\\r\\n\\r\\n\\r\\n\\r\\n\\r\\n\\r\\n\\r\\n\\r\\n\\r\\n\\r\\n\\r\\n\\r\\n\\r\\n\\r\\n<p class=\\\"h3 caps\\\">starbucks<br>microsoft<br>amazon<\\/p>\\r\\n\\r\\n\\r\\n\\r\\n\\r\\n\\r\\n\\r\\n\\r\\n\\r\\n\\r\\n\\r\\n\\r\\n\\r\\n\\r\\n\\r\\n\\r\\n\\r\\n\\r\\n\\r\\n\\r\\n\\r\\n\\r\\n\\r\\n\\r\\n\\r\\n\\r\\n\\r\\n\\r\\n\\r\\n\\r\\n\\r\\n\\r\\n<p><span class=\\\"gray\\\">Industry<\\/span><\\/p>\\r\\n\\r\\n\\r\\n\\r\\n\\r\\n\\r\\n\\r\\n\\r\\n\\r\\n\\r\\n\\r\\n\\r\\n\\r\\n\\r\\n\\r\\n\\r\\n\\r\\n\\r\\n\\r\\n\\r\\n\\r\\n\\r\\n\\r\\n\\r\\n\\r\\n\\r\\n\\r\\n\\r\\n\\r\\n\\r\\n\\r\\n\\r\\n<p class=\\\"h3 caps\\\">starbucks<br>microsoft<\\/p>\",\"rightColumn\":\"<p>Industry<br><\\/p>\\r\\n\\r\\n<p class=\\\"h3 caps\\\">starbucks<br>microsoft<br>amazon<\\/p>\\r\\n\\r\\n\\r\\n\\r\\n\\r\\n\\r\\n\\r\\n\\r\\n\\r\\n\\r\\n\\r\\n\\r\\n\\r\\n\\r\\n\\r\\n\\r\\n\\r\\n\\r\\n\\r\\n\\r\\n\\r\\n\\r\\n\\r\\n\\r\\n\\r\\n\\r\\n\\r\\n\\r\\n\\r\\n\\r\\n\\r\\n\\r\\n<p><span class=\\\"gray\\\">Industry<\\/span><\\/p>\\r\\n\\r\\n\\r\\n\\r\\n\\r\\n\\r\\n\\r\\n\\r\\n\\r\\n\\r\\n\\r\\n\\r\\n\\r\\n\\r\\n\\r\\n\\r\\n\\r\\n\\r\\n\\r\\n\\r\\n\\r\\n\\r\\n\\r\\n\\r\\n\\r\\n\\r\\n\\r\\n\\r\\n\\r\\n\\r\\n\\r\\n\\r\\n<p class=\\\"h3 caps\\\">teague<br>nike<br>starbucks<br>microsoft<br>amazon<br>aiga<br>nordstrom<br>teague<br>nike<\\/p>\\r\\n\\r\\n\\r\\n\\r\\n\\r\\n\\r\\n\\r\\n\\r\\n\\r\\n\\r\\n\\r\\n\\r\\n\\r\\n\\r\\n\\r\\n\\r\\n\\r\\n\\r\\n\\r\\n\\r\\n\\r\\n\\r\\n\\r\\n\\r\\n\\r\\n\\r\\n\\r\\n\\r\\n\\r\\n\\r\\n\\r\\n\\r\\n<p><span class=\\\"gray\\\"><br><\\/span><\\/p>\\r\\n\\r\\n\\r\\n\\r\\n\\r\\n\\r\\n\\r\\n\\r\\n\\r\\n\\r\\n\\r\\n\\r\\n\\r\\n\\r\\n\\r\\n\\r\\n\\r\\n\\r\\n\\r\\n\\r\\n\\r\\n\\r\\n\\r\\n\\r\\n\\r\\n\\r\\n\\r\\n\\r\\n\\r\\n\\r\\n<p><span class=\\\"gray\\\">Industry<\\/span><\\/p>\\r\\n\\r\\n\\r\\n\\r\\n\\r\\n\\r\\n\\r\\n\\r\\n\\r\\n\\r\\n\\r\\n\\r\\n\\r\\n\\r\\n\\r\\n\\r\\n\\r\\n\\r\\n\\r\\n\\r\\n\\r\\n\\r\\n\\r\\n\\r\\n\\r\\n\\r\\n\\r\\n\\r\\n\\r\\n\\r\\n\\r\\n\\r\\n<p class=\\\"h3 caps\\\">starbucks<br>microsoft<\\/p>\",\"verticalSpacingLevel\":\"vertical-spacing-1\"}}},\"47\":\"<p>08\\/2016 &mdash; IdN Magazine v23n2<\\/p>\\r\\n\\r\\n<p>06\\/2016 &mdash; Communication Arts Design Annual 2016<\\/p>\\r\\n\\r\\n\\r\\n\\r\\n\\r\\n\\r\\n\\r\\n\\r\\n\\r\\n\\r\\n\\r\\n\\r\\n\\r\\n\\r\\n\\r\\n\\r\\n\\r\\n\\r\\n\\r\\n\\r\\n\\r\\n\\r\\n\\r\\n\\r\\n\\r\\n\\r\\n<p>05\\/2016 &mdash; PRINT Magazine Regional Design Annual 2016<\\/p>\\r\\n\\r\\n\\r\\n\\r\\n\\r\\n\\r\\n\\r\\n\\r\\n\\r\\n\\r\\n\\r\\n\\r\\n\\r\\n\\r\\n\\r\\n\\r\\n\\r\\n\\r\\n\\r\\n\\r\\n\\r\\n\\r\\n\\r\\n\\r\\n\\r\\n\\r\\n<p>03\\/2016 &mdash; Communication Arts Design Annual 2015<\\/p>\\r\\n\\r\\n\\r\\n\\r\\n\\r\\n\\r\\n\\r\\n\\r\\n\\r\\n\\r\\n\\r\\n\\r\\n\\r\\n\\r\\n\\r\\n\\r\\n\\r\\n\\r\\n\\r\\n\\r\\n\\r\\n\\r\\n\\r\\n\\r\\n\\r\\n\\r\\n<p>02\\/2016 &mdash; IdN Magazine v23n2<\\/p>\\r\\n\\r\\n\\r\\n\\r\\n\\r\\n\\r\\n\\r\\n\\r\\n\\r\\n\\r\\n\\r\\n\\r\\n\\r\\n\\r\\n\\r\\n\\r\\n\\r\\n\\r\\n\\r\\n\\r\\n\\r\\n\\r\\n\\r\\n\\r\\n\\r\\n\\r\\n<p>12\\/2015 &mdash; Communication Arts Design Annual 2016<\\/p>\\r\\n\\r\\n\\r\\n\\r\\n\\r\\n\\r\\n\\r\\n\\r\\n\\r\\n\\r\\n\\r\\n\\r\\n\\r\\n\\r\\n\\r\\n\\r\\n\\r\\n\\r\\n\\r\\n\\r\\n\\r\\n\\r\\n\\r\\n\\r\\n\\r\\n\\r\\n<p>10\\/2015 &mdash; PRINT Magazine Regional Design Annual 2016<\\/p>\\r\\n\\r\\n\\r\\n\\r\\n\\r\\n\\r\\n\\r\\n\\r\\n\\r\\n\\r\\n\\r\\n\\r\\n\\r\\n\\r\\n\\r\\n\\r\\n\\r\\n\\r\\n\\r\\n\\r\\n\\r\\n\\r\\n\\r\\n\\r\\n\\r\\n\\r\\n<p>10\\/2015 &mdash; Communication Arts Design Annual 2015<\\/p>\\r\\n\\r\\n\\r\\n\\r\\n\\r\\n\\r\\n\\r\\n\\r\\n\\r\\n\\r\\n\\r\\n\\r\\n\\r\\n\\r\\n\\r\\n\\r\\n\\r\\n\\r\\n\\r\\n\\r\\n\\r\\n\\r\\n\\r\\n\\r\\n\\r\\n\\r\\n<p>06\\/2015 &mdash; PRINT Magazine Regional Design Annual 2016<\\/p>\\r\\n\\r\\n\\r\\n\\r\\n\\r\\n\\r\\n\\r\\n\\r\\n\\r\\n\\r\\n\\r\\n\\r\\n\\r\\n\\r\\n\\r\\n\\r\\n\\r\\n\\r\\n\\r\\n\\r\\n\\r\\n\\r\\n\\r\\n\\r\\n\\r\\n\\r\\n<p>02\\/2015 &mdash; Communication Arts Design Annual 2015<\\/p>\",\"44\":\"MEET\\r\\nOUR\\r\\nTALENTED\\r\\nTEAM\"}}', '2016-11-15 20:19:35', '2016-11-15 20:19:35', '0c47f53d-b242-483e-9831-147815260938'),
 ('217', '16', '3', '46', 'en_us', '21', '', '{\"typeId\":\"3\",\"authorId\":\"1\",\"title\":\"Oiselle\",\"slug\":\"oiselle-identity\",\"postDate\":1476391140,\"expiryDate\":null,\"enabled\":1,\"parentId\":null,\"fields\":{\"14\":\"\",\"3\":[\"10\",\"11\",\"12\",\"14\"],\"29\":\"#efefef\",\"9\":\"AN\\r\\nINFUSION\\r\\nOF\\r\\nNEW\\r\\nENERGY\",\"7\":[\"40\"],\"4\":\"#ff5822\",\"8\":\"<p class=\\\"details\\\"><span class=\\\"gray\\\">Project<\\/span><\\/p>\\r\\n\\r\\n<p class=\\\"details\\\"><\\/p>\\r\\n\\r\\n<p class=\\\"large details\\\">As they prepared to open their first bricks and mortar store, Oiselle&mdash;a pioneer in women\\u2019s running and athletic fashion&mdash;had a mature brand that needed an infusion of new energy. Turnstyle worked with the Oiselle team to establish an updated identity system and then applied it to a huge range of customer touch points, coordinated to deliver, install and deploy in concert with their store opening in Seattle\\u2019s University Village in the summer of 2015.&nbsp;<\\/p>\",\"10\":{\"137\":{\"type\":\"largeImage\",\"enabled\":\"1\",\"fields\":{\"image\":[\"136\"],\"layoutOptions\":\"framed\",\"verticalSpacingLevel\":\"vertical-spacing-0\"}}},\"6\":\"Brand Identity System\",\"5\":[\"135\"]}}', '2016-11-15 21:30:24', '2016-11-15 21:30:24', '56aaa97d-4350-4984-9dae-02553a459a33'),
 ('218', '16', '3', '46', 'en_us', '22', '', '{\"typeId\":\"3\",\"authorId\":\"1\",\"title\":\"Oiselle\",\"slug\":\"oiselle-identity\",\"postDate\":1476391140,\"expiryDate\":null,\"enabled\":1,\"parentId\":null,\"fields\":{\"14\":\"\",\"3\":[\"10\",\"11\",\"12\",\"14\"],\"29\":\"#efefef\",\"9\":\"AN\\r\\nINFUSION\\r\\nOF\\r\\nNEW\\r\\nENERGY\",\"7\":[\"40\"],\"4\":\"#ff5822\",\"8\":\"<p class=\\\"large\\\">As they prepared to open their first bricks and mortar store, Oiselle&mdash;a pioneer in women\\u2019s running and athletic fashion&mdash;had a mature brand that needed an infusion of new energy. Turnstyle worked with the Oiselle team to establish an updated identity system and then applied it to a huge range of customer touch points, coordinated to deliver, install and deploy in concert with their store opening in Seattle\\u2019s University Village in the summer of 2015.&nbsp;<\\/p>\",\"10\":{\"137\":{\"type\":\"largeImage\",\"enabled\":\"1\",\"fields\":{\"image\":[\"136\"],\"layoutOptions\":\"framed\",\"verticalSpacingLevel\":\"vertical-spacing-0\"}}},\"6\":\"Brand Identity System\",\"5\":[\"135\"]}}', '2016-11-15 21:31:25', '2016-11-15 21:31:25', 'ec108384-14b1-4d94-a1bb-24450abc1654'),
 ('219', '16', '3', '46', 'en_us', '23', '', '{\"typeId\":\"3\",\"authorId\":\"1\",\"title\":\"Oiselle\",\"slug\":\"oiselle-identity\",\"postDate\":1476391140,\"expiryDate\":null,\"enabled\":1,\"parentId\":null,\"fields\":{\"14\":\"\",\"3\":[\"10\",\"11\",\"12\",\"14\"],\"29\":\"#efefef\",\"9\":\"AN\\r\\nINFUSION\\r\\nOF\\r\\nNEW\\r\\nENERGY\",\"7\":[\"40\"],\"4\":\"#ff5822\",\"8\":\"<p class=\\\"large\\\">As they prepared to open their first bricks and mortar store, Oiselle&mdash;a pioneer in women\\u2019s running and athletic fashion&mdash;had a mature brand that needed an infusion of new energy. Turnstyle worked with the Oiselle team to establish an updated identity system and then applied it to a huge range of customer touch points, coordinated to deliver, install and deploy in concert with their store opening in Seattle\\u2019s University Village in the summer of 2015.&nbsp;<\\/p>\",\"10\":{\"137\":{\"type\":\"largeImage\",\"enabled\":\"1\",\"fields\":{\"image\":[\"136\"],\"layoutOptions\":\"framed\",\"verticalSpacingLevel\":\"vertical-spacing-1\"}}},\"6\":\"Brand Identity System\",\"5\":[\"135\"]}}', '2016-11-15 21:34:10', '2016-11-15 21:34:10', 'e3ff97b8-d817-4056-8fd0-41ec89ae3020'),
 ('220', '16', '3', '46', 'en_us', '24', '', '{\"typeId\":\"3\",\"authorId\":\"1\",\"title\":\"Oiselle\",\"slug\":\"oiselle-identity\",\"postDate\":1476391140,\"expiryDate\":null,\"enabled\":1,\"parentId\":null,\"fields\":{\"14\":\"\",\"3\":[\"10\",\"11\",\"12\",\"14\"],\"29\":\"#efefef\",\"9\":\"AN\\r\\nINFUSION\\r\\nOF\\r\\nNEW\\r\\nENERGY\",\"7\":[\"40\"],\"4\":\"#ff5822\",\"8\":\"<p class=\\\"large\\\">As they prepared to open their first bricks and mortar store, Oiselle&mdash;a pioneer in women\\u2019s running and athletic fashion&mdash;had a mature brand that needed an infusion of new energy. Turnstyle worked with the Oiselle team to establish an updated identity system and then applied it to a huge range of customer touch points, coordinated to deliver, install and deploy in concert with their store opening in Seattle\\u2019s University Village in the summer of 2015.&nbsp;<\\/p>\",\"10\":{\"137\":{\"type\":\"largeImage\",\"enabled\":\"1\",\"fields\":{\"image\":[\"136\"],\"layoutOptions\":\"framed\",\"verticalSpacingLevel\":\"vertical-spacing-1\"}},\"new1\":{\"type\":\"largeImage\",\"enabled\":\"1\",\"fields\":{\"image\":[\"136\"],\"layoutOptions\":\"framed\",\"verticalSpacingLevel\":\"vertical-spacing-1\"}}},\"6\":\"Brand Identity System\",\"5\":[\"135\"]}}', '2016-11-15 21:36:41', '2016-11-15 21:36:41', 'a201b4c9-7cfa-412e-9e97-95eaa1316b4b'),
 ('221', '16', '3', '46', 'en_us', '25', '', '{\"typeId\":\"3\",\"authorId\":\"1\",\"title\":\"Oiselle\",\"slug\":\"oiselle-identity\",\"postDate\":1476391140,\"expiryDate\":null,\"enabled\":1,\"parentId\":null,\"fields\":{\"14\":\"\",\"3\":[\"10\",\"11\",\"12\",\"14\"],\"29\":\"#efefef\",\"9\":\"AN\\r\\nINFUSION\\r\\nOF\\r\\nNEW\\r\\nENERGY\",\"7\":[\"40\"],\"4\":\"#ff5822\",\"8\":\"<p class=\\\"large\\\">As they prepared to open their first bricks and mortar store, Oiselle&mdash;a pioneer in women\\u2019s running and athletic fashion&mdash;had a mature brand that needed an infusion of new energy. Turnstyle worked with the Oiselle team to establish an updated identity system and then applied it to a huge range of customer touch points, coordinated to deliver, install and deploy in concert with their store opening in Seattle\\u2019s University Village in the summer of 2015.&nbsp;<\\/p>\",\"10\":{\"137\":{\"type\":\"largeImage\",\"enabled\":\"1\",\"fields\":{\"image\":[\"136\"],\"layoutOptions\":\"framed\",\"verticalSpacingLevel\":\"vertical-spacing-0\"}},\"140\":{\"type\":\"largeImage\",\"enabled\":\"1\",\"fields\":{\"image\":[\"136\"],\"layoutOptions\":\"framed\",\"verticalSpacingLevel\":\"vertical-spacing-1\"}}},\"6\":\"Brand Identity System\",\"5\":[\"135\"]}}', '2016-11-15 21:37:12', '2016-11-15 21:37:12', '7caee4c8-7544-493f-aabf-1c842a95afbe'),
 ('222', '16', '3', '46', 'en_us', '26', '', '{\"typeId\":\"3\",\"authorId\":\"1\",\"title\":\"Oiselle\",\"slug\":\"oiselle-identity\",\"postDate\":1476391140,\"expiryDate\":null,\"enabled\":1,\"parentId\":null,\"fields\":{\"14\":\"\",\"3\":[\"10\",\"11\",\"12\",\"14\"],\"29\":\"#efefef\",\"9\":\"AN\\r\\nINFUSION\\r\\nOF\\r\\nNEW\\r\\nENERGY\",\"7\":[\"40\"],\"4\":\"#ff5822\",\"8\":\"<p class=\\\"large\\\">As they prepared to open their first bricks and mortar store, Oiselle&mdash;a pioneer in women\\u2019s running and athletic fashion&mdash;had a mature brand that needed an infusion of new energy. Turnstyle worked with the Oiselle team to establish an updated identity system and then applied it to a huge range of customer touch points, coordinated to deliver, install and deploy in concert with their store opening in Seattle\\u2019s University Village in the summer of 2015.&nbsp;<\\/p>\",\"10\":{\"137\":{\"type\":\"largeImage\",\"enabled\":\"1\",\"fields\":{\"image\":[\"136\"],\"layoutOptions\":\"framed\",\"verticalSpacingLevel\":\"vertical-spacing-0\"}},\"140\":{\"type\":\"largeImage\",\"enabled\":\"1\",\"fields\":{\"image\":[\"136\"],\"layoutOptions\":\"framed\",\"verticalSpacingLevel\":\"vertical-spacing-1\"}},\"new1\":{\"type\":\"insetImage\",\"enabled\":\"1\",\"fields\":{\"image\":[\"136\"],\"imageWidth\":\"50\",\"verticalSpacingLevel\":\"vertical-spacing-2\",\"backgroundColor\":\"#000000\"}},\"new2\":{\"type\":\"imageWithDescription\",\"enabled\":\"1\",\"fields\":{\"position\":\"left\",\"image\":[\"136\"],\"imageWidth\":\"50\",\"description\":\"<p class=\\\"large\\\">Donec id elit non mi porta gravida at eget metus. Duis mollis, est non commodo luctus, nisi erat porttitor ligula, eget lacinia odio sem nec elit. Maecenas sed diam eget risus varius blandit sit amet non magna. Morbi leo risus, porta ac consectetur ac, vestibulum at eros.<\\/p>\",\"verticalSpacingLevel\":\"vertical-spacing-2\",\"backgroundColor\":\"#afafaf\"}}},\"6\":\"Brand Identity System\",\"5\":[\"135\"]}}', '2016-11-15 21:49:27', '2016-11-15 21:49:27', '8f456e5a-8583-48da-8f29-8d94b901a0ef'),
 ('223', '16', '3', '46', 'en_us', '27', '', '{\"typeId\":\"3\",\"authorId\":\"1\",\"title\":\"Oiselle\",\"slug\":\"oiselle-identity\",\"postDate\":1476391140,\"expiryDate\":null,\"enabled\":1,\"parentId\":null,\"fields\":{\"14\":\"\",\"3\":[\"10\",\"11\",\"12\",\"14\"],\"29\":\"#efefef\",\"9\":\"AN\\r\\nINFUSION\\r\\nOF\\r\\nNEW\\r\\nENERGY\",\"7\":[\"40\"],\"4\":\"#ff5822\",\"8\":\"<p class=\\\"large\\\">As they prepared to open their first bricks and mortar store, Oiselle&mdash;a pioneer in women\\u2019s running and athletic fashion&mdash;had a mature brand that needed an infusion of new energy. Turnstyle worked with the Oiselle team to establish an updated identity system and then applied it to a huge range of customer touch points, coordinated to deliver, install and deploy in concert with their store opening in Seattle\\u2019s University Village in the summer of 2015.&nbsp;<\\/p>\",\"10\":{\"137\":{\"type\":\"largeImage\",\"enabled\":\"1\",\"fields\":{\"image\":[\"136\"],\"layoutOptions\":\"framed\",\"verticalSpacingLevel\":\"vertical-spacing-0\"}},\"140\":{\"type\":\"largeImage\",\"enabled\":\"1\",\"fields\":{\"image\":[\"136\"],\"layoutOptions\":\"framed\",\"verticalSpacingLevel\":\"vertical-spacing-1\"}},\"141\":{\"type\":\"insetImage\",\"enabled\":\"1\",\"fields\":{\"image\":[\"136\"],\"imageWidth\":\"50\",\"verticalSpacingLevel\":\"vertical-spacing-2\",\"backgroundColor\":\"#000000\"}},\"142\":{\"type\":\"imageWithDescription\",\"enabled\":\"1\",\"fields\":{\"position\":\"left\",\"image\":[\"136\"],\"imageWidth\":\"100\",\"description\":\"<p class=\\\"large\\\">Donec id elit non mi porta gravida at eget metus. Duis mollis, est non commodo luctus, nisi erat porttitor ligula, eget lacinia odio sem nec elit. Maecenas sed diam eget risus varius blandit sit amet non magna. Morbi leo risus, porta ac consectetur ac, vestibulum at eros.<\\/p>\",\"verticalSpacingLevel\":\"vertical-spacing-2\",\"backgroundColor\":\"#afafaf\"}},\"new1\":{\"type\":\"twoUpImages\",\"enabled\":\"1\",\"fields\":{\"leftImage\":[\"136\"],\"rightImage\":[\"136\"],\"verticalSpacingLevel\":\"vertical-spacing-0\"}},\"new2\":{\"type\":\"centeredText\",\"enabled\":\"1\",\"fields\":{\"text\":\"<p class=\\\"large\\\">Donec id elit non mi porta gravida at eget metus. Duis mollis, est non commodo luctus, nisi erat porttitor ligula, eget lacinia odio sem nec elit. Maecenas sed diam eget risus varius blandit sit amet non magna. Morbi leo risus, porta ac consectetur ac, vestibulum at eros.<\\/p>\\r\\n\\r\\n<p class=\\\"large\\\"><\\/p>\",\"verticalSpacingLevel\":\"vertical-spacing-4\",\"backgroundColor\":\"#efefef\"}}},\"6\":\"Brand Identity System\",\"5\":[\"135\"]}}', '2016-11-15 21:53:03', '2016-11-15 21:53:03', '44d622e2-7d37-4100-ac3a-5db3be5973f3'),
 ('224', '16', '3', '46', 'en_us', '28', '', '{\"typeId\":\"3\",\"authorId\":\"1\",\"title\":\"Oiselle\",\"slug\":\"oiselle-identity\",\"postDate\":1476391140,\"expiryDate\":null,\"enabled\":1,\"parentId\":null,\"fields\":{\"14\":\"\",\"3\":[\"10\",\"11\",\"12\",\"14\"],\"29\":\"#efefef\",\"9\":\"AN\\r\\nINFUSION\\r\\nOF\\r\\nNEW\\r\\nENERGY\",\"7\":[\"40\"],\"4\":\"#ff5822\",\"8\":\"<p class=\\\"large\\\">As they prepared to open their first bricks and mortar store, Oiselle&mdash;a pioneer in women\\u2019s running and athletic fashion&mdash;had a mature brand that needed an infusion of new energy. Turnstyle worked with the Oiselle team to establish an updated identity system and then applied it to a huge range of customer touch points, coordinated to deliver, install and deploy in concert with their store opening in Seattle\\u2019s University Village in the summer of 2015.&nbsp;<\\/p>\",\"10\":{\"137\":{\"type\":\"largeImage\",\"enabled\":\"1\",\"fields\":{\"image\":[\"136\"],\"layoutOptions\":\"framed\",\"verticalSpacingLevel\":\"vertical-spacing-0\"}},\"140\":{\"type\":\"largeImage\",\"enabled\":\"1\",\"fields\":{\"image\":[\"136\"],\"layoutOptions\":\"framed\",\"verticalSpacingLevel\":\"vertical-spacing-1\"}},\"141\":{\"type\":\"insetImage\",\"enabled\":\"1\",\"fields\":{\"image\":[\"136\"],\"imageWidth\":\"50\",\"verticalSpacingLevel\":\"vertical-spacing-2\",\"backgroundColor\":\"#000000\"}},\"142\":{\"type\":\"imageWithDescription\",\"enabled\":\"1\",\"fields\":{\"position\":\"left\",\"image\":[\"136\"],\"imageWidth\":\"100\",\"description\":\"<p class=\\\"large\\\">Donec id elit non mi porta gravida at eget metus. Duis mollis, est non commodo luctus, nisi erat porttitor ligula, eget lacinia odio sem nec elit. Maecenas sed diam eget risus varius blandit sit amet non magna. Morbi leo risus, porta ac consectetur ac, vestibulum at eros.<\\/p>\",\"verticalSpacingLevel\":\"vertical-spacing-2\",\"backgroundColor\":\"#afafaf\"}},\"143\":{\"type\":\"twoUpImages\",\"enabled\":\"1\",\"fields\":{\"leftImage\":[\"136\"],\"rightImage\":[\"136\"],\"verticalSpacingLevel\":\"vertical-spacing-4\"}},\"144\":{\"type\":\"centeredText\",\"enabled\":\"1\",\"fields\":{\"text\":\"<p class=\\\"large\\\">Donec id elit non mi porta gravida at eget metus. Duis mollis, est non commodo luctus, nisi erat porttitor ligula, eget lacinia odio sem nec elit. Maecenas sed diam eget risus varius blandit sit amet non magna. Morbi leo risus, porta ac consectetur ac, vestibulum at eros.<\\/p>\\r\\n\\r\\n<p class=\\\"large\\\"><\\/p>\",\"verticalSpacingLevel\":\"vertical-spacing-4\",\"backgroundColor\":\"#efefef\"}}},\"6\":\"Brand Identity System\",\"5\":[\"135\"]}}', '2016-11-15 21:53:49', '2016-11-15 21:53:49', 'bd1ce34e-dcd7-447b-8514-06370d68953d'),
 ('225', '16', '3', '46', 'en_us', '29', '', '{\"typeId\":\"3\",\"authorId\":\"1\",\"title\":\"Oiselle\",\"slug\":\"oiselle-identity\",\"postDate\":1476391140,\"expiryDate\":null,\"enabled\":1,\"parentId\":null,\"fields\":{\"14\":\"\",\"3\":[\"10\",\"11\",\"12\",\"14\"],\"29\":\"#efefef\",\"9\":\"AN\\r\\nINFUSION\\r\\nOF\\r\\nNEW\\r\\nENERGY\",\"7\":[\"40\"],\"4\":\"#ff5822\",\"8\":\"<p class=\\\"large\\\">As they prepared to open their first bricks and mortar store, Oiselle&mdash;a pioneer in women\\u2019s running and athletic fashion&mdash;had a mature brand that needed an infusion of new energy. Turnstyle worked with the Oiselle team to establish an updated identity system and then applied it to a huge range of customer touch points, coordinated to deliver, install and deploy in concert with their store opening in Seattle\\u2019s University Village in the summer of 2015.&nbsp;<\\/p>\",\"10\":{\"137\":{\"type\":\"largeImage\",\"enabled\":\"1\",\"fields\":{\"image\":[\"136\"],\"layoutOptions\":\"framed\",\"verticalSpacingLevel\":\"vertical-spacing-0\"}},\"140\":{\"type\":\"largeImage\",\"enabled\":\"1\",\"fields\":{\"image\":[\"136\"],\"layoutOptions\":\"framed\",\"verticalSpacingLevel\":\"vertical-spacing-1\"}},\"141\":{\"type\":\"insetImage\",\"enabled\":\"1\",\"fields\":{\"image\":[\"136\"],\"imageWidth\":\"50\",\"verticalSpacingLevel\":\"vertical-spacing-2\",\"backgroundColor\":\"#000000\"}},\"142\":{\"type\":\"imageWithDescription\",\"enabled\":\"1\",\"fields\":{\"position\":\"left\",\"image\":[\"136\"],\"imageWidth\":\"75\",\"description\":\"<p class=\\\"large\\\">Donec id elit non mi porta gravida at eget metus. Duis mollis, est non commodo luctus, nisi erat porttitor ligula, eget lacinia odio sem nec elit. Maecenas sed diam eget risus varius blandit sit amet non magna. Morbi leo risus, porta ac consectetur ac, vestibulum at eros.<\\/p>\",\"verticalSpacingLevel\":\"vertical-spacing-2\",\"backgroundColor\":\"#afafaf\"}},\"143\":{\"type\":\"twoUpImages\",\"enabled\":\"1\",\"fields\":{\"leftImage\":[\"136\"],\"rightImage\":[\"136\"],\"verticalSpacingLevel\":\"vertical-spacing-4\"}},\"144\":{\"type\":\"centeredText\",\"enabled\":\"1\",\"fields\":{\"text\":\"<p class=\\\"large\\\">Donec id elit non mi porta gravida at eget metus. Duis mollis, est non commodo luctus, nisi erat porttitor ligula, eget lacinia odio sem nec elit. Maecenas sed diam eget risus varius blandit sit amet non magna. Morbi leo risus, porta ac consectetur ac, vestibulum at eros.<\\/p>\\r\\n\\r\\n<p class=\\\"large\\\"><\\/p>\",\"verticalSpacingLevel\":\"vertical-spacing-4\",\"backgroundColor\":\"#efefef\"}}},\"6\":\"Brand Identity System\",\"5\":[\"135\"]}}', '2016-11-15 21:55:25', '2016-11-15 21:55:25', 'e8abc519-063f-495b-bf58-b89f08401a65');
INSERT INTO `craft_entryversions` (`id`, `entryId`, `sectionId`, `creatorId`, `locale`, `num`, `notes`, `data`, `dateCreated`, `dateUpdated`, `uid`) VALUES
 ('226', '16', '3', '46', 'en_us', '30', '', '{\"typeId\":\"3\",\"authorId\":\"1\",\"title\":\"Oiselle\",\"slug\":\"oiselle-identity\",\"postDate\":1476391140,\"expiryDate\":null,\"enabled\":1,\"parentId\":null,\"fields\":{\"14\":\"\",\"3\":[\"10\",\"11\",\"12\",\"14\"],\"29\":\"#efefef\",\"9\":\"AN\\r\\nINFUSION\\r\\nOF\\r\\nNEW\\r\\nENERGY\",\"7\":[\"40\"],\"4\":\"#ff5822\",\"8\":\"<p class=\\\"large\\\">As they prepared to open their first bricks and mortar store, Oiselle&mdash;a pioneer in women\\u2019s running and athletic fashion&mdash;had a mature brand that needed an infusion of new energy. Turnstyle worked with the Oiselle team to establish an updated identity system and then applied it to a huge range of customer touch points, coordinated to deliver, install and deploy in concert with their store opening in Seattle\\u2019s University Village in the summer of 2015.&nbsp;<\\/p>\",\"10\":{\"137\":{\"type\":\"largeImage\",\"enabled\":\"1\",\"fields\":{\"image\":[\"136\"],\"layoutOptions\":\"framed\",\"verticalSpacingLevel\":\"vertical-spacing-0\"}},\"140\":{\"type\":\"largeImage\",\"enabled\":\"1\",\"fields\":{\"image\":[\"136\"],\"layoutOptions\":\"framed\",\"verticalSpacingLevel\":\"vertical-spacing-1\"}},\"141\":{\"type\":\"insetImage\",\"enabled\":\"1\",\"fields\":{\"image\":[\"136\"],\"imageWidth\":\"50\",\"verticalSpacingLevel\":\"vertical-spacing-2\",\"backgroundColor\":\"#000000\"}},\"142\":{\"type\":\"imageWithDescription\",\"enabled\":\"1\",\"fields\":{\"position\":\"right\",\"image\":[\"136\"],\"imageWidth\":\"100\",\"description\":\"<p class=\\\"large\\\">Donec id elit non mi porta gravida at eget metus. Duis mollis, est non commodo luctus, nisi erat porttitor ligula, eget lacinia odio sem nec elit. Maecenas sed diam eget risus varius blandit sit amet non magna. Morbi leo risus, porta ac consectetur ac, vestibulum at eros.<\\/p>\",\"verticalSpacingLevel\":\"vertical-spacing-2\",\"backgroundColor\":\"#afafaf\"}},\"143\":{\"type\":\"twoUpImages\",\"enabled\":\"1\",\"fields\":{\"leftImage\":[\"136\"],\"rightImage\":[\"136\"],\"verticalSpacingLevel\":\"vertical-spacing-4\"}},\"144\":{\"type\":\"centeredText\",\"enabled\":\"1\",\"fields\":{\"text\":\"<p class=\\\"large\\\">Donec id elit non mi porta gravida at eget metus. Duis mollis, est non commodo luctus, nisi erat porttitor ligula, eget lacinia odio sem nec elit. Maecenas sed diam eget risus varius blandit sit amet non magna. Morbi leo risus, porta ac consectetur ac, vestibulum at eros.<\\/p>\\r\\n\\r\\n<p class=\\\"large\\\"><\\/p>\",\"verticalSpacingLevel\":\"vertical-spacing-4\",\"backgroundColor\":\"#efefef\"}}},\"6\":\"Brand Identity System\",\"5\":[\"135\"]}}', '2016-11-15 21:56:11', '2016-11-15 21:56:11', '2167a474-44c9-4e84-88d3-a8e14576493e'),
 ('227', '16', '3', '46', 'en_us', '31', '', '{\"typeId\":\"3\",\"authorId\":\"1\",\"title\":\"Oiselle\",\"slug\":\"oiselle-identity\",\"postDate\":1476391140,\"expiryDate\":null,\"enabled\":1,\"parentId\":null,\"fields\":{\"14\":\"\",\"3\":[\"10\",\"11\",\"12\",\"14\"],\"29\":\"#efefef\",\"9\":\"AN\\r\\nINFUSION\\r\\nOF\\r\\nNEW\\r\\nENERGY\",\"7\":[\"40\"],\"4\":\"#ff5822\",\"8\":\"<p class=\\\"large\\\">As they prepared to open their first bricks and mortar store, Oiselle&mdash;a pioneer in women\\u2019s running and athletic fashion&mdash;had a mature brand that needed an infusion of new energy. Turnstyle worked with the Oiselle team to establish an updated identity system and then applied it to a huge range of customer touch points, coordinated to deliver, install and deploy in concert with their store opening in Seattle\\u2019s University Village in the summer of 2015.&nbsp;<\\/p>\",\"10\":{\"137\":{\"type\":\"largeImage\",\"enabled\":\"1\",\"fields\":{\"image\":[\"136\"],\"layoutOptions\":\"framed\",\"verticalSpacingLevel\":\"vertical-spacing-0\"}},\"140\":{\"type\":\"largeImage\",\"enabled\":\"1\",\"fields\":{\"image\":[\"136\"],\"layoutOptions\":\"framed\",\"verticalSpacingLevel\":\"vertical-spacing-1\"}},\"141\":{\"type\":\"insetImage\",\"enabled\":\"1\",\"fields\":{\"image\":[\"136\"],\"imageWidth\":\"50\",\"verticalSpacingLevel\":\"vertical-spacing-2\",\"backgroundColor\":\"#000000\"}},\"142\":{\"type\":\"imageWithDescription\",\"enabled\":\"1\",\"fields\":{\"position\":\"right\",\"image\":[\"136\"],\"imageWidth\":\"100\",\"description\":\"<p class=\\\"large\\\">Donec id elit non mi porta gravida at eget metus. Duis mollis, est non commodo luctus, nisi erat porttitor ligula, eget lacinia odio sem nec elit. Maecenas sed diam eget risus varius blandit sit amet non magna. Morbi leo risus, porta ac consectetur ac, vestibulum at eros.<\\/p>\",\"verticalSpacingLevel\":\"vertical-spacing-2\",\"backgroundColor\":\"#afafaf\"}},\"143\":{\"type\":\"twoUpImages\",\"enabled\":\"1\",\"fields\":{\"leftImage\":[\"136\"],\"rightImage\":[\"136\"],\"verticalSpacingLevel\":\"vertical-spacing-4\"}},\"144\":{\"type\":\"centeredText\",\"enabled\":\"1\",\"fields\":{\"text\":\"<p class=\\\"large\\\">Donec id elit non mi porta gravida at eget metus. Duis mollis, est non commodo luctus, nisi erat porttitor ligula, eget lacinia odio sem nec elit. Maecenas sed diam eget risus varius blandit sit amet non magna. Morbi leo risus, porta ac consectetur ac, vestibulum at eros.<\\/p>\\r\\n\\r\\n<p class=\\\"large\\\"><\\/p>\",\"verticalSpacingLevel\":\"vertical-spacing-4\",\"backgroundColor\":\"#efefef\"}},\"new1\":{\"type\":\"imageWithDescription\",\"enabled\":\"1\",\"fields\":{\"position\":\"left\",\"image\":[\"136\"],\"imageWidth\":\"50\",\"description\":\"<p class=\\\"large\\\">Donec id elit non mi porta gravida at eget metus. Duis mollis, est non commodo luctus, nisi erat porttitor ligula, eget lacinia odio sem nec elit. Maecenas sed diam eget risus varius blandit sit amet non magna. Morbi leo risus, porta ac consectetur ac, vestibulum at eros.<\\/p>\\r\\n\\r\\n<p class=\\\"large\\\"><\\/p>\",\"verticalSpacingLevel\":\"vertical-spacing-2\",\"backgroundColor\":\"#000000\"}}},\"6\":\"Brand Identity System\",\"5\":[\"135\"]}}', '2016-11-15 22:35:27', '2016-11-15 22:35:27', '529bb8b5-bf08-4cec-9b0e-63bb3b6b69da'),
 ('228', '16', '3', '46', 'en_us', '32', '', '{\"typeId\":\"3\",\"authorId\":\"1\",\"title\":\"Oiselle\",\"slug\":\"oiselle-identity\",\"postDate\":1476391140,\"expiryDate\":null,\"enabled\":1,\"parentId\":null,\"fields\":{\"14\":\"\",\"3\":[\"10\",\"11\",\"12\",\"14\"],\"29\":\"#efefef\",\"9\":\"AN\\r\\nINFUSION\\r\\nOF\\r\\nNEW\\r\\nENERGY\",\"7\":[\"40\"],\"4\":\"#ff5822\",\"8\":\"<p class=\\\"large\\\">As they prepared to open their first bricks and mortar store, Oiselle&mdash;a pioneer in women\\u2019s running and athletic fashion&mdash;had a mature brand that needed an infusion of new energy. Turnstyle worked with the Oiselle team to establish an updated identity system and then applied it to a huge range of customer touch points, coordinated to deliver, install and deploy in concert with their store opening in Seattle\\u2019s University Village in the summer of 2015.&nbsp;<\\/p>\",\"10\":{\"137\":{\"type\":\"largeImage\",\"enabled\":\"1\",\"fields\":{\"image\":[\"136\"],\"layoutOptions\":\"framed\",\"verticalSpacingLevel\":\"vertical-spacing-0\"}},\"140\":{\"type\":\"largeImage\",\"enabled\":\"1\",\"fields\":{\"image\":[\"136\"],\"layoutOptions\":\"framed\",\"verticalSpacingLevel\":\"vertical-spacing-1\"}},\"141\":{\"type\":\"insetImage\",\"enabled\":\"1\",\"fields\":{\"image\":[\"136\"],\"imageWidth\":\"50\",\"verticalSpacingLevel\":\"vertical-spacing-2\",\"backgroundColor\":\"#000000\"}},\"142\":{\"type\":\"imageWithDescription\",\"enabled\":\"1\",\"fields\":{\"position\":\"right\",\"image\":[\"136\"],\"imageWidth\":\"100\",\"description\":\"<p class=\\\"large\\\">Donec id elit non mi porta gravida at eget metus. Duis mollis, est non commodo luctus, nisi erat porttitor ligula, eget lacinia odio sem nec elit. Maecenas sed diam eget risus varius blandit sit amet non magna. Morbi leo risus, porta ac consectetur ac, vestibulum at eros.<\\/p>\",\"verticalSpacingLevel\":\"vertical-spacing-2\",\"backgroundColor\":\"#afafaf\"}},\"143\":{\"type\":\"twoUpImages\",\"enabled\":\"1\",\"fields\":{\"leftImage\":[\"136\"],\"rightImage\":[\"136\"],\"verticalSpacingLevel\":\"vertical-spacing-4\"}},\"144\":{\"type\":\"centeredText\",\"enabled\":\"1\",\"fields\":{\"text\":\"<p class=\\\"large\\\">Donec id elit non mi porta gravida at eget metus. Duis mollis, est non commodo luctus, nisi erat porttitor ligula, eget lacinia odio sem nec elit. Maecenas sed diam eget risus varius blandit sit amet non magna. Morbi leo risus, porta ac consectetur ac, vestibulum at eros.<\\/p>\\r\\n\\r\\n<p class=\\\"large\\\"><\\/p>\",\"verticalSpacingLevel\":\"vertical-spacing-4\",\"backgroundColor\":\"#efefef\"}},\"145\":{\"type\":\"imageWithDescription\",\"enabled\":\"1\",\"fields\":{\"position\":\"left\",\"image\":[\"136\"],\"imageWidth\":\"50\",\"description\":\"<p class=\\\"large\\\">Donec id elit non mi porta gravida at eget metus. Duis mollis, est non commodo luctus, nisi erat porttitor ligula, eget lacinia odio sem nec elit. Maecenas sed diam eget risus varius blandit sit amet non magna. Morbi leo risus, porta ac consectetur ac, vestibulum at eros.<\\/p>\\r\\n\\r\\n<p class=\\\"large\\\"><\\/p>\",\"verticalSpacingLevel\":\"vertical-spacing-2\",\"backgroundColor\":\"#ff5822\"}}},\"6\":\"Brand Identity System\",\"5\":[\"135\"]}}', '2016-11-15 22:36:11', '2016-11-15 22:36:11', 'bc74e042-8c09-4a05-869e-838baf4f5ccf'),
 ('229', '16', '3', '1', 'en_us', '33', '', '{\"typeId\":\"3\",\"authorId\":\"1\",\"title\":\"Oiselle\",\"slug\":\"oiselle-identity\",\"postDate\":1476391140,\"expiryDate\":null,\"enabled\":1,\"parentId\":null,\"fields\":{\"14\":\"\",\"3\":[\"10\",\"11\",\"12\",\"14\"],\"29\":\"#efefef\",\"9\":\"AN\\r\\nINFUSION\\r\\nOF\\r\\nNEW\\r\\nENERGY\",\"7\":[\"40\"],\"4\":\"#ff5822\",\"8\":\"<p class=\\\"large\\\">As they prepared to open their first bricks and mortar store, Oiselle&mdash;a pioneer in women\\u2019s running and athletic fashion&mdash;had a mature brand that needed an infusion of new energy. Turnstyle worked with the Oiselle team to establish an updated identity system and then applied it to a huge range of customer touch points, coordinated to deliver, install and deploy in concert with their store opening in Seattle\\u2019s University Village in the summer of 2015.<\\/p>\",\"10\":{\"137\":{\"type\":\"largeImage\",\"enabled\":\"1\",\"fields\":{\"image\":[\"136\"],\"layoutOptions\":\"framed\",\"verticalSpacingLevel\":\"vertical-spacing-0\"}},\"140\":{\"type\":\"largeImage\",\"enabled\":\"1\",\"fields\":{\"image\":[\"136\"],\"layoutOptions\":\"framed\",\"verticalSpacingLevel\":\"vertical-spacing-1\"}},\"141\":{\"type\":\"insetImage\",\"enabled\":\"1\",\"fields\":{\"image\":[\"136\"],\"imageWidth\":\"50\",\"verticalSpacingLevel\":\"vertical-spacing-2\",\"backgroundColor\":\"#000000\"}},\"142\":{\"type\":\"imageWithDescription\",\"enabled\":\"1\",\"fields\":{\"position\":\"right\",\"image\":[\"136\"],\"imageWidth\":\"100\",\"description\":\"<p class=\\\"large\\\">Donec id elit non mi porta gravida at eget metus. Duis mollis, est non commodo luctus, nisi erat porttitor ligula, eget lacinia odio sem nec elit. Maecenas sed diam eget risus varius blandit sit amet non magna. Morbi leo risus, porta ac consectetur ac, vestibulum at eros.<\\/p>\",\"verticalSpacingLevel\":\"vertical-spacing-2\",\"backgroundColor\":\"#afafaf\"}},\"143\":{\"type\":\"twoUpImages\",\"enabled\":\"1\",\"fields\":{\"leftImage\":[\"136\"],\"rightImage\":[\"136\"],\"verticalSpacingLevel\":\"vertical-spacing-4\"}},\"144\":{\"type\":\"centeredText\",\"enabled\":\"1\",\"fields\":{\"text\":\"<p class=\\\"large\\\">Donec id elit non mi porta gravida at eget metus. Duis mollis, est non commodo luctus, nisi erat porttitor ligula, eget lacinia odio sem nec elit. Maecenas sed diam eget risus varius blandit sit amet non magna. Morbi leo risus, porta ac consectetur ac, vestibulum at eros.<\\/p>\\r\\n\\r\\n<p class=\\\"large\\\"><\\/p>\",\"verticalSpacingLevel\":\"vertical-spacing-4\",\"backgroundColor\":\"#efefef\"}},\"145\":{\"type\":\"imageWithDescription\",\"enabled\":\"1\",\"fields\":{\"position\":\"left\",\"image\":[\"136\"],\"imageWidth\":\"50\",\"description\":\"<p class=\\\"large\\\">Donec id elit non mi porta gravida at eget metus. Duis mollis, est non commodo luctus, nisi erat porttitor ligula, eget lacinia odio sem nec elit. Maecenas sed diam eget risus varius blandit sit amet non magna. Morbi leo risus, porta ac consectetur ac, vestibulum at eros.<\\/p>\\r\\n\\r\\n<p class=\\\"large\\\"><\\/p>\",\"verticalSpacingLevel\":\"vertical-spacing-2\",\"backgroundColor\":\"#ff5822\"}}},\"6\":\"Brand Identity System\",\"5\":[\"135\"]}}', '2016-11-15 23:10:26', '2016-11-15 23:10:26', '7c3ad52f-494f-454e-bdc8-dd6ff25f6aec'),
 ('230', '101', '10', '46', 'en_us', '18', '', '{\"typeId\":\"11\",\"authorId\":null,\"title\":\"Studio\",\"slug\":\"studio\",\"postDate\":1478129954,\"expiryDate\":null,\"enabled\":1,\"parentId\":null,\"fields\":{\"48\":{\"102\":{\"type\":\"1\",\"fields\":{\"backgroundImage\":[\"97\"],\"backgroundColor\":\"#000000\",\"linkUrl\":\"\\/contact\",\"header\":\"Drop \\r\\nus \\r\\na \\r\\nline\",\"subtext\":\"Contact Us\",\"fontColor\":\"#efefef\"}}},\"45\":\"<p class=\\\"large\\\">Born in 2004<\\/p>\",\"46\":\"<p class=\\\"large\\\">We are a full-service creative agency with offices in Seattle and Portland. A dedicated team of designers, strategists, developers and account specialists, we create highly-crafted brand experiences that clarify purpose, encourage action, and inspire brand loyalty. We\\u2019d love to get to know you and help tell your story.&nbsp;<\\/p>\",\"10\":{\"103\":{\"type\":\"carousel\",\"enabled\":\"1\",\"fields\":{\"images\":[\"48\",\"49\",\"50\"],\"verticalSpacingLevel\":\"vertical-spacing-2\"}},\"104\":{\"type\":\"twoColumnContent\",\"enabled\":\"1\",\"fields\":{\"backgroundColor\":\"#000000\",\"leftColumn\":\"<p class=\\\"h3 med\\\"><span class=\\\"white\\\">STYLE<br>IS A<br>SIMPLE<br>WAY<br>OF<br>SAYING<br>COMPLEX<br>THINGS<br><\\/span><span class=\\\"blue white\\\">&mdash;JEAN<br>COCTEAU<\\/span><\\/p>\",\"rightColumn\":\"<p><img src=\\\"http:\\/\\/turnstyle.studio\\/_ui\\/img\\/cta\\/t-01.gif#asset:154\\\"><\\/p>\",\"verticalSpacingLevel\":\"vertical-spacing-2\"}},\"105\":{\"type\":\"twoColumnContent\",\"enabled\":\"1\",\"fields\":{\"backgroundColor\":\"#000000\",\"leftColumn\":\"<p class=\\\"large\\\"><span class=\\\"white\\\">Style is Not a&nbsp;<br>4-letter Word<\\/span><\\/p>\",\"rightColumn\":\"<p class=\\\"large\\\"><span class=\\\"white\\\">In our experience, the brands that are the most magnetic are those which project distinct, memorable and charismatic personalities. These brands place equal emphasis on what they say and how they say it. Some design purists might say that style is merely artificial decoration that should be avoided in favor of logic&mdash;\\u201cform follows function\\u201d and all that. Don\\u2019t get us wrong, we\\u2019re not proponents of style for its own sake, or as ornament applied after an idea has already been defined. Rather, we employ style as an integral and strategic component of our brand-development process. At its best, style can be that magical something about a company or product that pulls people in and transcends the logical. So, to us, style is not a 4-letter word. On the contrary, we embrace it, harnessing its power to cut through the clutter.&nbsp;<\\/span><\\/p>\\r\\n\\r\\n<p class=\\\"large\\\"><span class=\\\"white\\\">And besides, \\u201cstyle\\u201d has five letters.<\\/span><\\/p>\",\"verticalSpacingLevel\":\"vertical-spacing-2\"}},\"106\":{\"type\":\"twoColumnContent\",\"enabled\":\"1\",\"fields\":{\"backgroundColor\":\"#000000\",\"leftColumn\":\"<p class=\\\"large\\\"><span class=\\\"white\\\">We Do<\\/span><\\/p>\",\"rightColumn\":\"<p class=\\\"h2 caps\\\"><a href=\\\"http:\\/\\/turnstyle.studio\\/strategy#entry:55:url\\\">Strategy<\\/a><br><a href=\\\"http:\\/\\/turnstyle.studio\\/identity#entry:56:url\\\">Identity<\\/a><br>Digital<br>Print<br>Packaging<br>Environment<\\/p>\",\"verticalSpacingLevel\":\"vertical-spacing-2\"}},\"107\":{\"type\":\"twoColumnContent\",\"enabled\":\"1\",\"fields\":{\"backgroundColor\":\"#ffffff\",\"leftColumn\":\"<p class=\\\"h3 caps\\\">our<br>clients<br>&<br>industries<\\/p>\\r\\n\\r\\n<p class=\\\"h3 caps\\\"><\\/p>\",\"rightColumn\":\"\",\"verticalSpacingLevel\":\"vertical-spacing-1\"}},\"108\":{\"type\":\"twoColumnContent\",\"enabled\":\"1\",\"fields\":{\"backgroundColor\":\"#ffffff\",\"leftColumn\":\"<p><span class=\\\"gray\\\">Industry<\\/span><\\/p>\\r\\n\\r\\n<p class=\\\"h3 caps\\\">teague<br>nike<br>starbucks<br>microsoft<br>amazon<br>aiga<br>nordstrom<br>teague<br>nike<\\/p>\\r\\n\\r\\n\\r\\n\\r\\n\\r\\n\\r\\n\\r\\n\\r\\n\\r\\n\\r\\n\\r\\n\\r\\n\\r\\n\\r\\n\\r\\n\\r\\n\\r\\n\\r\\n\\r\\n\\r\\n\\r\\n\\r\\n\\r\\n\\r\\n\\r\\n\\r\\n\\r\\n\\r\\n\\r\\n\\r\\n\\r\\n\\r\\n\\r\\n\\r\\n<p><span class=\\\"gray\\\">Industry<\\/span><\\/p>\\r\\n\\r\\n\\r\\n\\r\\n\\r\\n\\r\\n\\r\\n\\r\\n\\r\\n\\r\\n\\r\\n\\r\\n\\r\\n\\r\\n\\r\\n\\r\\n\\r\\n\\r\\n\\r\\n\\r\\n\\r\\n\\r\\n\\r\\n\\r\\n\\r\\n\\r\\n\\r\\n\\r\\n\\r\\n\\r\\n\\r\\n\\r\\n\\r\\n\\r\\n<p class=\\\"h3 caps\\\">starbucks<br>microsoft<br>amazon<\\/p>\\r\\n\\r\\n\\r\\n\\r\\n\\r\\n\\r\\n\\r\\n\\r\\n\\r\\n\\r\\n\\r\\n\\r\\n\\r\\n\\r\\n\\r\\n\\r\\n\\r\\n\\r\\n\\r\\n\\r\\n\\r\\n\\r\\n\\r\\n\\r\\n\\r\\n\\r\\n\\r\\n\\r\\n\\r\\n\\r\\n\\r\\n\\r\\n\\r\\n\\r\\n<p><span class=\\\"gray\\\">Industry<\\/span><\\/p>\\r\\n\\r\\n\\r\\n\\r\\n\\r\\n\\r\\n\\r\\n\\r\\n\\r\\n\\r\\n\\r\\n\\r\\n\\r\\n\\r\\n\\r\\n\\r\\n\\r\\n\\r\\n\\r\\n\\r\\n\\r\\n\\r\\n\\r\\n\\r\\n\\r\\n\\r\\n\\r\\n\\r\\n\\r\\n\\r\\n\\r\\n\\r\\n\\r\\n\\r\\n<p class=\\\"h3 caps\\\">starbucks<br>microsoft<\\/p>\",\"rightColumn\":\"<p>Industry<br><\\/p>\\r\\n\\r\\n<p class=\\\"h3 caps\\\">starbucks<br>microsoft<br>amazon<\\/p>\\r\\n\\r\\n\\r\\n\\r\\n\\r\\n\\r\\n\\r\\n\\r\\n\\r\\n\\r\\n\\r\\n\\r\\n\\r\\n\\r\\n\\r\\n\\r\\n\\r\\n\\r\\n\\r\\n\\r\\n\\r\\n\\r\\n\\r\\n\\r\\n\\r\\n\\r\\n\\r\\n\\r\\n\\r\\n\\r\\n\\r\\n\\r\\n\\r\\n\\r\\n<p><span class=\\\"gray\\\">Industry<\\/span><\\/p>\\r\\n\\r\\n\\r\\n\\r\\n\\r\\n\\r\\n\\r\\n\\r\\n\\r\\n\\r\\n\\r\\n\\r\\n\\r\\n\\r\\n\\r\\n\\r\\n\\r\\n\\r\\n\\r\\n\\r\\n\\r\\n\\r\\n\\r\\n\\r\\n\\r\\n\\r\\n\\r\\n\\r\\n\\r\\n\\r\\n\\r\\n\\r\\n\\r\\n\\r\\n<p class=\\\"h3 caps\\\">teague<br>nike<br>starbucks<br>microsoft<br>amazon<br>aiga<br>nordstrom<br>teague<br>nike<\\/p>\\r\\n\\r\\n\\r\\n\\r\\n\\r\\n\\r\\n\\r\\n\\r\\n\\r\\n\\r\\n\\r\\n\\r\\n\\r\\n\\r\\n\\r\\n\\r\\n\\r\\n\\r\\n\\r\\n\\r\\n\\r\\n\\r\\n\\r\\n\\r\\n\\r\\n\\r\\n\\r\\n\\r\\n\\r\\n\\r\\n\\r\\n\\r\\n\\r\\n\\r\\n<p><span class=\\\"gray\\\"><br><\\/span><\\/p>\\r\\n\\r\\n\\r\\n\\r\\n\\r\\n\\r\\n\\r\\n\\r\\n\\r\\n\\r\\n\\r\\n\\r\\n\\r\\n\\r\\n\\r\\n\\r\\n\\r\\n\\r\\n\\r\\n\\r\\n\\r\\n\\r\\n\\r\\n\\r\\n\\r\\n\\r\\n\\r\\n\\r\\n\\r\\n\\r\\n\\r\\n\\r\\n<p><span class=\\\"gray\\\">Industry<\\/span><\\/p>\\r\\n\\r\\n\\r\\n\\r\\n\\r\\n\\r\\n\\r\\n\\r\\n\\r\\n\\r\\n\\r\\n\\r\\n\\r\\n\\r\\n\\r\\n\\r\\n\\r\\n\\r\\n\\r\\n\\r\\n\\r\\n\\r\\n\\r\\n\\r\\n\\r\\n\\r\\n\\r\\n\\r\\n\\r\\n\\r\\n\\r\\n\\r\\n\\r\\n\\r\\n<p class=\\\"h3 caps\\\">starbucks<br>microsoft<\\/p>\",\"verticalSpacingLevel\":\"vertical-spacing-1\"}}},\"47\":\"<p>08\\/2016 &mdash; IdN Magazine v23n2<\\/p>\\r\\n\\r\\n<p>06\\/2016 &mdash; Communication Arts Design Annual 2016<\\/p>\\r\\n\\r\\n\\r\\n\\r\\n\\r\\n\\r\\n\\r\\n\\r\\n\\r\\n\\r\\n\\r\\n\\r\\n\\r\\n\\r\\n\\r\\n\\r\\n\\r\\n\\r\\n\\r\\n\\r\\n\\r\\n\\r\\n\\r\\n\\r\\n\\r\\n\\r\\n\\r\\n\\r\\n<p>05\\/2016 &mdash; PRINT Magazine Regional Design Annual 2016<\\/p>\\r\\n\\r\\n\\r\\n\\r\\n\\r\\n\\r\\n\\r\\n\\r\\n\\r\\n\\r\\n\\r\\n\\r\\n\\r\\n\\r\\n\\r\\n\\r\\n\\r\\n\\r\\n\\r\\n\\r\\n\\r\\n\\r\\n\\r\\n\\r\\n\\r\\n\\r\\n\\r\\n\\r\\n<p>03\\/2016 &mdash; Communication Arts Design Annual 2015<\\/p>\\r\\n\\r\\n\\r\\n\\r\\n\\r\\n\\r\\n\\r\\n\\r\\n\\r\\n\\r\\n\\r\\n\\r\\n\\r\\n\\r\\n\\r\\n\\r\\n\\r\\n\\r\\n\\r\\n\\r\\n\\r\\n\\r\\n\\r\\n\\r\\n\\r\\n\\r\\n\\r\\n\\r\\n<p>02\\/2016 &mdash; IdN Magazine v23n2<\\/p>\\r\\n\\r\\n\\r\\n\\r\\n\\r\\n\\r\\n\\r\\n\\r\\n\\r\\n\\r\\n\\r\\n\\r\\n\\r\\n\\r\\n\\r\\n\\r\\n\\r\\n\\r\\n\\r\\n\\r\\n\\r\\n\\r\\n\\r\\n\\r\\n\\r\\n\\r\\n\\r\\n\\r\\n<p>12\\/2015 &mdash; Communication Arts Design Annual 2016<\\/p>\\r\\n\\r\\n\\r\\n\\r\\n\\r\\n\\r\\n\\r\\n\\r\\n\\r\\n\\r\\n\\r\\n\\r\\n\\r\\n\\r\\n\\r\\n\\r\\n\\r\\n\\r\\n\\r\\n\\r\\n\\r\\n\\r\\n\\r\\n\\r\\n\\r\\n\\r\\n\\r\\n\\r\\n<p>10\\/2015 &mdash; PRINT Magazine Regional Design Annual 2016<\\/p>\\r\\n\\r\\n\\r\\n\\r\\n\\r\\n\\r\\n\\r\\n\\r\\n\\r\\n\\r\\n\\r\\n\\r\\n\\r\\n\\r\\n\\r\\n\\r\\n\\r\\n\\r\\n\\r\\n\\r\\n\\r\\n\\r\\n\\r\\n\\r\\n\\r\\n\\r\\n\\r\\n\\r\\n<p>10\\/2015 &mdash; Communication Arts Design Annual 2015<\\/p>\\r\\n\\r\\n\\r\\n\\r\\n\\r\\n\\r\\n\\r\\n\\r\\n\\r\\n\\r\\n\\r\\n\\r\\n\\r\\n\\r\\n\\r\\n\\r\\n\\r\\n\\r\\n\\r\\n\\r\\n\\r\\n\\r\\n\\r\\n\\r\\n\\r\\n\\r\\n\\r\\n\\r\\n<p>06\\/2015 &mdash; PRINT Magazine Regional Design Annual 2016<\\/p>\\r\\n\\r\\n\\r\\n\\r\\n\\r\\n\\r\\n\\r\\n\\r\\n\\r\\n\\r\\n\\r\\n\\r\\n\\r\\n\\r\\n\\r\\n\\r\\n\\r\\n\\r\\n\\r\\n\\r\\n\\r\\n\\r\\n\\r\\n\\r\\n\\r\\n\\r\\n\\r\\n\\r\\n<p>02\\/2015 &mdash; Communication Arts Design Annual 2015<\\/p>\",\"44\":\"MEET\\r\\nOUR\\r\\nTALENTED\\r\\nTEAM\"}}', '2016-11-18 23:49:43', '2016-11-18 23:49:43', 'c69ede70-28e9-466a-921e-0d294cb0e28d'),
 ('231', '101', '10', '46', 'en_us', '19', '', '{\"typeId\":\"11\",\"authorId\":null,\"title\":\"Studio\",\"slug\":\"studio\",\"postDate\":1478129954,\"expiryDate\":null,\"enabled\":1,\"parentId\":null,\"fields\":{\"48\":{\"102\":{\"type\":\"1\",\"fields\":{\"backgroundImage\":[\"97\"],\"backgroundColor\":\"#000000\",\"linkUrl\":\"\\/contact\",\"header\":\"Drop \\r\\nus \\r\\na \\r\\nline\",\"subtext\":\"Contact Us\",\"fontColor\":\"#efefef\"}}},\"45\":\"<p class=\\\"large\\\">Born in 2004<\\/p>\",\"46\":\"<p class=\\\"large\\\">We are a full-service creative agency with offices in Seattle and Portland. A dedicated team of designers, strategists, developers and account specialists, we create highly-crafted brand experiences that clarify purpose, encourage action, and inspire brand loyalty. We\\u2019d love to get to know you and help tell your story.&nbsp;<\\/p>\",\"10\":{\"103\":{\"type\":\"carousel\",\"enabled\":\"1\",\"fields\":{\"images\":[\"48\",\"49\",\"50\"],\"verticalSpacingLevel\":\"vertical-spacing-2\"}},\"104\":{\"type\":\"twoColumnContent\",\"enabled\":\"1\",\"fields\":{\"backgroundColor\":\"#000000\",\"leftColumn\":\"<p class=\\\"h3 med\\\"><span class=\\\"white\\\">STYLE<br>IS A<br>SIMPLE<br>WAY<br>OF<br>SAYING<br>COMPLEX<br>THINGS<br><\\/span><span class=\\\"blue white\\\">&mdash;JEAN<br>COCTEAU<\\/span><\\/p>\",\"rightColumn\":\"<p><img src=\\\"http:\\/\\/turnstyle.studio\\/_ui\\/img\\/cta\\/t-01.gif#asset:154\\\"><\\/p>\",\"verticalSpacingLevel\":\"vertical-spacing-2\"}},\"105\":{\"type\":\"twoColumnContent\",\"enabled\":\"1\",\"fields\":{\"backgroundColor\":\"#000000\",\"leftColumn\":\"<p class=\\\"large\\\"><span class=\\\"white\\\">Style is Not a&nbsp;<br>4-letter Word<\\/span><\\/p>\",\"rightColumn\":\"<p class=\\\"large\\\"><span class=\\\"white\\\">In our experience, the brands that are the most magnetic are those which project distinct, memorable and charismatic personalities. These brands place equal emphasis on what they say and how they say it. Some design purists might say that style is merely artificial decoration that should be avoided in favor of logic&mdash;\\u201cform follows function\\u201d and all that. Don\\u2019t get us wrong, we\\u2019re not proponents of style for its own sake, or as ornament applied after an idea has already been defined. Rather, we employ style as an integral and strategic component of our brand-development process. At its best, style can be that magical something about a company or product that pulls people in and transcends the logical. So, to us, style is not a 4-letter word. On the contrary, we embrace it, harnessing its power to cut through the clutter.&nbsp;<\\/span><\\/p>\\r\\n\\r\\n<p class=\\\"large\\\"><span class=\\\"white\\\">And besides, \\u201cstyle\\u201d has five letters.<\\/span><\\/p>\",\"verticalSpacingLevel\":\"vertical-spacing-1\"}},\"106\":{\"type\":\"twoColumnContent\",\"enabled\":\"1\",\"fields\":{\"backgroundColor\":\"#000000\",\"leftColumn\":\"<p class=\\\"large\\\"><span class=\\\"white\\\">We Do<\\/span><\\/p>\",\"rightColumn\":\"<p class=\\\"h2 caps\\\"><a href=\\\"http:\\/\\/turnstyle.studio\\/strategy#entry:55:url\\\">Strategy<\\/a><br><a href=\\\"http:\\/\\/turnstyle.studio\\/identity#entry:56:url\\\">Identity<\\/a><br>Digital<br>Print<br>Packaging<br>Environment<\\/p>\",\"verticalSpacingLevel\":\"vertical-spacing-2\"}},\"107\":{\"type\":\"twoColumnContent\",\"enabled\":\"1\",\"fields\":{\"backgroundColor\":\"#ffffff\",\"leftColumn\":\"<p class=\\\"h3 caps\\\">our<br>clients<br>&<br>industries<\\/p>\\r\\n\\r\\n<p class=\\\"h3 caps\\\"><\\/p>\",\"rightColumn\":\"\",\"verticalSpacingLevel\":\"vertical-spacing-1\"}},\"108\":{\"type\":\"twoColumnContent\",\"enabled\":\"1\",\"fields\":{\"backgroundColor\":\"#ffffff\",\"leftColumn\":\"<p><span class=\\\"gray\\\">Industry<\\/span><\\/p>\\r\\n\\r\\n<p class=\\\"h3 caps\\\">teague<br>nike<br>starbucks<br>microsoft<br>amazon<br>aiga<br>nordstrom<br>teague<br>nike<\\/p>\\r\\n\\r\\n\\r\\n\\r\\n\\r\\n\\r\\n\\r\\n\\r\\n\\r\\n\\r\\n\\r\\n\\r\\n\\r\\n\\r\\n\\r\\n\\r\\n\\r\\n\\r\\n\\r\\n\\r\\n\\r\\n\\r\\n\\r\\n\\r\\n\\r\\n\\r\\n\\r\\n\\r\\n\\r\\n\\r\\n\\r\\n\\r\\n\\r\\n\\r\\n\\r\\n\\r\\n<p><span class=\\\"gray\\\">Industry<\\/span><\\/p>\\r\\n\\r\\n\\r\\n\\r\\n\\r\\n\\r\\n\\r\\n\\r\\n\\r\\n\\r\\n\\r\\n\\r\\n\\r\\n\\r\\n\\r\\n\\r\\n\\r\\n\\r\\n\\r\\n\\r\\n\\r\\n\\r\\n\\r\\n\\r\\n\\r\\n\\r\\n\\r\\n\\r\\n\\r\\n\\r\\n\\r\\n\\r\\n\\r\\n\\r\\n\\r\\n\\r\\n<p class=\\\"h3 caps\\\">starbucks<br>microsoft<br>amazon<\\/p>\\r\\n\\r\\n\\r\\n\\r\\n\\r\\n\\r\\n\\r\\n\\r\\n\\r\\n\\r\\n\\r\\n\\r\\n\\r\\n\\r\\n\\r\\n\\r\\n\\r\\n\\r\\n\\r\\n\\r\\n\\r\\n\\r\\n\\r\\n\\r\\n\\r\\n\\r\\n\\r\\n\\r\\n\\r\\n\\r\\n\\r\\n\\r\\n\\r\\n\\r\\n\\r\\n\\r\\n<p><span class=\\\"gray\\\">Industry<\\/span><\\/p>\\r\\n\\r\\n\\r\\n\\r\\n\\r\\n\\r\\n\\r\\n\\r\\n\\r\\n\\r\\n\\r\\n\\r\\n\\r\\n\\r\\n\\r\\n\\r\\n\\r\\n\\r\\n\\r\\n\\r\\n\\r\\n\\r\\n\\r\\n\\r\\n\\r\\n\\r\\n\\r\\n\\r\\n\\r\\n\\r\\n\\r\\n\\r\\n\\r\\n\\r\\n\\r\\n\\r\\n<p class=\\\"h3 caps\\\">starbucks<br>microsoft<\\/p>\",\"rightColumn\":\"<p>Industry<br><\\/p>\\r\\n\\r\\n<p class=\\\"h3 caps\\\">starbucks<br>microsoft<br>amazon<\\/p>\\r\\n\\r\\n\\r\\n\\r\\n\\r\\n\\r\\n\\r\\n\\r\\n\\r\\n\\r\\n\\r\\n\\r\\n\\r\\n\\r\\n\\r\\n\\r\\n\\r\\n\\r\\n\\r\\n\\r\\n\\r\\n\\r\\n\\r\\n\\r\\n\\r\\n\\r\\n\\r\\n\\r\\n\\r\\n\\r\\n\\r\\n\\r\\n\\r\\n\\r\\n\\r\\n\\r\\n<p><span class=\\\"gray\\\">Industry<\\/span><\\/p>\\r\\n\\r\\n\\r\\n\\r\\n\\r\\n\\r\\n\\r\\n\\r\\n\\r\\n\\r\\n\\r\\n\\r\\n\\r\\n\\r\\n\\r\\n\\r\\n\\r\\n\\r\\n\\r\\n\\r\\n\\r\\n\\r\\n\\r\\n\\r\\n\\r\\n\\r\\n\\r\\n\\r\\n\\r\\n\\r\\n\\r\\n\\r\\n\\r\\n\\r\\n\\r\\n\\r\\n<p class=\\\"h3 caps\\\">teague<br>nike<br>starbucks<br>microsoft<br>amazon<br>aiga<br>nordstrom<br>teague<br>nike<\\/p>\\r\\n\\r\\n\\r\\n\\r\\n\\r\\n\\r\\n\\r\\n\\r\\n\\r\\n\\r\\n\\r\\n\\r\\n\\r\\n\\r\\n\\r\\n\\r\\n\\r\\n\\r\\n\\r\\n\\r\\n\\r\\n\\r\\n\\r\\n\\r\\n\\r\\n\\r\\n\\r\\n\\r\\n\\r\\n\\r\\n\\r\\n\\r\\n\\r\\n\\r\\n\\r\\n\\r\\n<p><span class=\\\"gray\\\"><br><\\/span><\\/p>\\r\\n\\r\\n\\r\\n\\r\\n\\r\\n\\r\\n\\r\\n\\r\\n\\r\\n\\r\\n\\r\\n\\r\\n\\r\\n\\r\\n\\r\\n\\r\\n\\r\\n\\r\\n\\r\\n\\r\\n\\r\\n\\r\\n\\r\\n\\r\\n\\r\\n\\r\\n\\r\\n\\r\\n\\r\\n\\r\\n\\r\\n\\r\\n\\r\\n\\r\\n<p><span class=\\\"gray\\\">Industry<\\/span><\\/p>\\r\\n\\r\\n\\r\\n\\r\\n\\r\\n\\r\\n\\r\\n\\r\\n\\r\\n\\r\\n\\r\\n\\r\\n\\r\\n\\r\\n\\r\\n\\r\\n\\r\\n\\r\\n\\r\\n\\r\\n\\r\\n\\r\\n\\r\\n\\r\\n\\r\\n\\r\\n\\r\\n\\r\\n\\r\\n\\r\\n\\r\\n\\r\\n\\r\\n\\r\\n\\r\\n\\r\\n<p class=\\\"h3 caps\\\">starbucks<br>microsoft<\\/p>\",\"verticalSpacingLevel\":\"vertical-spacing-1\"}}},\"47\":\"<p>08\\/2016 &mdash; IdN Magazine v23n2<\\/p>\\r\\n\\r\\n<p>06\\/2016 &mdash; Communication Arts Design Annual 2016<\\/p>\\r\\n\\r\\n\\r\\n\\r\\n\\r\\n\\r\\n\\r\\n\\r\\n\\r\\n\\r\\n\\r\\n\\r\\n\\r\\n\\r\\n\\r\\n\\r\\n\\r\\n\\r\\n\\r\\n\\r\\n\\r\\n\\r\\n\\r\\n\\r\\n\\r\\n\\r\\n\\r\\n\\r\\n\\r\\n\\r\\n<p>05\\/2016 &mdash; PRINT Magazine Regional Design Annual 2016<\\/p>\\r\\n\\r\\n\\r\\n\\r\\n\\r\\n\\r\\n\\r\\n\\r\\n\\r\\n\\r\\n\\r\\n\\r\\n\\r\\n\\r\\n\\r\\n\\r\\n\\r\\n\\r\\n\\r\\n\\r\\n\\r\\n\\r\\n\\r\\n\\r\\n\\r\\n\\r\\n\\r\\n\\r\\n\\r\\n\\r\\n<p>03\\/2016 &mdash; Communication Arts Design Annual 2015<\\/p>\\r\\n\\r\\n\\r\\n\\r\\n\\r\\n\\r\\n\\r\\n\\r\\n\\r\\n\\r\\n\\r\\n\\r\\n\\r\\n\\r\\n\\r\\n\\r\\n\\r\\n\\r\\n\\r\\n\\r\\n\\r\\n\\r\\n\\r\\n\\r\\n\\r\\n\\r\\n\\r\\n\\r\\n\\r\\n\\r\\n<p>02\\/2016 &mdash; IdN Magazine v23n2<\\/p>\\r\\n\\r\\n\\r\\n\\r\\n\\r\\n\\r\\n\\r\\n\\r\\n\\r\\n\\r\\n\\r\\n\\r\\n\\r\\n\\r\\n\\r\\n\\r\\n\\r\\n\\r\\n\\r\\n\\r\\n\\r\\n\\r\\n\\r\\n\\r\\n\\r\\n\\r\\n\\r\\n\\r\\n\\r\\n\\r\\n<p>12\\/2015 &mdash; Communication Arts Design Annual 2016<\\/p>\\r\\n\\r\\n\\r\\n\\r\\n\\r\\n\\r\\n\\r\\n\\r\\n\\r\\n\\r\\n\\r\\n\\r\\n\\r\\n\\r\\n\\r\\n\\r\\n\\r\\n\\r\\n\\r\\n\\r\\n\\r\\n\\r\\n\\r\\n\\r\\n\\r\\n\\r\\n\\r\\n\\r\\n\\r\\n\\r\\n<p>10\\/2015 &mdash; PRINT Magazine Regional Design Annual 2016<\\/p>\\r\\n\\r\\n\\r\\n\\r\\n\\r\\n\\r\\n\\r\\n\\r\\n\\r\\n\\r\\n\\r\\n\\r\\n\\r\\n\\r\\n\\r\\n\\r\\n\\r\\n\\r\\n\\r\\n\\r\\n\\r\\n\\r\\n\\r\\n\\r\\n\\r\\n\\r\\n\\r\\n\\r\\n\\r\\n\\r\\n<p>10\\/2015 &mdash; Communication Arts Design Annual 2015<\\/p>\\r\\n\\r\\n\\r\\n\\r\\n\\r\\n\\r\\n\\r\\n\\r\\n\\r\\n\\r\\n\\r\\n\\r\\n\\r\\n\\r\\n\\r\\n\\r\\n\\r\\n\\r\\n\\r\\n\\r\\n\\r\\n\\r\\n\\r\\n\\r\\n\\r\\n\\r\\n\\r\\n\\r\\n\\r\\n\\r\\n<p>06\\/2015 &mdash; PRINT Magazine Regional Design Annual 2016<\\/p>\\r\\n\\r\\n\\r\\n\\r\\n\\r\\n\\r\\n\\r\\n\\r\\n\\r\\n\\r\\n\\r\\n\\r\\n\\r\\n\\r\\n\\r\\n\\r\\n\\r\\n\\r\\n\\r\\n\\r\\n\\r\\n\\r\\n\\r\\n\\r\\n\\r\\n\\r\\n\\r\\n\\r\\n\\r\\n\\r\\n<p>02\\/2015 &mdash; Communication Arts Design Annual 2015<\\/p>\",\"44\":\"MEET\\r\\nOUR\\r\\nTALENTED\\r\\nTEAM\"}}', '2016-11-18 23:53:19', '2016-11-18 23:53:19', 'aabab061-4037-4082-aaf5-81b0ddabd871'),
 ('232', '101', '10', '46', 'en_us', '20', '', '{\"typeId\":\"11\",\"authorId\":null,\"title\":\"Studio\",\"slug\":\"studio\",\"postDate\":1478129954,\"expiryDate\":null,\"enabled\":1,\"parentId\":null,\"fields\":{\"48\":{\"102\":{\"type\":\"1\",\"fields\":{\"backgroundImage\":[\"97\"],\"backgroundColor\":\"#000000\",\"linkUrl\":\"\\/contact\",\"header\":\"Drop \\r\\nus \\r\\na \\r\\nline\",\"subtext\":\"Contact Us\",\"fontColor\":\"#efefef\"}}},\"45\":\"<p class=\\\"large\\\">Born in 2004<\\/p>\",\"46\":\"<p class=\\\"large\\\">We are a full-service creative agency with offices in Seattle and Portland. A dedicated team of designers, strategists, developers and account specialists, we create highly-crafted brand experiences that clarify purpose, encourage action, and inspire brand loyalty. We\\u2019d love to get to know you and help tell your story.&nbsp;<\\/p>\",\"10\":{\"103\":{\"type\":\"carousel\",\"enabled\":\"1\",\"fields\":{\"images\":[\"48\",\"49\",\"50\"],\"verticalSpacingLevel\":\"vertical-spacing-2\"}},\"104\":{\"type\":\"twoColumnContent\",\"enabled\":\"1\",\"fields\":{\"backgroundColor\":\"#000000\",\"leftColumn\":\"<p class=\\\"h3 med\\\"><span class=\\\"white\\\">STYLE<br>IS A<br>SIMPLE<br>WAY<br>OF<br>SAYING<br>COMPLEX<br>THINGS<br><\\/span><span class=\\\"blue white\\\">&mdash;JEAN<br>COCTEAU<\\/span><\\/p>\",\"rightColumn\":\"<p><img src=\\\"http:\\/\\/turnstyle.studio\\/_ui\\/img\\/cta\\/t-01.gif#asset:154\\\"><\\/p>\",\"verticalSpacingLevel\":\"vertical-spacing-2\"}},\"105\":{\"type\":\"twoColumnContent\",\"enabled\":\"1\",\"fields\":{\"backgroundColor\":\"#000000\",\"leftColumn\":\"<p class=\\\"large\\\"><span class=\\\"white\\\">Style is Not a&nbsp;<br>4-letter Word<\\/span><\\/p>\",\"rightColumn\":\"<p class=\\\"large\\\"><span class=\\\"white\\\">In our experience, the brands that are the most magnetic are those which project distinct, memorable and charismatic personalities. These brands place equal emphasis on what they say and how they say it. Some design purists might say that style is merely artificial decoration that should be avoided in favor of logic&mdash;\\u201cform follows function\\u201d and all that. Don\\u2019t get us wrong, we\\u2019re not proponents of style for its own sake, or as ornament applied after an idea has already been defined. Rather, we employ style as an integral and strategic component of our brand-development process. At its best, style can be that magical something about a company or product that pulls people in and transcends the logical. So, to us, style is not a 4-letter word. On the contrary, we embrace it, harnessing its power to cut through the clutter.&nbsp;<\\/span><\\/p>\\r\\n\\r\\n<p class=\\\"large\\\"><span class=\\\"white\\\">And besides, \\u201cstyle\\u201d has five letters.<\\/span><\\/p>\",\"verticalSpacingLevel\":\"vertical-spacing-1\"}},\"106\":{\"type\":\"twoColumnContent\",\"enabled\":\"1\",\"fields\":{\"backgroundColor\":\"#000000\",\"leftColumn\":\"<p class=\\\"large\\\"><span class=\\\"white\\\">We Do<\\/span><\\/p>\",\"rightColumn\":\"<p class=\\\"h2 caps\\\"><a href=\\\"http:\\/\\/turnstyle.studio\\/strategy#entry:55:url\\\">Strategy<\\/a><br><a href=\\\"http:\\/\\/turnstyle.studio\\/identity#entry:56:url\\\">Identity<\\/a><br>Digital<br>Print<br>Packaging<br>Environment<\\/p>\",\"verticalSpacingLevel\":\"vertical-spacing-2\"}},\"107\":{\"type\":\"twoColumnContent\",\"enabled\":\"1\",\"fields\":{\"backgroundColor\":\"#ffffff\",\"leftColumn\":\"<p class=\\\"h3 caps\\\">our<br>clients<br>&<br>industries<\\/p>\\r\\n\\r\\n<p class=\\\"h3 caps\\\"><\\/p>\",\"rightColumn\":\"\",\"verticalSpacingLevel\":\"vertical-spacing-1\"}},\"108\":{\"type\":\"twoColumnContent\",\"enabled\":\"1\",\"fields\":{\"backgroundColor\":\"#ffffff\",\"leftColumn\":\"<p><span class=\\\"gray\\\">Industry<\\/span><\\/p>\\r\\n\\r\\n<p class=\\\"h3 caps\\\">teague<br>nike<br>starbucks<br>microsoft<br>amazon<br>aiga<br>nordstrom<br>teague<br>nike<\\/p>\\r\\n\\r\\n\\r\\n\\r\\n\\r\\n\\r\\n\\r\\n\\r\\n\\r\\n\\r\\n\\r\\n\\r\\n\\r\\n\\r\\n\\r\\n\\r\\n\\r\\n\\r\\n\\r\\n\\r\\n\\r\\n\\r\\n\\r\\n\\r\\n\\r\\n\\r\\n\\r\\n\\r\\n\\r\\n\\r\\n\\r\\n\\r\\n\\r\\n\\r\\n\\r\\n\\r\\n\\r\\n\\r\\n<p><span class=\\\"gray\\\">Industry<\\/span><\\/p>\\r\\n\\r\\n\\r\\n\\r\\n\\r\\n\\r\\n\\r\\n\\r\\n\\r\\n\\r\\n\\r\\n\\r\\n\\r\\n\\r\\n\\r\\n\\r\\n\\r\\n\\r\\n\\r\\n\\r\\n\\r\\n\\r\\n\\r\\n\\r\\n\\r\\n\\r\\n\\r\\n\\r\\n\\r\\n\\r\\n\\r\\n\\r\\n\\r\\n\\r\\n\\r\\n\\r\\n\\r\\n\\r\\n<p class=\\\"h3 caps\\\">starbucks<br>microsoft<br>amazon<\\/p>\\r\\n\\r\\n\\r\\n\\r\\n\\r\\n\\r\\n\\r\\n\\r\\n\\r\\n\\r\\n\\r\\n\\r\\n\\r\\n\\r\\n\\r\\n\\r\\n\\r\\n\\r\\n\\r\\n\\r\\n\\r\\n\\r\\n\\r\\n\\r\\n\\r\\n\\r\\n\\r\\n\\r\\n\\r\\n\\r\\n\\r\\n\\r\\n\\r\\n\\r\\n\\r\\n\\r\\n\\r\\n\\r\\n<p><span class=\\\"gray\\\">Industry<\\/span><\\/p>\\r\\n\\r\\n\\r\\n\\r\\n\\r\\n\\r\\n\\r\\n\\r\\n\\r\\n\\r\\n\\r\\n\\r\\n\\r\\n\\r\\n\\r\\n\\r\\n\\r\\n\\r\\n\\r\\n\\r\\n\\r\\n\\r\\n\\r\\n\\r\\n\\r\\n\\r\\n\\r\\n\\r\\n\\r\\n\\r\\n\\r\\n\\r\\n\\r\\n\\r\\n\\r\\n\\r\\n\\r\\n\\r\\n<p class=\\\"h3 caps\\\">starbucks<br>microsoft<\\/p>\",\"rightColumn\":\"<p>Industry<br><\\/p>\\r\\n\\r\\n<p class=\\\"h3 caps\\\">starbucks<br>microsoft<br>amazon<\\/p>\\r\\n\\r\\n\\r\\n\\r\\n\\r\\n\\r\\n\\r\\n\\r\\n\\r\\n\\r\\n\\r\\n\\r\\n\\r\\n\\r\\n\\r\\n\\r\\n\\r\\n\\r\\n\\r\\n\\r\\n\\r\\n\\r\\n\\r\\n\\r\\n\\r\\n\\r\\n\\r\\n\\r\\n\\r\\n\\r\\n\\r\\n\\r\\n\\r\\n\\r\\n\\r\\n\\r\\n\\r\\n\\r\\n<p><span class=\\\"gray\\\">Industry<\\/span><\\/p>\\r\\n\\r\\n\\r\\n\\r\\n\\r\\n\\r\\n\\r\\n\\r\\n\\r\\n\\r\\n\\r\\n\\r\\n\\r\\n\\r\\n\\r\\n\\r\\n\\r\\n\\r\\n\\r\\n\\r\\n\\r\\n\\r\\n\\r\\n\\r\\n\\r\\n\\r\\n\\r\\n\\r\\n\\r\\n\\r\\n\\r\\n\\r\\n\\r\\n\\r\\n\\r\\n\\r\\n\\r\\n\\r\\n<p class=\\\"h3 caps\\\">teague<br>nike<br>starbucks<br>microsoft<br>amazon<br>aiga<br>nordstrom<br>teague<br>nike<\\/p>\\r\\n\\r\\n\\r\\n\\r\\n\\r\\n\\r\\n\\r\\n\\r\\n\\r\\n\\r\\n\\r\\n\\r\\n\\r\\n\\r\\n\\r\\n\\r\\n\\r\\n\\r\\n\\r\\n\\r\\n\\r\\n\\r\\n\\r\\n\\r\\n\\r\\n\\r\\n\\r\\n\\r\\n\\r\\n\\r\\n\\r\\n\\r\\n\\r\\n\\r\\n\\r\\n\\r\\n\\r\\n\\r\\n<p><span class=\\\"gray\\\"><br><\\/span><\\/p>\\r\\n\\r\\n\\r\\n\\r\\n\\r\\n\\r\\n\\r\\n\\r\\n\\r\\n\\r\\n\\r\\n\\r\\n\\r\\n\\r\\n\\r\\n\\r\\n\\r\\n\\r\\n\\r\\n\\r\\n\\r\\n\\r\\n\\r\\n\\r\\n\\r\\n\\r\\n\\r\\n\\r\\n\\r\\n\\r\\n\\r\\n\\r\\n\\r\\n\\r\\n\\r\\n\\r\\n<p><span class=\\\"gray\\\">Industry<\\/span><\\/p>\\r\\n\\r\\n\\r\\n\\r\\n\\r\\n\\r\\n\\r\\n\\r\\n\\r\\n\\r\\n\\r\\n\\r\\n\\r\\n\\r\\n\\r\\n\\r\\n\\r\\n\\r\\n\\r\\n\\r\\n\\r\\n\\r\\n\\r\\n\\r\\n\\r\\n\\r\\n\\r\\n\\r\\n\\r\\n\\r\\n\\r\\n\\r\\n\\r\\n\\r\\n\\r\\n\\r\\n\\r\\n\\r\\n<p class=\\\"h3 caps\\\">starbucks<br>microsoft<\\/p>\",\"verticalSpacingLevel\":\"vertical-spacing-1\"}}},\"47\":\"<p>08\\/2016 &mdash; IdN Magazine v23n2<\\/p>\\r\\n\\r\\n<p>06\\/2016 &mdash; Communication Arts Design Annual 2016<\\/p>\\r\\n\\r\\n\\r\\n\\r\\n\\r\\n\\r\\n\\r\\n\\r\\n\\r\\n\\r\\n\\r\\n\\r\\n\\r\\n\\r\\n\\r\\n\\r\\n\\r\\n\\r\\n\\r\\n\\r\\n\\r\\n\\r\\n\\r\\n\\r\\n\\r\\n\\r\\n\\r\\n\\r\\n\\r\\n\\r\\n\\r\\n\\r\\n<p>05\\/2016 &mdash; PRINT Magazine Regional Design Annual 2016<\\/p>\\r\\n\\r\\n\\r\\n\\r\\n\\r\\n\\r\\n\\r\\n\\r\\n\\r\\n\\r\\n\\r\\n\\r\\n\\r\\n\\r\\n\\r\\n\\r\\n\\r\\n\\r\\n\\r\\n\\r\\n\\r\\n\\r\\n\\r\\n\\r\\n\\r\\n\\r\\n\\r\\n\\r\\n\\r\\n\\r\\n\\r\\n\\r\\n<p>03\\/2016 &mdash; Communication Arts Design Annual 2015<\\/p>\\r\\n\\r\\n\\r\\n\\r\\n\\r\\n\\r\\n\\r\\n\\r\\n\\r\\n\\r\\n\\r\\n\\r\\n\\r\\n\\r\\n\\r\\n\\r\\n\\r\\n\\r\\n\\r\\n\\r\\n\\r\\n\\r\\n\\r\\n\\r\\n\\r\\n\\r\\n\\r\\n\\r\\n\\r\\n\\r\\n\\r\\n\\r\\n<p>02\\/2016 &mdash; IdN Magazine v23n2<\\/p>\\r\\n\\r\\n\\r\\n\\r\\n\\r\\n\\r\\n\\r\\n\\r\\n\\r\\n\\r\\n\\r\\n\\r\\n\\r\\n\\r\\n\\r\\n\\r\\n\\r\\n\\r\\n\\r\\n\\r\\n\\r\\n\\r\\n\\r\\n\\r\\n\\r\\n\\r\\n\\r\\n\\r\\n\\r\\n\\r\\n\\r\\n\\r\\n<p>12\\/2015 &mdash; Communication Arts Design Annual 2016<\\/p>\\r\\n\\r\\n\\r\\n\\r\\n\\r\\n\\r\\n\\r\\n\\r\\n\\r\\n\\r\\n\\r\\n\\r\\n\\r\\n\\r\\n\\r\\n\\r\\n\\r\\n\\r\\n\\r\\n\\r\\n\\r\\n\\r\\n\\r\\n\\r\\n\\r\\n\\r\\n\\r\\n\\r\\n\\r\\n\\r\\n\\r\\n\\r\\n<p>10\\/2015 &mdash; PRINT Magazine Regional Design Annual 2016<\\/p>\\r\\n\\r\\n\\r\\n\\r\\n\\r\\n\\r\\n\\r\\n\\r\\n\\r\\n\\r\\n\\r\\n\\r\\n\\r\\n\\r\\n\\r\\n\\r\\n\\r\\n\\r\\n\\r\\n\\r\\n\\r\\n\\r\\n\\r\\n\\r\\n\\r\\n\\r\\n\\r\\n\\r\\n\\r\\n\\r\\n\\r\\n\\r\\n<p>10\\/2015 &mdash; Communication Arts Design Annual 2015<\\/p>\\r\\n\\r\\n\\r\\n\\r\\n\\r\\n\\r\\n\\r\\n\\r\\n\\r\\n\\r\\n\\r\\n\\r\\n\\r\\n\\r\\n\\r\\n\\r\\n\\r\\n\\r\\n\\r\\n\\r\\n\\r\\n\\r\\n\\r\\n\\r\\n\\r\\n\\r\\n\\r\\n\\r\\n\\r\\n\\r\\n\\r\\n\\r\\n<p>06\\/2015 &mdash; PRINT Magazine Regional Design Annual 2016<\\/p>\\r\\n\\r\\n\\r\\n\\r\\n\\r\\n\\r\\n\\r\\n\\r\\n\\r\\n\\r\\n\\r\\n\\r\\n\\r\\n\\r\\n\\r\\n\\r\\n\\r\\n\\r\\n\\r\\n\\r\\n\\r\\n\\r\\n\\r\\n\\r\\n\\r\\n\\r\\n\\r\\n\\r\\n\\r\\n\\r\\n\\r\\n\\r\\n<p>02\\/2015 &mdash; Communication Arts Design Annual 2015<\\/p>\",\"44\":\"MEET\\r\\nOUR\\r\\nTALENTED\\r\\nTEAM\"}}', '2016-11-19 00:15:04', '2016-11-19 00:15:04', '3a9c8cf1-6721-421a-b069-3cbe261fb1a0'),
 ('233', '101', '10', '46', 'en_us', '21', '', '{\"typeId\":\"11\",\"authorId\":null,\"title\":\"Studio\",\"slug\":\"studio\",\"postDate\":1478129954,\"expiryDate\":null,\"enabled\":1,\"parentId\":null,\"fields\":{\"48\":{\"102\":{\"type\":\"1\",\"fields\":{\"backgroundImage\":[\"97\"],\"backgroundColor\":\"#000000\",\"linkUrl\":\"\\/contact\",\"header\":\"Drop \\r\\nus \\r\\na \\r\\nline\",\"subtext\":\"Contact Us\",\"fontColor\":\"#efefef\"}}},\"45\":\"<p class=\\\"large\\\">Born in 2004<\\/p>\",\"46\":\"<p class=\\\"large\\\">We are a full-service creative agency with offices in Seattle and Portland. A dedicated team of designers, strategists, developers and account specialists, we create highly-crafted brand experiences that clarify purpose, encourage action, and inspire brand loyalty. We\\u2019d love to get to know you and help tell your story.&nbsp;<\\/p>\",\"10\":{\"103\":{\"type\":\"carousel\",\"enabled\":\"1\",\"fields\":{\"images\":[\"48\",\"49\",\"50\"],\"verticalSpacingLevel\":\"vertical-spacing-2\"}},\"104\":{\"type\":\"twoColumnContent\",\"enabled\":\"1\",\"fields\":{\"backgroundColor\":\"#000000\",\"leftColumn\":\"<p class=\\\"h3 med\\\"><span class=\\\"white\\\">STYLE<br>IS A<br>SIMPLE<br>WAY<br>OF<br>SAYING<br>COMPLEX<br>THINGS<br><\\/span><span class=\\\"blue white\\\">&mdash;JEAN<br>COCTEAU<\\/span><\\/p>\",\"rightColumn\":\"\",\"verticalSpacingLevel\":\"vertical-spacing-2\"}},\"105\":{\"type\":\"twoColumnContent\",\"enabled\":\"1\",\"fields\":{\"backgroundColor\":\"#000000\",\"leftColumn\":\"<p class=\\\"large\\\"><span class=\\\"white\\\">Style is Not a&nbsp;<br>4-letter Word<\\/span><\\/p>\",\"rightColumn\":\"<p class=\\\"large\\\"><span class=\\\"white\\\">In our experience, the brands that are the most magnetic are those which project distinct, memorable and charismatic personalities. These brands place equal emphasis on what they say and how they say it. Some design purists might say that style is merely artificial decoration that should be avoided in favor of logic&mdash;\\u201cform follows function\\u201d and all that. Don\\u2019t get us wrong, we\\u2019re not proponents of style for its own sake, or as ornament applied after an idea has already been defined. Rather, we employ style as an integral and strategic component of our brand-development process. At its best, style can be that magical something about a company or product that pulls people in and transcends the logical. So, to us, style is not a 4-letter word. On the contrary, we embrace it, harnessing its power to cut through the clutter.&nbsp;<\\/span><\\/p>\\r\\n\\r\\n<p class=\\\"large\\\"><span class=\\\"white\\\">And besides, \\u201cstyle\\u201d has five letters.<\\/span><\\/p>\",\"verticalSpacingLevel\":\"vertical-spacing-1\"}},\"106\":{\"type\":\"twoColumnContent\",\"enabled\":\"1\",\"fields\":{\"backgroundColor\":\"#000000\",\"leftColumn\":\"<p class=\\\"large\\\"><span class=\\\"white\\\">We Do<\\/span><\\/p>\",\"rightColumn\":\"<p class=\\\"h2 caps\\\"><a href=\\\"http:\\/\\/turnstyle.studio\\/strategy#entry:55:url\\\">Strategy<\\/a><br><a href=\\\"http:\\/\\/turnstyle.studio\\/identity#entry:56:url\\\">Identity<\\/a><br>Digital<br>Print<br>Packaging<br>Environment<\\/p>\",\"verticalSpacingLevel\":\"vertical-spacing-2\"}},\"107\":{\"type\":\"twoColumnContent\",\"enabled\":\"1\",\"fields\":{\"backgroundColor\":\"#ffffff\",\"leftColumn\":\"<p class=\\\"h3 caps\\\">our<br>clients<br>&<br>industries<\\/p>\\r\\n\\r\\n<p class=\\\"h3 caps\\\"><\\/p>\",\"rightColumn\":\"\",\"verticalSpacingLevel\":\"vertical-spacing-1\"}},\"108\":{\"type\":\"twoColumnContent\",\"enabled\":\"1\",\"fields\":{\"backgroundColor\":\"#ffffff\",\"leftColumn\":\"<p><span class=\\\"gray\\\">Industry<\\/span><\\/p>\\r\\n\\r\\n<p class=\\\"h3 caps\\\">teague<br>nike<br>starbucks<br>microsoft<br>amazon<br>aiga<br>nordstrom<br>teague<br>nike<\\/p>\\r\\n\\r\\n\\r\\n\\r\\n\\r\\n\\r\\n\\r\\n\\r\\n\\r\\n\\r\\n\\r\\n\\r\\n\\r\\n\\r\\n\\r\\n\\r\\n\\r\\n\\r\\n\\r\\n\\r\\n\\r\\n\\r\\n\\r\\n\\r\\n\\r\\n\\r\\n\\r\\n\\r\\n\\r\\n\\r\\n\\r\\n\\r\\n\\r\\n\\r\\n\\r\\n\\r\\n\\r\\n\\r\\n\\r\\n\\r\\n<p><span class=\\\"gray\\\">Industry<\\/span><\\/p>\\r\\n\\r\\n\\r\\n\\r\\n\\r\\n\\r\\n\\r\\n\\r\\n\\r\\n\\r\\n\\r\\n\\r\\n\\r\\n\\r\\n\\r\\n\\r\\n\\r\\n\\r\\n\\r\\n\\r\\n\\r\\n\\r\\n\\r\\n\\r\\n\\r\\n\\r\\n\\r\\n\\r\\n\\r\\n\\r\\n\\r\\n\\r\\n\\r\\n\\r\\n\\r\\n\\r\\n\\r\\n\\r\\n\\r\\n\\r\\n<p class=\\\"h3 caps\\\">starbucks<br>microsoft<br>amazon<\\/p>\\r\\n\\r\\n\\r\\n\\r\\n\\r\\n\\r\\n\\r\\n\\r\\n\\r\\n\\r\\n\\r\\n\\r\\n\\r\\n\\r\\n\\r\\n\\r\\n\\r\\n\\r\\n\\r\\n\\r\\n\\r\\n\\r\\n\\r\\n\\r\\n\\r\\n\\r\\n\\r\\n\\r\\n\\r\\n\\r\\n\\r\\n\\r\\n\\r\\n\\r\\n\\r\\n\\r\\n\\r\\n\\r\\n\\r\\n\\r\\n<p><span class=\\\"gray\\\">Industry<\\/span><\\/p>\\r\\n\\r\\n\\r\\n\\r\\n\\r\\n\\r\\n\\r\\n\\r\\n\\r\\n\\r\\n\\r\\n\\r\\n\\r\\n\\r\\n\\r\\n\\r\\n\\r\\n\\r\\n\\r\\n\\r\\n\\r\\n\\r\\n\\r\\n\\r\\n\\r\\n\\r\\n\\r\\n\\r\\n\\r\\n\\r\\n\\r\\n\\r\\n\\r\\n\\r\\n\\r\\n\\r\\n\\r\\n\\r\\n\\r\\n\\r\\n<p class=\\\"h3 caps\\\">starbucks<br>microsoft<\\/p>\",\"rightColumn\":\"<p>Industry<br><\\/p>\\r\\n\\r\\n<p class=\\\"h3 caps\\\">starbucks<br>microsoft<br>amazon<\\/p>\\r\\n\\r\\n\\r\\n\\r\\n\\r\\n\\r\\n\\r\\n\\r\\n\\r\\n\\r\\n\\r\\n\\r\\n\\r\\n\\r\\n\\r\\n\\r\\n\\r\\n\\r\\n\\r\\n\\r\\n\\r\\n\\r\\n\\r\\n\\r\\n\\r\\n\\r\\n\\r\\n\\r\\n\\r\\n\\r\\n\\r\\n\\r\\n\\r\\n\\r\\n\\r\\n\\r\\n\\r\\n\\r\\n\\r\\n\\r\\n<p><span class=\\\"gray\\\">Industry<\\/span><\\/p>\\r\\n\\r\\n\\r\\n\\r\\n\\r\\n\\r\\n\\r\\n\\r\\n\\r\\n\\r\\n\\r\\n\\r\\n\\r\\n\\r\\n\\r\\n\\r\\n\\r\\n\\r\\n\\r\\n\\r\\n\\r\\n\\r\\n\\r\\n\\r\\n\\r\\n\\r\\n\\r\\n\\r\\n\\r\\n\\r\\n\\r\\n\\r\\n\\r\\n\\r\\n\\r\\n\\r\\n\\r\\n\\r\\n\\r\\n\\r\\n<p class=\\\"h3 caps\\\">teague<br>nike<br>starbucks<br>microsoft<br>amazon<br>aiga<br>nordstrom<br>teague<br>nike<\\/p>\\r\\n\\r\\n\\r\\n\\r\\n\\r\\n\\r\\n\\r\\n\\r\\n\\r\\n\\r\\n\\r\\n\\r\\n\\r\\n\\r\\n\\r\\n\\r\\n\\r\\n\\r\\n\\r\\n\\r\\n\\r\\n\\r\\n\\r\\n\\r\\n\\r\\n\\r\\n\\r\\n\\r\\n\\r\\n\\r\\n\\r\\n\\r\\n\\r\\n\\r\\n\\r\\n\\r\\n\\r\\n\\r\\n\\r\\n\\r\\n<p><span class=\\\"gray\\\"><br><\\/span><\\/p>\\r\\n\\r\\n\\r\\n\\r\\n\\r\\n\\r\\n\\r\\n\\r\\n\\r\\n\\r\\n\\r\\n\\r\\n\\r\\n\\r\\n\\r\\n\\r\\n\\r\\n\\r\\n\\r\\n\\r\\n\\r\\n\\r\\n\\r\\n\\r\\n\\r\\n\\r\\n\\r\\n\\r\\n\\r\\n\\r\\n\\r\\n\\r\\n\\r\\n\\r\\n\\r\\n\\r\\n\\r\\n\\r\\n<p><span class=\\\"gray\\\">Industry<\\/span><\\/p>\\r\\n\\r\\n\\r\\n\\r\\n\\r\\n\\r\\n\\r\\n\\r\\n\\r\\n\\r\\n\\r\\n\\r\\n\\r\\n\\r\\n\\r\\n\\r\\n\\r\\n\\r\\n\\r\\n\\r\\n\\r\\n\\r\\n\\r\\n\\r\\n\\r\\n\\r\\n\\r\\n\\r\\n\\r\\n\\r\\n\\r\\n\\r\\n\\r\\n\\r\\n\\r\\n\\r\\n\\r\\n\\r\\n\\r\\n\\r\\n<p class=\\\"h3 caps\\\">starbucks<br>microsoft<\\/p>\",\"verticalSpacingLevel\":\"vertical-spacing-1\"}}},\"47\":\"<p>08\\/2016 &mdash; IdN Magazine v23n2<\\/p>\\r\\n\\r\\n<p>06\\/2016 &mdash; Communication Arts Design Annual 2016<\\/p>\\r\\n\\r\\n\\r\\n\\r\\n\\r\\n\\r\\n\\r\\n\\r\\n\\r\\n\\r\\n\\r\\n\\r\\n\\r\\n\\r\\n\\r\\n\\r\\n\\r\\n\\r\\n\\r\\n\\r\\n\\r\\n\\r\\n\\r\\n\\r\\n\\r\\n\\r\\n\\r\\n\\r\\n\\r\\n\\r\\n\\r\\n\\r\\n\\r\\n\\r\\n<p>05\\/2016 &mdash; PRINT Magazine Regional Design Annual 2016<\\/p>\\r\\n\\r\\n\\r\\n\\r\\n\\r\\n\\r\\n\\r\\n\\r\\n\\r\\n\\r\\n\\r\\n\\r\\n\\r\\n\\r\\n\\r\\n\\r\\n\\r\\n\\r\\n\\r\\n\\r\\n\\r\\n\\r\\n\\r\\n\\r\\n\\r\\n\\r\\n\\r\\n\\r\\n\\r\\n\\r\\n\\r\\n\\r\\n\\r\\n\\r\\n<p>03\\/2016 &mdash; Communication Arts Design Annual 2015<\\/p>\\r\\n\\r\\n\\r\\n\\r\\n\\r\\n\\r\\n\\r\\n\\r\\n\\r\\n\\r\\n\\r\\n\\r\\n\\r\\n\\r\\n\\r\\n\\r\\n\\r\\n\\r\\n\\r\\n\\r\\n\\r\\n\\r\\n\\r\\n\\r\\n\\r\\n\\r\\n\\r\\n\\r\\n\\r\\n\\r\\n\\r\\n\\r\\n\\r\\n\\r\\n<p>02\\/2016 &mdash; IdN Magazine v23n2<\\/p>\\r\\n\\r\\n\\r\\n\\r\\n\\r\\n\\r\\n\\r\\n\\r\\n\\r\\n\\r\\n\\r\\n\\r\\n\\r\\n\\r\\n\\r\\n\\r\\n\\r\\n\\r\\n\\r\\n\\r\\n\\r\\n\\r\\n\\r\\n\\r\\n\\r\\n\\r\\n\\r\\n\\r\\n\\r\\n\\r\\n\\r\\n\\r\\n\\r\\n\\r\\n<p>12\\/2015 &mdash; Communication Arts Design Annual 2016<\\/p>\\r\\n\\r\\n\\r\\n\\r\\n\\r\\n\\r\\n\\r\\n\\r\\n\\r\\n\\r\\n\\r\\n\\r\\n\\r\\n\\r\\n\\r\\n\\r\\n\\r\\n\\r\\n\\r\\n\\r\\n\\r\\n\\r\\n\\r\\n\\r\\n\\r\\n\\r\\n\\r\\n\\r\\n\\r\\n\\r\\n\\r\\n\\r\\n\\r\\n\\r\\n<p>10\\/2015 &mdash; PRINT Magazine Regional Design Annual 2016<\\/p>\\r\\n\\r\\n\\r\\n\\r\\n\\r\\n\\r\\n\\r\\n\\r\\n\\r\\n\\r\\n\\r\\n\\r\\n\\r\\n\\r\\n\\r\\n\\r\\n\\r\\n\\r\\n\\r\\n\\r\\n\\r\\n\\r\\n\\r\\n\\r\\n\\r\\n\\r\\n\\r\\n\\r\\n\\r\\n\\r\\n\\r\\n\\r\\n\\r\\n\\r\\n<p>10\\/2015 &mdash; Communication Arts Design Annual 2015<\\/p>\\r\\n\\r\\n\\r\\n\\r\\n\\r\\n\\r\\n\\r\\n\\r\\n\\r\\n\\r\\n\\r\\n\\r\\n\\r\\n\\r\\n\\r\\n\\r\\n\\r\\n\\r\\n\\r\\n\\r\\n\\r\\n\\r\\n\\r\\n\\r\\n\\r\\n\\r\\n\\r\\n\\r\\n\\r\\n\\r\\n\\r\\n\\r\\n\\r\\n\\r\\n<p>06\\/2015 &mdash; PRINT Magazine Regional Design Annual 2016<\\/p>\\r\\n\\r\\n\\r\\n\\r\\n\\r\\n\\r\\n\\r\\n\\r\\n\\r\\n\\r\\n\\r\\n\\r\\n\\r\\n\\r\\n\\r\\n\\r\\n\\r\\n\\r\\n\\r\\n\\r\\n\\r\\n\\r\\n\\r\\n\\r\\n\\r\\n\\r\\n\\r\\n\\r\\n\\r\\n\\r\\n\\r\\n\\r\\n\\r\\n\\r\\n<p>02\\/2015 &mdash; Communication Arts Design Annual 2015<\\/p>\",\"44\":\"MEET\\r\\nOUR\\r\\nTALENTED\\r\\nTEAM\"}}', '2016-11-19 00:16:14', '2016-11-19 00:16:14', '0f0660ab-1701-44e3-a303-f0d5899662d6'),
 ('234', '101', '10', '46', 'en_us', '22', '', '{\"typeId\":\"11\",\"authorId\":null,\"title\":\"Studio\",\"slug\":\"studio\",\"postDate\":1478129954,\"expiryDate\":null,\"enabled\":1,\"parentId\":null,\"fields\":{\"48\":{\"102\":{\"type\":\"1\",\"fields\":{\"backgroundImage\":[\"97\"],\"backgroundColor\":\"#000000\",\"linkUrl\":\"\\/contact\",\"header\":\"Drop \\r\\nus \\r\\na \\r\\nline\",\"subtext\":\"Contact Us\",\"fontColor\":\"#efefef\"}}},\"45\":\"<p class=\\\"large\\\">Born in 2004<\\/p>\",\"46\":\"<p class=\\\"large\\\">We are a full-service creative agency with offices in Seattle and Portland. A dedicated team of designers, strategists, developers and account specialists, we create highly-crafted brand experiences that clarify purpose, encourage action, and inspire brand loyalty. We\\u2019d love to get to know you and help tell your story.&nbsp;<\\/p>\",\"10\":{\"103\":{\"type\":\"carousel\",\"enabled\":\"1\",\"fields\":{\"images\":[\"48\",\"49\",\"50\"],\"verticalSpacingLevel\":\"vertical-spacing-2\"}},\"104\":{\"type\":\"twoColumnContent\",\"enabled\":\"1\",\"fields\":{\"backgroundColor\":\"#000000\",\"leftColumn\":\"<p class=\\\"h3 med\\\"><span class=\\\"white\\\">STYLE<br>IS A<br>SIMPLE<br>WAY<br>OF<br>SAYING<br>COMPLEX<br>THINGS<br><\\/span><span class=\\\"blue white\\\">&mdash;JEAN<br>COCTEAU<\\/span><\\/p>\",\"rightColumn\":\"\",\"verticalSpacingLevel\":\"vertical-spacing-2\"}},\"105\":{\"type\":\"twoColumnContent\",\"enabled\":\"1\",\"fields\":{\"backgroundColor\":\"#000000\",\"leftColumn\":\"<p class=\\\"large\\\"><span class=\\\"white\\\">Style is Not a&nbsp;<br>4-letter Word<\\/span><\\/p>\",\"rightColumn\":\"<p class=\\\"large\\\"><span class=\\\"white\\\">In our experience, the brands that are the most magnetic are those which project distinct, memorable and charismatic personalities. These brands place equal emphasis on what they say and how they say it. Some design purists might say that style is merely artificial decoration that should be avoided in favor of logic&mdash;\\u201cform follows function\\u201d and all that. Don\\u2019t get us wrong, we\\u2019re not proponents of style for its own sake, or as ornament applied after an idea has already been defined. Rather, we employ style as an integral and strategic component of our brand-development process. At its best, style can be that magical something about a company or product that pulls people in and transcends the logical. So, to us, style is not a 4-letter word. On the contrary, we embrace it, harnessing its power to cut through the clutter.&nbsp;<\\/span><\\/p>\\r\\n\\r\\n<p class=\\\"large\\\"><span class=\\\"white\\\">And besides, \\u201cstyle\\u201d has five letters.<\\/span><\\/p>\",\"verticalSpacingLevel\":\"vertical-spacing-1\"}},\"106\":{\"type\":\"twoColumnContent\",\"enabled\":\"1\",\"fields\":{\"backgroundColor\":\"#000000\",\"leftColumn\":\"<p class=\\\"large\\\"><span class=\\\"white\\\">We Do<\\/span><\\/p>\",\"rightColumn\":\"<p class=\\\"h2 caps\\\"><a href=\\\"http:\\/\\/turnstyle.studio\\/strategy#entry:55:url\\\">Strategy<\\/a><br><a href=\\\"http:\\/\\/turnstyle.studio\\/identity#entry:56:url\\\">Identity<\\/a><br>Digital<br>Print<br>Packaging<br>Environment<\\/p>\",\"verticalSpacingLevel\":\"vertical-spacing-2\"}},\"107\":{\"type\":\"twoColumnContent\",\"enabled\":\"1\",\"fields\":{\"backgroundColor\":\"#ffffff\",\"leftColumn\":\"<p class=\\\"h3 caps\\\">our<br>clients<br>&<br>industries<\\/p>\\r\\n\\r\\n<p class=\\\"h3 caps\\\"><\\/p>\",\"rightColumn\":\"<p><img src=\\\"http:\\/\\/turnstyle.studio\\/_ui\\/img\\/cta\\/t-01.gif#asset:154\\\"><\\/p>\",\"verticalSpacingLevel\":\"vertical-spacing-1\"}},\"108\":{\"type\":\"twoColumnContent\",\"enabled\":\"1\",\"fields\":{\"backgroundColor\":\"#ffffff\",\"leftColumn\":\"<p><span class=\\\"gray\\\">Industry<\\/span><\\/p>\\r\\n\\r\\n<p class=\\\"h3 caps\\\">teague<br>nike<br>starbucks<br>microsoft<br>amazon<br>aiga<br>nordstrom<br>teague<br>nike<\\/p>\\r\\n\\r\\n\\r\\n\\r\\n\\r\\n\\r\\n\\r\\n\\r\\n\\r\\n\\r\\n\\r\\n\\r\\n\\r\\n\\r\\n\\r\\n\\r\\n\\r\\n\\r\\n\\r\\n\\r\\n\\r\\n\\r\\n\\r\\n\\r\\n\\r\\n\\r\\n\\r\\n\\r\\n\\r\\n\\r\\n\\r\\n\\r\\n\\r\\n\\r\\n\\r\\n\\r\\n\\r\\n\\r\\n\\r\\n\\r\\n\\r\\n\\r\\n<p><span class=\\\"gray\\\">Industry<\\/span><\\/p>\\r\\n\\r\\n\\r\\n\\r\\n\\r\\n\\r\\n\\r\\n\\r\\n\\r\\n\\r\\n\\r\\n\\r\\n\\r\\n\\r\\n\\r\\n\\r\\n\\r\\n\\r\\n\\r\\n\\r\\n\\r\\n\\r\\n\\r\\n\\r\\n\\r\\n\\r\\n\\r\\n\\r\\n\\r\\n\\r\\n\\r\\n\\r\\n\\r\\n\\r\\n\\r\\n\\r\\n\\r\\n\\r\\n\\r\\n\\r\\n\\r\\n\\r\\n<p class=\\\"h3 caps\\\">starbucks<br>microsoft<br>amazon<\\/p>\\r\\n\\r\\n\\r\\n\\r\\n\\r\\n\\r\\n\\r\\n\\r\\n\\r\\n\\r\\n\\r\\n\\r\\n\\r\\n\\r\\n\\r\\n\\r\\n\\r\\n\\r\\n\\r\\n\\r\\n\\r\\n\\r\\n\\r\\n\\r\\n\\r\\n\\r\\n\\r\\n\\r\\n\\r\\n\\r\\n\\r\\n\\r\\n\\r\\n\\r\\n\\r\\n\\r\\n\\r\\n\\r\\n\\r\\n\\r\\n\\r\\n\\r\\n<p><span class=\\\"gray\\\">Industry<\\/span><\\/p>\\r\\n\\r\\n\\r\\n\\r\\n\\r\\n\\r\\n\\r\\n\\r\\n\\r\\n\\r\\n\\r\\n\\r\\n\\r\\n\\r\\n\\r\\n\\r\\n\\r\\n\\r\\n\\r\\n\\r\\n\\r\\n\\r\\n\\r\\n\\r\\n\\r\\n\\r\\n\\r\\n\\r\\n\\r\\n\\r\\n\\r\\n\\r\\n\\r\\n\\r\\n\\r\\n\\r\\n\\r\\n\\r\\n\\r\\n\\r\\n\\r\\n\\r\\n<p class=\\\"h3 caps\\\">starbucks<br>microsoft<\\/p>\",\"rightColumn\":\"<p>Industry<br><\\/p>\\r\\n\\r\\n<p class=\\\"h3 caps\\\">starbucks<br>microsoft<br>amazon<\\/p>\\r\\n\\r\\n\\r\\n\\r\\n\\r\\n\\r\\n\\r\\n\\r\\n\\r\\n\\r\\n\\r\\n\\r\\n\\r\\n\\r\\n\\r\\n\\r\\n\\r\\n\\r\\n\\r\\n\\r\\n\\r\\n\\r\\n\\r\\n\\r\\n\\r\\n\\r\\n\\r\\n\\r\\n\\r\\n\\r\\n\\r\\n\\r\\n\\r\\n\\r\\n\\r\\n\\r\\n\\r\\n\\r\\n\\r\\n\\r\\n\\r\\n\\r\\n<p><span class=\\\"gray\\\">Industry<\\/span><\\/p>\\r\\n\\r\\n\\r\\n\\r\\n\\r\\n\\r\\n\\r\\n\\r\\n\\r\\n\\r\\n\\r\\n\\r\\n\\r\\n\\r\\n\\r\\n\\r\\n\\r\\n\\r\\n\\r\\n\\r\\n\\r\\n\\r\\n\\r\\n\\r\\n\\r\\n\\r\\n\\r\\n\\r\\n\\r\\n\\r\\n\\r\\n\\r\\n\\r\\n\\r\\n\\r\\n\\r\\n\\r\\n\\r\\n\\r\\n\\r\\n\\r\\n\\r\\n<p class=\\\"h3 caps\\\">teague<br>nike<br>starbucks<br>microsoft<br>amazon<br>aiga<br>nordstrom<br>teague<br>nike<\\/p>\\r\\n\\r\\n\\r\\n\\r\\n\\r\\n\\r\\n\\r\\n\\r\\n\\r\\n\\r\\n\\r\\n\\r\\n\\r\\n\\r\\n\\r\\n\\r\\n\\r\\n\\r\\n\\r\\n\\r\\n\\r\\n\\r\\n\\r\\n\\r\\n\\r\\n\\r\\n\\r\\n\\r\\n\\r\\n\\r\\n\\r\\n\\r\\n\\r\\n\\r\\n\\r\\n\\r\\n\\r\\n\\r\\n\\r\\n\\r\\n\\r\\n\\r\\n<p><span class=\\\"gray\\\"><br><\\/span><\\/p>\\r\\n\\r\\n\\r\\n\\r\\n\\r\\n\\r\\n\\r\\n\\r\\n\\r\\n\\r\\n\\r\\n\\r\\n\\r\\n\\r\\n\\r\\n\\r\\n\\r\\n\\r\\n\\r\\n\\r\\n\\r\\n\\r\\n\\r\\n\\r\\n\\r\\n\\r\\n\\r\\n\\r\\n\\r\\n\\r\\n\\r\\n\\r\\n\\r\\n\\r\\n\\r\\n\\r\\n\\r\\n\\r\\n\\r\\n\\r\\n<p><span class=\\\"gray\\\">Industry<\\/span><\\/p>\\r\\n\\r\\n\\r\\n\\r\\n\\r\\n\\r\\n\\r\\n\\r\\n\\r\\n\\r\\n\\r\\n\\r\\n\\r\\n\\r\\n\\r\\n\\r\\n\\r\\n\\r\\n\\r\\n\\r\\n\\r\\n\\r\\n\\r\\n\\r\\n\\r\\n\\r\\n\\r\\n\\r\\n\\r\\n\\r\\n\\r\\n\\r\\n\\r\\n\\r\\n\\r\\n\\r\\n\\r\\n\\r\\n\\r\\n\\r\\n\\r\\n\\r\\n<p class=\\\"h3 caps\\\">starbucks<br>microsoft<\\/p>\",\"verticalSpacingLevel\":\"vertical-spacing-1\"}}},\"47\":\"<p>08\\/2016 &mdash; IdN Magazine v23n2<\\/p>\\r\\n\\r\\n<p>06\\/2016 &mdash; Communication Arts Design Annual 2016<\\/p>\\r\\n\\r\\n\\r\\n\\r\\n\\r\\n\\r\\n\\r\\n\\r\\n\\r\\n\\r\\n\\r\\n\\r\\n\\r\\n\\r\\n\\r\\n\\r\\n\\r\\n\\r\\n\\r\\n\\r\\n\\r\\n\\r\\n\\r\\n\\r\\n\\r\\n\\r\\n\\r\\n\\r\\n\\r\\n\\r\\n\\r\\n\\r\\n\\r\\n\\r\\n\\r\\n\\r\\n<p>05\\/2016 &mdash; PRINT Magazine Regional Design Annual 2016<\\/p>\\r\\n\\r\\n\\r\\n\\r\\n\\r\\n\\r\\n\\r\\n\\r\\n\\r\\n\\r\\n\\r\\n\\r\\n\\r\\n\\r\\n\\r\\n\\r\\n\\r\\n\\r\\n\\r\\n\\r\\n\\r\\n\\r\\n\\r\\n\\r\\n\\r\\n\\r\\n\\r\\n\\r\\n\\r\\n\\r\\n\\r\\n\\r\\n\\r\\n\\r\\n\\r\\n\\r\\n<p>03\\/2016 &mdash; Communication Arts Design Annual 2015<\\/p>\\r\\n\\r\\n\\r\\n\\r\\n\\r\\n\\r\\n\\r\\n\\r\\n\\r\\n\\r\\n\\r\\n\\r\\n\\r\\n\\r\\n\\r\\n\\r\\n\\r\\n\\r\\n\\r\\n\\r\\n\\r\\n\\r\\n\\r\\n\\r\\n\\r\\n\\r\\n\\r\\n\\r\\n\\r\\n\\r\\n\\r\\n\\r\\n\\r\\n\\r\\n\\r\\n\\r\\n<p>02\\/2016 &mdash; IdN Magazine v23n2<\\/p>\\r\\n\\r\\n\\r\\n\\r\\n\\r\\n\\r\\n\\r\\n\\r\\n\\r\\n\\r\\n\\r\\n\\r\\n\\r\\n\\r\\n\\r\\n\\r\\n\\r\\n\\r\\n\\r\\n\\r\\n\\r\\n\\r\\n\\r\\n\\r\\n\\r\\n\\r\\n\\r\\n\\r\\n\\r\\n\\r\\n\\r\\n\\r\\n\\r\\n\\r\\n\\r\\n\\r\\n<p>12\\/2015 &mdash; Communication Arts Design Annual 2016<\\/p>\\r\\n\\r\\n\\r\\n\\r\\n\\r\\n\\r\\n\\r\\n\\r\\n\\r\\n\\r\\n\\r\\n\\r\\n\\r\\n\\r\\n\\r\\n\\r\\n\\r\\n\\r\\n\\r\\n\\r\\n\\r\\n\\r\\n\\r\\n\\r\\n\\r\\n\\r\\n\\r\\n\\r\\n\\r\\n\\r\\n\\r\\n\\r\\n\\r\\n\\r\\n\\r\\n\\r\\n<p>10\\/2015 &mdash; PRINT Magazine Regional Design Annual 2016<\\/p>\\r\\n\\r\\n\\r\\n\\r\\n\\r\\n\\r\\n\\r\\n\\r\\n\\r\\n\\r\\n\\r\\n\\r\\n\\r\\n\\r\\n\\r\\n\\r\\n\\r\\n\\r\\n\\r\\n\\r\\n\\r\\n\\r\\n\\r\\n\\r\\n\\r\\n\\r\\n\\r\\n\\r\\n\\r\\n\\r\\n\\r\\n\\r\\n\\r\\n\\r\\n\\r\\n\\r\\n<p>10\\/2015 &mdash; Communication Arts Design Annual 2015<\\/p>\\r\\n\\r\\n\\r\\n\\r\\n\\r\\n\\r\\n\\r\\n\\r\\n\\r\\n\\r\\n\\r\\n\\r\\n\\r\\n\\r\\n\\r\\n\\r\\n\\r\\n\\r\\n\\r\\n\\r\\n\\r\\n\\r\\n\\r\\n\\r\\n\\r\\n\\r\\n\\r\\n\\r\\n\\r\\n\\r\\n\\r\\n\\r\\n\\r\\n\\r\\n\\r\\n\\r\\n<p>06\\/2015 &mdash; PRINT Magazine Regional Design Annual 2016<\\/p>\\r\\n\\r\\n\\r\\n\\r\\n\\r\\n\\r\\n\\r\\n\\r\\n\\r\\n\\r\\n\\r\\n\\r\\n\\r\\n\\r\\n\\r\\n\\r\\n\\r\\n\\r\\n\\r\\n\\r\\n\\r\\n\\r\\n\\r\\n\\r\\n\\r\\n\\r\\n\\r\\n\\r\\n\\r\\n\\r\\n\\r\\n\\r\\n\\r\\n\\r\\n\\r\\n\\r\\n<p>02\\/2015 &mdash; Communication Arts Design Annual 2015<\\/p>\",\"44\":\"MEET\\r\\nOUR\\r\\nTALENTED\\r\\nTEAM\"}}', '2016-11-19 00:16:37', '2016-11-19 00:16:37', '7620fd23-d8c8-40a6-b647-faae2773784b'),
 ('235', '101', '10', '46', 'en_us', '23', '', '{\"typeId\":\"11\",\"authorId\":null,\"title\":\"Studio\",\"slug\":\"studio\",\"postDate\":1478129954,\"expiryDate\":null,\"enabled\":1,\"parentId\":null,\"fields\":{\"48\":{\"102\":{\"type\":\"1\",\"fields\":{\"backgroundImage\":[\"97\"],\"backgroundColor\":\"#000000\",\"linkUrl\":\"\\/contact\",\"header\":\"Drop \\r\\nus \\r\\na \\r\\nline\",\"subtext\":\"Contact Us\",\"fontColor\":\"#efefef\"}}},\"45\":\"<p class=\\\"large\\\">Born in 2004<\\/p>\",\"46\":\"<p class=\\\"large\\\">We are a full-service creative agency with offices in Seattle and Portland. A dedicated team of designers, strategists, developers and account specialists, we create highly-crafted brand experiences that clarify purpose, encourage action, and inspire brand loyalty. We\\u2019d love to get to know you and help tell your story.&nbsp;<\\/p>\",\"10\":{\"103\":{\"type\":\"carousel\",\"enabled\":\"1\",\"fields\":{\"images\":[\"48\",\"49\",\"50\"],\"verticalSpacingLevel\":\"vertical-spacing-2\"}},\"104\":{\"type\":\"twoColumnContent\",\"enabled\":\"1\",\"fields\":{\"backgroundColor\":\"#000000\",\"leftColumn\":\"<p class=\\\"h3 med\\\"><span class=\\\"white\\\">STYLE<br>IS A<br>SIMPLE<br>WAY<br>OF<br>SAYING<br>COMPLEX<br>THINGS<br><\\/span><span class=\\\"blue white\\\">&mdash;JEAN<br>COCTEAU<\\/span><\\/p>\",\"rightColumn\":\"\",\"verticalSpacingLevel\":\"vertical-spacing-2\"}},\"105\":{\"type\":\"twoColumnContent\",\"enabled\":\"1\",\"fields\":{\"backgroundColor\":\"#000000\",\"leftColumn\":\"<p class=\\\"large\\\"><span class=\\\"white\\\">Style is Not a&nbsp;<br>4-letter Word<\\/span><\\/p>\",\"rightColumn\":\"<p class=\\\"large\\\"><span class=\\\"white\\\">In our experience, the brands that are the most magnetic are those which project distinct, memorable and charismatic personalities. These brands place equal emphasis on what they say and how they say it. Some design purists might say that style is merely artificial decoration that should be avoided in favor of logic&mdash;\\u201cform follows function\\u201d and all that. Don\\u2019t get us wrong, we\\u2019re not proponents of style for its own sake, or as ornament applied after an idea has already been defined. Rather, we employ style as an integral and strategic component of our brand-development process. At its best, style can be that magical something about a company or product that pulls people in and transcends the logical. So, to us, style is not a 4-letter word. On the contrary, we embrace it, harnessing its power to cut through the clutter.&nbsp;<\\/span><\\/p>\\r\\n\\r\\n<p class=\\\"large\\\"><span class=\\\"white\\\">And besides, \\u201cstyle\\u201d has five letters.<\\/span><\\/p>\",\"verticalSpacingLevel\":\"vertical-spacing-1\"}},\"106\":{\"type\":\"twoColumnContent\",\"enabled\":\"1\",\"fields\":{\"backgroundColor\":\"#000000\",\"leftColumn\":\"<p class=\\\"large\\\"><span class=\\\"white\\\">We Do<\\/span><\\/p>\",\"rightColumn\":\"<p class=\\\"h2 caps\\\"><a href=\\\"http:\\/\\/turnstyle.studio\\/strategy#entry:55:url\\\">Strategy<\\/a><br><a href=\\\"http:\\/\\/turnstyle.studio\\/identity#entry:56:url\\\">Identity<\\/a><br>Digital<br>Print<br>Packaging<br>Environment<\\/p>\",\"verticalSpacingLevel\":\"vertical-spacing-2\"}},\"107\":{\"type\":\"twoColumnContent\",\"enabled\":\"1\",\"fields\":{\"backgroundColor\":\"#ffffff\",\"leftColumn\":\"<p class=\\\"h3 caps\\\">our<br>clients<br>&<br>industries<\\/p>\\r\\n\\r\\n<p class=\\\"h3 caps\\\"><\\/p>\",\"rightColumn\":\"<p><img src=\\\"http:\\/\\/turnstyle.studio\\/_ui\\/img\\/cta\\/t-01.gif#asset:154:url\\\"><\\/p>\",\"verticalSpacingLevel\":\"vertical-spacing-1\"}},\"108\":{\"type\":\"twoColumnContent\",\"enabled\":\"1\",\"fields\":{\"backgroundColor\":\"#ffffff\",\"leftColumn\":\"<p><span class=\\\"gray\\\">Industry<\\/span><\\/p>\\r\\n\\r\\n<p class=\\\"h3 caps\\\">teague<br>nike<br>starbucks<br>microsoft<br>amazon<br>aiga<br>nordstrom<br>teague<br>nike<\\/p>\\r\\n\\r\\n\\r\\n\\r\\n\\r\\n\\r\\n\\r\\n\\r\\n\\r\\n\\r\\n\\r\\n\\r\\n\\r\\n\\r\\n\\r\\n\\r\\n\\r\\n\\r\\n\\r\\n\\r\\n\\r\\n\\r\\n\\r\\n\\r\\n\\r\\n\\r\\n\\r\\n\\r\\n\\r\\n\\r\\n\\r\\n\\r\\n\\r\\n\\r\\n\\r\\n\\r\\n\\r\\n\\r\\n\\r\\n\\r\\n\\r\\n\\r\\n\\r\\n\\r\\n<p><span class=\\\"gray\\\">Industry<\\/span><\\/p>\\r\\n\\r\\n\\r\\n\\r\\n\\r\\n\\r\\n\\r\\n\\r\\n\\r\\n\\r\\n\\r\\n\\r\\n\\r\\n\\r\\n\\r\\n\\r\\n\\r\\n\\r\\n\\r\\n\\r\\n\\r\\n\\r\\n\\r\\n\\r\\n\\r\\n\\r\\n\\r\\n\\r\\n\\r\\n\\r\\n\\r\\n\\r\\n\\r\\n\\r\\n\\r\\n\\r\\n\\r\\n\\r\\n\\r\\n\\r\\n\\r\\n\\r\\n\\r\\n\\r\\n<p class=\\\"h3 caps\\\">starbucks<br>microsoft<br>amazon<\\/p>\\r\\n\\r\\n\\r\\n\\r\\n\\r\\n\\r\\n\\r\\n\\r\\n\\r\\n\\r\\n\\r\\n\\r\\n\\r\\n\\r\\n\\r\\n\\r\\n\\r\\n\\r\\n\\r\\n\\r\\n\\r\\n\\r\\n\\r\\n\\r\\n\\r\\n\\r\\n\\r\\n\\r\\n\\r\\n\\r\\n\\r\\n\\r\\n\\r\\n\\r\\n\\r\\n\\r\\n\\r\\n\\r\\n\\r\\n\\r\\n\\r\\n\\r\\n\\r\\n\\r\\n<p><span class=\\\"gray\\\">Industry<\\/span><\\/p>\\r\\n\\r\\n\\r\\n\\r\\n\\r\\n\\r\\n\\r\\n\\r\\n\\r\\n\\r\\n\\r\\n\\r\\n\\r\\n\\r\\n\\r\\n\\r\\n\\r\\n\\r\\n\\r\\n\\r\\n\\r\\n\\r\\n\\r\\n\\r\\n\\r\\n\\r\\n\\r\\n\\r\\n\\r\\n\\r\\n\\r\\n\\r\\n\\r\\n\\r\\n\\r\\n\\r\\n\\r\\n\\r\\n\\r\\n\\r\\n\\r\\n\\r\\n\\r\\n\\r\\n<p class=\\\"h3 caps\\\">starbucks<br>microsoft<\\/p>\",\"rightColumn\":\"<p>Industry<br><\\/p>\\r\\n\\r\\n<p class=\\\"h3 caps\\\">starbucks<br>microsoft<br>amazon<\\/p>\\r\\n\\r\\n\\r\\n\\r\\n\\r\\n\\r\\n\\r\\n\\r\\n\\r\\n\\r\\n\\r\\n\\r\\n\\r\\n\\r\\n\\r\\n\\r\\n\\r\\n\\r\\n\\r\\n\\r\\n\\r\\n\\r\\n\\r\\n\\r\\n\\r\\n\\r\\n\\r\\n\\r\\n\\r\\n\\r\\n\\r\\n\\r\\n\\r\\n\\r\\n\\r\\n\\r\\n\\r\\n\\r\\n\\r\\n\\r\\n\\r\\n\\r\\n\\r\\n\\r\\n<p><span class=\\\"gray\\\">Industry<\\/span><\\/p>\\r\\n\\r\\n\\r\\n\\r\\n\\r\\n\\r\\n\\r\\n\\r\\n\\r\\n\\r\\n\\r\\n\\r\\n\\r\\n\\r\\n\\r\\n\\r\\n\\r\\n\\r\\n\\r\\n\\r\\n\\r\\n\\r\\n\\r\\n\\r\\n\\r\\n\\r\\n\\r\\n\\r\\n\\r\\n\\r\\n\\r\\n\\r\\n\\r\\n\\r\\n\\r\\n\\r\\n\\r\\n\\r\\n\\r\\n\\r\\n\\r\\n\\r\\n\\r\\n\\r\\n<p class=\\\"h3 caps\\\">teague<br>nike<br>starbucks<br>microsoft<br>amazon<br>aiga<br>nordstrom<br>teague<br>nike<\\/p>\\r\\n\\r\\n\\r\\n\\r\\n\\r\\n\\r\\n\\r\\n\\r\\n\\r\\n\\r\\n\\r\\n\\r\\n\\r\\n\\r\\n\\r\\n\\r\\n\\r\\n\\r\\n\\r\\n\\r\\n\\r\\n\\r\\n\\r\\n\\r\\n\\r\\n\\r\\n\\r\\n\\r\\n\\r\\n\\r\\n\\r\\n\\r\\n\\r\\n\\r\\n\\r\\n\\r\\n\\r\\n\\r\\n\\r\\n\\r\\n\\r\\n\\r\\n\\r\\n\\r\\n<p><span class=\\\"gray\\\"><br><\\/span><\\/p>\\r\\n\\r\\n\\r\\n\\r\\n\\r\\n\\r\\n\\r\\n\\r\\n\\r\\n\\r\\n\\r\\n\\r\\n\\r\\n\\r\\n\\r\\n\\r\\n\\r\\n\\r\\n\\r\\n\\r\\n\\r\\n\\r\\n\\r\\n\\r\\n\\r\\n\\r\\n\\r\\n\\r\\n\\r\\n\\r\\n\\r\\n\\r\\n\\r\\n\\r\\n\\r\\n\\r\\n\\r\\n\\r\\n\\r\\n\\r\\n\\r\\n\\r\\n<p><span class=\\\"gray\\\">Industry<\\/span><\\/p>\\r\\n\\r\\n\\r\\n\\r\\n\\r\\n\\r\\n\\r\\n\\r\\n\\r\\n\\r\\n\\r\\n\\r\\n\\r\\n\\r\\n\\r\\n\\r\\n\\r\\n\\r\\n\\r\\n\\r\\n\\r\\n\\r\\n\\r\\n\\r\\n\\r\\n\\r\\n\\r\\n\\r\\n\\r\\n\\r\\n\\r\\n\\r\\n\\r\\n\\r\\n\\r\\n\\r\\n\\r\\n\\r\\n\\r\\n\\r\\n\\r\\n\\r\\n\\r\\n\\r\\n<p class=\\\"h3 caps\\\">starbucks<br>microsoft<\\/p>\",\"verticalSpacingLevel\":\"vertical-spacing-1\"}}},\"47\":\"<p>08\\/2016 &mdash; IdN Magazine v23n2<\\/p>\\r\\n\\r\\n<p>06\\/2016 &mdash; Communication Arts Design Annual 2016<\\/p>\\r\\n\\r\\n\\r\\n\\r\\n\\r\\n\\r\\n\\r\\n\\r\\n\\r\\n\\r\\n\\r\\n\\r\\n\\r\\n\\r\\n\\r\\n\\r\\n\\r\\n\\r\\n\\r\\n\\r\\n\\r\\n\\r\\n\\r\\n\\r\\n\\r\\n\\r\\n\\r\\n\\r\\n\\r\\n\\r\\n\\r\\n\\r\\n\\r\\n\\r\\n\\r\\n\\r\\n\\r\\n\\r\\n<p>05\\/2016 &mdash; PRINT Magazine Regional Design Annual 2016<\\/p>\\r\\n\\r\\n\\r\\n\\r\\n\\r\\n\\r\\n\\r\\n\\r\\n\\r\\n\\r\\n\\r\\n\\r\\n\\r\\n\\r\\n\\r\\n\\r\\n\\r\\n\\r\\n\\r\\n\\r\\n\\r\\n\\r\\n\\r\\n\\r\\n\\r\\n\\r\\n\\r\\n\\r\\n\\r\\n\\r\\n\\r\\n\\r\\n\\r\\n\\r\\n\\r\\n\\r\\n\\r\\n\\r\\n<p>03\\/2016 &mdash; Communication Arts Design Annual 2015<\\/p>\\r\\n\\r\\n\\r\\n\\r\\n\\r\\n\\r\\n\\r\\n\\r\\n\\r\\n\\r\\n\\r\\n\\r\\n\\r\\n\\r\\n\\r\\n\\r\\n\\r\\n\\r\\n\\r\\n\\r\\n\\r\\n\\r\\n\\r\\n\\r\\n\\r\\n\\r\\n\\r\\n\\r\\n\\r\\n\\r\\n\\r\\n\\r\\n\\r\\n\\r\\n\\r\\n\\r\\n\\r\\n\\r\\n<p>02\\/2016 &mdash; IdN Magazine v23n2<\\/p>\\r\\n\\r\\n\\r\\n\\r\\n\\r\\n\\r\\n\\r\\n\\r\\n\\r\\n\\r\\n\\r\\n\\r\\n\\r\\n\\r\\n\\r\\n\\r\\n\\r\\n\\r\\n\\r\\n\\r\\n\\r\\n\\r\\n\\r\\n\\r\\n\\r\\n\\r\\n\\r\\n\\r\\n\\r\\n\\r\\n\\r\\n\\r\\n\\r\\n\\r\\n\\r\\n\\r\\n\\r\\n\\r\\n<p>12\\/2015 &mdash; Communication Arts Design Annual 2016<\\/p>\\r\\n\\r\\n\\r\\n\\r\\n\\r\\n\\r\\n\\r\\n\\r\\n\\r\\n\\r\\n\\r\\n\\r\\n\\r\\n\\r\\n\\r\\n\\r\\n\\r\\n\\r\\n\\r\\n\\r\\n\\r\\n\\r\\n\\r\\n\\r\\n\\r\\n\\r\\n\\r\\n\\r\\n\\r\\n\\r\\n\\r\\n\\r\\n\\r\\n\\r\\n\\r\\n\\r\\n\\r\\n\\r\\n<p>10\\/2015 &mdash; PRINT Magazine Regional Design Annual 2016<\\/p>\\r\\n\\r\\n\\r\\n\\r\\n\\r\\n\\r\\n\\r\\n\\r\\n\\r\\n\\r\\n\\r\\n\\r\\n\\r\\n\\r\\n\\r\\n\\r\\n\\r\\n\\r\\n\\r\\n\\r\\n\\r\\n\\r\\n\\r\\n\\r\\n\\r\\n\\r\\n\\r\\n\\r\\n\\r\\n\\r\\n\\r\\n\\r\\n\\r\\n\\r\\n\\r\\n\\r\\n\\r\\n\\r\\n<p>10\\/2015 &mdash; Communication Arts Design Annual 2015<\\/p>\\r\\n\\r\\n\\r\\n\\r\\n\\r\\n\\r\\n\\r\\n\\r\\n\\r\\n\\r\\n\\r\\n\\r\\n\\r\\n\\r\\n\\r\\n\\r\\n\\r\\n\\r\\n\\r\\n\\r\\n\\r\\n\\r\\n\\r\\n\\r\\n\\r\\n\\r\\n\\r\\n\\r\\n\\r\\n\\r\\n\\r\\n\\r\\n\\r\\n\\r\\n\\r\\n\\r\\n\\r\\n\\r\\n<p>06\\/2015 &mdash; PRINT Magazine Regional Design Annual 2016<\\/p>\\r\\n\\r\\n\\r\\n\\r\\n\\r\\n\\r\\n\\r\\n\\r\\n\\r\\n\\r\\n\\r\\n\\r\\n\\r\\n\\r\\n\\r\\n\\r\\n\\r\\n\\r\\n\\r\\n\\r\\n\\r\\n\\r\\n\\r\\n\\r\\n\\r\\n\\r\\n\\r\\n\\r\\n\\r\\n\\r\\n\\r\\n\\r\\n\\r\\n\\r\\n\\r\\n\\r\\n\\r\\n\\r\\n<p>02\\/2015 &mdash; Communication Arts Design Annual 2015<\\/p>\",\"44\":\"MEET\\r\\nOUR\\r\\nTALENTED\\r\\nTEAM\"}}', '2016-11-19 00:16:57', '2016-11-19 00:16:57', '480e0e80-06b5-45ce-94bb-042a8d21facb'),
 ('236', '101', '10', '46', 'en_us', '24', '', '{\"typeId\":\"11\",\"authorId\":null,\"title\":\"Studio\",\"slug\":\"studio\",\"postDate\":1478129954,\"expiryDate\":null,\"enabled\":1,\"parentId\":null,\"fields\":{\"48\":{\"102\":{\"type\":\"1\",\"fields\":{\"backgroundImage\":[\"97\"],\"backgroundColor\":\"#000000\",\"linkUrl\":\"\\/contact\",\"header\":\"Drop \\r\\nus \\r\\na \\r\\nline\",\"subtext\":\"Contact Us\",\"fontColor\":\"#efefef\"}}},\"45\":\"<p class=\\\"large\\\">Born in 2004<\\/p>\",\"46\":\"<p class=\\\"large\\\">We are a full-service creative agency with offices in Seattle and Portland. A dedicated team of designers, strategists, developers and account specialists, we create highly-crafted brand experiences that clarify purpose, encourage action, and inspire brand loyalty. We\\u2019d love to get to know you and help tell your story.&nbsp;<\\/p>\",\"10\":{\"103\":{\"type\":\"carousel\",\"enabled\":\"1\",\"fields\":{\"images\":[\"48\",\"49\",\"50\"],\"verticalSpacingLevel\":\"vertical-spacing-2\"}},\"104\":{\"type\":\"twoColumnContent\",\"enabled\":\"1\",\"fields\":{\"backgroundColor\":\"#000000\",\"leftColumn\":\"<p class=\\\"h3 med\\\"><span class=\\\"white\\\">STYLE<br>IS A<br>SIMPLE<br>WAY<br>OF<br>SAYING<br>COMPLEX<br>THINGS<br><\\/span><span class=\\\"blue white\\\">&mdash;JEAN<br>COCTEAU<\\/span><\\/p>\",\"rightColumn\":\"<p><img src=\\\"http:\\/\\/turnstyle.studio\\/_ui\\/img\\/cta\\/t-01.gif#asset:154\\\"><\\/p>\",\"verticalSpacingLevel\":\"vertical-spacing-2\"}},\"105\":{\"type\":\"twoColumnContent\",\"enabled\":\"1\",\"fields\":{\"backgroundColor\":\"#000000\",\"leftColumn\":\"<p class=\\\"large\\\"><span class=\\\"white\\\">Style is Not a&nbsp;<br>4-letter Word<\\/span><\\/p>\",\"rightColumn\":\"<p class=\\\"large\\\"><span class=\\\"white\\\">In our experience, the brands that are the most magnetic are those which project distinct, memorable and charismatic personalities. These brands place equal emphasis on what they say and how they say it. Some design purists might say that style is merely artificial decoration that should be avoided in favor of logic&mdash;\\u201cform follows function\\u201d and all that. Don\\u2019t get us wrong, we\\u2019re not proponents of style for its own sake, or as ornament applied after an idea has already been defined. Rather, we employ style as an integral and strategic component of our brand-development process. At its best, style can be that magical something about a company or product that pulls people in and transcends the logical. So, to us, style is not a 4-letter word. On the contrary, we embrace it, harnessing its power to cut through the clutter.&nbsp;<\\/span><\\/p>\\r\\n\\r\\n<p class=\\\"large\\\"><span class=\\\"white\\\">And besides, \\u201cstyle\\u201d has five letters.<\\/span><\\/p>\",\"verticalSpacingLevel\":\"vertical-spacing-1\"}},\"106\":{\"type\":\"twoColumnContent\",\"enabled\":\"1\",\"fields\":{\"backgroundColor\":\"#000000\",\"leftColumn\":\"<p class=\\\"large\\\"><span class=\\\"white\\\">We Do<\\/span><\\/p>\",\"rightColumn\":\"<p class=\\\"h2 caps\\\"><a href=\\\"http:\\/\\/turnstyle.studio\\/strategy#entry:55:url\\\">Strategy<\\/a><br><a href=\\\"http:\\/\\/turnstyle.studio\\/identity#entry:56:url\\\">Identity<\\/a><br>Digital<br>Print<br>Packaging<br>Environment<\\/p>\",\"verticalSpacingLevel\":\"vertical-spacing-2\"}},\"107\":{\"type\":\"twoColumnContent\",\"enabled\":\"1\",\"fields\":{\"backgroundColor\":\"#ffffff\",\"leftColumn\":\"<p class=\\\"h3 caps\\\">our<br>clients<br>&<br>industries<\\/p>\\r\\n\\r\\n<p class=\\\"h3 caps\\\"><\\/p>\",\"rightColumn\":\"\",\"verticalSpacingLevel\":\"vertical-spacing-1\"}},\"108\":{\"type\":\"twoColumnContent\",\"enabled\":\"1\",\"fields\":{\"backgroundColor\":\"#ffffff\",\"leftColumn\":\"<p><span class=\\\"gray\\\">Industry<\\/span><\\/p>\\r\\n\\r\\n<p class=\\\"h3 caps\\\">teague<br>nike<br>starbucks<br>microsoft<br>amazon<br>aiga<br>nordstrom<br>teague<br>nike<\\/p>\\r\\n\\r\\n\\r\\n\\r\\n\\r\\n\\r\\n\\r\\n\\r\\n\\r\\n\\r\\n\\r\\n\\r\\n\\r\\n\\r\\n\\r\\n\\r\\n\\r\\n\\r\\n\\r\\n\\r\\n\\r\\n\\r\\n\\r\\n\\r\\n\\r\\n\\r\\n\\r\\n\\r\\n\\r\\n\\r\\n\\r\\n\\r\\n\\r\\n\\r\\n\\r\\n\\r\\n\\r\\n\\r\\n\\r\\n\\r\\n\\r\\n\\r\\n\\r\\n\\r\\n\\r\\n\\r\\n<p><span class=\\\"gray\\\">Industry<\\/span><\\/p>\\r\\n\\r\\n\\r\\n\\r\\n\\r\\n\\r\\n\\r\\n\\r\\n\\r\\n\\r\\n\\r\\n\\r\\n\\r\\n\\r\\n\\r\\n\\r\\n\\r\\n\\r\\n\\r\\n\\r\\n\\r\\n\\r\\n\\r\\n\\r\\n\\r\\n\\r\\n\\r\\n\\r\\n\\r\\n\\r\\n\\r\\n\\r\\n\\r\\n\\r\\n\\r\\n\\r\\n\\r\\n\\r\\n\\r\\n\\r\\n\\r\\n\\r\\n\\r\\n\\r\\n\\r\\n\\r\\n<p class=\\\"h3 caps\\\">starbucks<br>microsoft<br>amazon<\\/p>\\r\\n\\r\\n\\r\\n\\r\\n\\r\\n\\r\\n\\r\\n\\r\\n\\r\\n\\r\\n\\r\\n\\r\\n\\r\\n\\r\\n\\r\\n\\r\\n\\r\\n\\r\\n\\r\\n\\r\\n\\r\\n\\r\\n\\r\\n\\r\\n\\r\\n\\r\\n\\r\\n\\r\\n\\r\\n\\r\\n\\r\\n\\r\\n\\r\\n\\r\\n\\r\\n\\r\\n\\r\\n\\r\\n\\r\\n\\r\\n\\r\\n\\r\\n\\r\\n\\r\\n\\r\\n\\r\\n<p><span class=\\\"gray\\\">Industry<\\/span><\\/p>\\r\\n\\r\\n\\r\\n\\r\\n\\r\\n\\r\\n\\r\\n\\r\\n\\r\\n\\r\\n\\r\\n\\r\\n\\r\\n\\r\\n\\r\\n\\r\\n\\r\\n\\r\\n\\r\\n\\r\\n\\r\\n\\r\\n\\r\\n\\r\\n\\r\\n\\r\\n\\r\\n\\r\\n\\r\\n\\r\\n\\r\\n\\r\\n\\r\\n\\r\\n\\r\\n\\r\\n\\r\\n\\r\\n\\r\\n\\r\\n\\r\\n\\r\\n\\r\\n\\r\\n\\r\\n\\r\\n<p class=\\\"h3 caps\\\">starbucks<br>microsoft<\\/p>\",\"rightColumn\":\"<p>Industry<br><\\/p>\\r\\n\\r\\n<p class=\\\"h3 caps\\\">starbucks<br>microsoft<br>amazon<\\/p>\\r\\n\\r\\n\\r\\n\\r\\n\\r\\n\\r\\n\\r\\n\\r\\n\\r\\n\\r\\n\\r\\n\\r\\n\\r\\n\\r\\n\\r\\n\\r\\n\\r\\n\\r\\n\\r\\n\\r\\n\\r\\n\\r\\n\\r\\n\\r\\n\\r\\n\\r\\n\\r\\n\\r\\n\\r\\n\\r\\n\\r\\n\\r\\n\\r\\n\\r\\n\\r\\n\\r\\n\\r\\n\\r\\n\\r\\n\\r\\n\\r\\n\\r\\n\\r\\n\\r\\n\\r\\n\\r\\n<p><span class=\\\"gray\\\">Industry<\\/span><\\/p>\\r\\n\\r\\n\\r\\n\\r\\n\\r\\n\\r\\n\\r\\n\\r\\n\\r\\n\\r\\n\\r\\n\\r\\n\\r\\n\\r\\n\\r\\n\\r\\n\\r\\n\\r\\n\\r\\n\\r\\n\\r\\n\\r\\n\\r\\n\\r\\n\\r\\n\\r\\n\\r\\n\\r\\n\\r\\n\\r\\n\\r\\n\\r\\n\\r\\n\\r\\n\\r\\n\\r\\n\\r\\n\\r\\n\\r\\n\\r\\n\\r\\n\\r\\n\\r\\n\\r\\n\\r\\n\\r\\n<p class=\\\"h3 caps\\\">teague<br>nike<br>starbucks<br>microsoft<br>amazon<br>aiga<br>nordstrom<br>teague<br>nike<\\/p>\\r\\n\\r\\n\\r\\n\\r\\n\\r\\n\\r\\n\\r\\n\\r\\n\\r\\n\\r\\n\\r\\n\\r\\n\\r\\n\\r\\n\\r\\n\\r\\n\\r\\n\\r\\n\\r\\n\\r\\n\\r\\n\\r\\n\\r\\n\\r\\n\\r\\n\\r\\n\\r\\n\\r\\n\\r\\n\\r\\n\\r\\n\\r\\n\\r\\n\\r\\n\\r\\n\\r\\n\\r\\n\\r\\n\\r\\n\\r\\n\\r\\n\\r\\n\\r\\n\\r\\n\\r\\n\\r\\n<p><span class=\\\"gray\\\"><br><\\/span><\\/p>\\r\\n\\r\\n\\r\\n\\r\\n\\r\\n\\r\\n\\r\\n\\r\\n\\r\\n\\r\\n\\r\\n\\r\\n\\r\\n\\r\\n\\r\\n\\r\\n\\r\\n\\r\\n\\r\\n\\r\\n\\r\\n\\r\\n\\r\\n\\r\\n\\r\\n\\r\\n\\r\\n\\r\\n\\r\\n\\r\\n\\r\\n\\r\\n\\r\\n\\r\\n\\r\\n\\r\\n\\r\\n\\r\\n\\r\\n\\r\\n\\r\\n\\r\\n\\r\\n\\r\\n<p><span class=\\\"gray\\\">Industry<\\/span><\\/p>\\r\\n\\r\\n\\r\\n\\r\\n\\r\\n\\r\\n\\r\\n\\r\\n\\r\\n\\r\\n\\r\\n\\r\\n\\r\\n\\r\\n\\r\\n\\r\\n\\r\\n\\r\\n\\r\\n\\r\\n\\r\\n\\r\\n\\r\\n\\r\\n\\r\\n\\r\\n\\r\\n\\r\\n\\r\\n\\r\\n\\r\\n\\r\\n\\r\\n\\r\\n\\r\\n\\r\\n\\r\\n\\r\\n\\r\\n\\r\\n\\r\\n\\r\\n\\r\\n\\r\\n\\r\\n\\r\\n<p class=\\\"h3 caps\\\">starbucks<br>microsoft<\\/p>\",\"verticalSpacingLevel\":\"vertical-spacing-1\"}}},\"47\":\"<p>08\\/2016 &mdash; IdN Magazine v23n2<\\/p>\\r\\n\\r\\n<p>06\\/2016 &mdash; Communication Arts Design Annual 2016<\\/p>\\r\\n\\r\\n\\r\\n\\r\\n\\r\\n\\r\\n\\r\\n\\r\\n\\r\\n\\r\\n\\r\\n\\r\\n\\r\\n\\r\\n\\r\\n\\r\\n\\r\\n\\r\\n\\r\\n\\r\\n\\r\\n\\r\\n\\r\\n\\r\\n\\r\\n\\r\\n\\r\\n\\r\\n\\r\\n\\r\\n\\r\\n\\r\\n\\r\\n\\r\\n\\r\\n\\r\\n\\r\\n\\r\\n\\r\\n\\r\\n<p>05\\/2016 &mdash; PRINT Magazine Regional Design Annual 2016<\\/p>\\r\\n\\r\\n\\r\\n\\r\\n\\r\\n\\r\\n\\r\\n\\r\\n\\r\\n\\r\\n\\r\\n\\r\\n\\r\\n\\r\\n\\r\\n\\r\\n\\r\\n\\r\\n\\r\\n\\r\\n\\r\\n\\r\\n\\r\\n\\r\\n\\r\\n\\r\\n\\r\\n\\r\\n\\r\\n\\r\\n\\r\\n\\r\\n\\r\\n\\r\\n\\r\\n\\r\\n\\r\\n\\r\\n\\r\\n\\r\\n<p>03\\/2016 &mdash; Communication Arts Design Annual 2015<\\/p>\\r\\n\\r\\n\\r\\n\\r\\n\\r\\n\\r\\n\\r\\n\\r\\n\\r\\n\\r\\n\\r\\n\\r\\n\\r\\n\\r\\n\\r\\n\\r\\n\\r\\n\\r\\n\\r\\n\\r\\n\\r\\n\\r\\n\\r\\n\\r\\n\\r\\n\\r\\n\\r\\n\\r\\n\\r\\n\\r\\n\\r\\n\\r\\n\\r\\n\\r\\n\\r\\n\\r\\n\\r\\n\\r\\n\\r\\n\\r\\n<p>02\\/2016 &mdash; IdN Magazine v23n2<\\/p>\\r\\n\\r\\n\\r\\n\\r\\n\\r\\n\\r\\n\\r\\n\\r\\n\\r\\n\\r\\n\\r\\n\\r\\n\\r\\n\\r\\n\\r\\n\\r\\n\\r\\n\\r\\n\\r\\n\\r\\n\\r\\n\\r\\n\\r\\n\\r\\n\\r\\n\\r\\n\\r\\n\\r\\n\\r\\n\\r\\n\\r\\n\\r\\n\\r\\n\\r\\n\\r\\n\\r\\n\\r\\n\\r\\n\\r\\n\\r\\n<p>12\\/2015 &mdash; Communication Arts Design Annual 2016<\\/p>\\r\\n\\r\\n\\r\\n\\r\\n\\r\\n\\r\\n\\r\\n\\r\\n\\r\\n\\r\\n\\r\\n\\r\\n\\r\\n\\r\\n\\r\\n\\r\\n\\r\\n\\r\\n\\r\\n\\r\\n\\r\\n\\r\\n\\r\\n\\r\\n\\r\\n\\r\\n\\r\\n\\r\\n\\r\\n\\r\\n\\r\\n\\r\\n\\r\\n\\r\\n\\r\\n\\r\\n\\r\\n\\r\\n\\r\\n\\r\\n<p>10\\/2015 &mdash; PRINT Magazine Regional Design Annual 2016<\\/p>\\r\\n\\r\\n\\r\\n\\r\\n\\r\\n\\r\\n\\r\\n\\r\\n\\r\\n\\r\\n\\r\\n\\r\\n\\r\\n\\r\\n\\r\\n\\r\\n\\r\\n\\r\\n\\r\\n\\r\\n\\r\\n\\r\\n\\r\\n\\r\\n\\r\\n\\r\\n\\r\\n\\r\\n\\r\\n\\r\\n\\r\\n\\r\\n\\r\\n\\r\\n\\r\\n\\r\\n\\r\\n\\r\\n\\r\\n\\r\\n<p>10\\/2015 &mdash; Communication Arts Design Annual 2015<\\/p>\\r\\n\\r\\n\\r\\n\\r\\n\\r\\n\\r\\n\\r\\n\\r\\n\\r\\n\\r\\n\\r\\n\\r\\n\\r\\n\\r\\n\\r\\n\\r\\n\\r\\n\\r\\n\\r\\n\\r\\n\\r\\n\\r\\n\\r\\n\\r\\n\\r\\n\\r\\n\\r\\n\\r\\n\\r\\n\\r\\n\\r\\n\\r\\n\\r\\n\\r\\n\\r\\n\\r\\n\\r\\n\\r\\n\\r\\n\\r\\n<p>06\\/2015 &mdash; PRINT Magazine Regional Design Annual 2016<\\/p>\\r\\n\\r\\n\\r\\n\\r\\n\\r\\n\\r\\n\\r\\n\\r\\n\\r\\n\\r\\n\\r\\n\\r\\n\\r\\n\\r\\n\\r\\n\\r\\n\\r\\n\\r\\n\\r\\n\\r\\n\\r\\n\\r\\n\\r\\n\\r\\n\\r\\n\\r\\n\\r\\n\\r\\n\\r\\n\\r\\n\\r\\n\\r\\n\\r\\n\\r\\n\\r\\n\\r\\n\\r\\n\\r\\n\\r\\n\\r\\n<p>02\\/2015 &mdash; Communication Arts Design Annual 2015<\\/p>\",\"44\":\"MEET\\r\\nOUR\\r\\nTALENTED\\r\\nTEAM\"}}', '2016-11-19 00:18:19', '2016-11-19 00:18:19', 'd638f3a0-7512-48ff-8f13-7dcbd2c473db'),
 ('237', '101', '10', '46', 'en_us', '25', '', '{\"typeId\":\"11\",\"authorId\":null,\"title\":\"Studio\",\"slug\":\"studio\",\"postDate\":1478129954,\"expiryDate\":null,\"enabled\":1,\"parentId\":null,\"fields\":{\"48\":{\"102\":{\"type\":\"1\",\"fields\":{\"backgroundImage\":[\"97\"],\"backgroundColor\":\"#000000\",\"linkUrl\":\"\\/contact\",\"header\":\"Drop \\r\\nus \\r\\na \\r\\nline\",\"subtext\":\"Contact Us\",\"fontColor\":\"#efefef\"}}},\"45\":\"<p class=\\\"large\\\">Born in 2004<\\/p>\",\"46\":\"<p class=\\\"large\\\">We are a full-service creative agency with offices in Seattle and Portland. A dedicated team of designers, strategists, developers and account specialists, we create highly-crafted brand experiences that clarify purpose, encourage action, and inspire brand loyalty. We\\u2019d love to get to know you and help tell your story.&nbsp;<\\/p>\",\"10\":{\"103\":{\"type\":\"carousel\",\"enabled\":\"1\",\"fields\":{\"images\":[\"48\",\"49\",\"50\"],\"verticalSpacingLevel\":\"vertical-spacing-2\"}},\"104\":{\"type\":\"twoColumnContent\",\"enabled\":\"1\",\"fields\":{\"backgroundColor\":\"#000000\",\"leftColumn\":\"<p class=\\\"h3 med\\\"><span class=\\\"white\\\">STYLE<br>IS A<br>SIMPLE<br>WAY<br>OF<br>SAYING<br>COMPLEX<br>THINGS<br><\\/span><span class=\\\"blue white\\\">&mdash;JEAN<br>COCTEAU<\\/span><\\/p>\",\"rightColumn\":\"<p class=\\\"large\\\"><span class=\\\"white\\\"><span><\\/span>Style is Not a&nbsp;4-letter Word<span><\\/span><\\/span><\\/p>\\r\\n\\r\\n<p class=\\\"large\\\"><span class=\\\"white\\\"><span><\\/span>In our experience, the brands that are the most magnetic are those which project distinct, memorable and charismatic personalities. These brands place equal emphasis on what they say and how they say it. Some design purists might say that style is merely artificial decoration that should be avoided in favor of logic&mdash;\\u201cform follows function\\u201d and all that. Don\\u2019t get us wrong, we\\u2019re not proponents of style for its own sake, or as ornament applied after an idea has already been defined. Rather, we employ style as an integral and strategic component of our brand-development process. At its best, style can be that magical something about a company or product that pulls people in and transcends the logical. So, to us, style is not a 4-letter word. On the contrary, we embrace it, harnessing its power to cut through the clutter.&nbsp;<\\/span><\\/p>\\r\\n\\r\\n\\r\\n\\r\\n<p class=\\\"large\\\"><span class=\\\"white\\\">And besides, \\u201cstyle\\u201d has five letters.<\\/span><\\/p>\\r\\n\\r\\n\",\"verticalSpacingLevel\":\"vertical-spacing-2\"}},\"106\":{\"type\":\"twoColumnContent\",\"enabled\":\"1\",\"fields\":{\"backgroundColor\":\"#000000\",\"leftColumn\":\"<p class=\\\"large\\\"><span class=\\\"white\\\">We Do<\\/span><\\/p>\",\"rightColumn\":\"<p class=\\\"h2 caps\\\"><a href=\\\"http:\\/\\/turnstyle.studio\\/strategy#entry:55:url\\\">Strategy<\\/a><br><a href=\\\"http:\\/\\/turnstyle.studio\\/identity#entry:56:url\\\">Identity<\\/a><br>Digital<br>Print<br>Packaging<br>Environment<\\/p>\",\"verticalSpacingLevel\":\"vertical-spacing-2\"}},\"107\":{\"type\":\"twoColumnContent\",\"enabled\":\"1\",\"fields\":{\"backgroundColor\":\"#ffffff\",\"leftColumn\":\"<p class=\\\"h3 caps\\\">our<br>clients<br>&<br>industries<\\/p>\\r\\n\\r\\n<p class=\\\"h3 caps\\\"><\\/p>\",\"rightColumn\":\"\",\"verticalSpacingLevel\":\"vertical-spacing-1\"}},\"108\":{\"type\":\"twoColumnContent\",\"enabled\":\"1\",\"fields\":{\"backgroundColor\":\"#ffffff\",\"leftColumn\":\"<p><span class=\\\"gray\\\">Industry<\\/span><\\/p>\\r\\n\\r\\n<p class=\\\"h3 caps\\\">teague<br>nike<br>starbucks<br>microsoft<br>amazon<br>aiga<br>nordstrom<br>teague<br>nike<\\/p>\\r\\n\\r\\n\\r\\n\\r\\n\\r\\n\\r\\n\\r\\n\\r\\n\\r\\n\\r\\n\\r\\n\\r\\n\\r\\n\\r\\n\\r\\n\\r\\n\\r\\n\\r\\n\\r\\n\\r\\n\\r\\n\\r\\n\\r\\n\\r\\n\\r\\n\\r\\n\\r\\n\\r\\n\\r\\n\\r\\n\\r\\n\\r\\n\\r\\n\\r\\n\\r\\n\\r\\n\\r\\n\\r\\n\\r\\n\\r\\n\\r\\n\\r\\n\\r\\n\\r\\n\\r\\n\\r\\n\\r\\n\\r\\n<p><span class=\\\"gray\\\">Industry<\\/span><\\/p>\\r\\n\\r\\n\\r\\n\\r\\n\\r\\n\\r\\n\\r\\n\\r\\n\\r\\n\\r\\n\\r\\n\\r\\n\\r\\n\\r\\n\\r\\n\\r\\n\\r\\n\\r\\n\\r\\n\\r\\n\\r\\n\\r\\n\\r\\n\\r\\n\\r\\n\\r\\n\\r\\n\\r\\n\\r\\n\\r\\n\\r\\n\\r\\n\\r\\n\\r\\n\\r\\n\\r\\n\\r\\n\\r\\n\\r\\n\\r\\n\\r\\n\\r\\n\\r\\n\\r\\n\\r\\n\\r\\n\\r\\n\\r\\n<p class=\\\"h3 caps\\\">starbucks<br>microsoft<br>amazon<\\/p>\\r\\n\\r\\n\\r\\n\\r\\n\\r\\n\\r\\n\\r\\n\\r\\n\\r\\n\\r\\n\\r\\n\\r\\n\\r\\n\\r\\n\\r\\n\\r\\n\\r\\n\\r\\n\\r\\n\\r\\n\\r\\n\\r\\n\\r\\n\\r\\n\\r\\n\\r\\n\\r\\n\\r\\n\\r\\n\\r\\n\\r\\n\\r\\n\\r\\n\\r\\n\\r\\n\\r\\n\\r\\n\\r\\n\\r\\n\\r\\n\\r\\n\\r\\n\\r\\n\\r\\n\\r\\n\\r\\n\\r\\n\\r\\n<p><span class=\\\"gray\\\">Industry<\\/span><\\/p>\\r\\n\\r\\n\\r\\n\\r\\n\\r\\n\\r\\n\\r\\n\\r\\n\\r\\n\\r\\n\\r\\n\\r\\n\\r\\n\\r\\n\\r\\n\\r\\n\\r\\n\\r\\n\\r\\n\\r\\n\\r\\n\\r\\n\\r\\n\\r\\n\\r\\n\\r\\n\\r\\n\\r\\n\\r\\n\\r\\n\\r\\n\\r\\n\\r\\n\\r\\n\\r\\n\\r\\n\\r\\n\\r\\n\\r\\n\\r\\n\\r\\n\\r\\n\\r\\n\\r\\n\\r\\n\\r\\n\\r\\n\\r\\n<p class=\\\"h3 caps\\\">starbucks<br>microsoft<\\/p>\",\"rightColumn\":\"<p>Industry<br><\\/p>\\r\\n\\r\\n<p class=\\\"h3 caps\\\">starbucks<br>microsoft<br>amazon<\\/p>\\r\\n\\r\\n\\r\\n\\r\\n\\r\\n\\r\\n\\r\\n\\r\\n\\r\\n\\r\\n\\r\\n\\r\\n\\r\\n\\r\\n\\r\\n\\r\\n\\r\\n\\r\\n\\r\\n\\r\\n\\r\\n\\r\\n\\r\\n\\r\\n\\r\\n\\r\\n\\r\\n\\r\\n\\r\\n\\r\\n\\r\\n\\r\\n\\r\\n\\r\\n\\r\\n\\r\\n\\r\\n\\r\\n\\r\\n\\r\\n\\r\\n\\r\\n\\r\\n\\r\\n\\r\\n\\r\\n\\r\\n\\r\\n<p><span class=\\\"gray\\\">Industry<\\/span><\\/p>\\r\\n\\r\\n\\r\\n\\r\\n\\r\\n\\r\\n\\r\\n\\r\\n\\r\\n\\r\\n\\r\\n\\r\\n\\r\\n\\r\\n\\r\\n\\r\\n\\r\\n\\r\\n\\r\\n\\r\\n\\r\\n\\r\\n\\r\\n\\r\\n\\r\\n\\r\\n\\r\\n\\r\\n\\r\\n\\r\\n\\r\\n\\r\\n\\r\\n\\r\\n\\r\\n\\r\\n\\r\\n\\r\\n\\r\\n\\r\\n\\r\\n\\r\\n\\r\\n\\r\\n\\r\\n\\r\\n\\r\\n\\r\\n<p class=\\\"h3 caps\\\">teague<br>nike<br>starbucks<br>microsoft<br>amazon<br>aiga<br>nordstrom<br>teague<br>nike<\\/p>\\r\\n\\r\\n\\r\\n\\r\\n\\r\\n\\r\\n\\r\\n\\r\\n\\r\\n\\r\\n\\r\\n\\r\\n\\r\\n\\r\\n\\r\\n\\r\\n\\r\\n\\r\\n\\r\\n\\r\\n\\r\\n\\r\\n\\r\\n\\r\\n\\r\\n\\r\\n\\r\\n\\r\\n\\r\\n\\r\\n\\r\\n\\r\\n\\r\\n\\r\\n\\r\\n\\r\\n\\r\\n\\r\\n\\r\\n\\r\\n\\r\\n\\r\\n\\r\\n\\r\\n\\r\\n\\r\\n\\r\\n\\r\\n<p><span class=\\\"gray\\\"><br><\\/span><\\/p>\\r\\n\\r\\n\\r\\n\\r\\n\\r\\n\\r\\n\\r\\n\\r\\n\\r\\n\\r\\n\\r\\n\\r\\n\\r\\n\\r\\n\\r\\n\\r\\n\\r\\n\\r\\n\\r\\n\\r\\n\\r\\n\\r\\n\\r\\n\\r\\n\\r\\n\\r\\n\\r\\n\\r\\n\\r\\n\\r\\n\\r\\n\\r\\n\\r\\n\\r\\n\\r\\n\\r\\n\\r\\n\\r\\n\\r\\n\\r\\n\\r\\n\\r\\n\\r\\n\\r\\n\\r\\n\\r\\n<p><span class=\\\"gray\\\">Industry<\\/span><\\/p>\\r\\n\\r\\n\\r\\n\\r\\n\\r\\n\\r\\n\\r\\n\\r\\n\\r\\n\\r\\n\\r\\n\\r\\n\\r\\n\\r\\n\\r\\n\\r\\n\\r\\n\\r\\n\\r\\n\\r\\n\\r\\n\\r\\n\\r\\n\\r\\n\\r\\n\\r\\n\\r\\n\\r\\n\\r\\n\\r\\n\\r\\n\\r\\n\\r\\n\\r\\n\\r\\n\\r\\n\\r\\n\\r\\n\\r\\n\\r\\n\\r\\n\\r\\n\\r\\n\\r\\n\\r\\n\\r\\n\\r\\n\\r\\n<p class=\\\"h3 caps\\\">starbucks<br>microsoft<\\/p>\",\"verticalSpacingLevel\":\"vertical-spacing-1\"}}},\"47\":\"<p>08\\/2016 &mdash; IdN Magazine v23n2<\\/p>\\r\\n\\r\\n<p>06\\/2016 &mdash; Communication Arts Design Annual 2016<\\/p>\\r\\n\\r\\n\\r\\n\\r\\n\\r\\n\\r\\n\\r\\n\\r\\n\\r\\n\\r\\n\\r\\n\\r\\n\\r\\n\\r\\n\\r\\n\\r\\n\\r\\n\\r\\n\\r\\n\\r\\n\\r\\n\\r\\n\\r\\n\\r\\n\\r\\n\\r\\n\\r\\n\\r\\n\\r\\n\\r\\n\\r\\n\\r\\n\\r\\n\\r\\n\\r\\n\\r\\n\\r\\n\\r\\n\\r\\n\\r\\n\\r\\n\\r\\n<p>05\\/2016 &mdash; PRINT Magazine Regional Design Annual 2016<\\/p>\\r\\n\\r\\n\\r\\n\\r\\n\\r\\n\\r\\n\\r\\n\\r\\n\\r\\n\\r\\n\\r\\n\\r\\n\\r\\n\\r\\n\\r\\n\\r\\n\\r\\n\\r\\n\\r\\n\\r\\n\\r\\n\\r\\n\\r\\n\\r\\n\\r\\n\\r\\n\\r\\n\\r\\n\\r\\n\\r\\n\\r\\n\\r\\n\\r\\n\\r\\n\\r\\n\\r\\n\\r\\n\\r\\n\\r\\n\\r\\n\\r\\n\\r\\n<p>03\\/2016 &mdash; Communication Arts Design Annual 2015<\\/p>\\r\\n\\r\\n\\r\\n\\r\\n\\r\\n\\r\\n\\r\\n\\r\\n\\r\\n\\r\\n\\r\\n\\r\\n\\r\\n\\r\\n\\r\\n\\r\\n\\r\\n\\r\\n\\r\\n\\r\\n\\r\\n\\r\\n\\r\\n\\r\\n\\r\\n\\r\\n\\r\\n\\r\\n\\r\\n\\r\\n\\r\\n\\r\\n\\r\\n\\r\\n\\r\\n\\r\\n\\r\\n\\r\\n\\r\\n\\r\\n\\r\\n\\r\\n<p>02\\/2016 &mdash; IdN Magazine v23n2<\\/p>\\r\\n\\r\\n\\r\\n\\r\\n\\r\\n\\r\\n\\r\\n\\r\\n\\r\\n\\r\\n\\r\\n\\r\\n\\r\\n\\r\\n\\r\\n\\r\\n\\r\\n\\r\\n\\r\\n\\r\\n\\r\\n\\r\\n\\r\\n\\r\\n\\r\\n\\r\\n\\r\\n\\r\\n\\r\\n\\r\\n\\r\\n\\r\\n\\r\\n\\r\\n\\r\\n\\r\\n\\r\\n\\r\\n\\r\\n\\r\\n\\r\\n\\r\\n<p>12\\/2015 &mdash; Communication Arts Design Annual 2016<\\/p>\\r\\n\\r\\n\\r\\n\\r\\n\\r\\n\\r\\n\\r\\n\\r\\n\\r\\n\\r\\n\\r\\n\\r\\n\\r\\n\\r\\n\\r\\n\\r\\n\\r\\n\\r\\n\\r\\n\\r\\n\\r\\n\\r\\n\\r\\n\\r\\n\\r\\n\\r\\n\\r\\n\\r\\n\\r\\n\\r\\n\\r\\n\\r\\n\\r\\n\\r\\n\\r\\n\\r\\n\\r\\n\\r\\n\\r\\n\\r\\n\\r\\n\\r\\n<p>10\\/2015 &mdash; PRINT Magazine Regional Design Annual 2016<\\/p>\\r\\n\\r\\n\\r\\n\\r\\n\\r\\n\\r\\n\\r\\n\\r\\n\\r\\n\\r\\n\\r\\n\\r\\n\\r\\n\\r\\n\\r\\n\\r\\n\\r\\n\\r\\n\\r\\n\\r\\n\\r\\n\\r\\n\\r\\n\\r\\n\\r\\n\\r\\n\\r\\n\\r\\n\\r\\n\\r\\n\\r\\n\\r\\n\\r\\n\\r\\n\\r\\n\\r\\n\\r\\n\\r\\n\\r\\n\\r\\n\\r\\n\\r\\n<p>10\\/2015 &mdash; Communication Arts Design Annual 2015<\\/p>\\r\\n\\r\\n\\r\\n\\r\\n\\r\\n\\r\\n\\r\\n\\r\\n\\r\\n\\r\\n\\r\\n\\r\\n\\r\\n\\r\\n\\r\\n\\r\\n\\r\\n\\r\\n\\r\\n\\r\\n\\r\\n\\r\\n\\r\\n\\r\\n\\r\\n\\r\\n\\r\\n\\r\\n\\r\\n\\r\\n\\r\\n\\r\\n\\r\\n\\r\\n\\r\\n\\r\\n\\r\\n\\r\\n\\r\\n\\r\\n\\r\\n\\r\\n<p>06\\/2015 &mdash; PRINT Magazine Regional Design Annual 2016<\\/p>\\r\\n\\r\\n\\r\\n\\r\\n\\r\\n\\r\\n\\r\\n\\r\\n\\r\\n\\r\\n\\r\\n\\r\\n\\r\\n\\r\\n\\r\\n\\r\\n\\r\\n\\r\\n\\r\\n\\r\\n\\r\\n\\r\\n\\r\\n\\r\\n\\r\\n\\r\\n\\r\\n\\r\\n\\r\\n\\r\\n\\r\\n\\r\\n\\r\\n\\r\\n\\r\\n\\r\\n\\r\\n\\r\\n\\r\\n\\r\\n\\r\\n\\r\\n<p>02\\/2015 &mdash; Communication Arts Design Annual 2015<\\/p>\",\"44\":\"MEET\\r\\nOUR\\r\\nTALENTED\\r\\nTEAM\"}}', '2016-11-21 20:18:49', '2016-11-21 20:18:49', 'f2288700-1f5f-48fe-8783-8726e14e738c'),
 ('238', '101', '10', '46', 'en_us', '26', '', '{\"typeId\":\"11\",\"authorId\":null,\"title\":\"Studio\",\"slug\":\"studio\",\"postDate\":1478129954,\"expiryDate\":null,\"enabled\":1,\"parentId\":null,\"fields\":{\"48\":{\"102\":{\"type\":\"1\",\"fields\":{\"backgroundImage\":[\"97\"],\"backgroundColor\":\"#000000\",\"linkUrl\":\"\\/contact\",\"header\":\"Drop \\r\\nus \\r\\na \\r\\nline\",\"subtext\":\"Contact Us\",\"fontColor\":\"#efefef\"}}},\"45\":\"<p class=\\\"large\\\">Born in 2004<\\/p>\",\"46\":\"<p class=\\\"large\\\">We are a full-service creative agency with offices in Seattle and Portland. A dedicated team of designers, strategists, developers and account specialists, we create highly-crafted brand experiences that clarify purpose, encourage action, and inspire brand loyalty. We\\u2019d love to get to know you and help tell your story.&nbsp;<\\/p>\",\"10\":{\"103\":{\"type\":\"carousel\",\"enabled\":\"1\",\"fields\":{\"images\":[\"48\",\"49\",\"50\"],\"verticalSpacingLevel\":\"vertical-spacing-2\"}},\"104\":{\"type\":\"twoColumnContent\",\"enabled\":\"1\",\"fields\":{\"backgroundColor\":\"#000000\",\"leftColumn\":\"<p class=\\\"h3 med\\\"><span class=\\\"white\\\">STYLE<br>IS A<br>SIMPLE<br>WAY<br>OF<br>SAYING<br>COMPLEX<br>THINGS<br><\\/span>&mdash;JEAN<br>COCTEAU<\\/p>\",\"rightColumn\":\"<p class=\\\"large\\\"><span class=\\\"white\\\"><span><\\/span>Style is Not a&nbsp;4-letter Word<span><\\/span><\\/span><\\/p>\\r\\n\\r\\n<p class=\\\"large\\\"><span class=\\\"white\\\"><span><\\/span>In our experience, the brands that are the most magnetic are those which project distinct, memorable and charismatic personalities. These brands place equal emphasis on what they say and how they say it. Some design purists might say that style is merely artificial decoration that should be avoided in favor of logic&mdash;\\u201cform follows function\\u201d and all that. Don\\u2019t get us wrong, we\\u2019re not proponents of style for its own sake, or as ornament applied after an idea has already been defined. Rather, we employ style as an integral and strategic component of our brand-development process. At its best, style can be that magical something about a company or product that pulls people in and transcends the logical. So, to us, style is not a 4-letter word. On the contrary, we embrace it, harnessing its power to cut through the clutter.&nbsp;<\\/span><\\/p>\\r\\n\\r\\n\\r\\n\\r\\n\\r\\n\\r\\n<p class=\\\"large\\\"><span class=\\\"white\\\">And besides, \\u201cstyle\\u201d has five letters.<\\/span><\\/p>\",\"verticalSpacingLevel\":\"vertical-spacing-2\"}},\"106\":{\"type\":\"twoColumnContent\",\"enabled\":\"1\",\"fields\":{\"backgroundColor\":\"#000000\",\"leftColumn\":\"<p class=\\\"large\\\"><span class=\\\"white\\\">We Do<\\/span><\\/p>\",\"rightColumn\":\"<p class=\\\"h2 caps\\\"><a href=\\\"http:\\/\\/turnstyle.studio\\/strategy#entry:55:url\\\">Strategy<\\/a><br><a href=\\\"http:\\/\\/turnstyle.studio\\/identity#entry:56:url\\\">Identity<\\/a><br>Digital<br>Print<br>Packaging<br>Environment<\\/p>\",\"verticalSpacingLevel\":\"vertical-spacing-2\"}},\"107\":{\"type\":\"twoColumnContent\",\"enabled\":\"1\",\"fields\":{\"backgroundColor\":\"#ffffff\",\"leftColumn\":\"<p class=\\\"h3 caps\\\">our<br>clients<br>&<br>industries<\\/p>\\r\\n\\r\\n<p class=\\\"h3 caps\\\"><\\/p>\",\"rightColumn\":\"\",\"verticalSpacingLevel\":\"vertical-spacing-1\"}},\"108\":{\"type\":\"twoColumnContent\",\"enabled\":\"1\",\"fields\":{\"backgroundColor\":\"#ffffff\",\"leftColumn\":\"<p><span class=\\\"gray\\\">Industry<\\/span><\\/p>\\r\\n\\r\\n<p class=\\\"h3 caps\\\">teague<br>nike<br>starbucks<br>microsoft<br>amazon<br>aiga<br>nordstrom<br>teague<br>nike<\\/p>\\r\\n\\r\\n\\r\\n\\r\\n\\r\\n\\r\\n\\r\\n\\r\\n\\r\\n\\r\\n\\r\\n\\r\\n\\r\\n\\r\\n\\r\\n\\r\\n\\r\\n\\r\\n\\r\\n\\r\\n\\r\\n\\r\\n\\r\\n\\r\\n\\r\\n\\r\\n\\r\\n\\r\\n\\r\\n\\r\\n\\r\\n\\r\\n\\r\\n\\r\\n\\r\\n\\r\\n\\r\\n\\r\\n\\r\\n\\r\\n\\r\\n\\r\\n\\r\\n\\r\\n\\r\\n\\r\\n\\r\\n\\r\\n\\r\\n\\r\\n<p><span class=\\\"gray\\\">Industry<\\/span><\\/p>\\r\\n\\r\\n\\r\\n\\r\\n\\r\\n\\r\\n\\r\\n\\r\\n\\r\\n\\r\\n\\r\\n\\r\\n\\r\\n\\r\\n\\r\\n\\r\\n\\r\\n\\r\\n\\r\\n\\r\\n\\r\\n\\r\\n\\r\\n\\r\\n\\r\\n\\r\\n\\r\\n\\r\\n\\r\\n\\r\\n\\r\\n\\r\\n\\r\\n\\r\\n\\r\\n\\r\\n\\r\\n\\r\\n\\r\\n\\r\\n\\r\\n\\r\\n\\r\\n\\r\\n\\r\\n\\r\\n\\r\\n\\r\\n\\r\\n\\r\\n<p class=\\\"h3 caps\\\">starbucks<br>microsoft<br>amazon<\\/p>\\r\\n\\r\\n\\r\\n\\r\\n\\r\\n\\r\\n\\r\\n\\r\\n\\r\\n\\r\\n\\r\\n\\r\\n\\r\\n\\r\\n\\r\\n\\r\\n\\r\\n\\r\\n\\r\\n\\r\\n\\r\\n\\r\\n\\r\\n\\r\\n\\r\\n\\r\\n\\r\\n\\r\\n\\r\\n\\r\\n\\r\\n\\r\\n\\r\\n\\r\\n\\r\\n\\r\\n\\r\\n\\r\\n\\r\\n\\r\\n\\r\\n\\r\\n\\r\\n\\r\\n\\r\\n\\r\\n\\r\\n\\r\\n\\r\\n\\r\\n<p><span class=\\\"gray\\\">Industry<\\/span><\\/p>\\r\\n\\r\\n\\r\\n\\r\\n\\r\\n\\r\\n\\r\\n\\r\\n\\r\\n\\r\\n\\r\\n\\r\\n\\r\\n\\r\\n\\r\\n\\r\\n\\r\\n\\r\\n\\r\\n\\r\\n\\r\\n\\r\\n\\r\\n\\r\\n\\r\\n\\r\\n\\r\\n\\r\\n\\r\\n\\r\\n\\r\\n\\r\\n\\r\\n\\r\\n\\r\\n\\r\\n\\r\\n\\r\\n\\r\\n\\r\\n\\r\\n\\r\\n\\r\\n\\r\\n\\r\\n\\r\\n\\r\\n\\r\\n\\r\\n\\r\\n<p class=\\\"h3 caps\\\">starbucks<br>microsoft<\\/p>\",\"rightColumn\":\"<p>Industry<br><\\/p>\\r\\n\\r\\n<p class=\\\"h3 caps\\\">starbucks<br>microsoft<br>amazon<\\/p>\\r\\n\\r\\n\\r\\n\\r\\n\\r\\n\\r\\n\\r\\n\\r\\n\\r\\n\\r\\n\\r\\n\\r\\n\\r\\n\\r\\n\\r\\n\\r\\n\\r\\n\\r\\n\\r\\n\\r\\n\\r\\n\\r\\n\\r\\n\\r\\n\\r\\n\\r\\n\\r\\n\\r\\n\\r\\n\\r\\n\\r\\n\\r\\n\\r\\n\\r\\n\\r\\n\\r\\n\\r\\n\\r\\n\\r\\n\\r\\n\\r\\n\\r\\n\\r\\n\\r\\n\\r\\n\\r\\n\\r\\n\\r\\n\\r\\n\\r\\n<p><span class=\\\"gray\\\">Industry<\\/span><\\/p>\\r\\n\\r\\n\\r\\n\\r\\n\\r\\n\\r\\n\\r\\n\\r\\n\\r\\n\\r\\n\\r\\n\\r\\n\\r\\n\\r\\n\\r\\n\\r\\n\\r\\n\\r\\n\\r\\n\\r\\n\\r\\n\\r\\n\\r\\n\\r\\n\\r\\n\\r\\n\\r\\n\\r\\n\\r\\n\\r\\n\\r\\n\\r\\n\\r\\n\\r\\n\\r\\n\\r\\n\\r\\n\\r\\n\\r\\n\\r\\n\\r\\n\\r\\n\\r\\n\\r\\n\\r\\n\\r\\n\\r\\n\\r\\n\\r\\n\\r\\n<p class=\\\"h3 caps\\\">teague<br>nike<br>starbucks<br>microsoft<br>amazon<br>aiga<br>nordstrom<br>teague<br>nike<\\/p>\\r\\n\\r\\n\\r\\n\\r\\n\\r\\n\\r\\n\\r\\n\\r\\n\\r\\n\\r\\n\\r\\n\\r\\n\\r\\n\\r\\n\\r\\n\\r\\n\\r\\n\\r\\n\\r\\n\\r\\n\\r\\n\\r\\n\\r\\n\\r\\n\\r\\n\\r\\n\\r\\n\\r\\n\\r\\n\\r\\n\\r\\n\\r\\n\\r\\n\\r\\n\\r\\n\\r\\n\\r\\n\\r\\n\\r\\n\\r\\n\\r\\n\\r\\n\\r\\n\\r\\n\\r\\n\\r\\n\\r\\n\\r\\n\\r\\n\\r\\n<p><span class=\\\"gray\\\"><br><\\/span><\\/p>\\r\\n\\r\\n\\r\\n\\r\\n\\r\\n\\r\\n\\r\\n\\r\\n\\r\\n\\r\\n\\r\\n\\r\\n\\r\\n\\r\\n\\r\\n\\r\\n\\r\\n\\r\\n\\r\\n\\r\\n\\r\\n\\r\\n\\r\\n\\r\\n\\r\\n\\r\\n\\r\\n\\r\\n\\r\\n\\r\\n\\r\\n\\r\\n\\r\\n\\r\\n\\r\\n\\r\\n\\r\\n\\r\\n\\r\\n\\r\\n\\r\\n\\r\\n\\r\\n\\r\\n\\r\\n\\r\\n\\r\\n\\r\\n<p><span class=\\\"gray\\\">Industry<\\/span><\\/p>\\r\\n\\r\\n\\r\\n\\r\\n\\r\\n\\r\\n\\r\\n\\r\\n\\r\\n\\r\\n\\r\\n\\r\\n\\r\\n\\r\\n\\r\\n\\r\\n\\r\\n\\r\\n\\r\\n\\r\\n\\r\\n\\r\\n\\r\\n\\r\\n\\r\\n\\r\\n\\r\\n\\r\\n\\r\\n\\r\\n\\r\\n\\r\\n\\r\\n\\r\\n\\r\\n\\r\\n\\r\\n\\r\\n\\r\\n\\r\\n\\r\\n\\r\\n\\r\\n\\r\\n\\r\\n\\r\\n\\r\\n\\r\\n\\r\\n\\r\\n<p class=\\\"h3 caps\\\">starbucks<br>microsoft<\\/p>\",\"verticalSpacingLevel\":\"vertical-spacing-1\"}}},\"47\":\"<p>08\\/2016 &mdash; IdN Magazine v23n2<\\/p>\\r\\n\\r\\n<p>06\\/2016 &mdash; Communication Arts Design Annual 2016<\\/p>\\r\\n\\r\\n\\r\\n\\r\\n\\r\\n\\r\\n\\r\\n\\r\\n\\r\\n\\r\\n\\r\\n\\r\\n\\r\\n\\r\\n\\r\\n\\r\\n\\r\\n\\r\\n\\r\\n\\r\\n\\r\\n\\r\\n\\r\\n\\r\\n\\r\\n\\r\\n\\r\\n\\r\\n\\r\\n\\r\\n\\r\\n\\r\\n\\r\\n\\r\\n\\r\\n\\r\\n\\r\\n\\r\\n\\r\\n\\r\\n\\r\\n\\r\\n\\r\\n\\r\\n<p>05\\/2016 &mdash; PRINT Magazine Regional Design Annual 2016<\\/p>\\r\\n\\r\\n\\r\\n\\r\\n\\r\\n\\r\\n\\r\\n\\r\\n\\r\\n\\r\\n\\r\\n\\r\\n\\r\\n\\r\\n\\r\\n\\r\\n\\r\\n\\r\\n\\r\\n\\r\\n\\r\\n\\r\\n\\r\\n\\r\\n\\r\\n\\r\\n\\r\\n\\r\\n\\r\\n\\r\\n\\r\\n\\r\\n\\r\\n\\r\\n\\r\\n\\r\\n\\r\\n\\r\\n\\r\\n\\r\\n\\r\\n\\r\\n\\r\\n\\r\\n<p>03\\/2016 &mdash; Communication Arts Design Annual 2015<\\/p>\\r\\n\\r\\n\\r\\n\\r\\n\\r\\n\\r\\n\\r\\n\\r\\n\\r\\n\\r\\n\\r\\n\\r\\n\\r\\n\\r\\n\\r\\n\\r\\n\\r\\n\\r\\n\\r\\n\\r\\n\\r\\n\\r\\n\\r\\n\\r\\n\\r\\n\\r\\n\\r\\n\\r\\n\\r\\n\\r\\n\\r\\n\\r\\n\\r\\n\\r\\n\\r\\n\\r\\n\\r\\n\\r\\n\\r\\n\\r\\n\\r\\n\\r\\n\\r\\n\\r\\n<p>02\\/2016 &mdash; IdN Magazine v23n2<\\/p>\\r\\n\\r\\n\\r\\n\\r\\n\\r\\n\\r\\n\\r\\n\\r\\n\\r\\n\\r\\n\\r\\n\\r\\n\\r\\n\\r\\n\\r\\n\\r\\n\\r\\n\\r\\n\\r\\n\\r\\n\\r\\n\\r\\n\\r\\n\\r\\n\\r\\n\\r\\n\\r\\n\\r\\n\\r\\n\\r\\n\\r\\n\\r\\n\\r\\n\\r\\n\\r\\n\\r\\n\\r\\n\\r\\n\\r\\n\\r\\n\\r\\n\\r\\n\\r\\n\\r\\n<p>12\\/2015 &mdash; Communication Arts Design Annual 2016<\\/p>\\r\\n\\r\\n\\r\\n\\r\\n\\r\\n\\r\\n\\r\\n\\r\\n\\r\\n\\r\\n\\r\\n\\r\\n\\r\\n\\r\\n\\r\\n\\r\\n\\r\\n\\r\\n\\r\\n\\r\\n\\r\\n\\r\\n\\r\\n\\r\\n\\r\\n\\r\\n\\r\\n\\r\\n\\r\\n\\r\\n\\r\\n\\r\\n\\r\\n\\r\\n\\r\\n\\r\\n\\r\\n\\r\\n\\r\\n\\r\\n\\r\\n\\r\\n\\r\\n\\r\\n<p>10\\/2015 &mdash; PRINT Magazine Regional Design Annual 2016<\\/p>\\r\\n\\r\\n\\r\\n\\r\\n\\r\\n\\r\\n\\r\\n\\r\\n\\r\\n\\r\\n\\r\\n\\r\\n\\r\\n\\r\\n\\r\\n\\r\\n\\r\\n\\r\\n\\r\\n\\r\\n\\r\\n\\r\\n\\r\\n\\r\\n\\r\\n\\r\\n\\r\\n\\r\\n\\r\\n\\r\\n\\r\\n\\r\\n\\r\\n\\r\\n\\r\\n\\r\\n\\r\\n\\r\\n\\r\\n\\r\\n\\r\\n\\r\\n\\r\\n\\r\\n<p>10\\/2015 &mdash; Communication Arts Design Annual 2015<\\/p>\\r\\n\\r\\n\\r\\n\\r\\n\\r\\n\\r\\n\\r\\n\\r\\n\\r\\n\\r\\n\\r\\n\\r\\n\\r\\n\\r\\n\\r\\n\\r\\n\\r\\n\\r\\n\\r\\n\\r\\n\\r\\n\\r\\n\\r\\n\\r\\n\\r\\n\\r\\n\\r\\n\\r\\n\\r\\n\\r\\n\\r\\n\\r\\n\\r\\n\\r\\n\\r\\n\\r\\n\\r\\n\\r\\n\\r\\n\\r\\n\\r\\n\\r\\n\\r\\n\\r\\n<p>06\\/2015 &mdash; PRINT Magazine Regional Design Annual 2016<\\/p>\\r\\n\\r\\n\\r\\n\\r\\n\\r\\n\\r\\n\\r\\n\\r\\n\\r\\n\\r\\n\\r\\n\\r\\n\\r\\n\\r\\n\\r\\n\\r\\n\\r\\n\\r\\n\\r\\n\\r\\n\\r\\n\\r\\n\\r\\n\\r\\n\\r\\n\\r\\n\\r\\n\\r\\n\\r\\n\\r\\n\\r\\n\\r\\n\\r\\n\\r\\n\\r\\n\\r\\n\\r\\n\\r\\n\\r\\n\\r\\n\\r\\n\\r\\n\\r\\n\\r\\n<p>02\\/2015 &mdash; Communication Arts Design Annual 2015<\\/p>\",\"44\":\"MEET\\r\\nOUR\\r\\nTALENTED\\r\\nTEAM\"}}', '2016-11-21 20:19:56', '2016-11-21 20:19:56', 'c676c9c6-f67e-49a2-a430-5fa4f2f6759f'),
 ('239', '101', '10', '46', 'en_us', '27', '', '{\"typeId\":\"11\",\"authorId\":null,\"title\":\"Studio\",\"slug\":\"studio\",\"postDate\":1478129954,\"expiryDate\":null,\"enabled\":1,\"parentId\":null,\"fields\":{\"48\":{\"102\":{\"type\":\"1\",\"fields\":{\"backgroundImage\":[\"97\"],\"backgroundColor\":\"#000000\",\"linkUrl\":\"\\/contact\",\"header\":\"Drop \\r\\nus \\r\\na \\r\\nline\",\"subtext\":\"Contact Us\",\"fontColor\":\"#efefef\"}}},\"45\":\"<p class=\\\"large\\\">Born in 2004<\\/p>\",\"46\":\"<p class=\\\"large\\\">We are a full-service creative agency with offices in Seattle and Portland. A dedicated team of designers, strategists, developers and account specialists, we create highly-crafted brand experiences that clarify purpose, encourage action, and inspire brand loyalty. We\\u2019d love to get to know you and help tell your story.&nbsp;<\\/p>\",\"10\":{\"103\":{\"type\":\"carousel\",\"enabled\":\"1\",\"fields\":{\"images\":[\"48\",\"49\",\"50\"],\"verticalSpacingLevel\":\"vertical-spacing-2\"}},\"104\":{\"type\":\"twoColumnContent\",\"enabled\":\"1\",\"fields\":{\"backgroundColor\":\"#000000\",\"leftColumn\":\"<p class=\\\"h3 med\\\"><span class=\\\"white\\\">STYLE<br>IS A<br>SIMPLE<br>WAY<br>OF<br>SAYING<br>COMPLEX<br>THINGS<br><\\/span><span class=\\\"blue\\\">&mdash;JEAN<br>COCTEAU<\\/span><\\/p>\",\"rightColumn\":\"<p class=\\\"large\\\"><span class=\\\"white\\\"><span><\\/span>Style is Not a&nbsp;4-letter Word<span><\\/span><\\/span><\\/p>\\r\\n\\r\\n<p class=\\\"large\\\"><span class=\\\"white\\\"><span><\\/span>In our experience, the brands that are the most magnetic are those which project distinct, memorable and charismatic personalities. These brands place equal emphasis on what they say and how they say it. Some design purists might say that style is merely artificial decoration that should be avoided in favor of logic&mdash;\\u201cform follows function\\u201d and all that. Don\\u2019t get us wrong, we\\u2019re not proponents of style for its own sake, or as ornament applied after an idea has already been defined. Rather, we employ style as an integral and strategic component of our brand-development process. At its best, style can be that magical something about a company or product that pulls people in and transcends the logical. So, to us, style is not a 4-letter word. On the contrary, we embrace it, harnessing its power to cut through the clutter.&nbsp;<\\/span><\\/p>\\r\\n\\r\\n\\r\\n\\r\\n\\r\\n\\r\\n\\r\\n\\r\\n<p class=\\\"large\\\"><span class=\\\"white\\\">And besides, \\u201cstyle\\u201d has five letters.<\\/span><\\/p>\",\"verticalSpacingLevel\":\"vertical-spacing-2\"}},\"106\":{\"type\":\"twoColumnContent\",\"enabled\":\"1\",\"fields\":{\"backgroundColor\":\"#000000\",\"leftColumn\":\"<p class=\\\"large\\\"><span class=\\\"white\\\">We Do<\\/span><\\/p>\",\"rightColumn\":\"<p class=\\\"h2 caps\\\"><a href=\\\"http:\\/\\/turnstyle.studio\\/strategy#entry:55:url\\\">Strategy<\\/a><br><a href=\\\"http:\\/\\/turnstyle.studio\\/identity#entry:56:url\\\">Identity<\\/a><br>Digital<br>Print<br>Packaging<br>Environment<\\/p>\",\"verticalSpacingLevel\":\"vertical-spacing-2\"}},\"107\":{\"type\":\"twoColumnContent\",\"enabled\":\"1\",\"fields\":{\"backgroundColor\":\"#ffffff\",\"leftColumn\":\"<p class=\\\"h3 caps\\\">our<br>clients<br>&<br>industries<\\/p>\\r\\n\\r\\n<p class=\\\"h3 caps\\\"><\\/p>\",\"rightColumn\":\"\",\"verticalSpacingLevel\":\"vertical-spacing-1\"}},\"108\":{\"type\":\"twoColumnContent\",\"enabled\":\"1\",\"fields\":{\"backgroundColor\":\"#ffffff\",\"leftColumn\":\"<p><span class=\\\"gray\\\">Industry<\\/span><\\/p>\\r\\n\\r\\n<p class=\\\"h3 caps\\\">teague<br>nike<br>starbucks<br>microsoft<br>amazon<br>aiga<br>nordstrom<br>teague<br>nike<\\/p>\\r\\n\\r\\n\\r\\n\\r\\n\\r\\n\\r\\n\\r\\n\\r\\n\\r\\n\\r\\n\\r\\n\\r\\n\\r\\n\\r\\n\\r\\n\\r\\n\\r\\n\\r\\n\\r\\n\\r\\n\\r\\n\\r\\n\\r\\n\\r\\n\\r\\n\\r\\n\\r\\n\\r\\n\\r\\n\\r\\n\\r\\n\\r\\n\\r\\n\\r\\n\\r\\n\\r\\n\\r\\n\\r\\n\\r\\n\\r\\n\\r\\n\\r\\n\\r\\n\\r\\n\\r\\n\\r\\n\\r\\n\\r\\n\\r\\n\\r\\n\\r\\n\\r\\n<p><span class=\\\"gray\\\">Industry<\\/span><\\/p>\\r\\n\\r\\n\\r\\n\\r\\n\\r\\n\\r\\n\\r\\n\\r\\n\\r\\n\\r\\n\\r\\n\\r\\n\\r\\n\\r\\n\\r\\n\\r\\n\\r\\n\\r\\n\\r\\n\\r\\n\\r\\n\\r\\n\\r\\n\\r\\n\\r\\n\\r\\n\\r\\n\\r\\n\\r\\n\\r\\n\\r\\n\\r\\n\\r\\n\\r\\n\\r\\n\\r\\n\\r\\n\\r\\n\\r\\n\\r\\n\\r\\n\\r\\n\\r\\n\\r\\n\\r\\n\\r\\n\\r\\n\\r\\n\\r\\n\\r\\n\\r\\n\\r\\n<p class=\\\"h3 caps\\\">starbucks<br>microsoft<br>amazon<\\/p>\\r\\n\\r\\n\\r\\n\\r\\n\\r\\n\\r\\n\\r\\n\\r\\n\\r\\n\\r\\n\\r\\n\\r\\n\\r\\n\\r\\n\\r\\n\\r\\n\\r\\n\\r\\n\\r\\n\\r\\n\\r\\n\\r\\n\\r\\n\\r\\n\\r\\n\\r\\n\\r\\n\\r\\n\\r\\n\\r\\n\\r\\n\\r\\n\\r\\n\\r\\n\\r\\n\\r\\n\\r\\n\\r\\n\\r\\n\\r\\n\\r\\n\\r\\n\\r\\n\\r\\n\\r\\n\\r\\n\\r\\n\\r\\n\\r\\n\\r\\n\\r\\n\\r\\n<p><span class=\\\"gray\\\">Industry<\\/span><\\/p>\\r\\n\\r\\n\\r\\n\\r\\n\\r\\n\\r\\n\\r\\n\\r\\n\\r\\n\\r\\n\\r\\n\\r\\n\\r\\n\\r\\n\\r\\n\\r\\n\\r\\n\\r\\n\\r\\n\\r\\n\\r\\n\\r\\n\\r\\n\\r\\n\\r\\n\\r\\n\\r\\n\\r\\n\\r\\n\\r\\n\\r\\n\\r\\n\\r\\n\\r\\n\\r\\n\\r\\n\\r\\n\\r\\n\\r\\n\\r\\n\\r\\n\\r\\n\\r\\n\\r\\n\\r\\n\\r\\n\\r\\n\\r\\n\\r\\n\\r\\n\\r\\n\\r\\n<p class=\\\"h3 caps\\\">starbucks<br>microsoft<\\/p>\",\"rightColumn\":\"<p>Industry<br><\\/p>\\r\\n\\r\\n<p class=\\\"h3 caps\\\">starbucks<br>microsoft<br>amazon<\\/p>\\r\\n\\r\\n\\r\\n\\r\\n\\r\\n\\r\\n\\r\\n\\r\\n\\r\\n\\r\\n\\r\\n\\r\\n\\r\\n\\r\\n\\r\\n\\r\\n\\r\\n\\r\\n\\r\\n\\r\\n\\r\\n\\r\\n\\r\\n\\r\\n\\r\\n\\r\\n\\r\\n\\r\\n\\r\\n\\r\\n\\r\\n\\r\\n\\r\\n\\r\\n\\r\\n\\r\\n\\r\\n\\r\\n\\r\\n\\r\\n\\r\\n\\r\\n\\r\\n\\r\\n\\r\\n\\r\\n\\r\\n\\r\\n\\r\\n\\r\\n\\r\\n\\r\\n<p><span class=\\\"gray\\\">Industry<\\/span><\\/p>\\r\\n\\r\\n\\r\\n\\r\\n\\r\\n\\r\\n\\r\\n\\r\\n\\r\\n\\r\\n\\r\\n\\r\\n\\r\\n\\r\\n\\r\\n\\r\\n\\r\\n\\r\\n\\r\\n\\r\\n\\r\\n\\r\\n\\r\\n\\r\\n\\r\\n\\r\\n\\r\\n\\r\\n\\r\\n\\r\\n\\r\\n\\r\\n\\r\\n\\r\\n\\r\\n\\r\\n\\r\\n\\r\\n\\r\\n\\r\\n\\r\\n\\r\\n\\r\\n\\r\\n\\r\\n\\r\\n\\r\\n\\r\\n\\r\\n\\r\\n\\r\\n\\r\\n<p class=\\\"h3 caps\\\">teague<br>nike<br>starbucks<br>microsoft<br>amazon<br>aiga<br>nordstrom<br>teague<br>nike<\\/p>\\r\\n\\r\\n\\r\\n\\r\\n\\r\\n\\r\\n\\r\\n\\r\\n\\r\\n\\r\\n\\r\\n\\r\\n\\r\\n\\r\\n\\r\\n\\r\\n\\r\\n\\r\\n\\r\\n\\r\\n\\r\\n\\r\\n\\r\\n\\r\\n\\r\\n\\r\\n\\r\\n\\r\\n\\r\\n\\r\\n\\r\\n\\r\\n\\r\\n\\r\\n\\r\\n\\r\\n\\r\\n\\r\\n\\r\\n\\r\\n\\r\\n\\r\\n\\r\\n\\r\\n\\r\\n\\r\\n\\r\\n\\r\\n\\r\\n\\r\\n\\r\\n\\r\\n<p><span class=\\\"gray\\\"><br><\\/span><\\/p>\\r\\n\\r\\n\\r\\n\\r\\n\\r\\n\\r\\n\\r\\n\\r\\n\\r\\n\\r\\n\\r\\n\\r\\n\\r\\n\\r\\n\\r\\n\\r\\n\\r\\n\\r\\n\\r\\n\\r\\n\\r\\n\\r\\n\\r\\n\\r\\n\\r\\n\\r\\n\\r\\n\\r\\n\\r\\n\\r\\n\\r\\n\\r\\n\\r\\n\\r\\n\\r\\n\\r\\n\\r\\n\\r\\n\\r\\n\\r\\n\\r\\n\\r\\n\\r\\n\\r\\n\\r\\n\\r\\n\\r\\n\\r\\n\\r\\n\\r\\n<p><span class=\\\"gray\\\">Industry<\\/span><\\/p>\\r\\n\\r\\n\\r\\n\\r\\n\\r\\n\\r\\n\\r\\n\\r\\n\\r\\n\\r\\n\\r\\n\\r\\n\\r\\n\\r\\n\\r\\n\\r\\n\\r\\n\\r\\n\\r\\n\\r\\n\\r\\n\\r\\n\\r\\n\\r\\n\\r\\n\\r\\n\\r\\n\\r\\n\\r\\n\\r\\n\\r\\n\\r\\n\\r\\n\\r\\n\\r\\n\\r\\n\\r\\n\\r\\n\\r\\n\\r\\n\\r\\n\\r\\n\\r\\n\\r\\n\\r\\n\\r\\n\\r\\n\\r\\n\\r\\n\\r\\n\\r\\n\\r\\n<p class=\\\"h3 caps\\\">starbucks<br>microsoft<\\/p>\",\"verticalSpacingLevel\":\"vertical-spacing-1\"}}},\"47\":\"<p>08\\/2016 &mdash; IdN Magazine v23n2<\\/p>\\r\\n\\r\\n<p>06\\/2016 &mdash; Communication Arts Design Annual 2016<\\/p>\\r\\n\\r\\n\\r\\n\\r\\n\\r\\n\\r\\n\\r\\n\\r\\n\\r\\n\\r\\n\\r\\n\\r\\n\\r\\n\\r\\n\\r\\n\\r\\n\\r\\n\\r\\n\\r\\n\\r\\n\\r\\n\\r\\n\\r\\n\\r\\n\\r\\n\\r\\n\\r\\n\\r\\n\\r\\n\\r\\n\\r\\n\\r\\n\\r\\n\\r\\n\\r\\n\\r\\n\\r\\n\\r\\n\\r\\n\\r\\n\\r\\n\\r\\n\\r\\n\\r\\n\\r\\n\\r\\n<p>05\\/2016 &mdash; PRINT Magazine Regional Design Annual 2016<\\/p>\\r\\n\\r\\n\\r\\n\\r\\n\\r\\n\\r\\n\\r\\n\\r\\n\\r\\n\\r\\n\\r\\n\\r\\n\\r\\n\\r\\n\\r\\n\\r\\n\\r\\n\\r\\n\\r\\n\\r\\n\\r\\n\\r\\n\\r\\n\\r\\n\\r\\n\\r\\n\\r\\n\\r\\n\\r\\n\\r\\n\\r\\n\\r\\n\\r\\n\\r\\n\\r\\n\\r\\n\\r\\n\\r\\n\\r\\n\\r\\n\\r\\n\\r\\n\\r\\n\\r\\n\\r\\n\\r\\n<p>03\\/2016 &mdash; Communication Arts Design Annual 2015<\\/p>\\r\\n\\r\\n\\r\\n\\r\\n\\r\\n\\r\\n\\r\\n\\r\\n\\r\\n\\r\\n\\r\\n\\r\\n\\r\\n\\r\\n\\r\\n\\r\\n\\r\\n\\r\\n\\r\\n\\r\\n\\r\\n\\r\\n\\r\\n\\r\\n\\r\\n\\r\\n\\r\\n\\r\\n\\r\\n\\r\\n\\r\\n\\r\\n\\r\\n\\r\\n\\r\\n\\r\\n\\r\\n\\r\\n\\r\\n\\r\\n\\r\\n\\r\\n\\r\\n\\r\\n\\r\\n\\r\\n<p>02\\/2016 &mdash; IdN Magazine v23n2<\\/p>\\r\\n\\r\\n\\r\\n\\r\\n\\r\\n\\r\\n\\r\\n\\r\\n\\r\\n\\r\\n\\r\\n\\r\\n\\r\\n\\r\\n\\r\\n\\r\\n\\r\\n\\r\\n\\r\\n\\r\\n\\r\\n\\r\\n\\r\\n\\r\\n\\r\\n\\r\\n\\r\\n\\r\\n\\r\\n\\r\\n\\r\\n\\r\\n\\r\\n\\r\\n\\r\\n\\r\\n\\r\\n\\r\\n\\r\\n\\r\\n\\r\\n\\r\\n\\r\\n\\r\\n\\r\\n\\r\\n<p>12\\/2015 &mdash; Communication Arts Design Annual 2016<\\/p>\\r\\n\\r\\n\\r\\n\\r\\n\\r\\n\\r\\n\\r\\n\\r\\n\\r\\n\\r\\n\\r\\n\\r\\n\\r\\n\\r\\n\\r\\n\\r\\n\\r\\n\\r\\n\\r\\n\\r\\n\\r\\n\\r\\n\\r\\n\\r\\n\\r\\n\\r\\n\\r\\n\\r\\n\\r\\n\\r\\n\\r\\n\\r\\n\\r\\n\\r\\n\\r\\n\\r\\n\\r\\n\\r\\n\\r\\n\\r\\n\\r\\n\\r\\n\\r\\n\\r\\n\\r\\n\\r\\n<p>10\\/2015 &mdash; PRINT Magazine Regional Design Annual 2016<\\/p>\\r\\n\\r\\n\\r\\n\\r\\n\\r\\n\\r\\n\\r\\n\\r\\n\\r\\n\\r\\n\\r\\n\\r\\n\\r\\n\\r\\n\\r\\n\\r\\n\\r\\n\\r\\n\\r\\n\\r\\n\\r\\n\\r\\n\\r\\n\\r\\n\\r\\n\\r\\n\\r\\n\\r\\n\\r\\n\\r\\n\\r\\n\\r\\n\\r\\n\\r\\n\\r\\n\\r\\n\\r\\n\\r\\n\\r\\n\\r\\n\\r\\n\\r\\n\\r\\n\\r\\n\\r\\n\\r\\n<p>10\\/2015 &mdash; Communication Arts Design Annual 2015<\\/p>\\r\\n\\r\\n\\r\\n\\r\\n\\r\\n\\r\\n\\r\\n\\r\\n\\r\\n\\r\\n\\r\\n\\r\\n\\r\\n\\r\\n\\r\\n\\r\\n\\r\\n\\r\\n\\r\\n\\r\\n\\r\\n\\r\\n\\r\\n\\r\\n\\r\\n\\r\\n\\r\\n\\r\\n\\r\\n\\r\\n\\r\\n\\r\\n\\r\\n\\r\\n\\r\\n\\r\\n\\r\\n\\r\\n\\r\\n\\r\\n\\r\\n\\r\\n\\r\\n\\r\\n\\r\\n\\r\\n<p>06\\/2015 &mdash; PRINT Magazine Regional Design Annual 2016<\\/p>\\r\\n\\r\\n\\r\\n\\r\\n\\r\\n\\r\\n\\r\\n\\r\\n\\r\\n\\r\\n\\r\\n\\r\\n\\r\\n\\r\\n\\r\\n\\r\\n\\r\\n\\r\\n\\r\\n\\r\\n\\r\\n\\r\\n\\r\\n\\r\\n\\r\\n\\r\\n\\r\\n\\r\\n\\r\\n\\r\\n\\r\\n\\r\\n\\r\\n\\r\\n\\r\\n\\r\\n\\r\\n\\r\\n\\r\\n\\r\\n\\r\\n\\r\\n\\r\\n\\r\\n\\r\\n\\r\\n<p>02\\/2015 &mdash; Communication Arts Design Annual 2015<\\/p>\",\"44\":\"MEET\\r\\nOUR\\r\\nTALENTED\\r\\nTEAM\"}}', '2016-11-21 20:20:38', '2016-11-21 20:20:38', '9d048bc3-2f0f-4e63-888d-c57bb63156dc'),
 ('240', '101', '10', '46', 'en_us', '28', '', '{\"typeId\":\"11\",\"authorId\":null,\"title\":\"Studio\",\"slug\":\"studio\",\"postDate\":1478129954,\"expiryDate\":null,\"enabled\":1,\"parentId\":null,\"fields\":{\"48\":{\"102\":{\"type\":\"1\",\"fields\":{\"backgroundImage\":[\"97\"],\"backgroundColor\":\"#000000\",\"linkUrl\":\"\\/contact\",\"header\":\"Drop \\r\\nus \\r\\na \\r\\nline\",\"subtext\":\"Contact Us\",\"fontColor\":\"#efefef\"}}},\"45\":\"<p class=\\\"large\\\">Born in 2004<\\/p>\",\"46\":\"<p class=\\\"large\\\">We are a full-service creative agency with offices in Seattle and Portland. A dedicated team of designers, strategists, developers and account specialists, we create highly-crafted brand experiences that clarify purpose, encourage action, and inspire brand loyalty. We\\u2019d love to get to know you and help tell your story.&nbsp;<\\/p>\",\"10\":{\"103\":{\"type\":\"carousel\",\"enabled\":\"1\",\"fields\":{\"images\":[\"48\",\"49\",\"50\"],\"verticalSpacingLevel\":\"vertical-spacing-2\"}},\"104\":{\"type\":\"twoColumnContent\",\"enabled\":\"1\",\"fields\":{\"backgroundColor\":\"#000000\",\"leftColumn\":\"<p class=\\\"h3 med\\\"><span class=\\\"white\\\">STYLE<br>IS A<br>SIMPLE<br>WAY<br>OF<br>SAYING<br>COMPLEX<br>THINGS<br><\\/span><span class=\\\"blue\\\">&mdash;JEAN<br>COCTEAU<\\/span><\\/p>\",\"rightColumn\":\"<p class=\\\"large\\\"><span class=\\\"white\\\"><span><\\/span>Style is Not a&nbsp;4-letter Word<span><\\/span><\\/span><\\/p>\\r\\n\\r\\n<p class=\\\"large\\\"><span class=\\\"white\\\"><span><\\/span>In our experience, the brands that are the most magnetic are those which project distinct, memorable and charismatic personalities. These brands place equal emphasis on what they say and how they say it. Some design purists might say that style is merely artificial decoration that should be avoided in favor of logic&mdash;\\u201cform follows function\\u201d and all that. Don\\u2019t get us wrong, we\\u2019re not proponents of style for its own sake, or as ornament applied after an idea has already been defined. Rather, we employ style as an integral and strategic component of our brand-development process. At its best, style can be that magical something about a company or product that pulls people in and transcends the logical. So, to us, style is not a 4-letter word. On the contrary, we embrace it, harnessing its power to cut through the clutter.&nbsp;<\\/span><\\/p>\\r\\n\\r\\n\\r\\n\\r\\n\\r\\n\\r\\n\\r\\n\\r\\n\\r\\n\\r\\n<p class=\\\"large\\\"><span class=\\\"white\\\">And besides, \\u201cstyle\\u201d has five letters.<\\/span><\\/p>\",\"verticalSpacingLevel\":\"vertical-spacing-2\"}},\"106\":{\"type\":\"twoColumnContent\",\"enabled\":\"1\",\"fields\":{\"backgroundColor\":\"#000000\",\"leftColumn\":\"<p class=\\\"large\\\"><span class=\\\"white\\\">We Do<\\/span><\\/p>\",\"rightColumn\":\"<p class=\\\"h2 caps white\\\"><a href=\\\"http:\\/\\/turnstyle.studio\\/strategy\\\">Strategy<\\/a><br><a href=\\\"http:\\/\\/turnstyle.studio\\/identity#entry:56:url\\\">Identity<\\/a><br>Digital<br>Print<br>Packaging<br>Environment<\\/p>\\r\\n\",\"verticalSpacingLevel\":\"vertical-spacing-2\"}},\"107\":{\"type\":\"twoColumnContent\",\"enabled\":\"1\",\"fields\":{\"backgroundColor\":\"#ffffff\",\"leftColumn\":\"<p class=\\\"h3 caps\\\">our<br>clients<br>&<br>industries<\\/p>\\r\\n\\r\\n<p class=\\\"h3 caps\\\"><\\/p>\",\"rightColumn\":\"\",\"verticalSpacingLevel\":\"vertical-spacing-1\"}},\"108\":{\"type\":\"twoColumnContent\",\"enabled\":\"1\",\"fields\":{\"backgroundColor\":\"#ffffff\",\"leftColumn\":\"<p><span class=\\\"gray\\\">Industry<\\/span><\\/p>\\r\\n\\r\\n<p class=\\\"h3 caps\\\">teague<br>nike<br>starbucks<br>microsoft<br>amazon<br>aiga<br>nordstrom<br>teague<br>nike<\\/p>\\r\\n\\r\\n\\r\\n\\r\\n\\r\\n\\r\\n\\r\\n\\r\\n\\r\\n\\r\\n\\r\\n\\r\\n\\r\\n\\r\\n\\r\\n\\r\\n\\r\\n\\r\\n\\r\\n\\r\\n\\r\\n\\r\\n\\r\\n\\r\\n\\r\\n\\r\\n\\r\\n\\r\\n\\r\\n\\r\\n\\r\\n\\r\\n\\r\\n\\r\\n\\r\\n\\r\\n\\r\\n\\r\\n\\r\\n\\r\\n\\r\\n\\r\\n\\r\\n\\r\\n\\r\\n\\r\\n\\r\\n\\r\\n\\r\\n\\r\\n\\r\\n\\r\\n\\r\\n\\r\\n<p><span class=\\\"gray\\\">Industry<\\/span><\\/p>\\r\\n\\r\\n\\r\\n\\r\\n\\r\\n\\r\\n\\r\\n\\r\\n\\r\\n\\r\\n\\r\\n\\r\\n\\r\\n\\r\\n\\r\\n\\r\\n\\r\\n\\r\\n\\r\\n\\r\\n\\r\\n\\r\\n\\r\\n\\r\\n\\r\\n\\r\\n\\r\\n\\r\\n\\r\\n\\r\\n\\r\\n\\r\\n\\r\\n\\r\\n\\r\\n\\r\\n\\r\\n\\r\\n\\r\\n\\r\\n\\r\\n\\r\\n\\r\\n\\r\\n\\r\\n\\r\\n\\r\\n\\r\\n\\r\\n\\r\\n\\r\\n\\r\\n\\r\\n\\r\\n<p class=\\\"h3 caps\\\">starbucks<br>microsoft<br>amazon<\\/p>\\r\\n\\r\\n\\r\\n\\r\\n\\r\\n\\r\\n\\r\\n\\r\\n\\r\\n\\r\\n\\r\\n\\r\\n\\r\\n\\r\\n\\r\\n\\r\\n\\r\\n\\r\\n\\r\\n\\r\\n\\r\\n\\r\\n\\r\\n\\r\\n\\r\\n\\r\\n\\r\\n\\r\\n\\r\\n\\r\\n\\r\\n\\r\\n\\r\\n\\r\\n\\r\\n\\r\\n\\r\\n\\r\\n\\r\\n\\r\\n\\r\\n\\r\\n\\r\\n\\r\\n\\r\\n\\r\\n\\r\\n\\r\\n\\r\\n\\r\\n\\r\\n\\r\\n\\r\\n\\r\\n<p><span class=\\\"gray\\\">Industry<\\/span><\\/p>\\r\\n\\r\\n\\r\\n\\r\\n\\r\\n\\r\\n\\r\\n\\r\\n\\r\\n\\r\\n\\r\\n\\r\\n\\r\\n\\r\\n\\r\\n\\r\\n\\r\\n\\r\\n\\r\\n\\r\\n\\r\\n\\r\\n\\r\\n\\r\\n\\r\\n\\r\\n\\r\\n\\r\\n\\r\\n\\r\\n\\r\\n\\r\\n\\r\\n\\r\\n\\r\\n\\r\\n\\r\\n\\r\\n\\r\\n\\r\\n\\r\\n\\r\\n\\r\\n\\r\\n\\r\\n\\r\\n\\r\\n\\r\\n\\r\\n\\r\\n\\r\\n\\r\\n\\r\\n\\r\\n<p class=\\\"h3 caps\\\">starbucks<br>microsoft<\\/p>\",\"rightColumn\":\"<p>Industry<br><\\/p>\\r\\n\\r\\n<p class=\\\"h3 caps\\\">starbucks<br>microsoft<br>amazon<\\/p>\\r\\n\\r\\n\\r\\n\\r\\n\\r\\n\\r\\n\\r\\n\\r\\n\\r\\n\\r\\n\\r\\n\\r\\n\\r\\n\\r\\n\\r\\n\\r\\n\\r\\n\\r\\n\\r\\n\\r\\n\\r\\n\\r\\n\\r\\n\\r\\n\\r\\n\\r\\n\\r\\n\\r\\n\\r\\n\\r\\n\\r\\n\\r\\n\\r\\n\\r\\n\\r\\n\\r\\n\\r\\n\\r\\n\\r\\n\\r\\n\\r\\n\\r\\n\\r\\n\\r\\n\\r\\n\\r\\n\\r\\n\\r\\n\\r\\n\\r\\n\\r\\n\\r\\n\\r\\n\\r\\n<p><span class=\\\"gray\\\">Industry<\\/span><\\/p>\\r\\n\\r\\n\\r\\n\\r\\n\\r\\n\\r\\n\\r\\n\\r\\n\\r\\n\\r\\n\\r\\n\\r\\n\\r\\n\\r\\n\\r\\n\\r\\n\\r\\n\\r\\n\\r\\n\\r\\n\\r\\n\\r\\n\\r\\n\\r\\n\\r\\n\\r\\n\\r\\n\\r\\n\\r\\n\\r\\n\\r\\n\\r\\n\\r\\n\\r\\n\\r\\n\\r\\n\\r\\n\\r\\n\\r\\n\\r\\n\\r\\n\\r\\n\\r\\n\\r\\n\\r\\n\\r\\n\\r\\n\\r\\n\\r\\n\\r\\n\\r\\n\\r\\n\\r\\n\\r\\n<p class=\\\"h3 caps\\\">teague<br>nike<br>starbucks<br>microsoft<br>amazon<br>aiga<br>nordstrom<br>teague<br>nike<\\/p>\\r\\n\\r\\n\\r\\n\\r\\n\\r\\n\\r\\n\\r\\n\\r\\n\\r\\n\\r\\n\\r\\n\\r\\n\\r\\n\\r\\n\\r\\n\\r\\n\\r\\n\\r\\n\\r\\n\\r\\n\\r\\n\\r\\n\\r\\n\\r\\n\\r\\n\\r\\n\\r\\n\\r\\n\\r\\n\\r\\n\\r\\n\\r\\n\\r\\n\\r\\n\\r\\n\\r\\n\\r\\n\\r\\n\\r\\n\\r\\n\\r\\n\\r\\n\\r\\n\\r\\n\\r\\n\\r\\n\\r\\n\\r\\n\\r\\n\\r\\n\\r\\n\\r\\n\\r\\n\\r\\n<p><span class=\\\"gray\\\"><br><\\/span><\\/p>\\r\\n\\r\\n\\r\\n\\r\\n\\r\\n\\r\\n\\r\\n\\r\\n\\r\\n\\r\\n\\r\\n\\r\\n\\r\\n\\r\\n\\r\\n\\r\\n\\r\\n\\r\\n\\r\\n\\r\\n\\r\\n\\r\\n\\r\\n\\r\\n\\r\\n\\r\\n\\r\\n\\r\\n\\r\\n\\r\\n\\r\\n\\r\\n\\r\\n\\r\\n\\r\\n\\r\\n\\r\\n\\r\\n\\r\\n\\r\\n\\r\\n\\r\\n\\r\\n\\r\\n\\r\\n\\r\\n\\r\\n\\r\\n\\r\\n\\r\\n\\r\\n\\r\\n<p><span class=\\\"gray\\\">Industry<\\/span><\\/p>\\r\\n\\r\\n\\r\\n\\r\\n\\r\\n\\r\\n\\r\\n\\r\\n\\r\\n\\r\\n\\r\\n\\r\\n\\r\\n\\r\\n\\r\\n\\r\\n\\r\\n\\r\\n\\r\\n\\r\\n\\r\\n\\r\\n\\r\\n\\r\\n\\r\\n\\r\\n\\r\\n\\r\\n\\r\\n\\r\\n\\r\\n\\r\\n\\r\\n\\r\\n\\r\\n\\r\\n\\r\\n\\r\\n\\r\\n\\r\\n\\r\\n\\r\\n\\r\\n\\r\\n\\r\\n\\r\\n\\r\\n\\r\\n\\r\\n\\r\\n\\r\\n\\r\\n\\r\\n\\r\\n<p class=\\\"h3 caps\\\">starbucks<br>microsoft<\\/p>\",\"verticalSpacingLevel\":\"vertical-spacing-1\"}}},\"47\":\"<p>08\\/2016 &mdash; IdN Magazine v23n2<\\/p>\\r\\n\\r\\n<p>06\\/2016 &mdash; Communication Arts Design Annual 2016<\\/p>\\r\\n\\r\\n\\r\\n\\r\\n\\r\\n\\r\\n\\r\\n\\r\\n\\r\\n\\r\\n\\r\\n\\r\\n\\r\\n\\r\\n\\r\\n\\r\\n\\r\\n\\r\\n\\r\\n\\r\\n\\r\\n\\r\\n\\r\\n\\r\\n\\r\\n\\r\\n\\r\\n\\r\\n\\r\\n\\r\\n\\r\\n\\r\\n\\r\\n\\r\\n\\r\\n\\r\\n\\r\\n\\r\\n\\r\\n\\r\\n\\r\\n\\r\\n\\r\\n\\r\\n\\r\\n\\r\\n\\r\\n\\r\\n<p>05\\/2016 &mdash; PRINT Magazine Regional Design Annual 2016<\\/p>\\r\\n\\r\\n\\r\\n\\r\\n\\r\\n\\r\\n\\r\\n\\r\\n\\r\\n\\r\\n\\r\\n\\r\\n\\r\\n\\r\\n\\r\\n\\r\\n\\r\\n\\r\\n\\r\\n\\r\\n\\r\\n\\r\\n\\r\\n\\r\\n\\r\\n\\r\\n\\r\\n\\r\\n\\r\\n\\r\\n\\r\\n\\r\\n\\r\\n\\r\\n\\r\\n\\r\\n\\r\\n\\r\\n\\r\\n\\r\\n\\r\\n\\r\\n\\r\\n\\r\\n\\r\\n\\r\\n\\r\\n\\r\\n<p>03\\/2016 &mdash; Communication Arts Design Annual 2015<\\/p>\\r\\n\\r\\n\\r\\n\\r\\n\\r\\n\\r\\n\\r\\n\\r\\n\\r\\n\\r\\n\\r\\n\\r\\n\\r\\n\\r\\n\\r\\n\\r\\n\\r\\n\\r\\n\\r\\n\\r\\n\\r\\n\\r\\n\\r\\n\\r\\n\\r\\n\\r\\n\\r\\n\\r\\n\\r\\n\\r\\n\\r\\n\\r\\n\\r\\n\\r\\n\\r\\n\\r\\n\\r\\n\\r\\n\\r\\n\\r\\n\\r\\n\\r\\n\\r\\n\\r\\n\\r\\n\\r\\n\\r\\n\\r\\n<p>02\\/2016 &mdash; IdN Magazine v23n2<\\/p>\\r\\n\\r\\n\\r\\n\\r\\n\\r\\n\\r\\n\\r\\n\\r\\n\\r\\n\\r\\n\\r\\n\\r\\n\\r\\n\\r\\n\\r\\n\\r\\n\\r\\n\\r\\n\\r\\n\\r\\n\\r\\n\\r\\n\\r\\n\\r\\n\\r\\n\\r\\n\\r\\n\\r\\n\\r\\n\\r\\n\\r\\n\\r\\n\\r\\n\\r\\n\\r\\n\\r\\n\\r\\n\\r\\n\\r\\n\\r\\n\\r\\n\\r\\n\\r\\n\\r\\n\\r\\n\\r\\n\\r\\n\\r\\n<p>12\\/2015 &mdash; Communication Arts Design Annual 2016<\\/p>\\r\\n\\r\\n\\r\\n\\r\\n\\r\\n\\r\\n\\r\\n\\r\\n\\r\\n\\r\\n\\r\\n\\r\\n\\r\\n\\r\\n\\r\\n\\r\\n\\r\\n\\r\\n\\r\\n\\r\\n\\r\\n\\r\\n\\r\\n\\r\\n\\r\\n\\r\\n\\r\\n\\r\\n\\r\\n\\r\\n\\r\\n\\r\\n\\r\\n\\r\\n\\r\\n\\r\\n\\r\\n\\r\\n\\r\\n\\r\\n\\r\\n\\r\\n\\r\\n\\r\\n\\r\\n\\r\\n\\r\\n\\r\\n<p>10\\/2015 &mdash; PRINT Magazine Regional Design Annual 2016<\\/p>\\r\\n\\r\\n\\r\\n\\r\\n\\r\\n\\r\\n\\r\\n\\r\\n\\r\\n\\r\\n\\r\\n\\r\\n\\r\\n\\r\\n\\r\\n\\r\\n\\r\\n\\r\\n\\r\\n\\r\\n\\r\\n\\r\\n\\r\\n\\r\\n\\r\\n\\r\\n\\r\\n\\r\\n\\r\\n\\r\\n\\r\\n\\r\\n\\r\\n\\r\\n\\r\\n\\r\\n\\r\\n\\r\\n\\r\\n\\r\\n\\r\\n\\r\\n\\r\\n\\r\\n\\r\\n\\r\\n\\r\\n\\r\\n<p>10\\/2015 &mdash; Communication Arts Design Annual 2015<\\/p>\\r\\n\\r\\n\\r\\n\\r\\n\\r\\n\\r\\n\\r\\n\\r\\n\\r\\n\\r\\n\\r\\n\\r\\n\\r\\n\\r\\n\\r\\n\\r\\n\\r\\n\\r\\n\\r\\n\\r\\n\\r\\n\\r\\n\\r\\n\\r\\n\\r\\n\\r\\n\\r\\n\\r\\n\\r\\n\\r\\n\\r\\n\\r\\n\\r\\n\\r\\n\\r\\n\\r\\n\\r\\n\\r\\n\\r\\n\\r\\n\\r\\n\\r\\n\\r\\n\\r\\n\\r\\n\\r\\n\\r\\n\\r\\n<p>06\\/2015 &mdash; PRINT Magazine Regional Design Annual 2016<\\/p>\\r\\n\\r\\n\\r\\n\\r\\n\\r\\n\\r\\n\\r\\n\\r\\n\\r\\n\\r\\n\\r\\n\\r\\n\\r\\n\\r\\n\\r\\n\\r\\n\\r\\n\\r\\n\\r\\n\\r\\n\\r\\n\\r\\n\\r\\n\\r\\n\\r\\n\\r\\n\\r\\n\\r\\n\\r\\n\\r\\n\\r\\n\\r\\n\\r\\n\\r\\n\\r\\n\\r\\n\\r\\n\\r\\n\\r\\n\\r\\n\\r\\n\\r\\n\\r\\n\\r\\n\\r\\n\\r\\n\\r\\n\\r\\n<p>02\\/2015 &mdash; Communication Arts Design Annual 2015<\\/p>\",\"44\":\"MEET\\r\\nOUR\\r\\nTALENTED\\r\\nTEAM\"}}', '2016-11-21 20:33:03', '2016-11-21 20:33:03', '79f0f440-7a8d-4700-8678-79e28b34b7d4'),
 ('241', '101', '10', '46', 'en_us', '29', '', '{\"typeId\":\"11\",\"authorId\":null,\"title\":\"Studio\",\"slug\":\"studio\",\"postDate\":1478129954,\"expiryDate\":null,\"enabled\":1,\"parentId\":null,\"fields\":{\"48\":{\"102\":{\"type\":\"1\",\"fields\":{\"backgroundImage\":[\"97\"],\"backgroundColor\":\"#000000\",\"linkUrl\":\"\\/contact\",\"header\":\"Drop \\r\\nus \\r\\na \\r\\nline\",\"subtext\":\"Contact Us\",\"fontColor\":\"#efefef\"}}},\"45\":\"<p class=\\\"large\\\">Born in 2004<\\/p>\",\"46\":\"<p class=\\\"large\\\">We are a full-service creative agency with offices in Seattle and Portland. A dedicated team of designers, strategists, developers and account specialists, we create highly-crafted brand experiences that clarify purpose, encourage action, and inspire brand loyalty. We\\u2019d love to get to know you and help tell your story.&nbsp;<\\/p>\",\"10\":{\"103\":{\"type\":\"carousel\",\"enabled\":\"1\",\"fields\":{\"images\":[\"159\",\"158\",\"160\"],\"verticalSpacingLevel\":\"vertical-spacing-2\"}},\"104\":{\"type\":\"twoColumnContent\",\"enabled\":\"1\",\"fields\":{\"backgroundColor\":\"#000000\",\"leftColumn\":\"<p class=\\\"h3 med\\\"><span class=\\\"white\\\">STYLE<br>IS A<br>SIMPLE<br>WAY<br>OF<br>SAYING<br>COMPLEX<br>THINGS<br><\\/span><span class=\\\"blue\\\">&mdash;JEAN<br>COCTEAU<\\/span><\\/p>\",\"rightColumn\":\"<p class=\\\"large\\\"><span class=\\\"white\\\"><span><\\/span>Style is Not a&nbsp;4-letter Word<span><\\/span><\\/span><\\/p>\\r\\n\\r\\n<p class=\\\"large\\\"><span class=\\\"white\\\"><span><\\/span>In our experience, the brands that are the most magnetic are those which project distinct, memorable and charismatic personalities. These brands place equal emphasis on what they say and how they say it. Some design purists might say that style is merely artificial decoration that should be avoided in favor of logic&mdash;\\u201cform follows function\\u201d and all that. Don\\u2019t get us wrong, we\\u2019re not proponents of style for its own sake, or as ornament applied after an idea has already been defined. Rather, we employ style as an integral and strategic component of our brand-development process. At its best, style can be that magical something about a company or product that pulls people in and transcends the logical. So, to us, style is not a 4-letter word. On the contrary, we embrace it, harnessing its power to cut through the clutter.&nbsp;<\\/span><\\/p>\\r\\n\\r\\n\\r\\n\\r\\n\\r\\n\\r\\n\\r\\n\\r\\n\\r\\n\\r\\n\\r\\n\\r\\n<p class=\\\"large\\\"><span class=\\\"white\\\">And besides, \\u201cstyle\\u201d has five letters.<\\/span><\\/p>\",\"verticalSpacingLevel\":\"vertical-spacing-2\"}},\"106\":{\"type\":\"twoColumnContent\",\"enabled\":\"1\",\"fields\":{\"backgroundColor\":\"#000000\",\"leftColumn\":\"<p class=\\\"large\\\"><span class=\\\"white\\\">We Do<\\/span><\\/p>\",\"rightColumn\":\"<p class=\\\"h2 caps white\\\"><a href=\\\"http:\\/\\/turnstyle.studio\\/strategy\\\">Strategy<\\/a><br><a href=\\\"http:\\/\\/turnstyle.studio\\/identity#entry:56:url\\\">Identity<\\/a><br>Digital<br>Print<br>Packaging<br>Environment<\\/p>\",\"verticalSpacingLevel\":\"vertical-spacing-2\"}},\"107\":{\"type\":\"twoColumnContent\",\"enabled\":\"1\",\"fields\":{\"backgroundColor\":\"#ffffff\",\"leftColumn\":\"<p class=\\\"h3 caps\\\">our<br>clients<br>&<br>industries<\\/p>\\r\\n\\r\\n<p class=\\\"h3 caps\\\"><\\/p>\",\"rightColumn\":\"\",\"verticalSpacingLevel\":\"vertical-spacing-1\"}},\"108\":{\"type\":\"twoColumnContent\",\"enabled\":\"1\",\"fields\":{\"backgroundColor\":\"#ffffff\",\"leftColumn\":\"<p><span class=\\\"gray\\\">Industry<\\/span><\\/p>\\r\\n\\r\\n<p class=\\\"h3 caps\\\">teague<br>nike<br>starbucks<br>microsoft<br>amazon<br>aiga<br>nordstrom<br>teague<br>nike<\\/p>\\r\\n\\r\\n\\r\\n\\r\\n\\r\\n\\r\\n\\r\\n\\r\\n\\r\\n\\r\\n\\r\\n\\r\\n\\r\\n\\r\\n\\r\\n\\r\\n\\r\\n\\r\\n\\r\\n\\r\\n\\r\\n\\r\\n\\r\\n\\r\\n\\r\\n\\r\\n\\r\\n\\r\\n\\r\\n\\r\\n\\r\\n\\r\\n\\r\\n\\r\\n\\r\\n\\r\\n\\r\\n\\r\\n\\r\\n\\r\\n\\r\\n\\r\\n\\r\\n\\r\\n\\r\\n\\r\\n\\r\\n\\r\\n\\r\\n\\r\\n\\r\\n\\r\\n\\r\\n\\r\\n\\r\\n\\r\\n<p><span class=\\\"gray\\\">Industry<\\/span><\\/p>\\r\\n\\r\\n\\r\\n\\r\\n\\r\\n\\r\\n\\r\\n\\r\\n\\r\\n\\r\\n\\r\\n\\r\\n\\r\\n\\r\\n\\r\\n\\r\\n\\r\\n\\r\\n\\r\\n\\r\\n\\r\\n\\r\\n\\r\\n\\r\\n\\r\\n\\r\\n\\r\\n\\r\\n\\r\\n\\r\\n\\r\\n\\r\\n\\r\\n\\r\\n\\r\\n\\r\\n\\r\\n\\r\\n\\r\\n\\r\\n\\r\\n\\r\\n\\r\\n\\r\\n\\r\\n\\r\\n\\r\\n\\r\\n\\r\\n\\r\\n\\r\\n\\r\\n\\r\\n\\r\\n\\r\\n\\r\\n<p class=\\\"h3 caps\\\">starbucks<br>microsoft<br>amazon<\\/p>\\r\\n\\r\\n\\r\\n\\r\\n\\r\\n\\r\\n\\r\\n\\r\\n\\r\\n\\r\\n\\r\\n\\r\\n\\r\\n\\r\\n\\r\\n\\r\\n\\r\\n\\r\\n\\r\\n\\r\\n\\r\\n\\r\\n\\r\\n\\r\\n\\r\\n\\r\\n\\r\\n\\r\\n\\r\\n\\r\\n\\r\\n\\r\\n\\r\\n\\r\\n\\r\\n\\r\\n\\r\\n\\r\\n\\r\\n\\r\\n\\r\\n\\r\\n\\r\\n\\r\\n\\r\\n\\r\\n\\r\\n\\r\\n\\r\\n\\r\\n\\r\\n\\r\\n\\r\\n\\r\\n\\r\\n\\r\\n<p><span class=\\\"gray\\\">Industry<\\/span><\\/p>\\r\\n\\r\\n\\r\\n\\r\\n\\r\\n\\r\\n\\r\\n\\r\\n\\r\\n\\r\\n\\r\\n\\r\\n\\r\\n\\r\\n\\r\\n\\r\\n\\r\\n\\r\\n\\r\\n\\r\\n\\r\\n\\r\\n\\r\\n\\r\\n\\r\\n\\r\\n\\r\\n\\r\\n\\r\\n\\r\\n\\r\\n\\r\\n\\r\\n\\r\\n\\r\\n\\r\\n\\r\\n\\r\\n\\r\\n\\r\\n\\r\\n\\r\\n\\r\\n\\r\\n\\r\\n\\r\\n\\r\\n\\r\\n\\r\\n\\r\\n\\r\\n\\r\\n\\r\\n\\r\\n\\r\\n\\r\\n<p class=\\\"h3 caps\\\">starbucks<br>microsoft<\\/p>\",\"rightColumn\":\"<p>Industry<br><\\/p>\\r\\n\\r\\n<p class=\\\"h3 caps\\\">starbucks<br>microsoft<br>amazon<\\/p>\\r\\n\\r\\n\\r\\n\\r\\n\\r\\n\\r\\n\\r\\n\\r\\n\\r\\n\\r\\n\\r\\n\\r\\n\\r\\n\\r\\n\\r\\n\\r\\n\\r\\n\\r\\n\\r\\n\\r\\n\\r\\n\\r\\n\\r\\n\\r\\n\\r\\n\\r\\n\\r\\n\\r\\n\\r\\n\\r\\n\\r\\n\\r\\n\\r\\n\\r\\n\\r\\n\\r\\n\\r\\n\\r\\n\\r\\n\\r\\n\\r\\n\\r\\n\\r\\n\\r\\n\\r\\n\\r\\n\\r\\n\\r\\n\\r\\n\\r\\n\\r\\n\\r\\n\\r\\n\\r\\n\\r\\n\\r\\n<p><span class=\\\"gray\\\">Industry<\\/span><\\/p>\\r\\n\\r\\n\\r\\n\\r\\n\\r\\n\\r\\n\\r\\n\\r\\n\\r\\n\\r\\n\\r\\n\\r\\n\\r\\n\\r\\n\\r\\n\\r\\n\\r\\n\\r\\n\\r\\n\\r\\n\\r\\n\\r\\n\\r\\n\\r\\n\\r\\n\\r\\n\\r\\n\\r\\n\\r\\n\\r\\n\\r\\n\\r\\n\\r\\n\\r\\n\\r\\n\\r\\n\\r\\n\\r\\n\\r\\n\\r\\n\\r\\n\\r\\n\\r\\n\\r\\n\\r\\n\\r\\n\\r\\n\\r\\n\\r\\n\\r\\n\\r\\n\\r\\n\\r\\n\\r\\n\\r\\n\\r\\n<p class=\\\"h3 caps\\\">teague<br>nike<br>starbucks<br>microsoft<br>amazon<br>aiga<br>nordstrom<br>teague<br>nike<\\/p>\\r\\n\\r\\n\\r\\n\\r\\n\\r\\n\\r\\n\\r\\n\\r\\n\\r\\n\\r\\n\\r\\n\\r\\n\\r\\n\\r\\n\\r\\n\\r\\n\\r\\n\\r\\n\\r\\n\\r\\n\\r\\n\\r\\n\\r\\n\\r\\n\\r\\n\\r\\n\\r\\n\\r\\n\\r\\n\\r\\n\\r\\n\\r\\n\\r\\n\\r\\n\\r\\n\\r\\n\\r\\n\\r\\n\\r\\n\\r\\n\\r\\n\\r\\n\\r\\n\\r\\n\\r\\n\\r\\n\\r\\n\\r\\n\\r\\n\\r\\n\\r\\n\\r\\n\\r\\n\\r\\n\\r\\n\\r\\n<p><span class=\\\"gray\\\"><br><\\/span><\\/p>\\r\\n\\r\\n\\r\\n\\r\\n\\r\\n\\r\\n\\r\\n\\r\\n\\r\\n\\r\\n\\r\\n\\r\\n\\r\\n\\r\\n\\r\\n\\r\\n\\r\\n\\r\\n\\r\\n\\r\\n\\r\\n\\r\\n\\r\\n\\r\\n\\r\\n\\r\\n\\r\\n\\r\\n\\r\\n\\r\\n\\r\\n\\r\\n\\r\\n\\r\\n\\r\\n\\r\\n\\r\\n\\r\\n\\r\\n\\r\\n\\r\\n\\r\\n\\r\\n\\r\\n\\r\\n\\r\\n\\r\\n\\r\\n\\r\\n\\r\\n\\r\\n\\r\\n\\r\\n\\r\\n<p><span class=\\\"gray\\\">Industry<\\/span><\\/p>\\r\\n\\r\\n\\r\\n\\r\\n\\r\\n\\r\\n\\r\\n\\r\\n\\r\\n\\r\\n\\r\\n\\r\\n\\r\\n\\r\\n\\r\\n\\r\\n\\r\\n\\r\\n\\r\\n\\r\\n\\r\\n\\r\\n\\r\\n\\r\\n\\r\\n\\r\\n\\r\\n\\r\\n\\r\\n\\r\\n\\r\\n\\r\\n\\r\\n\\r\\n\\r\\n\\r\\n\\r\\n\\r\\n\\r\\n\\r\\n\\r\\n\\r\\n\\r\\n\\r\\n\\r\\n\\r\\n\\r\\n\\r\\n\\r\\n\\r\\n\\r\\n\\r\\n\\r\\n\\r\\n\\r\\n\\r\\n<p class=\\\"h3 caps\\\">starbucks<br>microsoft<\\/p>\",\"verticalSpacingLevel\":\"vertical-spacing-1\"}}},\"47\":\"<p>08\\/2016 &mdash; IdN Magazine v23n2<\\/p>\\r\\n\\r\\n<p>06\\/2016 &mdash; Communication Arts Design Annual 2016<\\/p>\\r\\n\\r\\n\\r\\n\\r\\n\\r\\n\\r\\n\\r\\n\\r\\n\\r\\n\\r\\n\\r\\n\\r\\n\\r\\n\\r\\n\\r\\n\\r\\n\\r\\n\\r\\n\\r\\n\\r\\n\\r\\n\\r\\n\\r\\n\\r\\n\\r\\n\\r\\n\\r\\n\\r\\n\\r\\n\\r\\n\\r\\n\\r\\n\\r\\n\\r\\n\\r\\n\\r\\n\\r\\n\\r\\n\\r\\n\\r\\n\\r\\n\\r\\n\\r\\n\\r\\n\\r\\n\\r\\n\\r\\n\\r\\n\\r\\n\\r\\n<p>05\\/2016 &mdash; PRINT Magazine Regional Design Annual 2016<\\/p>\\r\\n\\r\\n\\r\\n\\r\\n\\r\\n\\r\\n\\r\\n\\r\\n\\r\\n\\r\\n\\r\\n\\r\\n\\r\\n\\r\\n\\r\\n\\r\\n\\r\\n\\r\\n\\r\\n\\r\\n\\r\\n\\r\\n\\r\\n\\r\\n\\r\\n\\r\\n\\r\\n\\r\\n\\r\\n\\r\\n\\r\\n\\r\\n\\r\\n\\r\\n\\r\\n\\r\\n\\r\\n\\r\\n\\r\\n\\r\\n\\r\\n\\r\\n\\r\\n\\r\\n\\r\\n\\r\\n\\r\\n\\r\\n\\r\\n\\r\\n<p>03\\/2016 &mdash; Communication Arts Design Annual 2015<\\/p>\\r\\n\\r\\n\\r\\n\\r\\n\\r\\n\\r\\n\\r\\n\\r\\n\\r\\n\\r\\n\\r\\n\\r\\n\\r\\n\\r\\n\\r\\n\\r\\n\\r\\n\\r\\n\\r\\n\\r\\n\\r\\n\\r\\n\\r\\n\\r\\n\\r\\n\\r\\n\\r\\n\\r\\n\\r\\n\\r\\n\\r\\n\\r\\n\\r\\n\\r\\n\\r\\n\\r\\n\\r\\n\\r\\n\\r\\n\\r\\n\\r\\n\\r\\n\\r\\n\\r\\n\\r\\n\\r\\n\\r\\n\\r\\n\\r\\n\\r\\n<p>02\\/2016 &mdash; IdN Magazine v23n2<\\/p>\\r\\n\\r\\n\\r\\n\\r\\n\\r\\n\\r\\n\\r\\n\\r\\n\\r\\n\\r\\n\\r\\n\\r\\n\\r\\n\\r\\n\\r\\n\\r\\n\\r\\n\\r\\n\\r\\n\\r\\n\\r\\n\\r\\n\\r\\n\\r\\n\\r\\n\\r\\n\\r\\n\\r\\n\\r\\n\\r\\n\\r\\n\\r\\n\\r\\n\\r\\n\\r\\n\\r\\n\\r\\n\\r\\n\\r\\n\\r\\n\\r\\n\\r\\n\\r\\n\\r\\n\\r\\n\\r\\n\\r\\n\\r\\n\\r\\n\\r\\n<p>12\\/2015 &mdash; Communication Arts Design Annual 2016<\\/p>\\r\\n\\r\\n\\r\\n\\r\\n\\r\\n\\r\\n\\r\\n\\r\\n\\r\\n\\r\\n\\r\\n\\r\\n\\r\\n\\r\\n\\r\\n\\r\\n\\r\\n\\r\\n\\r\\n\\r\\n\\r\\n\\r\\n\\r\\n\\r\\n\\r\\n\\r\\n\\r\\n\\r\\n\\r\\n\\r\\n\\r\\n\\r\\n\\r\\n\\r\\n\\r\\n\\r\\n\\r\\n\\r\\n\\r\\n\\r\\n\\r\\n\\r\\n\\r\\n\\r\\n\\r\\n\\r\\n\\r\\n\\r\\n\\r\\n\\r\\n<p>10\\/2015 &mdash; PRINT Magazine Regional Design Annual 2016<\\/p>\\r\\n\\r\\n\\r\\n\\r\\n\\r\\n\\r\\n\\r\\n\\r\\n\\r\\n\\r\\n\\r\\n\\r\\n\\r\\n\\r\\n\\r\\n\\r\\n\\r\\n\\r\\n\\r\\n\\r\\n\\r\\n\\r\\n\\r\\n\\r\\n\\r\\n\\r\\n\\r\\n\\r\\n\\r\\n\\r\\n\\r\\n\\r\\n\\r\\n\\r\\n\\r\\n\\r\\n\\r\\n\\r\\n\\r\\n\\r\\n\\r\\n\\r\\n\\r\\n\\r\\n\\r\\n\\r\\n\\r\\n\\r\\n\\r\\n\\r\\n<p>10\\/2015 &mdash; Communication Arts Design Annual 2015<\\/p>\\r\\n\\r\\n\\r\\n\\r\\n\\r\\n\\r\\n\\r\\n\\r\\n\\r\\n\\r\\n\\r\\n\\r\\n\\r\\n\\r\\n\\r\\n\\r\\n\\r\\n\\r\\n\\r\\n\\r\\n\\r\\n\\r\\n\\r\\n\\r\\n\\r\\n\\r\\n\\r\\n\\r\\n\\r\\n\\r\\n\\r\\n\\r\\n\\r\\n\\r\\n\\r\\n\\r\\n\\r\\n\\r\\n\\r\\n\\r\\n\\r\\n\\r\\n\\r\\n\\r\\n\\r\\n\\r\\n\\r\\n\\r\\n\\r\\n\\r\\n<p>06\\/2015 &mdash; PRINT Magazine Regional Design Annual 2016<\\/p>\\r\\n\\r\\n\\r\\n\\r\\n\\r\\n\\r\\n\\r\\n\\r\\n\\r\\n\\r\\n\\r\\n\\r\\n\\r\\n\\r\\n\\r\\n\\r\\n\\r\\n\\r\\n\\r\\n\\r\\n\\r\\n\\r\\n\\r\\n\\r\\n\\r\\n\\r\\n\\r\\n\\r\\n\\r\\n\\r\\n\\r\\n\\r\\n\\r\\n\\r\\n\\r\\n\\r\\n\\r\\n\\r\\n\\r\\n\\r\\n\\r\\n\\r\\n\\r\\n\\r\\n\\r\\n\\r\\n\\r\\n\\r\\n\\r\\n\\r\\n<p>02\\/2015 &mdash; Communication Arts Design Annual 2015<\\/p>\",\"44\":\"MEET\\r\\nOUR\\r\\nTALENTED\\r\\nTEAM\"}}', '2016-11-21 20:34:34', '2016-11-21 20:34:34', '01ceb993-ae54-4f4e-a2cd-d52bd7284df5'),
 ('242', '101', '10', '46', 'en_us', '30', '', '{\"typeId\":\"11\",\"authorId\":null,\"title\":\"Studio\",\"slug\":\"studio\",\"postDate\":1478129954,\"expiryDate\":null,\"enabled\":1,\"parentId\":null,\"fields\":{\"48\":{\"102\":{\"type\":\"1\",\"fields\":{\"backgroundImage\":[\"97\"],\"backgroundColor\":\"#000000\",\"linkUrl\":\"\\/contact\",\"header\":\"Drop \\r\\nus \\r\\na \\r\\nline\",\"subtext\":\"Contact Us\",\"fontColor\":\"#efefef\"}}},\"45\":\"<p class=\\\"large\\\">Born in 2004<\\/p>\",\"46\":\"<p class=\\\"large\\\">We are a full-service creative agency with offices in Seattle and Portland. A dedicated team of designers, strategists, developers and account specialists, we create highly-crafted brand experiences that clarify purpose, encourage action, and inspire brand loyalty. We\\u2019d love to get to know you and help tell your story.&nbsp;<\\/p>\",\"10\":{\"103\":{\"type\":\"carousel\",\"enabled\":\"1\",\"fields\":{\"images\":[\"159\",\"158\",\"160\"],\"verticalSpacingLevel\":\"vertical-spacing-2\"}},\"104\":{\"type\":\"twoColumnContent\",\"enabled\":\"1\",\"fields\":{\"backgroundColor\":\"#000000\",\"leftColumn\":\"<p class=\\\"h3 med\\\"><span class=\\\"white\\\">STYLE<br>IS A<br>SIMPLE<br>WAY<br>OF<br>SAYING<br>COMPLEX<br>THINGS<br><\\/span><span class=\\\"blue\\\">&mdash;JEAN<br>COCTEAU<\\/span><\\/p>\",\"rightColumn\":\"<p class=\\\"large\\\"><span class=\\\"white\\\"><span><\\/span>Style is Not a&nbsp;4-letter Word<span><\\/span><\\/span><\\/p>\\r\\n\\r\\n<p class=\\\"large\\\"><span class=\\\"white\\\"><span><\\/span>In our experience, the brands that are the most magnetic are those which project distinct, memorable and charismatic personalities. These brands place equal emphasis on what they say and how they say it. Some design purists might say that style is merely artificial decoration that should be avoided in favor of logic&mdash;\\u201cform follows function\\u201d and all that. Don\\u2019t get us wrong, we\\u2019re not proponents of style for its own sake, or as ornament applied after an idea has already been defined. Rather, we employ style as an integral and strategic component of our brand-development process. At its best, style can be that magical something about a company or product that pulls people in and transcends the logical. So, to us, style is not a 4-letter word. On the contrary, we embrace it, harnessing its power to cut through the clutter.&nbsp;<\\/span><\\/p>\\r\\n\\r\\n\\r\\n\\r\\n\\r\\n\\r\\n\\r\\n\\r\\n\\r\\n\\r\\n\\r\\n\\r\\n\\r\\n\\r\\n<p class=\\\"large\\\"><span class=\\\"white\\\">And besides, \\u201cstyle\\u201d has five letters.<\\/span><\\/p>\",\"verticalSpacingLevel\":\"vertical-spacing-2\"}},\"106\":{\"type\":\"twoColumnContent\",\"enabled\":\"1\",\"fields\":{\"backgroundColor\":\"#000000\",\"leftColumn\":\"<p class=\\\"large\\\"><span class=\\\"white\\\">We Do<\\/span><\\/p>\",\"rightColumn\":\"<p class=\\\"h2 caps white\\\"><a href=\\\"http:\\/\\/turnstyle.studio\\/strategy\\\">Strategy<\\/a><br><a href=\\\"http:\\/\\/turnstyle.studio\\/identity#entry:56:url\\\">Identity<\\/a><br>Digital<br>Print<br>Packaging<br>Environment<\\/p>\",\"verticalSpacingLevel\":\"vertical-spacing-2\"}},\"107\":{\"type\":\"twoColumnContent\",\"enabled\":\"1\",\"fields\":{\"backgroundColor\":\"#ffffff\",\"leftColumn\":\"<p class=\\\"h3 caps\\\">our<br>clients<br>&<br>industries<\\/p>\\r\\n\\r\\n<p class=\\\"h3 caps\\\"><\\/p>\",\"rightColumn\":\"\",\"verticalSpacingLevel\":\"vertical-spacing-1\"}},\"108\":{\"type\":\"twoColumnContent\",\"enabled\":\"1\",\"fields\":{\"backgroundColor\":\"#ffffff\",\"leftColumn\":\"<p><span class=\\\"gray\\\">Industry<\\/span><\\/p>\\r\\n\\r\\n<p class=\\\"h3 caps\\\">teague<br>nike<br>starbucks<br>microsoft<br>amazon<br>aiga<br>nordstrom<br>teague<br>nike<\\/p>\\r\\n\\r\\n\\r\\n\\r\\n\\r\\n\\r\\n\\r\\n\\r\\n\\r\\n\\r\\n\\r\\n\\r\\n\\r\\n\\r\\n\\r\\n\\r\\n\\r\\n\\r\\n\\r\\n\\r\\n\\r\\n\\r\\n\\r\\n\\r\\n\\r\\n\\r\\n\\r\\n\\r\\n\\r\\n\\r\\n\\r\\n\\r\\n\\r\\n\\r\\n\\r\\n\\r\\n\\r\\n\\r\\n\\r\\n\\r\\n\\r\\n\\r\\n\\r\\n\\r\\n\\r\\n\\r\\n\\r\\n\\r\\n\\r\\n\\r\\n\\r\\n\\r\\n\\r\\n\\r\\n\\r\\n\\r\\n\\r\\n\\r\\n<p><span class=\\\"gray\\\">Industry<\\/span><\\/p>\\r\\n\\r\\n\\r\\n\\r\\n\\r\\n\\r\\n\\r\\n\\r\\n\\r\\n\\r\\n\\r\\n\\r\\n\\r\\n\\r\\n\\r\\n\\r\\n\\r\\n\\r\\n\\r\\n\\r\\n\\r\\n\\r\\n\\r\\n\\r\\n\\r\\n\\r\\n\\r\\n\\r\\n\\r\\n\\r\\n\\r\\n\\r\\n\\r\\n\\r\\n\\r\\n\\r\\n\\r\\n\\r\\n\\r\\n\\r\\n\\r\\n\\r\\n\\r\\n\\r\\n\\r\\n\\r\\n\\r\\n\\r\\n\\r\\n\\r\\n\\r\\n\\r\\n\\r\\n\\r\\n\\r\\n\\r\\n\\r\\n\\r\\n<p class=\\\"h3 caps\\\">starbucks<br>microsoft<br>amazon<\\/p>\\r\\n\\r\\n\\r\\n\\r\\n\\r\\n\\r\\n\\r\\n\\r\\n\\r\\n\\r\\n\\r\\n\\r\\n\\r\\n\\r\\n\\r\\n\\r\\n\\r\\n\\r\\n\\r\\n\\r\\n\\r\\n\\r\\n\\r\\n\\r\\n\\r\\n\\r\\n\\r\\n\\r\\n\\r\\n\\r\\n\\r\\n\\r\\n\\r\\n\\r\\n\\r\\n\\r\\n\\r\\n\\r\\n\\r\\n\\r\\n\\r\\n\\r\\n\\r\\n\\r\\n\\r\\n\\r\\n\\r\\n\\r\\n\\r\\n\\r\\n\\r\\n\\r\\n\\r\\n\\r\\n\\r\\n\\r\\n\\r\\n\\r\\n<p><span class=\\\"gray\\\">Industry<\\/span><\\/p>\\r\\n\\r\\n\\r\\n\\r\\n\\r\\n\\r\\n\\r\\n\\r\\n\\r\\n\\r\\n\\r\\n\\r\\n\\r\\n\\r\\n\\r\\n\\r\\n\\r\\n\\r\\n\\r\\n\\r\\n\\r\\n\\r\\n\\r\\n\\r\\n\\r\\n\\r\\n\\r\\n\\r\\n\\r\\n\\r\\n\\r\\n\\r\\n\\r\\n\\r\\n\\r\\n\\r\\n\\r\\n\\r\\n\\r\\n\\r\\n\\r\\n\\r\\n\\r\\n\\r\\n\\r\\n\\r\\n\\r\\n\\r\\n\\r\\n\\r\\n\\r\\n\\r\\n\\r\\n\\r\\n\\r\\n\\r\\n\\r\\n\\r\\n<p class=\\\"h3 caps\\\">starbucks<br>microsoft<\\/p>\",\"rightColumn\":\"<p>Industry<br><\\/p>\\r\\n\\r\\n<p class=\\\"h3 caps\\\">starbucks<br>microsoft<br>amazon<\\/p>\\r\\n\\r\\n\\r\\n\\r\\n\\r\\n\\r\\n\\r\\n\\r\\n\\r\\n\\r\\n\\r\\n\\r\\n\\r\\n\\r\\n\\r\\n\\r\\n\\r\\n\\r\\n\\r\\n\\r\\n\\r\\n\\r\\n\\r\\n\\r\\n\\r\\n\\r\\n\\r\\n\\r\\n\\r\\n\\r\\n\\r\\n\\r\\n\\r\\n\\r\\n\\r\\n\\r\\n\\r\\n\\r\\n\\r\\n\\r\\n\\r\\n\\r\\n\\r\\n\\r\\n\\r\\n\\r\\n\\r\\n\\r\\n\\r\\n\\r\\n\\r\\n\\r\\n\\r\\n\\r\\n\\r\\n\\r\\n\\r\\n\\r\\n<p><span class=\\\"gray\\\">Industry<\\/span><\\/p>\\r\\n\\r\\n\\r\\n\\r\\n\\r\\n\\r\\n\\r\\n\\r\\n\\r\\n\\r\\n\\r\\n\\r\\n\\r\\n\\r\\n\\r\\n\\r\\n\\r\\n\\r\\n\\r\\n\\r\\n\\r\\n\\r\\n\\r\\n\\r\\n\\r\\n\\r\\n\\r\\n\\r\\n\\r\\n\\r\\n\\r\\n\\r\\n\\r\\n\\r\\n\\r\\n\\r\\n\\r\\n\\r\\n\\r\\n\\r\\n\\r\\n\\r\\n\\r\\n\\r\\n\\r\\n\\r\\n\\r\\n\\r\\n\\r\\n\\r\\n\\r\\n\\r\\n\\r\\n\\r\\n\\r\\n\\r\\n\\r\\n\\r\\n<p class=\\\"h3 caps\\\">teague<br>nike<br>starbucks<br>microsoft<br>amazon<br>aiga<br>nordstrom<br>teague<br>nike<\\/p>\\r\\n\\r\\n\\r\\n\\r\\n\\r\\n\\r\\n\\r\\n\\r\\n\\r\\n\\r\\n\\r\\n\\r\\n\\r\\n\\r\\n\\r\\n\\r\\n\\r\\n\\r\\n\\r\\n\\r\\n\\r\\n\\r\\n\\r\\n\\r\\n\\r\\n\\r\\n\\r\\n\\r\\n\\r\\n\\r\\n\\r\\n\\r\\n\\r\\n\\r\\n\\r\\n\\r\\n\\r\\n\\r\\n\\r\\n\\r\\n\\r\\n\\r\\n\\r\\n\\r\\n\\r\\n\\r\\n\\r\\n\\r\\n\\r\\n\\r\\n\\r\\n\\r\\n\\r\\n\\r\\n\\r\\n\\r\\n\\r\\n\\r\\n<p><span class=\\\"gray\\\"><br><\\/span><\\/p>\\r\\n\\r\\n\\r\\n\\r\\n\\r\\n\\r\\n\\r\\n\\r\\n\\r\\n\\r\\n\\r\\n\\r\\n\\r\\n\\r\\n\\r\\n\\r\\n\\r\\n\\r\\n\\r\\n\\r\\n\\r\\n\\r\\n\\r\\n\\r\\n\\r\\n\\r\\n\\r\\n\\r\\n\\r\\n\\r\\n\\r\\n\\r\\n\\r\\n\\r\\n\\r\\n\\r\\n\\r\\n\\r\\n\\r\\n\\r\\n\\r\\n\\r\\n\\r\\n\\r\\n\\r\\n\\r\\n\\r\\n\\r\\n\\r\\n\\r\\n\\r\\n\\r\\n\\r\\n\\r\\n\\r\\n\\r\\n<p><span class=\\\"gray\\\">Industry<\\/span><\\/p>\\r\\n\\r\\n\\r\\n\\r\\n\\r\\n\\r\\n\\r\\n\\r\\n\\r\\n\\r\\n\\r\\n\\r\\n\\r\\n\\r\\n\\r\\n\\r\\n\\r\\n\\r\\n\\r\\n\\r\\n\\r\\n\\r\\n\\r\\n\\r\\n\\r\\n\\r\\n\\r\\n\\r\\n\\r\\n\\r\\n\\r\\n\\r\\n\\r\\n\\r\\n\\r\\n\\r\\n\\r\\n\\r\\n\\r\\n\\r\\n\\r\\n\\r\\n\\r\\n\\r\\n\\r\\n\\r\\n\\r\\n\\r\\n\\r\\n\\r\\n\\r\\n\\r\\n\\r\\n\\r\\n\\r\\n\\r\\n\\r\\n\\r\\n<p class=\\\"h3 caps\\\">starbucks<br>microsoft<\\/p>\",\"verticalSpacingLevel\":\"vertical-spacing-1\"}}},\"47\":\"<p>08\\/2016 &mdash; IdN Magazine v23n2<\\/p>\\r\\n\\r\\n<p>06\\/2016 &mdash; Communication Arts Design Annual 2016<\\/p>\\r\\n\\r\\n\\r\\n\\r\\n\\r\\n\\r\\n\\r\\n\\r\\n\\r\\n\\r\\n\\r\\n\\r\\n\\r\\n\\r\\n\\r\\n\\r\\n\\r\\n\\r\\n\\r\\n\\r\\n\\r\\n\\r\\n\\r\\n\\r\\n\\r\\n\\r\\n\\r\\n\\r\\n\\r\\n\\r\\n\\r\\n\\r\\n\\r\\n\\r\\n\\r\\n\\r\\n\\r\\n\\r\\n\\r\\n\\r\\n\\r\\n\\r\\n\\r\\n\\r\\n\\r\\n\\r\\n\\r\\n\\r\\n\\r\\n\\r\\n\\r\\n\\r\\n<p>05\\/2016 &mdash; PRINT Magazine Regional Design Annual 2016<\\/p>\\r\\n\\r\\n\\r\\n\\r\\n\\r\\n\\r\\n\\r\\n\\r\\n\\r\\n\\r\\n\\r\\n\\r\\n\\r\\n\\r\\n\\r\\n\\r\\n\\r\\n\\r\\n\\r\\n\\r\\n\\r\\n\\r\\n\\r\\n\\r\\n\\r\\n\\r\\n\\r\\n\\r\\n\\r\\n\\r\\n\\r\\n\\r\\n\\r\\n\\r\\n\\r\\n\\r\\n\\r\\n\\r\\n\\r\\n\\r\\n\\r\\n\\r\\n\\r\\n\\r\\n\\r\\n\\r\\n\\r\\n\\r\\n\\r\\n\\r\\n\\r\\n\\r\\n<p>03\\/2016 &mdash; Communication Arts Design Annual 2015<\\/p>\\r\\n\\r\\n\\r\\n\\r\\n\\r\\n\\r\\n\\r\\n\\r\\n\\r\\n\\r\\n\\r\\n\\r\\n\\r\\n\\r\\n\\r\\n\\r\\n\\r\\n\\r\\n\\r\\n\\r\\n\\r\\n\\r\\n\\r\\n\\r\\n\\r\\n\\r\\n\\r\\n\\r\\n\\r\\n\\r\\n\\r\\n\\r\\n\\r\\n\\r\\n\\r\\n\\r\\n\\r\\n\\r\\n\\r\\n\\r\\n\\r\\n\\r\\n\\r\\n\\r\\n\\r\\n\\r\\n\\r\\n\\r\\n\\r\\n\\r\\n\\r\\n\\r\\n<p>02\\/2016 &mdash; IdN Magazine v23n2<\\/p>\\r\\n\\r\\n\\r\\n\\r\\n\\r\\n\\r\\n\\r\\n\\r\\n\\r\\n\\r\\n\\r\\n\\r\\n\\r\\n\\r\\n\\r\\n\\r\\n\\r\\n\\r\\n\\r\\n\\r\\n\\r\\n\\r\\n\\r\\n\\r\\n\\r\\n\\r\\n\\r\\n\\r\\n\\r\\n\\r\\n\\r\\n\\r\\n\\r\\n\\r\\n\\r\\n\\r\\n\\r\\n\\r\\n\\r\\n\\r\\n\\r\\n\\r\\n\\r\\n\\r\\n\\r\\n\\r\\n\\r\\n\\r\\n\\r\\n\\r\\n\\r\\n\\r\\n<p>12\\/2015 &mdash; Communication Arts Design Annual 2016<\\/p>\\r\\n\\r\\n\\r\\n\\r\\n\\r\\n\\r\\n\\r\\n\\r\\n\\r\\n\\r\\n\\r\\n\\r\\n\\r\\n\\r\\n\\r\\n\\r\\n\\r\\n\\r\\n\\r\\n\\r\\n\\r\\n\\r\\n\\r\\n\\r\\n\\r\\n\\r\\n\\r\\n\\r\\n\\r\\n\\r\\n\\r\\n\\r\\n\\r\\n\\r\\n\\r\\n\\r\\n\\r\\n\\r\\n\\r\\n\\r\\n\\r\\n\\r\\n\\r\\n\\r\\n\\r\\n\\r\\n\\r\\n\\r\\n\\r\\n\\r\\n\\r\\n\\r\\n<p>10\\/2015 &mdash; PRINT Magazine Regional Design Annual 2016<\\/p>\\r\\n\\r\\n\\r\\n\\r\\n\\r\\n\\r\\n\\r\\n\\r\\n\\r\\n\\r\\n\\r\\n\\r\\n\\r\\n\\r\\n\\r\\n\\r\\n\\r\\n\\r\\n\\r\\n\\r\\n\\r\\n\\r\\n\\r\\n\\r\\n\\r\\n\\r\\n\\r\\n\\r\\n\\r\\n\\r\\n\\r\\n\\r\\n\\r\\n\\r\\n\\r\\n\\r\\n\\r\\n\\r\\n\\r\\n\\r\\n\\r\\n\\r\\n\\r\\n\\r\\n\\r\\n\\r\\n\\r\\n\\r\\n\\r\\n\\r\\n\\r\\n\\r\\n<p>10\\/2015 &mdash; Communication Arts Design Annual 2015<\\/p>\\r\\n\\r\\n\\r\\n\\r\\n\\r\\n\\r\\n\\r\\n\\r\\n\\r\\n\\r\\n\\r\\n\\r\\n\\r\\n\\r\\n\\r\\n\\r\\n\\r\\n\\r\\n\\r\\n\\r\\n\\r\\n\\r\\n\\r\\n\\r\\n\\r\\n\\r\\n\\r\\n\\r\\n\\r\\n\\r\\n\\r\\n\\r\\n\\r\\n\\r\\n\\r\\n\\r\\n\\r\\n\\r\\n\\r\\n\\r\\n\\r\\n\\r\\n\\r\\n\\r\\n\\r\\n\\r\\n\\r\\n\\r\\n\\r\\n\\r\\n\\r\\n\\r\\n<p>06\\/2015 &mdash; PRINT Magazine Regional Design Annual 2016<\\/p>\\r\\n\\r\\n\\r\\n\\r\\n\\r\\n\\r\\n\\r\\n\\r\\n\\r\\n\\r\\n\\r\\n\\r\\n\\r\\n\\r\\n\\r\\n\\r\\n\\r\\n\\r\\n\\r\\n\\r\\n\\r\\n\\r\\n\\r\\n\\r\\n\\r\\n\\r\\n\\r\\n\\r\\n\\r\\n\\r\\n\\r\\n\\r\\n\\r\\n\\r\\n\\r\\n\\r\\n\\r\\n\\r\\n\\r\\n\\r\\n\\r\\n\\r\\n\\r\\n\\r\\n\\r\\n\\r\\n\\r\\n\\r\\n\\r\\n\\r\\n\\r\\n\\r\\n<p>02\\/2015 &mdash; Communication Arts Design Annual 2015<\\/p>\",\"44\":\"MEET\\r\\nOUR\\r\\nTALENTED\\r\\nTEAM\"}}', '2016-11-21 20:38:47', '2016-11-21 20:38:47', 'aba32e51-7a67-49e0-8d94-59bfe51c9c40'),
 ('243', '101', '10', '1', 'en_us', '31', '', '{\"typeId\":\"11\",\"authorId\":null,\"title\":\"Studio\",\"slug\":\"studio\",\"postDate\":1478129954,\"expiryDate\":null,\"enabled\":1,\"parentId\":null,\"fields\":{\"48\":{\"102\":{\"type\":\"1\",\"fields\":{\"backgroundImage\":[\"97\"],\"backgroundColor\":\"#000000\",\"linkUrl\":\"\\/contact\",\"header\":\"Drop \\r\\nus \\r\\na \\r\\nline\",\"subtext\":\"Contact Us\",\"fontColor\":\"#efefef\"}}},\"45\":\"<p class=\\\"large\\\"><br><\\/p>\",\"46\":\"<p class=\\\"large\\\">Born in 2004<\\/p><p>We are a full-service creative agency with offices in Seattle and Portland. A dedicated team of designers, strategists, developers and account specialists, we create highly-crafted brand experiences that clarify purpose, encourage action, and inspire brand loyalty. We\\u2019d love to get to know you and help tell your story.&nbsp;<\\/p>\",\"10\":{\"103\":{\"type\":\"carousel\",\"enabled\":\"1\",\"fields\":{\"images\":[\"159\",\"158\",\"160\"],\"verticalSpacingLevel\":\"vertical-spacing-2\"}},\"104\":{\"type\":\"twoColumnContent\",\"enabled\":\"1\",\"fields\":{\"backgroundColor\":\"#000000\",\"leftColumn\":\"<p class=\\\"h3 med\\\"><span class=\\\"white\\\">STYLE<br>IS A<br>SIMPLE<br>WAY<br>OF<br>SAYING<br>COMPLEX<br>THINGS<br><\\/span><span class=\\\"blue\\\">&mdash;JEAN<br>COCTEAU<\\/span><\\/p>\",\"rightColumn\":\"<p class=\\\"large\\\"><span class=\\\"white\\\"><span><\\/span>Style is Not a&nbsp;4-letter Word<span><\\/span><\\/span><\\/p>\\r\\n\\r\\n<p class=\\\"large\\\"><span class=\\\"white\\\"><span><\\/span>In our experience, the brands that are the most magnetic are those which project distinct, memorable and charismatic personalities. These brands place equal emphasis on what they say and how they say it. Some design purists might say that style is merely artificial decoration that should be avoided in favor of logic&mdash;\\u201cform follows function\\u201d and all that. Don\\u2019t get us wrong, we\\u2019re not proponents of style for its own sake, or as ornament applied after an idea has already been defined. Rather, we employ style as an integral and strategic component of our brand-development process. At its best, style can be that magical something about a company or product that pulls people in and transcends the logical. So, to us, style is not a 4-letter word. On the contrary, we embrace it, harnessing its power to cut through the clutter.&nbsp;<\\/span><\\/p>\\r\\n\\r\\n\\r\\n\\r\\n\\r\\n\\r\\n\\r\\n\\r\\n\\r\\n\\r\\n\\r\\n\\r\\n\\r\\n\\r\\n\\r\\n\\r\\n<p class=\\\"large\\\"><span class=\\\"white\\\">And besides, \\u201cstyle\\u201d has five letters.<\\/span><\\/p>\",\"verticalSpacingLevel\":\"vertical-spacing-2\"}},\"106\":{\"type\":\"twoColumnContent\",\"enabled\":\"1\",\"fields\":{\"backgroundColor\":\"#000000\",\"leftColumn\":\"<p class=\\\"large\\\"><span class=\\\"white\\\">We Do<\\/span><\\/p>\",\"rightColumn\":\"<p class=\\\"h2 caps white\\\"><a href=\\\"http:\\/\\/turnstyle.studio\\/strategy\\\">Strategy<\\/a><br><a href=\\\"http:\\/\\/turnstyle.studio\\/identity#entry:56:url\\\">Identity<\\/a><br>Digital<br>Print<br>Packaging<br>Environment<\\/p>\",\"verticalSpacingLevel\":\"vertical-spacing-2\"}},\"107\":{\"type\":\"twoColumnContent\",\"enabled\":\"1\",\"fields\":{\"backgroundColor\":\"#ffffff\",\"leftColumn\":\"<p class=\\\"h3 caps\\\">our<br>clients<br>&<br>industries<\\/p>\\r\\n\\r\\n<p class=\\\"h3 caps\\\"><\\/p>\",\"rightColumn\":\"\",\"verticalSpacingLevel\":\"vertical-spacing-1\"}},\"108\":{\"type\":\"twoColumnContent\",\"enabled\":\"1\",\"fields\":{\"backgroundColor\":\"#ffffff\",\"leftColumn\":\"<p><span class=\\\"gray\\\">Industry<\\/span><\\/p>\\r\\n\\r\\n<p class=\\\"h3 caps\\\">teague<br>nike<br>starbucks<br>microsoft<br>amazon<br>aiga<br>nordstrom<br>teague<br>nike<\\/p>\\r\\n\\r\\n\\r\\n\\r\\n\\r\\n\\r\\n\\r\\n\\r\\n\\r\\n\\r\\n\\r\\n\\r\\n\\r\\n\\r\\n\\r\\n\\r\\n\\r\\n\\r\\n\\r\\n\\r\\n\\r\\n\\r\\n\\r\\n\\r\\n\\r\\n\\r\\n\\r\\n\\r\\n\\r\\n\\r\\n\\r\\n\\r\\n\\r\\n\\r\\n\\r\\n\\r\\n\\r\\n\\r\\n\\r\\n\\r\\n\\r\\n\\r\\n\\r\\n\\r\\n\\r\\n\\r\\n\\r\\n\\r\\n\\r\\n\\r\\n\\r\\n\\r\\n\\r\\n\\r\\n\\r\\n\\r\\n\\r\\n\\r\\n\\r\\n\\r\\n<p><span class=\\\"gray\\\">Industry<\\/span><\\/p>\\r\\n\\r\\n\\r\\n\\r\\n\\r\\n\\r\\n\\r\\n\\r\\n\\r\\n\\r\\n\\r\\n\\r\\n\\r\\n\\r\\n\\r\\n\\r\\n\\r\\n\\r\\n\\r\\n\\r\\n\\r\\n\\r\\n\\r\\n\\r\\n\\r\\n\\r\\n\\r\\n\\r\\n\\r\\n\\r\\n\\r\\n\\r\\n\\r\\n\\r\\n\\r\\n\\r\\n\\r\\n\\r\\n\\r\\n\\r\\n\\r\\n\\r\\n\\r\\n\\r\\n\\r\\n\\r\\n\\r\\n\\r\\n\\r\\n\\r\\n\\r\\n\\r\\n\\r\\n\\r\\n\\r\\n\\r\\n\\r\\n\\r\\n\\r\\n\\r\\n<p class=\\\"h3 caps\\\">starbucks<br>microsoft<br>amazon<\\/p>\\r\\n\\r\\n\\r\\n\\r\\n\\r\\n\\r\\n\\r\\n\\r\\n\\r\\n\\r\\n\\r\\n\\r\\n\\r\\n\\r\\n\\r\\n\\r\\n\\r\\n\\r\\n\\r\\n\\r\\n\\r\\n\\r\\n\\r\\n\\r\\n\\r\\n\\r\\n\\r\\n\\r\\n\\r\\n\\r\\n\\r\\n\\r\\n\\r\\n\\r\\n\\r\\n\\r\\n\\r\\n\\r\\n\\r\\n\\r\\n\\r\\n\\r\\n\\r\\n\\r\\n\\r\\n\\r\\n\\r\\n\\r\\n\\r\\n\\r\\n\\r\\n\\r\\n\\r\\n\\r\\n\\r\\n\\r\\n\\r\\n\\r\\n\\r\\n\\r\\n<p><span class=\\\"gray\\\">Industry<\\/span><\\/p>\\r\\n\\r\\n\\r\\n\\r\\n\\r\\n\\r\\n\\r\\n\\r\\n\\r\\n\\r\\n\\r\\n\\r\\n\\r\\n\\r\\n\\r\\n\\r\\n\\r\\n\\r\\n\\r\\n\\r\\n\\r\\n\\r\\n\\r\\n\\r\\n\\r\\n\\r\\n\\r\\n\\r\\n\\r\\n\\r\\n\\r\\n\\r\\n\\r\\n\\r\\n\\r\\n\\r\\n\\r\\n\\r\\n\\r\\n\\r\\n\\r\\n\\r\\n\\r\\n\\r\\n\\r\\n\\r\\n\\r\\n\\r\\n\\r\\n\\r\\n\\r\\n\\r\\n\\r\\n\\r\\n\\r\\n\\r\\n\\r\\n\\r\\n\\r\\n\\r\\n<p class=\\\"h3 caps\\\">starbucks<br>microsoft<\\/p>\",\"rightColumn\":\"<p>Industry<br><\\/p>\\r\\n\\r\\n<p class=\\\"h3 caps\\\">starbucks<br>microsoft<br>amazon<\\/p>\\r\\n\\r\\n\\r\\n\\r\\n\\r\\n\\r\\n\\r\\n\\r\\n\\r\\n\\r\\n\\r\\n\\r\\n\\r\\n\\r\\n\\r\\n\\r\\n\\r\\n\\r\\n\\r\\n\\r\\n\\r\\n\\r\\n\\r\\n\\r\\n\\r\\n\\r\\n\\r\\n\\r\\n\\r\\n\\r\\n\\r\\n\\r\\n\\r\\n\\r\\n\\r\\n\\r\\n\\r\\n\\r\\n\\r\\n\\r\\n\\r\\n\\r\\n\\r\\n\\r\\n\\r\\n\\r\\n\\r\\n\\r\\n\\r\\n\\r\\n\\r\\n\\r\\n\\r\\n\\r\\n\\r\\n\\r\\n\\r\\n\\r\\n\\r\\n\\r\\n<p><span class=\\\"gray\\\">Industry<\\/span><\\/p>\\r\\n\\r\\n\\r\\n\\r\\n\\r\\n\\r\\n\\r\\n\\r\\n\\r\\n\\r\\n\\r\\n\\r\\n\\r\\n\\r\\n\\r\\n\\r\\n\\r\\n\\r\\n\\r\\n\\r\\n\\r\\n\\r\\n\\r\\n\\r\\n\\r\\n\\r\\n\\r\\n\\r\\n\\r\\n\\r\\n\\r\\n\\r\\n\\r\\n\\r\\n\\r\\n\\r\\n\\r\\n\\r\\n\\r\\n\\r\\n\\r\\n\\r\\n\\r\\n\\r\\n\\r\\n\\r\\n\\r\\n\\r\\n\\r\\n\\r\\n\\r\\n\\r\\n\\r\\n\\r\\n\\r\\n\\r\\n\\r\\n\\r\\n\\r\\n\\r\\n<p class=\\\"h3 caps\\\">teague<br>nike<br>starbucks<br>microsoft<br>amazon<br>aiga<br>nordstrom<br>teague<br>nike<\\/p>\\r\\n\\r\\n\\r\\n\\r\\n\\r\\n\\r\\n\\r\\n\\r\\n\\r\\n\\r\\n\\r\\n\\r\\n\\r\\n\\r\\n\\r\\n\\r\\n\\r\\n\\r\\n\\r\\n\\r\\n\\r\\n\\r\\n\\r\\n\\r\\n\\r\\n\\r\\n\\r\\n\\r\\n\\r\\n\\r\\n\\r\\n\\r\\n\\r\\n\\r\\n\\r\\n\\r\\n\\r\\n\\r\\n\\r\\n\\r\\n\\r\\n\\r\\n\\r\\n\\r\\n\\r\\n\\r\\n\\r\\n\\r\\n\\r\\n\\r\\n\\r\\n\\r\\n\\r\\n\\r\\n\\r\\n\\r\\n\\r\\n\\r\\n\\r\\n\\r\\n<p><span class=\\\"gray\\\"><br><\\/span><\\/p>\\r\\n\\r\\n\\r\\n\\r\\n\\r\\n\\r\\n\\r\\n\\r\\n\\r\\n\\r\\n\\r\\n\\r\\n\\r\\n\\r\\n\\r\\n\\r\\n\\r\\n\\r\\n\\r\\n\\r\\n\\r\\n\\r\\n\\r\\n\\r\\n\\r\\n\\r\\n\\r\\n\\r\\n\\r\\n\\r\\n\\r\\n\\r\\n\\r\\n\\r\\n\\r\\n\\r\\n\\r\\n\\r\\n\\r\\n\\r\\n\\r\\n\\r\\n\\r\\n\\r\\n\\r\\n\\r\\n\\r\\n\\r\\n\\r\\n\\r\\n\\r\\n\\r\\n\\r\\n\\r\\n\\r\\n\\r\\n\\r\\n\\r\\n<p><span class=\\\"gray\\\">Industry<\\/span><\\/p>\\r\\n\\r\\n\\r\\n\\r\\n\\r\\n\\r\\n\\r\\n\\r\\n\\r\\n\\r\\n\\r\\n\\r\\n\\r\\n\\r\\n\\r\\n\\r\\n\\r\\n\\r\\n\\r\\n\\r\\n\\r\\n\\r\\n\\r\\n\\r\\n\\r\\n\\r\\n\\r\\n\\r\\n\\r\\n\\r\\n\\r\\n\\r\\n\\r\\n\\r\\n\\r\\n\\r\\n\\r\\n\\r\\n\\r\\n\\r\\n\\r\\n\\r\\n\\r\\n\\r\\n\\r\\n\\r\\n\\r\\n\\r\\n\\r\\n\\r\\n\\r\\n\\r\\n\\r\\n\\r\\n\\r\\n\\r\\n\\r\\n\\r\\n\\r\\n\\r\\n<p class=\\\"h3 caps\\\">starbucks<br>microsoft<\\/p>\",\"verticalSpacingLevel\":\"vertical-spacing-1\"}}},\"47\":\"<p>08\\/2016 &mdash; IdN Magazine v23n2<\\/p>\\r\\n\\r\\n<p>06\\/2016 &mdash; Communication Arts Design Annual 2016<\\/p>\\r\\n\\r\\n\\r\\n\\r\\n\\r\\n\\r\\n\\r\\n\\r\\n\\r\\n\\r\\n\\r\\n\\r\\n\\r\\n\\r\\n\\r\\n\\r\\n\\r\\n\\r\\n\\r\\n\\r\\n\\r\\n\\r\\n\\r\\n\\r\\n\\r\\n\\r\\n\\r\\n\\r\\n\\r\\n\\r\\n\\r\\n\\r\\n\\r\\n\\r\\n\\r\\n\\r\\n\\r\\n\\r\\n\\r\\n\\r\\n\\r\\n\\r\\n\\r\\n\\r\\n\\r\\n\\r\\n\\r\\n\\r\\n\\r\\n\\r\\n\\r\\n\\r\\n\\r\\n\\r\\n<p>05\\/2016 &mdash; PRINT Magazine Regional Design Annual 2016<\\/p>\\r\\n\\r\\n\\r\\n\\r\\n\\r\\n\\r\\n\\r\\n\\r\\n\\r\\n\\r\\n\\r\\n\\r\\n\\r\\n\\r\\n\\r\\n\\r\\n\\r\\n\\r\\n\\r\\n\\r\\n\\r\\n\\r\\n\\r\\n\\r\\n\\r\\n\\r\\n\\r\\n\\r\\n\\r\\n\\r\\n\\r\\n\\r\\n\\r\\n\\r\\n\\r\\n\\r\\n\\r\\n\\r\\n\\r\\n\\r\\n\\r\\n\\r\\n\\r\\n\\r\\n\\r\\n\\r\\n\\r\\n\\r\\n\\r\\n\\r\\n\\r\\n\\r\\n\\r\\n\\r\\n<p>03\\/2016 &mdash; Communication Arts Design Annual 2015<\\/p>\\r\\n\\r\\n\\r\\n\\r\\n\\r\\n\\r\\n\\r\\n\\r\\n\\r\\n\\r\\n\\r\\n\\r\\n\\r\\n\\r\\n\\r\\n\\r\\n\\r\\n\\r\\n\\r\\n\\r\\n\\r\\n\\r\\n\\r\\n\\r\\n\\r\\n\\r\\n\\r\\n\\r\\n\\r\\n\\r\\n\\r\\n\\r\\n\\r\\n\\r\\n\\r\\n\\r\\n\\r\\n\\r\\n\\r\\n\\r\\n\\r\\n\\r\\n\\r\\n\\r\\n\\r\\n\\r\\n\\r\\n\\r\\n\\r\\n\\r\\n\\r\\n\\r\\n\\r\\n\\r\\n<p>02\\/2016 &mdash; IdN Magazine v23n2<\\/p>\\r\\n\\r\\n\\r\\n\\r\\n\\r\\n\\r\\n\\r\\n\\r\\n\\r\\n\\r\\n\\r\\n\\r\\n\\r\\n\\r\\n\\r\\n\\r\\n\\r\\n\\r\\n\\r\\n\\r\\n\\r\\n\\r\\n\\r\\n\\r\\n\\r\\n\\r\\n\\r\\n\\r\\n\\r\\n\\r\\n\\r\\n\\r\\n\\r\\n\\r\\n\\r\\n\\r\\n\\r\\n\\r\\n\\r\\n\\r\\n\\r\\n\\r\\n\\r\\n\\r\\n\\r\\n\\r\\n\\r\\n\\r\\n\\r\\n\\r\\n\\r\\n\\r\\n\\r\\n\\r\\n<p>12\\/2015 &mdash; Communication Arts Design Annual 2016<\\/p>\\r\\n\\r\\n\\r\\n\\r\\n\\r\\n\\r\\n\\r\\n\\r\\n\\r\\n\\r\\n\\r\\n\\r\\n\\r\\n\\r\\n\\r\\n\\r\\n\\r\\n\\r\\n\\r\\n\\r\\n\\r\\n\\r\\n\\r\\n\\r\\n\\r\\n\\r\\n\\r\\n\\r\\n\\r\\n\\r\\n\\r\\n\\r\\n\\r\\n\\r\\n\\r\\n\\r\\n\\r\\n\\r\\n\\r\\n\\r\\n\\r\\n\\r\\n\\r\\n\\r\\n\\r\\n\\r\\n\\r\\n\\r\\n\\r\\n\\r\\n\\r\\n\\r\\n\\r\\n\\r\\n<p>10\\/2015 &mdash; PRINT Magazine Regional Design Annual 2016<\\/p>\\r\\n\\r\\n\\r\\n\\r\\n\\r\\n\\r\\n\\r\\n\\r\\n\\r\\n\\r\\n\\r\\n\\r\\n\\r\\n\\r\\n\\r\\n\\r\\n\\r\\n\\r\\n\\r\\n\\r\\n\\r\\n\\r\\n\\r\\n\\r\\n\\r\\n\\r\\n\\r\\n\\r\\n\\r\\n\\r\\n\\r\\n\\r\\n\\r\\n\\r\\n\\r\\n\\r\\n\\r\\n\\r\\n\\r\\n\\r\\n\\r\\n\\r\\n\\r\\n\\r\\n\\r\\n\\r\\n\\r\\n\\r\\n\\r\\n\\r\\n\\r\\n\\r\\n\\r\\n\\r\\n<p>10\\/2015 &mdash; Communication Arts Design Annual 2015<\\/p>\\r\\n\\r\\n\\r\\n\\r\\n\\r\\n\\r\\n\\r\\n\\r\\n\\r\\n\\r\\n\\r\\n\\r\\n\\r\\n\\r\\n\\r\\n\\r\\n\\r\\n\\r\\n\\r\\n\\r\\n\\r\\n\\r\\n\\r\\n\\r\\n\\r\\n\\r\\n\\r\\n\\r\\n\\r\\n\\r\\n\\r\\n\\r\\n\\r\\n\\r\\n\\r\\n\\r\\n\\r\\n\\r\\n\\r\\n\\r\\n\\r\\n\\r\\n\\r\\n\\r\\n\\r\\n\\r\\n\\r\\n\\r\\n\\r\\n\\r\\n\\r\\n\\r\\n\\r\\n\\r\\n<p>06\\/2015 &mdash; PRINT Magazine Regional Design Annual 2016<\\/p>\\r\\n\\r\\n\\r\\n\\r\\n\\r\\n\\r\\n\\r\\n\\r\\n\\r\\n\\r\\n\\r\\n\\r\\n\\r\\n\\r\\n\\r\\n\\r\\n\\r\\n\\r\\n\\r\\n\\r\\n\\r\\n\\r\\n\\r\\n\\r\\n\\r\\n\\r\\n\\r\\n\\r\\n\\r\\n\\r\\n\\r\\n\\r\\n\\r\\n\\r\\n\\r\\n\\r\\n\\r\\n\\r\\n\\r\\n\\r\\n\\r\\n\\r\\n\\r\\n\\r\\n\\r\\n\\r\\n\\r\\n\\r\\n\\r\\n\\r\\n\\r\\n\\r\\n\\r\\n\\r\\n<p>02\\/2015 &mdash; Communication Arts Design Annual 2015<\\/p>\",\"44\":\"MEET\\r\\nOUR\\r\\nTALENTED\\r\\nTEAM\"}}', '2016-11-22 00:52:23', '2016-11-22 00:52:23', 'dff512a9-8cf2-462b-a935-63bcb53f3885'),
 ('244', '101', '10', '1', 'en_us', '32', '', '{\"typeId\":\"11\",\"authorId\":null,\"title\":\"Studio\",\"slug\":\"studio\",\"postDate\":1478129954,\"expiryDate\":null,\"enabled\":1,\"parentId\":null,\"fields\":{\"48\":{\"102\":{\"type\":\"1\",\"fields\":{\"backgroundImage\":[\"97\"],\"backgroundColor\":\"#000000\",\"linkUrl\":\"\\/contact\",\"header\":\"Drop \\r\\nus \\r\\na \\r\\nline\",\"subtext\":\"Contact Us\",\"fontColor\":\"#efefef\"}}},\"45\":\"<p class=\\\"large\\\"><br><\\/p>\",\"46\":\"<p class=\\\"large\\\">Born in 2004<\\/p>\\r\\n\\r\\n<p class=\\\"large\\\">We are a full-service creative agency with offices in Seattle and Portland. A dedicated team of designers, strategists, developers and account specialists, we create highly-crafted brand experiences that clarify purpose, encourage action, and inspire brand loyalty. We\\u2019d love to get to know you and help tell your story.&nbsp;<\\/p>\",\"10\":{\"103\":{\"type\":\"carousel\",\"enabled\":\"1\",\"fields\":{\"images\":[\"159\",\"158\",\"160\"],\"verticalSpacingLevel\":\"vertical-spacing-2\"}},\"104\":{\"type\":\"twoColumnContent\",\"enabled\":\"1\",\"fields\":{\"backgroundColor\":\"#000000\",\"leftColumn\":\"<p class=\\\"h3 med\\\"><span class=\\\"white\\\">STYLE<br>IS A<br>SIMPLE<br>WAY<br>OF<br>SAYING<br>COMPLEX<br>THINGS<br><\\/span><span class=\\\"blue\\\">&mdash;JEAN<br>COCTEAU<\\/span><\\/p>\",\"rightColumn\":\"<p class=\\\"large\\\"><span class=\\\"white\\\"><span><\\/span>Style is Not a&nbsp;4-letter Word<span><\\/span><\\/span><\\/p>\\r\\n\\r\\n<p class=\\\"large\\\"><span class=\\\"white\\\"><span><\\/span>In our experience, the brands that are the most magnetic are those which project distinct, memorable and charismatic personalities. These brands place equal emphasis on what they say and how they say it. Some design purists might say that style is merely artificial decoration that should be avoided in favor of logic&mdash;\\u201cform follows function\\u201d and all that. Don\\u2019t get us wrong, we\\u2019re not proponents of style for its own sake, or as ornament applied after an idea has already been defined. Rather, we employ style as an integral and strategic component of our brand-development process. At its best, style can be that magical something about a company or product that pulls people in and transcends the logical. So, to us, style is not a 4-letter word. On the contrary, we embrace it, harnessing its power to cut through the clutter.&nbsp;<\\/span><\\/p>\\r\\n\\r\\n\\r\\n\\r\\n\\r\\n\\r\\n\\r\\n\\r\\n\\r\\n\\r\\n\\r\\n\\r\\n\\r\\n\\r\\n\\r\\n\\r\\n\\r\\n\\r\\n<p class=\\\"large\\\"><span class=\\\"white\\\">And besides, \\u201cstyle\\u201d has five letters.<\\/span><\\/p>\",\"verticalSpacingLevel\":\"vertical-spacing-2\"}},\"106\":{\"type\":\"twoColumnContent\",\"enabled\":\"1\",\"fields\":{\"backgroundColor\":\"#000000\",\"leftColumn\":\"<p class=\\\"large\\\"><span class=\\\"white\\\">We Do<\\/span><\\/p>\",\"rightColumn\":\"<p class=\\\"h2 caps white\\\"><a href=\\\"http:\\/\\/turnstyle.studio\\/strategy\\\">Strategy<\\/a><br><a href=\\\"http:\\/\\/turnstyle.studio\\/identity#entry:56:url\\\">Identity<\\/a><br>Digital<br>Print<br>Packaging<br>Environment<\\/p>\",\"verticalSpacingLevel\":\"vertical-spacing-2\"}},\"107\":{\"type\":\"twoColumnContent\",\"enabled\":\"1\",\"fields\":{\"backgroundColor\":\"#ffffff\",\"leftColumn\":\"<p class=\\\"h3 caps\\\">our<br>clients<br>&<br>industries<\\/p>\\r\\n\\r\\n<p class=\\\"h3 caps\\\"><\\/p>\",\"rightColumn\":\"\",\"verticalSpacingLevel\":\"vertical-spacing-1\"}},\"108\":{\"type\":\"twoColumnContent\",\"enabled\":\"1\",\"fields\":{\"backgroundColor\":\"#ffffff\",\"leftColumn\":\"<p><span class=\\\"gray\\\">Industry<\\/span><\\/p>\\r\\n\\r\\n<p class=\\\"h3 caps\\\">teague<br>nike<br>starbucks<br>microsoft<br>amazon<br>aiga<br>nordstrom<br>teague<br>nike<\\/p>\\r\\n\\r\\n\\r\\n\\r\\n\\r\\n\\r\\n\\r\\n\\r\\n\\r\\n\\r\\n\\r\\n\\r\\n\\r\\n\\r\\n\\r\\n\\r\\n\\r\\n\\r\\n\\r\\n\\r\\n\\r\\n\\r\\n\\r\\n\\r\\n\\r\\n\\r\\n\\r\\n\\r\\n\\r\\n\\r\\n\\r\\n\\r\\n\\r\\n\\r\\n\\r\\n\\r\\n\\r\\n\\r\\n\\r\\n\\r\\n\\r\\n\\r\\n\\r\\n\\r\\n\\r\\n\\r\\n\\r\\n\\r\\n\\r\\n\\r\\n\\r\\n\\r\\n\\r\\n\\r\\n\\r\\n\\r\\n\\r\\n\\r\\n\\r\\n\\r\\n\\r\\n\\r\\n<p><span class=\\\"gray\\\">Industry<\\/span><\\/p>\\r\\n\\r\\n\\r\\n\\r\\n\\r\\n\\r\\n\\r\\n\\r\\n\\r\\n\\r\\n\\r\\n\\r\\n\\r\\n\\r\\n\\r\\n\\r\\n\\r\\n\\r\\n\\r\\n\\r\\n\\r\\n\\r\\n\\r\\n\\r\\n\\r\\n\\r\\n\\r\\n\\r\\n\\r\\n\\r\\n\\r\\n\\r\\n\\r\\n\\r\\n\\r\\n\\r\\n\\r\\n\\r\\n\\r\\n\\r\\n\\r\\n\\r\\n\\r\\n\\r\\n\\r\\n\\r\\n\\r\\n\\r\\n\\r\\n\\r\\n\\r\\n\\r\\n\\r\\n\\r\\n\\r\\n\\r\\n\\r\\n\\r\\n\\r\\n\\r\\n\\r\\n\\r\\n<p class=\\\"h3 caps\\\">starbucks<br>microsoft<br>amazon<\\/p>\\r\\n\\r\\n\\r\\n\\r\\n\\r\\n\\r\\n\\r\\n\\r\\n\\r\\n\\r\\n\\r\\n\\r\\n\\r\\n\\r\\n\\r\\n\\r\\n\\r\\n\\r\\n\\r\\n\\r\\n\\r\\n\\r\\n\\r\\n\\r\\n\\r\\n\\r\\n\\r\\n\\r\\n\\r\\n\\r\\n\\r\\n\\r\\n\\r\\n\\r\\n\\r\\n\\r\\n\\r\\n\\r\\n\\r\\n\\r\\n\\r\\n\\r\\n\\r\\n\\r\\n\\r\\n\\r\\n\\r\\n\\r\\n\\r\\n\\r\\n\\r\\n\\r\\n\\r\\n\\r\\n\\r\\n\\r\\n\\r\\n\\r\\n\\r\\n\\r\\n\\r\\n\\r\\n<p><span class=\\\"gray\\\">Industry<\\/span><\\/p>\\r\\n\\r\\n\\r\\n\\r\\n\\r\\n\\r\\n\\r\\n\\r\\n\\r\\n\\r\\n\\r\\n\\r\\n\\r\\n\\r\\n\\r\\n\\r\\n\\r\\n\\r\\n\\r\\n\\r\\n\\r\\n\\r\\n\\r\\n\\r\\n\\r\\n\\r\\n\\r\\n\\r\\n\\r\\n\\r\\n\\r\\n\\r\\n\\r\\n\\r\\n\\r\\n\\r\\n\\r\\n\\r\\n\\r\\n\\r\\n\\r\\n\\r\\n\\r\\n\\r\\n\\r\\n\\r\\n\\r\\n\\r\\n\\r\\n\\r\\n\\r\\n\\r\\n\\r\\n\\r\\n\\r\\n\\r\\n\\r\\n\\r\\n\\r\\n\\r\\n\\r\\n\\r\\n<p class=\\\"h3 caps\\\">starbucks<br>microsoft<\\/p>\",\"rightColumn\":\"<p>Industry<br><\\/p>\\r\\n\\r\\n<p class=\\\"h3 caps\\\">starbucks<br>microsoft<br>amazon<\\/p>\\r\\n\\r\\n\\r\\n\\r\\n\\r\\n\\r\\n\\r\\n\\r\\n\\r\\n\\r\\n\\r\\n\\r\\n\\r\\n\\r\\n\\r\\n\\r\\n\\r\\n\\r\\n\\r\\n\\r\\n\\r\\n\\r\\n\\r\\n\\r\\n\\r\\n\\r\\n\\r\\n\\r\\n\\r\\n\\r\\n\\r\\n\\r\\n\\r\\n\\r\\n\\r\\n\\r\\n\\r\\n\\r\\n\\r\\n\\r\\n\\r\\n\\r\\n\\r\\n\\r\\n\\r\\n\\r\\n\\r\\n\\r\\n\\r\\n\\r\\n\\r\\n\\r\\n\\r\\n\\r\\n\\r\\n\\r\\n\\r\\n\\r\\n\\r\\n\\r\\n\\r\\n\\r\\n<p><span class=\\\"gray\\\">Industry<\\/span><\\/p>\\r\\n\\r\\n\\r\\n\\r\\n\\r\\n\\r\\n\\r\\n\\r\\n\\r\\n\\r\\n\\r\\n\\r\\n\\r\\n\\r\\n\\r\\n\\r\\n\\r\\n\\r\\n\\r\\n\\r\\n\\r\\n\\r\\n\\r\\n\\r\\n\\r\\n\\r\\n\\r\\n\\r\\n\\r\\n\\r\\n\\r\\n\\r\\n\\r\\n\\r\\n\\r\\n\\r\\n\\r\\n\\r\\n\\r\\n\\r\\n\\r\\n\\r\\n\\r\\n\\r\\n\\r\\n\\r\\n\\r\\n\\r\\n\\r\\n\\r\\n\\r\\n\\r\\n\\r\\n\\r\\n\\r\\n\\r\\n\\r\\n\\r\\n\\r\\n\\r\\n\\r\\n\\r\\n<p class=\\\"h3 caps\\\">teague<br>nike<br>starbucks<br>microsoft<br>amazon<br>aiga<br>nordstrom<br>teague<br>nike<\\/p>\\r\\n\\r\\n\\r\\n\\r\\n\\r\\n\\r\\n\\r\\n\\r\\n\\r\\n\\r\\n\\r\\n\\r\\n\\r\\n\\r\\n\\r\\n\\r\\n\\r\\n\\r\\n\\r\\n\\r\\n\\r\\n\\r\\n\\r\\n\\r\\n\\r\\n\\r\\n\\r\\n\\r\\n\\r\\n\\r\\n\\r\\n\\r\\n\\r\\n\\r\\n\\r\\n\\r\\n\\r\\n\\r\\n\\r\\n\\r\\n\\r\\n\\r\\n\\r\\n\\r\\n\\r\\n\\r\\n\\r\\n\\r\\n\\r\\n\\r\\n\\r\\n\\r\\n\\r\\n\\r\\n\\r\\n\\r\\n\\r\\n\\r\\n\\r\\n\\r\\n\\r\\n\\r\\n<p><span class=\\\"gray\\\"><br><\\/span><\\/p>\\r\\n\\r\\n\\r\\n\\r\\n\\r\\n\\r\\n\\r\\n\\r\\n\\r\\n\\r\\n\\r\\n\\r\\n\\r\\n\\r\\n\\r\\n\\r\\n\\r\\n\\r\\n\\r\\n\\r\\n\\r\\n\\r\\n\\r\\n\\r\\n\\r\\n\\r\\n\\r\\n\\r\\n\\r\\n\\r\\n\\r\\n\\r\\n\\r\\n\\r\\n\\r\\n\\r\\n\\r\\n\\r\\n\\r\\n\\r\\n\\r\\n\\r\\n\\r\\n\\r\\n\\r\\n\\r\\n\\r\\n\\r\\n\\r\\n\\r\\n\\r\\n\\r\\n\\r\\n\\r\\n\\r\\n\\r\\n\\r\\n\\r\\n\\r\\n\\r\\n<p><span class=\\\"gray\\\">Industry<\\/span><\\/p>\\r\\n\\r\\n\\r\\n\\r\\n\\r\\n\\r\\n\\r\\n\\r\\n\\r\\n\\r\\n\\r\\n\\r\\n\\r\\n\\r\\n\\r\\n\\r\\n\\r\\n\\r\\n\\r\\n\\r\\n\\r\\n\\r\\n\\r\\n\\r\\n\\r\\n\\r\\n\\r\\n\\r\\n\\r\\n\\r\\n\\r\\n\\r\\n\\r\\n\\r\\n\\r\\n\\r\\n\\r\\n\\r\\n\\r\\n\\r\\n\\r\\n\\r\\n\\r\\n\\r\\n\\r\\n\\r\\n\\r\\n\\r\\n\\r\\n\\r\\n\\r\\n\\r\\n\\r\\n\\r\\n\\r\\n\\r\\n\\r\\n\\r\\n\\r\\n\\r\\n\\r\\n\\r\\n<p class=\\\"h3 caps\\\">starbucks<br>microsoft<\\/p>\",\"verticalSpacingLevel\":\"vertical-spacing-1\"}}},\"47\":\"<p>08\\/2016 &mdash; IdN Magazine v23n2<\\/p>\\r\\n\\r\\n<p>06\\/2016 &mdash; Communication Arts Design Annual 2016<\\/p>\\r\\n\\r\\n\\r\\n\\r\\n\\r\\n\\r\\n\\r\\n\\r\\n\\r\\n\\r\\n\\r\\n\\r\\n\\r\\n\\r\\n\\r\\n\\r\\n\\r\\n\\r\\n\\r\\n\\r\\n\\r\\n\\r\\n\\r\\n\\r\\n\\r\\n\\r\\n\\r\\n\\r\\n\\r\\n\\r\\n\\r\\n\\r\\n\\r\\n\\r\\n\\r\\n\\r\\n\\r\\n\\r\\n\\r\\n\\r\\n\\r\\n\\r\\n\\r\\n\\r\\n\\r\\n\\r\\n\\r\\n\\r\\n\\r\\n\\r\\n\\r\\n\\r\\n\\r\\n\\r\\n\\r\\n\\r\\n<p>05\\/2016 &mdash; PRINT Magazine Regional Design Annual 2016<\\/p>\\r\\n\\r\\n\\r\\n\\r\\n\\r\\n\\r\\n\\r\\n\\r\\n\\r\\n\\r\\n\\r\\n\\r\\n\\r\\n\\r\\n\\r\\n\\r\\n\\r\\n\\r\\n\\r\\n\\r\\n\\r\\n\\r\\n\\r\\n\\r\\n\\r\\n\\r\\n\\r\\n\\r\\n\\r\\n\\r\\n\\r\\n\\r\\n\\r\\n\\r\\n\\r\\n\\r\\n\\r\\n\\r\\n\\r\\n\\r\\n\\r\\n\\r\\n\\r\\n\\r\\n\\r\\n\\r\\n\\r\\n\\r\\n\\r\\n\\r\\n\\r\\n\\r\\n\\r\\n\\r\\n\\r\\n\\r\\n<p>03\\/2016 &mdash; Communication Arts Design Annual 2015<\\/p>\\r\\n\\r\\n\\r\\n\\r\\n\\r\\n\\r\\n\\r\\n\\r\\n\\r\\n\\r\\n\\r\\n\\r\\n\\r\\n\\r\\n\\r\\n\\r\\n\\r\\n\\r\\n\\r\\n\\r\\n\\r\\n\\r\\n\\r\\n\\r\\n\\r\\n\\r\\n\\r\\n\\r\\n\\r\\n\\r\\n\\r\\n\\r\\n\\r\\n\\r\\n\\r\\n\\r\\n\\r\\n\\r\\n\\r\\n\\r\\n\\r\\n\\r\\n\\r\\n\\r\\n\\r\\n\\r\\n\\r\\n\\r\\n\\r\\n\\r\\n\\r\\n\\r\\n\\r\\n\\r\\n\\r\\n\\r\\n<p>02\\/2016 &mdash; IdN Magazine v23n2<\\/p>\\r\\n\\r\\n\\r\\n\\r\\n\\r\\n\\r\\n\\r\\n\\r\\n\\r\\n\\r\\n\\r\\n\\r\\n\\r\\n\\r\\n\\r\\n\\r\\n\\r\\n\\r\\n\\r\\n\\r\\n\\r\\n\\r\\n\\r\\n\\r\\n\\r\\n\\r\\n\\r\\n\\r\\n\\r\\n\\r\\n\\r\\n\\r\\n\\r\\n\\r\\n\\r\\n\\r\\n\\r\\n\\r\\n\\r\\n\\r\\n\\r\\n\\r\\n\\r\\n\\r\\n\\r\\n\\r\\n\\r\\n\\r\\n\\r\\n\\r\\n\\r\\n\\r\\n\\r\\n\\r\\n\\r\\n\\r\\n<p>12\\/2015 &mdash; Communication Arts Design Annual 2016<\\/p>\\r\\n\\r\\n\\r\\n\\r\\n\\r\\n\\r\\n\\r\\n\\r\\n\\r\\n\\r\\n\\r\\n\\r\\n\\r\\n\\r\\n\\r\\n\\r\\n\\r\\n\\r\\n\\r\\n\\r\\n\\r\\n\\r\\n\\r\\n\\r\\n\\r\\n\\r\\n\\r\\n\\r\\n\\r\\n\\r\\n\\r\\n\\r\\n\\r\\n\\r\\n\\r\\n\\r\\n\\r\\n\\r\\n\\r\\n\\r\\n\\r\\n\\r\\n\\r\\n\\r\\n\\r\\n\\r\\n\\r\\n\\r\\n\\r\\n\\r\\n\\r\\n\\r\\n\\r\\n\\r\\n\\r\\n\\r\\n<p>10\\/2015 &mdash; PRINT Magazine Regional Design Annual 2016<\\/p>\\r\\n\\r\\n\\r\\n\\r\\n\\r\\n\\r\\n\\r\\n\\r\\n\\r\\n\\r\\n\\r\\n\\r\\n\\r\\n\\r\\n\\r\\n\\r\\n\\r\\n\\r\\n\\r\\n\\r\\n\\r\\n\\r\\n\\r\\n\\r\\n\\r\\n\\r\\n\\r\\n\\r\\n\\r\\n\\r\\n\\r\\n\\r\\n\\r\\n\\r\\n\\r\\n\\r\\n\\r\\n\\r\\n\\r\\n\\r\\n\\r\\n\\r\\n\\r\\n\\r\\n\\r\\n\\r\\n\\r\\n\\r\\n\\r\\n\\r\\n\\r\\n\\r\\n\\r\\n\\r\\n\\r\\n\\r\\n<p>10\\/2015 &mdash; Communication Arts Design Annual 2015<\\/p>\\r\\n\\r\\n\\r\\n\\r\\n\\r\\n\\r\\n\\r\\n\\r\\n\\r\\n\\r\\n\\r\\n\\r\\n\\r\\n\\r\\n\\r\\n\\r\\n\\r\\n\\r\\n\\r\\n\\r\\n\\r\\n\\r\\n\\r\\n\\r\\n\\r\\n\\r\\n\\r\\n\\r\\n\\r\\n\\r\\n\\r\\n\\r\\n\\r\\n\\r\\n\\r\\n\\r\\n\\r\\n\\r\\n\\r\\n\\r\\n\\r\\n\\r\\n\\r\\n\\r\\n\\r\\n\\r\\n\\r\\n\\r\\n\\r\\n\\r\\n\\r\\n\\r\\n\\r\\n\\r\\n\\r\\n\\r\\n<p>06\\/2015 &mdash; PRINT Magazine Regional Design Annual 2016<\\/p>\\r\\n\\r\\n\\r\\n\\r\\n\\r\\n\\r\\n\\r\\n\\r\\n\\r\\n\\r\\n\\r\\n\\r\\n\\r\\n\\r\\n\\r\\n\\r\\n\\r\\n\\r\\n\\r\\n\\r\\n\\r\\n\\r\\n\\r\\n\\r\\n\\r\\n\\r\\n\\r\\n\\r\\n\\r\\n\\r\\n\\r\\n\\r\\n\\r\\n\\r\\n\\r\\n\\r\\n\\r\\n\\r\\n\\r\\n\\r\\n\\r\\n\\r\\n\\r\\n\\r\\n\\r\\n\\r\\n\\r\\n\\r\\n\\r\\n\\r\\n\\r\\n\\r\\n\\r\\n\\r\\n\\r\\n\\r\\n<p>02\\/2015 &mdash; Communication Arts Design Annual 2015<\\/p>\",\"44\":\"MEET\\r\\nOUR\\r\\nTALENTED\\r\\nTEAM\"}}', '2016-11-22 00:53:05', '2016-11-22 00:53:05', '19c78c07-9b96-4949-b985-62f73d96d9ad'),
 ('245', '101', '10', '46', 'en_us', '33', '', '{\"typeId\":\"11\",\"authorId\":null,\"title\":\"Studio\",\"slug\":\"studio\",\"postDate\":1478129954,\"expiryDate\":null,\"enabled\":1,\"parentId\":null,\"fields\":{\"48\":{\"102\":{\"type\":\"1\",\"fields\":{\"backgroundImage\":[\"97\"],\"backgroundColor\":\"#000000\",\"linkUrl\":\"\\/contact\",\"header\":\"Drop \\r\\nus \\r\\na \\r\\nline\",\"subtext\":\"Contact Us\",\"fontColor\":\"#efefef\"}}},\"46\":\"<p class=\\\"large\\\">Born in 2004<\\/p>\\r\\n\\r\\n<p class=\\\"large\\\">We are a full-service creative agency with offices in Seattle and Portland. A dedicated team of designers, strategists, developers and account specialists, we create highly-crafted brand experiences that clarify purpose, encourage action, and inspire brand loyalty. We\\u2019d love to get to know you and help tell your story.&nbsp;<\\/p>\",\"10\":{\"103\":{\"type\":\"carousel\",\"enabled\":\"1\",\"fields\":{\"images\":[\"159\",\"158\",\"160\"],\"verticalSpacingLevel\":\"vertical-spacing-2\"}},\"104\":{\"type\":\"twoColumnContent\",\"enabled\":\"1\",\"fields\":{\"backgroundColor\":\"#000000\",\"leftColumn\":\"<p class=\\\"h3 med\\\"><span class=\\\"white\\\">STYLE<br>IS A<br>SIMPLE<br>WAY<br>OF<br>SAYING<br>COMPLEX<br>THINGS<br><\\/span><span class=\\\"blue\\\">&mdash;JEAN<br>COCTEAU<\\/span><\\/p>\",\"rightColumn\":\"<p class=\\\"large\\\"><span class=\\\"white\\\"><span><\\/span>Style is Not a&nbsp;4-letter Word<span><\\/span><\\/span><\\/p>\\r\\n\\r\\n<p class=\\\"large\\\"><span class=\\\"white\\\"><span><\\/span>In our experience, the brands that are the most magnetic are those which project distinct, memorable and charismatic personalities. These brands place equal emphasis on what they say and how they say it. Some design purists might say that style is merely artificial decoration that should be avoided in favor of logic&mdash;\\u201cform follows function\\u201d and all that. Don\\u2019t get us wrong, we\\u2019re not proponents of style for its own sake, or as ornament applied after an idea has already been defined. Rather, we employ style as an integral and strategic component of our brand-development process. At its best, style can be that magical something about a company or product that pulls people in and transcends the logical. So, to us, style is not a 4-letter word. On the contrary, we embrace it, harnessing its power to cut through the clutter.&nbsp;<\\/span><\\/p>\\r\\n\\r\\n\\r\\n\\r\\n\\r\\n\\r\\n\\r\\n\\r\\n\\r\\n\\r\\n\\r\\n\\r\\n\\r\\n\\r\\n\\r\\n\\r\\n\\r\\n\\r\\n\\r\\n\\r\\n\\r\\n\\r\\n<p class=\\\"large\\\"><span class=\\\"white\\\">And besides, \\u201cstyle\\u201d has five letters.<\\/span><\\/p>\",\"verticalSpacingLevel\":\"vertical-spacing-2\"}},\"106\":{\"type\":\"twoColumnContent\",\"enabled\":\"1\",\"fields\":{\"backgroundColor\":\"#000000\",\"leftColumn\":\"<p class=\\\"large\\\"><span class=\\\"white\\\">We Do<\\/span><\\/p>\",\"rightColumn\":\"<p class=\\\"h2 caps white\\\"><a href=\\\"http:\\/\\/turnstyle.studio\\/strategy\\\">Strategy<\\/a><br><a href=\\\"http:\\/\\/turnstyle.studio\\/identity#entry:56:url\\\">Identity<\\/a><br>Digital<br>Print<br>Packaging<br>Environment<\\/p>\",\"verticalSpacingLevel\":\"vertical-spacing-2\"}},\"107\":{\"type\":\"twoColumnContent\",\"enabled\":\"1\",\"fields\":{\"backgroundColor\":\"#ffffff\",\"leftColumn\":\"<p class=\\\"h3 caps\\\">OUR<br>CLIENTS<br>&<br>INDUSTRIES<\\/p>\\r\\n\\r\\n<p class=\\\"h3 caps\\\"><\\/p>\",\"rightColumn\":\"\",\"verticalSpacingLevel\":\"vertical-spacing-1\"}},\"108\":{\"type\":\"twoColumnContent\",\"enabled\":\"1\",\"fields\":{\"backgroundColor\":\"#ffffff\",\"leftColumn\":\"<p class=\\\"large\\\"><span class=\\\"gray\\\">Industry<\\/span><\\/p>\\r\\n<p class=\\\"h3 caps\\\">TEAGUE<br>NIKE<br>STARBUCKS<br>MICROSOFT<br>AMAZON<br>AIGA<br>NORDSTROM<br>TEAGUE<br>NIKE<\\/p>\\r\\n\\r\\n<p class=\\\"large\\\"><span class=\\\"gray\\\">Industry<\\/span><\\/p>\\r\\n<p class=\\\"h3 caps\\\">TEAGUE<br>NIKE<br>STARBUCKS<br>MICROSOFT<br>AMAZON<br>AIGA<br>NORDSTROM<br>TEAGUE<br>NIKE<\\/p>\\r\\n\\r\\n<p class=\\\"large\\\"><span class=\\\"gray\\\">Industry<\\/span><\\/p>\\r\\n<p class=\\\"h3 caps\\\">TEAGUE<br>NIKE<br>STARBUCKS<br>MICROSOFT<br>AMAZON<br>AIGA<br>NORDSTROM<br>TEAGUE<br>NIKE<\\/p>\\r\\n\\r\\n\",\"rightColumn\":\"<p class=\\\"large\\\"><span class=\\\"gray\\\">Industry<\\/span><\\/p>\\r\\n<p class=\\\"h3 caps\\\">TEAGUE<br>NIKE<br>STARBUCKS<br>MICROSOFT<br>AMAZON<br>AIGA<br>NORDSTROM<br>TEAGUE<br>NIKE<\\/p>\\r\\n\\r\\n<p class=\\\"large\\\"><span class=\\\"gray\\\">Industry<\\/span><\\/p>\\r\\n<p class=\\\"h3 caps\\\">TEAGUE<br>NIKE<br>STARBUCKS<br>MICROSOFT<br>AMAZON<br>AIGA<br>NORDSTROM<br>TEAGUE<br>NIKE<\\/p>\\r\\n\\r\\n<p class=\\\"large\\\"><span class=\\\"gray\\\">Industry<\\/span><\\/p>\\r\\n<p class=\\\"h3 caps\\\">TEAGUE<br>NIKE<br>STARBUCKS<br>MICROSOFT<br>AMAZON<br>AIGA<br>NORDSTROM<br>TEAGUE<br>NIKE<\\/p>\",\"verticalSpacingLevel\":\"vertical-spacing-1\"}}},\"47\":\"<p class=\\\"large\\\">08\\/2016 &mdash; IdN Magazine v23n2<\\/p>\\r\\n\\r\\n<p class=\\\"large\\\">06\\/2016 &mdash; Communication Arts Design Annual 2016<\\/p>\\r\\n\\r\\n\\r\\n\\r\\n\\r\\n\\r\\n\\r\\n\\r\\n\\r\\n\\r\\n\\r\\n\\r\\n\\r\\n\\r\\n\\r\\n\\r\\n\\r\\n\\r\\n\\r\\n\\r\\n\\r\\n\\r\\n\\r\\n\\r\\n\\r\\n\\r\\n\\r\\n\\r\\n\\r\\n\\r\\n\\r\\n\\r\\n\\r\\n\\r\\n\\r\\n\\r\\n\\r\\n\\r\\n\\r\\n\\r\\n\\r\\n\\r\\n\\r\\n\\r\\n\\r\\n\\r\\n\\r\\n\\r\\n\\r\\n\\r\\n\\r\\n\\r\\n\\r\\n\\r\\n\\r\\n\\r\\n\\r\\n\\r\\n\\r\\n\\r\\n<p class=\\\"large\\\">05\\/2016 &mdash; PRINT Magazine Regional Design Annual 2016<\\/p>\\r\\n\\r\\n\\r\\n\\r\\n\\r\\n\\r\\n\\r\\n\\r\\n\\r\\n\\r\\n\\r\\n\\r\\n\\r\\n\\r\\n\\r\\n\\r\\n\\r\\n\\r\\n\\r\\n\\r\\n\\r\\n\\r\\n\\r\\n\\r\\n\\r\\n\\r\\n\\r\\n\\r\\n\\r\\n\\r\\n\\r\\n\\r\\n\\r\\n\\r\\n\\r\\n\\r\\n\\r\\n\\r\\n\\r\\n\\r\\n\\r\\n\\r\\n\\r\\n\\r\\n\\r\\n\\r\\n\\r\\n\\r\\n\\r\\n\\r\\n\\r\\n\\r\\n\\r\\n\\r\\n\\r\\n\\r\\n\\r\\n\\r\\n\\r\\n\\r\\n<p class=\\\"large\\\">03\\/2016 &mdash; Communication Arts Design Annual 2015<\\/p>\\r\\n\\r\\n\\r\\n\\r\\n\\r\\n\\r\\n\\r\\n\\r\\n\\r\\n\\r\\n\\r\\n\\r\\n\\r\\n\\r\\n\\r\\n\\r\\n\\r\\n\\r\\n\\r\\n\\r\\n\\r\\n\\r\\n\\r\\n\\r\\n\\r\\n\\r\\n\\r\\n\\r\\n\\r\\n\\r\\n\\r\\n\\r\\n\\r\\n\\r\\n\\r\\n\\r\\n\\r\\n\\r\\n\\r\\n\\r\\n\\r\\n\\r\\n\\r\\n\\r\\n\\r\\n\\r\\n\\r\\n\\r\\n\\r\\n\\r\\n\\r\\n\\r\\n\\r\\n\\r\\n\\r\\n\\r\\n\\r\\n\\r\\n\\r\\n\\r\\n<p class=\\\"large\\\">02\\/2016 &mdash; IdN Magazine v23n2<\\/p>\\r\\n\\r\\n\\r\\n\\r\\n\\r\\n\\r\\n\\r\\n\\r\\n\\r\\n\\r\\n\\r\\n\\r\\n\\r\\n\\r\\n\\r\\n\\r\\n\\r\\n\\r\\n\\r\\n\\r\\n\\r\\n\\r\\n\\r\\n\\r\\n\\r\\n\\r\\n\\r\\n\\r\\n\\r\\n\\r\\n\\r\\n\\r\\n\\r\\n\\r\\n\\r\\n\\r\\n\\r\\n\\r\\n\\r\\n\\r\\n\\r\\n\\r\\n\\r\\n\\r\\n\\r\\n\\r\\n\\r\\n\\r\\n\\r\\n\\r\\n\\r\\n\\r\\n\\r\\n\\r\\n\\r\\n\\r\\n\\r\\n\\r\\n\\r\\n\\r\\n<p class=\\\"large\\\">12\\/2015 &mdash; Communication Arts Design Annual 2016<\\/p>\\r\\n\\r\\n\\r\\n\\r\\n\\r\\n\\r\\n\\r\\n\\r\\n\\r\\n\\r\\n\\r\\n\\r\\n\\r\\n\\r\\n\\r\\n\\r\\n\\r\\n\\r\\n\\r\\n\\r\\n\\r\\n\\r\\n\\r\\n\\r\\n\\r\\n\\r\\n\\r\\n\\r\\n\\r\\n\\r\\n\\r\\n\\r\\n\\r\\n\\r\\n\\r\\n\\r\\n\\r\\n\\r\\n\\r\\n\\r\\n\\r\\n\\r\\n\\r\\n\\r\\n\\r\\n\\r\\n\\r\\n\\r\\n\\r\\n\\r\\n\\r\\n\\r\\n\\r\\n\\r\\n\\r\\n\\r\\n\\r\\n\\r\\n\\r\\n\\r\\n<p class=\\\"large\\\">10\\/2015 &mdash; PRINT Magazine Regional Design Annual 2016<\\/p>\\r\\n\\r\\n\\r\\n\\r\\n\\r\\n\\r\\n\\r\\n\\r\\n\\r\\n\\r\\n\\r\\n\\r\\n\\r\\n\\r\\n\\r\\n\\r\\n\\r\\n\\r\\n\\r\\n\\r\\n\\r\\n\\r\\n\\r\\n\\r\\n\\r\\n\\r\\n\\r\\n\\r\\n\\r\\n\\r\\n\\r\\n\\r\\n\\r\\n\\r\\n\\r\\n\\r\\n\\r\\n\\r\\n\\r\\n\\r\\n\\r\\n\\r\\n\\r\\n\\r\\n\\r\\n\\r\\n\\r\\n\\r\\n\\r\\n\\r\\n\\r\\n\\r\\n\\r\\n\\r\\n\\r\\n\\r\\n\\r\\n\\r\\n\\r\\n\\r\\n<p class=\\\"large\\\">10\\/2015 &mdash; Communication Arts Design Annual 2015<\\/p>\\r\\n\\r\\n\\r\\n\\r\\n\\r\\n\\r\\n\\r\\n\\r\\n\\r\\n\\r\\n\\r\\n\\r\\n\\r\\n\\r\\n\\r\\n\\r\\n\\r\\n\\r\\n\\r\\n\\r\\n\\r\\n\\r\\n\\r\\n\\r\\n\\r\\n\\r\\n\\r\\n\\r\\n\\r\\n\\r\\n\\r\\n\\r\\n\\r\\n\\r\\n\\r\\n\\r\\n\\r\\n\\r\\n\\r\\n\\r\\n\\r\\n\\r\\n\\r\\n\\r\\n\\r\\n\\r\\n\\r\\n\\r\\n\\r\\n\\r\\n\\r\\n\\r\\n\\r\\n\\r\\n\\r\\n\\r\\n\\r\\n\\r\\n\\r\\n\\r\\n<p class=\\\"large\\\">06\\/2015 &mdash; PRINT Magazine Regional Design Annual 2016<\\/p>\\r\\n\\r\\n\\r\\n\\r\\n\\r\\n\\r\\n\\r\\n\\r\\n\\r\\n\\r\\n\\r\\n\\r\\n\\r\\n\\r\\n\\r\\n\\r\\n\\r\\n\\r\\n\\r\\n\\r\\n\\r\\n\\r\\n\\r\\n\\r\\n\\r\\n\\r\\n\\r\\n\\r\\n\\r\\n\\r\\n\\r\\n\\r\\n\\r\\n\\r\\n\\r\\n\\r\\n\\r\\n\\r\\n\\r\\n\\r\\n\\r\\n\\r\\n\\r\\n\\r\\n\\r\\n\\r\\n\\r\\n\\r\\n\\r\\n\\r\\n\\r\\n\\r\\n\\r\\n\\r\\n\\r\\n\\r\\n\\r\\n\\r\\n\\r\\n\\r\\n<p class=\\\"large\\\">02\\/2015 &mdash; Communication Arts Design Annual 2015<\\/p>\",\"44\":\"MEET\\r\\nOUR\\r\\nTALENTED\\r\\nTEAM\"}}', '2016-11-22 19:34:54', '2016-11-22 19:34:54', '0e36ec19-7028-4ce7-96e8-62ff366ae315'),
 ('246', '101', '10', '46', 'en_us', '34', '', '{\"typeId\":\"11\",\"authorId\":null,\"title\":\"Studio\",\"slug\":\"studio\",\"postDate\":1478129954,\"expiryDate\":null,\"enabled\":1,\"parentId\":null,\"fields\":{\"48\":{\"102\":{\"type\":\"1\",\"fields\":{\"backgroundImage\":[\"97\"],\"backgroundColor\":\"#000000\",\"linkUrl\":\"\\/contact\",\"header\":\"Drop \\r\\nus \\r\\na \\r\\nline\",\"subtext\":\"Contact Us\",\"fontColor\":\"#efefef\"}}},\"46\":\"<p class=\\\"large\\\">Born in 2004<\\/p>\\r\\n\\r\\n<p class=\\\"large\\\">We are a full-service creative agency with offices in Seattle and Portland. A dedicated team of designers, strategists, developers and account specialists, we create highly-crafted brand experiences that clarify purpose, encourage action, and inspire brand loyalty. We\\u2019d love to get to know you and help tell your story.&nbsp;<\\/p>\",\"10\":{\"103\":{\"type\":\"carousel\",\"enabled\":\"1\",\"fields\":{\"images\":[\"159\",\"158\",\"160\"],\"verticalSpacingLevel\":\"vertical-spacing-2\"}},\"104\":{\"type\":\"twoColumnContent\",\"enabled\":\"1\",\"fields\":{\"backgroundColor\":\"#000000\",\"leftColumn\":\"<p class=\\\"h3 med\\\"><span class=\\\"white\\\">STYLE<br>IS A<br>SIMPLE<br>WAY<br>OF<br>SAYING<br>COMPLEX<br>THINGS<br><\\/span><span class=\\\"blue\\\">&mdash;JEAN<br>COCTEAU<\\/span><\\/p>\",\"rightColumn\":\"<p class=\\\"large\\\"><span class=\\\"white\\\"><span><\\/span>Style is Not a&nbsp;4-letter Word<span><\\/span><\\/span><\\/p>\\r\\n\\r\\n<p class=\\\"large\\\"><span class=\\\"white\\\"><span><\\/span>In our experience, the brands that are the most magnetic are those which project distinct, memorable and charismatic personalities. These brands place equal emphasis on what they say and how they say it. Some design purists might say that style is merely artificial decoration that should be avoided in favor of logic&mdash;\\u201cform follows function\\u201d and all that. Don\\u2019t get us wrong, we\\u2019re not proponents of style for its own sake, or as ornament applied after an idea has already been defined. Rather, we employ style as an integral and strategic component of our brand-development process. At its best, style can be that magical something about a company or product that pulls people in and transcends the logical. So, to us, style is not a 4-letter word. On the contrary, we embrace it, harnessing its power to cut through the clutter.&nbsp;<\\/span><\\/p>\\r\\n\\r\\n\\r\\n\\r\\n\\r\\n\\r\\n\\r\\n\\r\\n\\r\\n\\r\\n\\r\\n\\r\\n\\r\\n\\r\\n\\r\\n\\r\\n\\r\\n\\r\\n\\r\\n\\r\\n\\r\\n\\r\\n\\r\\n\\r\\n<p class=\\\"large\\\"><span class=\\\"white\\\">And besides, \\u201cstyle\\u201d has five letters.<\\/span><\\/p>\",\"verticalSpacingLevel\":\"vertical-spacing-2\"}},\"106\":{\"type\":\"twoColumnContent\",\"enabled\":\"1\",\"fields\":{\"backgroundColor\":\"#000000\",\"leftColumn\":\"<p class=\\\"large\\\"><span class=\\\"white\\\">We Do<\\/span><\\/p>\",\"rightColumn\":\"<p class=\\\"h2 caps white\\\"><a href=\\\"http:\\/\\/turnstyle.studio\\/strategy\\\">Strategy<\\/a><br><a href=\\\"http:\\/\\/turnstyle.studio\\/identity#entry:56:url\\\">Identity<\\/a><br>Digital<br>Print<br>Packaging<br>Environment<\\/p>\",\"verticalSpacingLevel\":\"vertical-spacing-2\"}},\"107\":{\"type\":\"twoColumnContent\",\"enabled\":\"1\",\"fields\":{\"backgroundColor\":\"#ffffff\",\"leftColumn\":\"<p class=\\\"h3 caps\\\">OUR<br>CLIENTS<br>&<br>INDUSTRIES<\\/p>\\r\\n\\r\\n<p class=\\\"h3 caps\\\"><\\/p>\",\"rightColumn\":\"\",\"verticalSpacingLevel\":\"vertical-spacing-1\"}},\"108\":{\"type\":\"twoColumnContent\",\"enabled\":\"1\",\"fields\":{\"backgroundColor\":\"#ffffff\",\"leftColumn\":\"<p class=\\\"large\\\"><span class=\\\"gray\\\">Industry<\\/span><\\/p>\\r\\n\\r\\n<p class=\\\"h3 caps\\\">TEAGUE<br>NIKE<br>STARBUCKS<br>MICROSOFT<br>AMAZON<br>AIGA<br>NORDSTROM<br>TEAGUE<br>NIKE<\\/p>\\r\\n\\r\\n\\r\\n\\r\\n<p class=\\\"large\\\"><span class=\\\"gray\\\">Industry<\\/span><\\/p>\\r\\n\\r\\n\\r\\n\\r\\n<p class=\\\"h3 caps\\\">TEAGUE<br>NIKE<br>STARBUCKS<br>MICROSOFT<br>AMAZON<br>AIGA<br>NORDSTROM<br>TEAGUE<br>NIKE<\\/p>\\r\\n\\r\\n\\r\\n\\r\\n<p class=\\\"large\\\"><span class=\\\"gray\\\">Industry<\\/span><\\/p>\\r\\n\\r\\n\\r\\n\\r\\n<p class=\\\"h3 caps\\\">TEAGUE<br>NIKE<br>STARBUCKS<br>MICROSOFT<br>AMAZON<br>AIGA<br>NORDSTROM<br>TEAGUE<br>NIKE<\\/p>\",\"rightColumn\":\"<p class=\\\"large\\\"><span class=\\\"gray\\\">Industry<\\/span><\\/p>\\r\\n\\r\\n<p class=\\\"h3 caps\\\">TEAGUE<br>NIKE<br>STARBUCKS<br>MICROSOFT<br>AMAZON<br>AIGA<br>NORDSTROM<br>TEAGUE<br>NIKE<\\/p>\\r\\n\\r\\n\\r\\n\\r\\n<p class=\\\"large\\\"><span class=\\\"gray\\\">Industry<\\/span><\\/p>\\r\\n\\r\\n\\r\\n\\r\\n<p class=\\\"h3 caps\\\">TEAGUE<br>NIKE<br>STARBUCKS<br>MICROSOFT<br>AMAZON<br>AIGA<br>NORDSTROM<br>TEAGUE<br>NIKE<\\/p>\\r\\n\\r\\n\\r\\n\\r\\n<p class=\\\"large\\\"><span class=\\\"gray\\\">Industry<\\/span><\\/p>\\r\\n\\r\\n\\r\\n\\r\\n<p class=\\\"h3 caps\\\">TEAGUE<br>NIKE<br>STARBUCKS<br>MICROSOFT<br>AMAZON<br>AIGA<br>NORDSTROM<br>TEAGUE<br>NIKE<\\/p>\",\"verticalSpacingLevel\":\"vertical-spacing-1\"}}},\"47\":\"<p class=\\\"large\\\">08\\/2016 &mdash; IdN Magazine v23n2<\\/p>\\r\\n\\r\\n<p class=\\\"large\\\">06\\/2016 &mdash; Communication Arts Design Annual 2016<\\/p>\\r\\n\\r\\n\\r\\n\\r\\n\\r\\n\\r\\n\\r\\n\\r\\n\\r\\n\\r\\n\\r\\n\\r\\n\\r\\n\\r\\n\\r\\n\\r\\n\\r\\n\\r\\n\\r\\n\\r\\n\\r\\n\\r\\n\\r\\n\\r\\n\\r\\n\\r\\n\\r\\n\\r\\n\\r\\n\\r\\n\\r\\n\\r\\n\\r\\n\\r\\n\\r\\n\\r\\n\\r\\n\\r\\n\\r\\n\\r\\n\\r\\n\\r\\n\\r\\n\\r\\n\\r\\n\\r\\n\\r\\n\\r\\n\\r\\n\\r\\n\\r\\n\\r\\n\\r\\n\\r\\n\\r\\n\\r\\n\\r\\n\\r\\n\\r\\n\\r\\n\\r\\n\\r\\n<p class=\\\"large\\\">05\\/2016 &mdash; PRINT Magazine Regional Design Annual 2016<\\/p>\\r\\n\\r\\n\\r\\n\\r\\n\\r\\n\\r\\n\\r\\n\\r\\n\\r\\n\\r\\n\\r\\n\\r\\n\\r\\n\\r\\n\\r\\n\\r\\n\\r\\n\\r\\n\\r\\n\\r\\n\\r\\n\\r\\n\\r\\n\\r\\n\\r\\n\\r\\n\\r\\n\\r\\n\\r\\n\\r\\n\\r\\n\\r\\n\\r\\n\\r\\n\\r\\n\\r\\n\\r\\n\\r\\n\\r\\n\\r\\n\\r\\n\\r\\n\\r\\n\\r\\n\\r\\n\\r\\n\\r\\n\\r\\n\\r\\n\\r\\n\\r\\n\\r\\n\\r\\n\\r\\n\\r\\n\\r\\n\\r\\n\\r\\n\\r\\n\\r\\n\\r\\n\\r\\n<p class=\\\"large\\\">03\\/2016 &mdash; Communication Arts Design Annual 2015<\\/p>\\r\\n\\r\\n\\r\\n\\r\\n\\r\\n\\r\\n\\r\\n\\r\\n\\r\\n\\r\\n\\r\\n\\r\\n\\r\\n\\r\\n\\r\\n\\r\\n\\r\\n\\r\\n\\r\\n\\r\\n\\r\\n\\r\\n\\r\\n\\r\\n\\r\\n\\r\\n\\r\\n\\r\\n\\r\\n\\r\\n\\r\\n\\r\\n\\r\\n\\r\\n\\r\\n\\r\\n\\r\\n\\r\\n\\r\\n\\r\\n\\r\\n\\r\\n\\r\\n\\r\\n\\r\\n\\r\\n\\r\\n\\r\\n\\r\\n\\r\\n\\r\\n\\r\\n\\r\\n\\r\\n\\r\\n\\r\\n\\r\\n\\r\\n\\r\\n\\r\\n\\r\\n\\r\\n<p class=\\\"large\\\">02\\/2016 &mdash; IdN Magazine v23n2<\\/p>\\r\\n\\r\\n\\r\\n\\r\\n\\r\\n\\r\\n\\r\\n\\r\\n\\r\\n\\r\\n\\r\\n\\r\\n\\r\\n\\r\\n\\r\\n\\r\\n\\r\\n\\r\\n\\r\\n\\r\\n\\r\\n\\r\\n\\r\\n\\r\\n\\r\\n\\r\\n\\r\\n\\r\\n\\r\\n\\r\\n\\r\\n\\r\\n\\r\\n\\r\\n\\r\\n\\r\\n\\r\\n\\r\\n\\r\\n\\r\\n\\r\\n\\r\\n\\r\\n\\r\\n\\r\\n\\r\\n\\r\\n\\r\\n\\r\\n\\r\\n\\r\\n\\r\\n\\r\\n\\r\\n\\r\\n\\r\\n\\r\\n\\r\\n\\r\\n\\r\\n\\r\\n\\r\\n<p class=\\\"large\\\">12\\/2015 &mdash; Communication Arts Design Annual 2016<\\/p>\\r\\n\\r\\n\\r\\n\\r\\n\\r\\n\\r\\n\\r\\n\\r\\n\\r\\n\\r\\n\\r\\n\\r\\n\\r\\n\\r\\n\\r\\n\\r\\n\\r\\n\\r\\n\\r\\n\\r\\n\\r\\n\\r\\n\\r\\n\\r\\n\\r\\n\\r\\n\\r\\n\\r\\n\\r\\n\\r\\n\\r\\n\\r\\n\\r\\n\\r\\n\\r\\n\\r\\n\\r\\n\\r\\n\\r\\n\\r\\n\\r\\n\\r\\n\\r\\n\\r\\n\\r\\n\\r\\n\\r\\n\\r\\n\\r\\n\\r\\n\\r\\n\\r\\n\\r\\n\\r\\n\\r\\n\\r\\n\\r\\n\\r\\n\\r\\n\\r\\n\\r\\n\\r\\n<p class=\\\"large\\\">10\\/2015 &mdash; PRINT Magazine Regional Design Annual 2016<\\/p>\\r\\n\\r\\n\\r\\n\\r\\n\\r\\n\\r\\n\\r\\n\\r\\n\\r\\n\\r\\n\\r\\n\\r\\n\\r\\n\\r\\n\\r\\n\\r\\n\\r\\n\\r\\n\\r\\n\\r\\n\\r\\n\\r\\n\\r\\n\\r\\n\\r\\n\\r\\n\\r\\n\\r\\n\\r\\n\\r\\n\\r\\n\\r\\n\\r\\n\\r\\n\\r\\n\\r\\n\\r\\n\\r\\n\\r\\n\\r\\n\\r\\n\\r\\n\\r\\n\\r\\n\\r\\n\\r\\n\\r\\n\\r\\n\\r\\n\\r\\n\\r\\n\\r\\n\\r\\n\\r\\n\\r\\n\\r\\n\\r\\n\\r\\n\\r\\n\\r\\n\\r\\n\\r\\n<p class=\\\"large\\\">10\\/2015 &mdash; Communication Arts Design Annual 2015<\\/p>\\r\\n\\r\\n\\r\\n\\r\\n\\r\\n\\r\\n\\r\\n\\r\\n\\r\\n\\r\\n\\r\\n\\r\\n\\r\\n\\r\\n\\r\\n\\r\\n\\r\\n\\r\\n\\r\\n\\r\\n\\r\\n\\r\\n\\r\\n\\r\\n\\r\\n\\r\\n\\r\\n\\r\\n\\r\\n\\r\\n\\r\\n\\r\\n\\r\\n\\r\\n\\r\\n\\r\\n\\r\\n\\r\\n\\r\\n\\r\\n\\r\\n\\r\\n\\r\\n\\r\\n\\r\\n\\r\\n\\r\\n\\r\\n\\r\\n\\r\\n\\r\\n\\r\\n\\r\\n\\r\\n\\r\\n\\r\\n\\r\\n\\r\\n\\r\\n\\r\\n\\r\\n\\r\\n<p class=\\\"large\\\">06\\/2015 &mdash; PRINT Magazine Regional Design Annual 2016<\\/p>\\r\\n\\r\\n\\r\\n\\r\\n\\r\\n\\r\\n\\r\\n\\r\\n\\r\\n\\r\\n\\r\\n\\r\\n\\r\\n\\r\\n\\r\\n\\r\\n\\r\\n\\r\\n\\r\\n\\r\\n\\r\\n\\r\\n\\r\\n\\r\\n\\r\\n\\r\\n\\r\\n\\r\\n\\r\\n\\r\\n\\r\\n\\r\\n\\r\\n\\r\\n\\r\\n\\r\\n\\r\\n\\r\\n\\r\\n\\r\\n\\r\\n\\r\\n\\r\\n\\r\\n\\r\\n\\r\\n\\r\\n\\r\\n\\r\\n\\r\\n\\r\\n\\r\\n\\r\\n\\r\\n\\r\\n\\r\\n\\r\\n\\r\\n\\r\\n\\r\\n\\r\\n\\r\\n<p class=\\\"large\\\">02\\/2015 &mdash; Communication Arts Design Annual 2015<\\/p>\",\"44\":\"MEET\\r\\nOUR\\r\\nTALENTED\\r\\nTEAM\"}}', '2016-11-22 19:35:25', '2016-11-22 19:35:25', 'dc00b4df-5ae8-4b4a-8900-8f9a10699389'),
 ('249', '101', '10', '46', 'en_us', '35', '', '{\"typeId\":\"11\",\"authorId\":null,\"title\":\"Studio\",\"slug\":\"studio\",\"postDate\":1478129954,\"expiryDate\":null,\"enabled\":1,\"parentId\":null,\"fields\":{\"48\":{\"102\":{\"type\":\"1\",\"fields\":{\"backgroundImage\":[\"97\"],\"backgroundColor\":\"#000000\",\"linkUrl\":\"\\/contact\",\"header\":\"Drop \\r\\nus \\r\\na \\r\\nline\",\"subtext\":\"Contact Us\",\"fontColor\":\"#efefef\"}}},\"46\":\"<p class=\\\"large\\\">Born in 2004<\\/p>\\r\\n\\r\\n<p class=\\\"large\\\">We are a full-service creative agency with offices in Seattle and Portland. A dedicated team of designers, strategists, developers and account specialists, we create highly-crafted brand experiences that clarify purpose, encourage action, and inspire brand loyalty. We\\u2019d love to get to know you and help tell your story.&nbsp;<\\/p>\",\"10\":{\"103\":{\"type\":\"carousel\",\"enabled\":\"1\",\"fields\":{\"images\":[\"159\",\"158\",\"166\",\"160\"],\"verticalSpacingLevel\":\"vertical-spacing-2\"}},\"104\":{\"type\":\"twoColumnContent\",\"enabled\":\"1\",\"fields\":{\"backgroundColor\":\"#000000\",\"leftColumn\":\"<p class=\\\"h3 med\\\"><span class=\\\"white\\\">STYLE<br>IS A<br>SIMPLE<br>WAY<br>OF<br>SAYING<br>COMPLEX<br>THINGS<br><\\/span><span class=\\\"blue\\\">&mdash;JEAN<br>COCTEAU<\\/span><\\/p>\",\"rightColumn\":\"<p class=\\\"large\\\"><span class=\\\"white\\\"><span><\\/span>Style is Not a&nbsp;4-letter Word<span><\\/span><\\/span><\\/p>\\r\\n\\r\\n<p class=\\\"large\\\"><span class=\\\"white\\\"><span><\\/span>In our experience, the brands that are the most magnetic are those which project distinct, memorable and charismatic personalities. These brands place equal emphasis on what they say and how they say it. Some design purists might say that style is merely artificial decoration that should be avoided in favor of logic&mdash;\\u201cform follows function\\u201d and all that. Don\\u2019t get us wrong, we\\u2019re not proponents of style for its own sake, or as ornament applied after an idea has already been defined. Rather, we employ style as an integral and strategic component of our brand-development process. At its best, style can be that magical something about a company or product that pulls people in and transcends the logical. So, to us, style is not a 4-letter word. On the contrary, we embrace it, harnessing its power to cut through the clutter.&nbsp;<\\/span><\\/p>\\r\\n\\r\\n\\r\\n\\r\\n\\r\\n\\r\\n\\r\\n\\r\\n\\r\\n\\r\\n\\r\\n\\r\\n\\r\\n\\r\\n\\r\\n\\r\\n\\r\\n\\r\\n\\r\\n\\r\\n\\r\\n\\r\\n\\r\\n\\r\\n\\r\\n\\r\\n<p class=\\\"large\\\"><span class=\\\"white\\\">And besides, \\u201cstyle\\u201d has five letters.<\\/span><\\/p>\",\"verticalSpacingLevel\":\"vertical-spacing-2\"}},\"106\":{\"type\":\"twoColumnContent\",\"enabled\":\"1\",\"fields\":{\"backgroundColor\":\"#000000\",\"leftColumn\":\"<p class=\\\"large\\\"><span class=\\\"white\\\">We Do<\\/span><\\/p>\",\"rightColumn\":\"<p class=\\\"h2 caps white\\\"><a href=\\\"http:\\/\\/turnstyle.studio\\/strategy\\\">Strategy<\\/a><br><a href=\\\"http:\\/\\/turnstyle.studio\\/identity#entry:56:url\\\">Identity<\\/a><br>Digital<br>Print<br>Packaging<br>Environment<\\/p>\",\"verticalSpacingLevel\":\"vertical-spacing-2\"}},\"107\":{\"type\":\"twoColumnContent\",\"enabled\":\"1\",\"fields\":{\"backgroundColor\":\"#ffffff\",\"leftColumn\":\"<p class=\\\"h3 caps\\\">OUR<br>CLIENTS<br>&<br>INDUSTRIES<\\/p>\\r\\n\\r\\n<p class=\\\"h3 caps\\\"><\\/p>\",\"rightColumn\":\"\",\"verticalSpacingLevel\":\"vertical-spacing-1\"}},\"108\":{\"type\":\"twoColumnContent\",\"enabled\":\"1\",\"fields\":{\"backgroundColor\":\"#ffffff\",\"leftColumn\":\"<p class=\\\"large\\\"><span class=\\\"gray\\\">Industry<\\/span><\\/p>\\r\\n\\r\\n<p class=\\\"h3 caps\\\">TEAGUE<br>NIKE<br>STARBUCKS<br>MICROSOFT<br>AMAZON<br>AIGA<br>NORDSTROM<br>TEAGUE<br>NIKE<\\/p>\\r\\n\\r\\n\\r\\n\\r\\n\\r\\n\\r\\n<p class=\\\"large\\\"><span class=\\\"gray\\\">Industry<\\/span><\\/p>\\r\\n\\r\\n\\r\\n\\r\\n\\r\\n\\r\\n<p class=\\\"h3 caps\\\">TEAGUE<br>NIKE<br>STARBUCKS<br>MICROSOFT<br>AMAZON<br>AIGA<br>NORDSTROM<br>TEAGUE<br>NIKE<\\/p>\\r\\n\\r\\n\\r\\n\\r\\n\\r\\n\\r\\n<p class=\\\"large\\\"><span class=\\\"gray\\\">Industry<\\/span><\\/p>\\r\\n\\r\\n\\r\\n\\r\\n\\r\\n\\r\\n<p class=\\\"h3 caps\\\">TEAGUE<br>NIKE<br>STARBUCKS<br>MICROSOFT<br>AMAZON<br>AIGA<br>NORDSTROM<br>TEAGUE<br>NIKE<\\/p>\",\"rightColumn\":\"<p class=\\\"large\\\"><span class=\\\"gray\\\">Industry<\\/span><\\/p>\\r\\n\\r\\n<p class=\\\"h3 caps\\\">TEAGUE<br>NIKE<br>STARBUCKS<br>MICROSOFT<br>AMAZON<br>AIGA<br>NORDSTROM<br>TEAGUE<br>NIKE<\\/p>\\r\\n\\r\\n\\r\\n\\r\\n\\r\\n\\r\\n<p class=\\\"large\\\"><span class=\\\"gray\\\">Industry<\\/span><\\/p>\\r\\n\\r\\n\\r\\n\\r\\n\\r\\n\\r\\n<p class=\\\"h3 caps\\\">TEAGUE<br>NIKE<br>STARBUCKS<br>MICROSOFT<br>AMAZON<br>AIGA<br>NORDSTROM<br>TEAGUE<br>NIKE<\\/p>\\r\\n\\r\\n\\r\\n\\r\\n\\r\\n\\r\\n<p class=\\\"large\\\"><span class=\\\"gray\\\">Industry<\\/span><\\/p>\\r\\n\\r\\n\\r\\n\\r\\n\\r\\n\\r\\n<p class=\\\"h3 caps\\\">TEAGUE<br>NIKE<br>STARBUCKS<br>MICROSOFT<br>AMAZON<br>AIGA<br>NORDSTROM<br>TEAGUE<br>NIKE<\\/p>\",\"verticalSpacingLevel\":\"vertical-spacing-1\"}}},\"47\":\"<p class=\\\"large\\\">08\\/2016 &mdash; IdN Magazine v23n2<\\/p>\\r\\n\\r\\n<p class=\\\"large\\\">06\\/2016 &mdash; Communication Arts Design Annual 2016<\\/p>\\r\\n\\r\\n\\r\\n\\r\\n\\r\\n\\r\\n\\r\\n\\r\\n\\r\\n\\r\\n\\r\\n\\r\\n\\r\\n\\r\\n\\r\\n\\r\\n\\r\\n\\r\\n\\r\\n\\r\\n\\r\\n\\r\\n\\r\\n\\r\\n\\r\\n\\r\\n\\r\\n\\r\\n\\r\\n\\r\\n\\r\\n\\r\\n\\r\\n\\r\\n\\r\\n\\r\\n\\r\\n\\r\\n\\r\\n\\r\\n\\r\\n\\r\\n\\r\\n\\r\\n\\r\\n\\r\\n\\r\\n\\r\\n\\r\\n\\r\\n\\r\\n\\r\\n\\r\\n\\r\\n\\r\\n\\r\\n\\r\\n\\r\\n\\r\\n\\r\\n\\r\\n\\r\\n\\r\\n\\r\\n<p class=\\\"large\\\">05\\/2016 &mdash; PRINT Magazine Regional Design Annual 2016<\\/p>\\r\\n\\r\\n\\r\\n\\r\\n\\r\\n\\r\\n\\r\\n\\r\\n\\r\\n\\r\\n\\r\\n\\r\\n\\r\\n\\r\\n\\r\\n\\r\\n\\r\\n\\r\\n\\r\\n\\r\\n\\r\\n\\r\\n\\r\\n\\r\\n\\r\\n\\r\\n\\r\\n\\r\\n\\r\\n\\r\\n\\r\\n\\r\\n\\r\\n\\r\\n\\r\\n\\r\\n\\r\\n\\r\\n\\r\\n\\r\\n\\r\\n\\r\\n\\r\\n\\r\\n\\r\\n\\r\\n\\r\\n\\r\\n\\r\\n\\r\\n\\r\\n\\r\\n\\r\\n\\r\\n\\r\\n\\r\\n\\r\\n\\r\\n\\r\\n\\r\\n\\r\\n\\r\\n\\r\\n\\r\\n<p class=\\\"large\\\">03\\/2016 &mdash; Communication Arts Design Annual 2015<\\/p>\\r\\n\\r\\n\\r\\n\\r\\n\\r\\n\\r\\n\\r\\n\\r\\n\\r\\n\\r\\n\\r\\n\\r\\n\\r\\n\\r\\n\\r\\n\\r\\n\\r\\n\\r\\n\\r\\n\\r\\n\\r\\n\\r\\n\\r\\n\\r\\n\\r\\n\\r\\n\\r\\n\\r\\n\\r\\n\\r\\n\\r\\n\\r\\n\\r\\n\\r\\n\\r\\n\\r\\n\\r\\n\\r\\n\\r\\n\\r\\n\\r\\n\\r\\n\\r\\n\\r\\n\\r\\n\\r\\n\\r\\n\\r\\n\\r\\n\\r\\n\\r\\n\\r\\n\\r\\n\\r\\n\\r\\n\\r\\n\\r\\n\\r\\n\\r\\n\\r\\n\\r\\n\\r\\n\\r\\n\\r\\n<p class=\\\"large\\\">02\\/2016 &mdash; IdN Magazine v23n2<\\/p>\\r\\n\\r\\n\\r\\n\\r\\n\\r\\n\\r\\n\\r\\n\\r\\n\\r\\n\\r\\n\\r\\n\\r\\n\\r\\n\\r\\n\\r\\n\\r\\n\\r\\n\\r\\n\\r\\n\\r\\n\\r\\n\\r\\n\\r\\n\\r\\n\\r\\n\\r\\n\\r\\n\\r\\n\\r\\n\\r\\n\\r\\n\\r\\n\\r\\n\\r\\n\\r\\n\\r\\n\\r\\n\\r\\n\\r\\n\\r\\n\\r\\n\\r\\n\\r\\n\\r\\n\\r\\n\\r\\n\\r\\n\\r\\n\\r\\n\\r\\n\\r\\n\\r\\n\\r\\n\\r\\n\\r\\n\\r\\n\\r\\n\\r\\n\\r\\n\\r\\n\\r\\n\\r\\n\\r\\n\\r\\n<p class=\\\"large\\\">12\\/2015 &mdash; Communication Arts Design Annual 2016<\\/p>\\r\\n\\r\\n\\r\\n\\r\\n\\r\\n\\r\\n\\r\\n\\r\\n\\r\\n\\r\\n\\r\\n\\r\\n\\r\\n\\r\\n\\r\\n\\r\\n\\r\\n\\r\\n\\r\\n\\r\\n\\r\\n\\r\\n\\r\\n\\r\\n\\r\\n\\r\\n\\r\\n\\r\\n\\r\\n\\r\\n\\r\\n\\r\\n\\r\\n\\r\\n\\r\\n\\r\\n\\r\\n\\r\\n\\r\\n\\r\\n\\r\\n\\r\\n\\r\\n\\r\\n\\r\\n\\r\\n\\r\\n\\r\\n\\r\\n\\r\\n\\r\\n\\r\\n\\r\\n\\r\\n\\r\\n\\r\\n\\r\\n\\r\\n\\r\\n\\r\\n\\r\\n\\r\\n\\r\\n\\r\\n<p class=\\\"large\\\">10\\/2015 &mdash; PRINT Magazine Regional Design Annual 2016<\\/p>\\r\\n\\r\\n\\r\\n\\r\\n\\r\\n\\r\\n\\r\\n\\r\\n\\r\\n\\r\\n\\r\\n\\r\\n\\r\\n\\r\\n\\r\\n\\r\\n\\r\\n\\r\\n\\r\\n\\r\\n\\r\\n\\r\\n\\r\\n\\r\\n\\r\\n\\r\\n\\r\\n\\r\\n\\r\\n\\r\\n\\r\\n\\r\\n\\r\\n\\r\\n\\r\\n\\r\\n\\r\\n\\r\\n\\r\\n\\r\\n\\r\\n\\r\\n\\r\\n\\r\\n\\r\\n\\r\\n\\r\\n\\r\\n\\r\\n\\r\\n\\r\\n\\r\\n\\r\\n\\r\\n\\r\\n\\r\\n\\r\\n\\r\\n\\r\\n\\r\\n\\r\\n\\r\\n\\r\\n\\r\\n<p class=\\\"large\\\">10\\/2015 &mdash; Communication Arts Design Annual 2015<\\/p>\\r\\n\\r\\n\\r\\n\\r\\n\\r\\n\\r\\n\\r\\n\\r\\n\\r\\n\\r\\n\\r\\n\\r\\n\\r\\n\\r\\n\\r\\n\\r\\n\\r\\n\\r\\n\\r\\n\\r\\n\\r\\n\\r\\n\\r\\n\\r\\n\\r\\n\\r\\n\\r\\n\\r\\n\\r\\n\\r\\n\\r\\n\\r\\n\\r\\n\\r\\n\\r\\n\\r\\n\\r\\n\\r\\n\\r\\n\\r\\n\\r\\n\\r\\n\\r\\n\\r\\n\\r\\n\\r\\n\\r\\n\\r\\n\\r\\n\\r\\n\\r\\n\\r\\n\\r\\n\\r\\n\\r\\n\\r\\n\\r\\n\\r\\n\\r\\n\\r\\n\\r\\n\\r\\n\\r\\n\\r\\n<p class=\\\"large\\\">06\\/2015 &mdash; PRINT Magazine Regional Design Annual 2016<\\/p>\\r\\n\\r\\n\\r\\n\\r\\n\\r\\n\\r\\n\\r\\n\\r\\n\\r\\n\\r\\n\\r\\n\\r\\n\\r\\n\\r\\n\\r\\n\\r\\n\\r\\n\\r\\n\\r\\n\\r\\n\\r\\n\\r\\n\\r\\n\\r\\n\\r\\n\\r\\n\\r\\n\\r\\n\\r\\n\\r\\n\\r\\n\\r\\n\\r\\n\\r\\n\\r\\n\\r\\n\\r\\n\\r\\n\\r\\n\\r\\n\\r\\n\\r\\n\\r\\n\\r\\n\\r\\n\\r\\n\\r\\n\\r\\n\\r\\n\\r\\n\\r\\n\\r\\n\\r\\n\\r\\n\\r\\n\\r\\n\\r\\n\\r\\n\\r\\n\\r\\n\\r\\n\\r\\n\\r\\n\\r\\n<p class=\\\"large\\\">02\\/2015 &mdash; Communication Arts Design Annual 2015<\\/p>\",\"44\":\"MEET\\r\\nOUR\\r\\nTALENTED\\r\\nTEAM\"}}', '2016-11-22 20:42:26', '2016-11-22 20:42:26', 'f12725b5-4316-493d-b061-668fb81ebed9'),
 ('250', '15', '3', '1', 'en_us', '75', '', '{\"typeId\":\"3\",\"authorId\":\"1\",\"title\":\"Justin Golmer\",\"slug\":\"justin-golmer-promo\",\"postDate\":1476391140,\"expiryDate\":null,\"enabled\":1,\"parentId\":null,\"fields\":{\"14\":[{\"col1\":\"Recogonition\",\"col2\":\"Print Regional Design Annual 2015\"}],\"3\":[\"12\"],\"29\":\"#efefef\",\"9\":\"Wake up\\r\\nStyle\\r\\nshoot\\r\\ndo it all\\r\\nagain\",\"7\":[\"26\"],\"4\":\"#ffae96\",\"8\":\"<p class=\\\"large\\\">Justin Gollmer, one of our go-to photography partners, asked us design a ten-year retrospective promotional brochure. Wake, Style, Shoot, Do It All Again is a collection of images highlighting his work behind, beside, and around the camera. The brochure is divided into four sections that blur the lines between Gollmer\\u2019s personal and commercial work: people, action, travel, and product. Short sheets bound to the exterior provide thumbnail image guides to each section with captions for each image.<\\/p>\",\"10\":{\"28\":{\"type\":\"largeImage\",\"enabled\":\"1\",\"fields\":{\"image\":[\"138\"],\"layoutOptions\":\"full-width\",\"verticalSpacingLevel\":\"vertical-spacing-0\"}},\"41\":{\"type\":\"video\",\"enabled\":\"1\",\"fields\":{\"vimeoVideoId\":\"172827555\",\"autoplay\":\"1\",\"framed\":\"1\"}},\"31\":{\"type\":\"insetImage\",\"enabled\":\"1\",\"fields\":{\"image\":[\"30\"],\"imageWidth\":\"50\",\"verticalSpacingLevel\":\"vertical-spacing-2\",\"backgroundColor\":\"#d6ff2e\"}},\"53\":{\"type\":\"video\",\"enabled\":\"1\",\"fields\":{\"vimeoVideoId\":\"172827555\",\"autoplay\":\"1\",\"framed\":\"\"}},\"134\":{\"type\":\"imageWithDescription\",\"enabled\":\"1\",\"fields\":{\"position\":\"left\",\"image\":[\"30\"],\"imageWidth\":\"50\",\"description\":\"<p>Subtitle<\\/p>\\r\\n\\r\\n<p>Donec id elit non mi porta gravida at eget metus. Fusce dapibus, tellus ac cursus commodo, tortor mauris condimentum nibh, ut fermentum massa justo sit amet risus. Etiam porta sem malesuada magna mollis euismod. Lorem ipsum dolor sit.<\\/p>\",\"verticalSpacingLevel\":\"vertical-spacing-1\",\"backgroundColor\":\"#ffffff\"}},\"32\":{\"type\":\"imageWithDescription\",\"enabled\":\"1\",\"fields\":{\"position\":\"right\",\"image\":[\"30\"],\"imageWidth\":\"50\",\"description\":\"<p class=\\\"large\\\">Subtitle<\\/p>\\r\\n\\r\\n<p class=\\\"large\\\">Donec id elit non mi porta gravida at eget metus. Fusce dapibus, tellus ac cursus commodo, tortor mauris condimentum nibh, ut fermentum massa justo sit amet risus. Etiam porta sem malesuada magna mollis euismod. Lorem ipsum dolor sit.<\\/p>\",\"verticalSpacingLevel\":\"vertical-spacing-2\",\"backgroundColor\":\"#f5f5f5\"}},\"37\":{\"type\":\"twoUpImages\",\"enabled\":\"1\",\"fields\":{\"leftImage\":[\"35\"],\"rightImage\":[\"36\"],\"verticalSpacingLevel\":\"vertical-spacing-2\"}},\"38\":{\"type\":\"centeredText\",\"enabled\":\"1\",\"fields\":{\"text\":\"<p class=\\\"large\\\"><span class=\\\"white\\\">Donec sed odio dui. Nullam quis risus eget urna mollis ornare vel eu leo. Praesent commodo cursus magna, vel scelerisque nisl consectetur et. Cras mattis consectetur purus sit amet fermentum. Maecenas sed diam eget risus varius blandit sit amet non magna. Praesent commodo cursus magna, vel scelerisque nisl consectetur et.<\\/span><\\/p>\",\"verticalSpacingLevel\":\"vertical-spacing-4\",\"backgroundColor\":\"#0000ff\"}},\"42\":{\"type\":\"video\",\"enabled\":\"1\",\"fields\":{\"vimeoVideoId\":\"172827555\",\"autoplay\":\"\",\"framed\":\"1\"}},\"52\":{\"type\":\"carousel\",\"enabled\":\"1\",\"fields\":{\"images\":[\"48\",\"30\",\"50\",\"35\"],\"verticalSpacingLevel\":\"vertical-spacing-2\"}}},\"6\":\"Photography Promo\",\"5\":[\"21\"]}}', '2016-11-22 21:54:50', '2016-11-22 21:54:50', '1b5f542c-f382-4631-b234-a6912e4bb2da'),
 ('251', '15', '3', '1', 'en_us', '76', '', '{\"typeId\":\"3\",\"authorId\":\"1\",\"title\":\"Justin Golmer\",\"slug\":\"justin-golmer-promo\",\"postDate\":1476391140,\"expiryDate\":null,\"enabled\":1,\"parentId\":null,\"fields\":{\"14\":[{\"col1\":\"Recogonition\",\"col2\":\"Print Regional Design Annual 2015\"}],\"3\":[\"12\"],\"29\":\"#efefef\",\"9\":\"Wake up\\r\\nStyle\\r\\nshoot\\r\\ndo it all\\r\\nagain\",\"7\":[\"26\"],\"4\":\"#ffae96\",\"8\":\"<p class=\\\"large\\\">Justin Gollmer, one of our go-to photography partners, asked us design a ten-year retrospective promotional brochure. Wake, Style, Shoot, Do It All Again is a collection of images highlighting his work behind, beside, and around the camera. The brochure is divided into four sections that blur the lines between Gollmer\\u2019s personal and commercial work: people, action, travel, and product. Short sheets bound to the exterior provide thumbnail image guides to each section with captions for each image.<\\/p>\",\"10\":{\"28\":{\"type\":\"largeImage\",\"enabled\":\"1\",\"fields\":{\"image\":[\"138\"],\"layoutOptions\":\"full-width\",\"verticalSpacingLevel\":\"vertical-spacing-0\"}},\"41\":{\"type\":\"video\",\"enabled\":\"1\",\"fields\":{\"vimeoVideoId\":\"172827555\",\"autoplay\":\"1\",\"framed\":\"1\"}},\"31\":{\"type\":\"insetImage\",\"enabled\":\"1\",\"fields\":{\"image\":[\"30\"],\"imageWidth\":\"50\",\"verticalSpacingLevel\":\"vertical-spacing-2\",\"backgroundColor\":\"#d6ff2e\"}},\"53\":{\"type\":\"video\",\"enabled\":\"1\",\"fields\":{\"vimeoVideoId\":\"172827555\",\"autoplay\":\"1\",\"framed\":\"\"}},\"134\":{\"type\":\"imageWithDescription\",\"enabled\":\"1\",\"fields\":{\"position\":\"left\",\"image\":[\"30\"],\"imageWidth\":\"50\",\"description\":\"<p>Subtitle<\\/p>\\r\\n\\r\\n<p>Donec id elit non mi porta gravida at eget metus. Fusce dapibus, tellus ac cursus commodo, tortor mauris condimentum nibh, ut fermentum massa justo sit amet risus. Etiam porta sem malesuada magna mollis euismod. Lorem ipsum dolor sit.<\\/p>\",\"verticalSpacingLevel\":\"vertical-spacing-1\",\"backgroundColor\":\"#ffffff\"}},\"32\":{\"type\":\"imageWithDescription\",\"enabled\":\"1\",\"fields\":{\"position\":\"right\",\"image\":[\"30\"],\"imageWidth\":\"50\",\"description\":\"<p class=\\\"large\\\">Subtitle<\\/p>\\r\\n\\r\\n<p class=\\\"large\\\">Donec id elit non mi porta gravida at eget metus. Fusce dapibus, tellus ac cursus commodo, tortor mauris condimentum nibh, ut fermentum massa justo sit amet risus. Etiam porta sem malesuada magna mollis euismod. Lorem ipsum dolor sit.<\\/p>\",\"verticalSpacingLevel\":\"vertical-spacing-2\",\"backgroundColor\":\"#f5f5f5\"}},\"37\":{\"type\":\"twoUpImages\",\"enabled\":\"1\",\"fields\":{\"leftImage\":[\"35\"],\"rightImage\":[\"36\"],\"verticalSpacingLevel\":\"vertical-spacing-2\"}},\"38\":{\"type\":\"centeredText\",\"enabled\":\"1\",\"fields\":{\"text\":\"<p class=\\\"large\\\"><span class=\\\"white\\\">Donec sed odio dui. Nullam quis risus eget urna mollis ornare vel eu leo. Praesent commodo cursus magna, vel scelerisque nisl consectetur et. Cras mattis consectetur purus sit amet fermentum. Maecenas sed diam eget risus varius blandit sit amet non magna. Praesent commodo cursus magna, vel scelerisque nisl consectetur et.<\\/span><\\/p>\",\"verticalSpacingLevel\":\"vertical-spacing-4\",\"backgroundColor\":\"#0000ff\"}},\"42\":{\"type\":\"video\",\"enabled\":\"1\",\"fields\":{\"vimeoVideoId\":\"172827555\",\"autoplay\":\"\",\"framed\":\"1\"}},\"52\":{\"type\":\"carousel\",\"enabled\":\"1\",\"fields\":{\"images\":[\"48\",\"30\",\"50\",\"35\"],\"verticalSpacingLevel\":\"vertical-spacing-2\"}}},\"6\":\"Photography Promo\",\"5\":[\"170\"]}}', '2016-11-22 21:55:02', '2016-11-22 21:55:02', '5a4936da-e842-499b-a56d-fb1e85ddd475'),
 ('252', '122', '2', '1', 'en_us', '10', '', '{\"typeId\":\"2\",\"authorId\":\"1\",\"title\":\"Turnstyle Principal Serves as Juror for Communication Arts Design Annual\",\"slug\":\"turnstyle-principal-serves-as-juror-for-communication-arts-design-annual\",\"postDate\":1478209620,\"expiryDate\":null,\"enabled\":1,\"parentId\":null,\"fields\":{\"48\":{\"125\":{\"type\":\"1\",\"fields\":{\"backgroundImage\":\"\",\"backgroundColor\":\"#ffae96\",\"linkUrl\":\"\\/journal\",\"header\":\"I\\r\\nWanna\\r\\nRead\\r\\nMore\",\"subtext\":\"Our Journal\",\"fontColor\":\"#ffffff\"}}},\"29\":\"#daff00\",\"7\":[\"172\"],\"4\":\"#000000\",\"54\":[\"111\"],\"10\":{\"123\":{\"type\":\"centeredText\",\"enabled\":\"1\",\"fields\":{\"text\":\"<p>Turnstyle principal and creative director Steven Watson was invited to serve as a juror for Communication Arts magazine\\u2019s 56th Annual Design Competition. Communication Arts is a professional journal for designers, art directors, design firms, corporate design departments, agencies and everyone involved in visual communications. The CA Design Annual, published each September,&nbsp;is one of the most respected competitions in our industry.&nbsp;<\\/p>\\r\\n\\r\\n<p>Of the 4,083 entries to the 56th Design Annual, only 153 were accepted, representing the work of 141 designers, design firms and in-house design departments, making the Design Annual the most exclusive major design competition in the world. Entries were selected on the basis of creative excellence and quality of execution.<\\/p>\",\"verticalSpacingLevel\":\"vertical-spacing-1\",\"backgroundColor\":\"#000000\"}},\"124\":{\"type\":\"insetImage\",\"enabled\":\"1\",\"fields\":{\"image\":[\"120\"],\"imageWidth\":\"50\",\"verticalSpacingLevel\":\"vertical-spacing-1\",\"backgroundColor\":\"#ffffff\"}},\"126\":{\"type\":\"centeredText\",\"enabled\":\"1\",\"fields\":{\"text\":\"<p>Steve screened entries along with five other jurors: Kelly Bjork (VSA Partners), Dora Drimalas (Hybrid-Design), Jay Fletcher (J Fletcher Deisgn), Jeffrey Keyton (MTV), and Jean Coyne (executive editor of Communication Arts magazine). It was an honor to be asked to participate alongside such accomplished fellow jurors.<\\/p>\\r\\n\\r\\n<p>In the column that accompanies the design competition, Steve was asked for his point of view on the entries and the design trends they represent. He replied that \\u201ctechnology will continue to change how we consume media, images, and messages. But the underlying principles of design will always be relevant in communicating effectively, regardless of how the future evolves.\\u201d<\\/p>\",\"verticalSpacingLevel\":\"vertical-spacing-1\",\"backgroundColor\":\"#000000\"}}},\"5\":[\"168\"]}}', '2016-11-22 21:58:43', '2016-11-22 21:58:43', 'e1a7a931-9826-403c-b6c0-33fb4e1ca7d7'),
 ('253', '118', '2', '1', 'en_us', '3', '', '{\"typeId\":\"2\",\"authorId\":\"1\",\"title\":\"We\'re Building Our Own Building\",\"slug\":\"were-building-our-own-building\",\"postDate\":1478209380,\"expiryDate\":null,\"enabled\":1,\"parentId\":null,\"fields\":{\"48\":\"\",\"29\":\"#000000\",\"7\":[\"173\"],\"4\":\"#000000\",\"54\":[\"111\"],\"10\":{\"119\":{\"type\":\"centeredText\",\"enabled\":\"1\",\"fields\":{\"text\":\"<p>Together with our brand strategy partners at&nbsp;<a href=\\\"http:\\/\\/stokestrategy.com\\/\\\">Stoke,<\\/a>&nbsp;Turnstyle is breaking ground on a new 5,000 sq. foot office in August 2016. The building will serve as home for 20+ strategists, designers and developers. Located on Canal Street, the park-side project borders the Burke-Gilman Trail and overlooks the Fremont Cut waterway. &nbsp;<\\/p>\\r\\n\\r\\n<p>\\\"The firms continue to grow, and our need for space was at odds with the long-term lease trends of Seattle,\\u201d said Stoke partner Erin Quick. \\u201cIt makes good financial sense for the businesses, and for the firms\\u2019 practices. We\\u2019re creating a unique place where creative thinkers can do their best work, and clients can collaborate with us in new and different ways.\\u201d<\\/p>\\r\\n\\r\\n\\r\\n\\r\\n\\r\\n\\r\\n<p>On the street level, a cafe-style collaboration space serves as a foundation to two levels with open-floor studios and meeting space. Designed with 16\\u2019 floor-to-ceiling windows, the plan takes advantage of the views over the trail and canal.<\\/p>\\r\\n\\r\\n\\r\\n\\r\\n\\r\\n\\r\\n<p>\\u201cThe work areas will be bathed with natural light. An open atrium at the center creates visual interest, with the benefit of passive solar design,\\u201d said Ben Graham, partner at Turnstyle. \\u201cIt\'s a design-friendly environment that makes the best of our open, collaborative work style.\\u201d&nbsp;<\\/p>\\r\\n\\r\\n\\r\\n\\r\\n\\r\\n\\r\\n<p>\\u201cThe commercial office market is racing, and the long-term value for buyers in Seattle looks good,\\u201d noted Graham. \\u201cAs the business environment accelerates, having a place that minimizes our commutes, offers easy access to downtown, with everyday access to great restaurants, and enhances mobility options on the Burke-Gilman Trail \\u2013 all with a deck and a view \\u2013 seemed like a winning combination.\\u201d<\\/p>\\r\\n\\r\\n\\r\\n\\r\\n\\r\\n\\r\\n<p>The architecture was led by award-winning&nbsp;<a href=\\\"http:\\/\\/heliotropearchitects.com\\/\\\">Heliotrope,<\\/a>&nbsp;of Ballard. Seattle\\u2019s&nbsp;<a href=\\\"http:\\/\\/westernventures.com\\/\\\">Western Ventures<\\/a>serves as the general contractor.<\\/p>\\r\\n\\r\\n\\r\\n\\r\\n\\r\\n\\r\\n<p>Construction is targeted for completion in June, 2017.<\\/p>\",\"verticalSpacingLevel\":\"vertical-spacing-0\",\"backgroundColor\":\"#000000\"}}},\"5\":[\"167\"]}}', '2016-11-22 22:03:36', '2016-11-22 22:03:36', 'a7515dee-d202-44e2-877f-3c37ce8deb26'),
 ('254', '112', '2', '1', 'en_us', '5', '', '{\"typeId\":\"2\",\"authorId\":\"1\",\"title\":\"Turnstyle Featured in IdN Magazine\",\"slug\":\"turnstyle-featured-in-idn-magazine\",\"postDate\":1478208900,\"expiryDate\":null,\"enabled\":1,\"parentId\":null,\"fields\":{\"48\":\"\",\"29\":\"#000000\",\"7\":[\"174\"],\"4\":\"#000000\",\"54\":[\"109\"],\"10\":{\"115\":{\"type\":\"centeredText\",\"enabled\":\"1\",\"fields\":{\"text\":\"<p>Lorem ipsum dolor sit amet, consectetur adipiscing elit. Integer posuere erat a ante venenatis dapibus posuere velit aliquet. Donec ullamcorper nulla non metus auctor fringilla. Nulla vitae elit libero, a pharetra augue. Fusce dapibus, tellus ac cursus commodo, tortor mauris condimentum nibh, ut fermentum massa justo sit amet risus. Etiam porta sem malesuada magna mollis euismod.<\\/p>\",\"verticalSpacingLevel\":\"vertical-spacing-1\",\"backgroundColor\":\"#000000\"}},\"116\":{\"type\":\"carousel\",\"enabled\":\"1\",\"fields\":{\"images\":[\"48\",\"49\",\"50\"],\"verticalSpacingLevel\":\"vertical-spacing-2\"}}},\"5\":[\"169\"]}}', '2016-11-22 22:04:12', '2016-11-22 22:04:12', '6d7f632a-f124-4aeb-ab21-48b6f8f7d8f6');



DROP TABLE IF EXISTS `craft_fieldgroups`;


--
-- Schema for table `craft_fieldgroups`
--
CREATE TABLE `craft_fieldgroups` (
  `id` int(11) NOT NULL AUTO_INCREMENT,
  `name` varchar(255) COLLATE utf8_unicode_ci NOT NULL,
  `dateCreated` datetime NOT NULL,
  `dateUpdated` datetime NOT NULL,
  `uid` char(36) COLLATE utf8_unicode_ci NOT NULL DEFAULT '0',
  PRIMARY KEY (`id`),
  UNIQUE KEY `craft_fieldgroups_name_unq_idx` (`name`)
) ENGINE=InnoDB AUTO_INCREMENT=6 DEFAULT CHARSET=utf8 COLLATE=utf8_unicode_ci;

--
-- Data for table `craft_fieldgroups`
--

INSERT INTO `craft_fieldgroups` (`id`, `name`, `dateCreated`, `dateUpdated`, `uid`) VALUES
 ('1', 'Default', '2016-10-07 18:01:54', '2016-10-07 18:01:54', 'f6209cd5-aa7c-4a4b-8f90-256b7bfcb098'),
 ('2', 'Work', '2016-10-13 20:37:18', '2016-10-13 20:37:18', '6f1dc5e5-1c63-4298-8ed3-63c40dde09d3'),
 ('3', 'Contact', '2016-10-31 22:23:06', '2016-10-31 22:23:06', 'fc699ef8-6da2-4b6f-87af-20765c8f407d'),
 ('4', 'Team', '2016-11-01 21:40:05', '2016-11-01 21:40:05', '295ea159-8178-4665-bd13-f9bae481214d'),
 ('5', 'Journal', '2016-11-03 21:11:13', '2016-11-03 21:11:13', '47471912-0654-4f07-b452-af4ce91f2c5e');



DROP TABLE IF EXISTS `craft_fieldlayoutfields`;


--
-- Schema for table `craft_fieldlayoutfields`
--
CREATE TABLE `craft_fieldlayoutfields` (
  `id` int(11) NOT NULL AUTO_INCREMENT,
  `layoutId` int(11) NOT NULL,
  `tabId` int(11) NOT NULL,
  `fieldId` int(11) NOT NULL,
  `required` tinyint(1) unsigned NOT NULL DEFAULT '0',
  `sortOrder` smallint(6) unsigned DEFAULT NULL,
  `dateCreated` datetime NOT NULL,
  `dateUpdated` datetime NOT NULL,
  `uid` char(36) COLLATE utf8_unicode_ci NOT NULL DEFAULT '0',
  PRIMARY KEY (`id`),
  UNIQUE KEY `craft_fieldlayoutfields_layoutId_fieldId_unq_idx` (`layoutId`,`fieldId`),
  KEY `craft_fieldlayoutfields_sortOrder_idx` (`sortOrder`),
  KEY `craft_fieldlayoutfields_tabId_fk` (`tabId`),
  KEY `craft_fieldlayoutfields_fieldId_fk` (`fieldId`)
) ENGINE=InnoDB AUTO_INCREMENT=837 DEFAULT CHARSET=utf8 COLLATE=utf8_unicode_ci;

--
-- Data for table `craft_fieldlayoutfields`
--

INSERT INTO `craft_fieldlayoutfields` (`id`, `layoutId`, `tabId`, `fieldId`, `required`, `sortOrder`, `dateCreated`, `dateUpdated`, `uid`) VALUES
 ('1', '3', '1', '1', '1', '1', '2016-10-07 18:01:54', '2016-10-07 18:01:54', '4571ddda-d4db-4a4f-b0eb-cc81037df3ea'),
 ('100', '43', '33', '7', '0', '1', '2016-10-18 17:34:20', '2016-10-18 17:34:20', '732bcc9a-8503-4ee6-8994-e93adae53346'),
 ('101', '43', '33', '29', '0', '2', '2016-10-18 17:34:20', '2016-10-18 17:34:20', '5fbca289-2a72-4e1e-a7e8-14f396e43c2f'),
 ('102', '43', '33', '5', '0', '3', '2016-10-18 17:34:20', '2016-10-18 17:34:20', '90b33838-1242-40d2-841a-a67cf03534be'),
 ('103', '43', '33', '9', '0', '4', '2016-10-18 17:34:20', '2016-10-18 17:34:20', '07353af9-516c-4040-a514-2e0d2acfa383'),
 ('104', '43', '33', '6', '0', '5', '2016-10-18 17:34:20', '2016-10-18 17:34:20', '52a7d0be-9198-46e5-bb38-16466f56fe0f'),
 ('105', '43', '33', '3', '0', '6', '2016-10-18 17:34:20', '2016-10-18 17:34:20', 'c11512d7-a09f-4bfb-8781-0cfbb151dca4'),
 ('106', '43', '33', '8', '0', '7', '2016-10-18 17:34:20', '2016-10-18 17:34:20', '4cd87e44-a388-47bc-ab68-666473741b17'),
 ('107', '43', '33', '14', '0', '8', '2016-10-18 17:34:20', '2016-10-18 17:34:20', 'f1d5d331-81ad-44c5-95f5-da66bbaf12bc'),
 ('108', '43', '33', '4', '0', '9', '2016-10-18 17:34:20', '2016-10-18 17:34:20', '68f3ed4c-abd0-4bfa-8366-21bb75aae0f3'),
 ('109', '43', '33', '10', '0', '10', '2016-10-18 17:34:20', '2016-10-18 17:34:20', 'e17c0664-f844-4bc2-b814-89eb49471166'),
 ('285', '111', '96', '41', '0', '1', '2016-11-01 21:45:13', '2016-11-01 21:45:13', 'cefe9108-0ead-4885-960c-e79115715107'),
 ('286', '111', '96', '43', '0', '2', '2016-11-01 21:45:13', '2016-11-01 21:45:13', '3074ff67-0e4c-49c4-ad43-6ca0ad0e563e'),
 ('320', '122', '105', '33', '1', '1', '2016-11-02 20:47:41', '2016-11-02 20:47:41', 'f86ea923-6461-471d-8351-c5c2bd687461'),
 ('321', '122', '105', '34', '1', '2', '2016-11-02 20:47:41', '2016-11-02 20:47:41', '620bb19f-d2fe-4d7c-bb1b-a6fdccc88964'),
 ('322', '122', '105', '35', '1', '3', '2016-11-02 20:47:41', '2016-11-02 20:47:41', 'aea6c1cc-0e9f-4162-828d-94c8cc1b3e6f'),
 ('323', '122', '105', '36', '1', '4', '2016-11-02 20:47:41', '2016-11-02 20:47:41', '0d902bf5-c5ed-4bb6-8613-bfd8a7c3737e'),
 ('324', '122', '105', '48', '0', '5', '2016-11-02 20:47:41', '2016-11-02 20:47:41', '014f1610-aaac-47a9-8682-3da6e81e2454'),
 ('331', '126', '108', '45', '0', '1', '2016-11-02 23:33:15', '2016-11-02 23:33:15', '7845d9d5-f3df-4511-aa45-407871627209'),
 ('332', '126', '108', '46', '0', '2', '2016-11-02 23:33:15', '2016-11-02 23:33:15', 'bf6687ae-a633-4794-a78e-48f01704b0ff'),
 ('333', '126', '108', '48', '0', '3', '2016-11-02 23:33:15', '2016-11-02 23:33:15', 'dde231fa-9aa9-4a96-958d-a8bf5837249a'),
 ('414', '153', '132', '49', '0', '1', '2016-11-04 18:31:50', '2016-11-04 18:31:50', '6d1eb219-762c-4be7-a41a-96feb267ad94'),
 ('415', '153', '132', '52', '0', '2', '2016-11-04 18:31:50', '2016-11-04 18:31:50', '44937ec6-eb41-4c46-a0f0-e4eb8a096243'),
 ('416', '153', '132', '53', '1', '3', '2016-11-04 18:31:50', '2016-11-04 18:31:50', '51ab50ba-a69e-4e00-be67-7026ca74044c'),
 ('417', '153', '132', '50', '1', '4', '2016-11-04 18:31:50', '2016-11-04 18:31:50', 'a7a20d49-328d-42b5-9e80-bc70c5d7db9f'),
 ('418', '153', '132', '51', '0', '5', '2016-11-04 18:31:50', '2016-11-04 18:31:50', 'c0a32b1e-aadd-43e0-a330-d52d4c34f65d'),
 ('419', '153', '132', '57', '0', '6', '2016-11-04 18:31:50', '2016-11-04 18:31:50', '94dd72d8-50d6-4ff5-8dd2-b5f463ffd5c1'),
 ('762', '258', '237', '46', '0', '1', '2016-11-22 00:53:54', '2016-11-22 00:53:54', '568b9eaf-0f7d-4148-924f-ee75d98abd82'),
 ('763', '258', '237', '10', '0', '2', '2016-11-22 00:53:54', '2016-11-22 00:53:54', 'a613da0c-6136-436e-a379-966319e2b32c'),
 ('764', '258', '237', '44', '0', '3', '2016-11-22 00:53:54', '2016-11-22 00:53:54', 'f460be0e-83b6-4e81-9066-7285b1004e59'),
 ('765', '258', '237', '47', '0', '4', '2016-11-22 00:53:54', '2016-11-22 00:53:54', 'a71b4824-4a39-44f0-a7bd-5d698d40dc4d'),
 ('766', '258', '237', '48', '0', '5', '2016-11-22 00:53:54', '2016-11-22 00:53:54', '3796c2f3-f223-432c-a458-1252d8f0db65'),
 ('795', '267', '246', '11', '1', '1', '2016-11-22 20:44:42', '2016-11-22 20:44:42', '7cf0801f-ac4a-4d38-af67-6da5e7279e09'),
 ('796', '267', '246', '12', '0', '2', '2016-11-22 20:44:42', '2016-11-22 20:44:42', 'c3b2e4c9-f0d3-4378-86f0-71cacefd1a27'),
 ('797', '267', '246', '13', '0', '3', '2016-11-22 20:44:42', '2016-11-22 20:44:42', 'cae13176-864c-4515-ac76-e6396d13a498'),
 ('798', '268', '247', '15', '1', '1', '2016-11-22 20:44:42', '2016-11-22 20:44:42', 'bae4a29b-bb91-437b-8916-f42a2db1b812'),
 ('799', '268', '247', '58', '0', '2', '2016-11-22 20:44:42', '2016-11-22 20:44:42', '0b2e1131-fd31-4a82-bc35-17177e8e099f'),
 ('800', '268', '247', '16', '0', '3', '2016-11-22 20:44:42', '2016-11-22 20:44:42', '96fc648e-5567-441e-9e9a-fbeba983dda2'),
 ('801', '268', '247', '17', '0', '4', '2016-11-22 20:44:42', '2016-11-22 20:44:42', '0a777ca8-2f21-4428-96bc-1f1c4b9f9509'),
 ('802', '269', '248', '18', '0', '1', '2016-11-22 20:44:42', '2016-11-22 20:44:42', '68263b38-aa0d-4fd3-959e-a2aace6f6e38'),
 ('803', '269', '248', '19', '1', '2', '2016-11-22 20:44:42', '2016-11-22 20:44:42', '31e04b90-851a-48a6-a669-d73a26479f7f'),
 ('804', '269', '248', '59', '0', '3', '2016-11-22 20:44:42', '2016-11-22 20:44:42', '993b68dd-78a8-479c-bd9c-ca6b4b765308'),
 ('805', '269', '248', '20', '1', '4', '2016-11-22 20:44:42', '2016-11-22 20:44:42', '117b3730-b963-4670-abc7-91cae399468f'),
 ('806', '269', '248', '21', '0', '5', '2016-11-22 20:44:42', '2016-11-22 20:44:42', 'dd4a0b57-be4e-40ec-af0c-48f4386d5443'),
 ('807', '269', '248', '60', '0', '6', '2016-11-22 20:44:42', '2016-11-22 20:44:42', '5bcf3fe7-121e-4689-a72c-5f0a2df75f77'),
 ('808', '270', '249', '22', '0', '1', '2016-11-22 20:44:42', '2016-11-22 20:44:42', '4cade4ff-3387-495b-b1dd-4bcd0dbc330d'),
 ('809', '270', '249', '23', '0', '2', '2016-11-22 20:44:42', '2016-11-22 20:44:42', 'fc780379-d061-4211-b2a4-0c0fc4aede10'),
 ('810', '270', '249', '24', '0', '3', '2016-11-22 20:44:42', '2016-11-22 20:44:42', '6b34253b-a8c2-4ccf-8403-5a01c6b0829d'),
 ('811', '271', '250', '25', '1', '1', '2016-11-22 20:44:42', '2016-11-22 20:44:42', 'b401acd1-9dbc-4c87-9bc7-1b286f7db2f4'),
 ('812', '271', '250', '26', '0', '2', '2016-11-22 20:44:42', '2016-11-22 20:44:42', '878fd894-ecca-46d3-b591-bbe97525381b'),
 ('813', '271', '250', '61', '0', '3', '2016-11-22 20:44:42', '2016-11-22 20:44:42', '9472ae47-45b7-4c5d-8445-d7a0b302acf4'),
 ('814', '272', '251', '27', '1', '1', '2016-11-22 20:44:43', '2016-11-22 20:44:43', '463d1765-dda5-4649-84b2-769a10f522a4'),
 ('815', '272', '251', '28', '0', '2', '2016-11-22 20:44:43', '2016-11-22 20:44:43', '3e4222ca-9dbb-4e16-b465-839f0c83a10a'),
 ('816', '272', '251', '32', '0', '3', '2016-11-22 20:44:43', '2016-11-22 20:44:43', 'ceb2c2dd-5847-4a6c-a73c-a9a5fc75b6bf'),
 ('817', '273', '252', '30', '1', '1', '2016-11-22 20:44:43', '2016-11-22 20:44:43', 'd9858b90-1840-439c-8993-5588a350eedc'),
 ('818', '273', '252', '31', '0', '2', '2016-11-22 20:44:43', '2016-11-22 20:44:43', 'c117825c-291f-4372-ae12-124218a0b14b'),
 ('819', '274', '253', '39', '0', '1', '2016-11-22 20:44:43', '2016-11-22 20:44:43', 'f18f6a54-d757-4cd0-985d-6e4955d9ddb6'),
 ('820', '274', '253', '37', '0', '2', '2016-11-22 20:44:43', '2016-11-22 20:44:43', '4e6c98f6-ef2f-461d-8cc0-1f5c6b87b8a3'),
 ('821', '274', '253', '38', '0', '3', '2016-11-22 20:44:43', '2016-11-22 20:44:43', '4f327daf-a455-4ad1-8e39-551c41672222'),
 ('822', '274', '253', '40', '0', '4', '2016-11-22 20:44:43', '2016-11-22 20:44:43', '215b6165-97f2-49b6-acb8-5448b8568065'),
 ('830', '276', '255', '7', '1', '1', '2016-11-22 21:56:25', '2016-11-22 21:56:25', 'bf01e68a-9bf5-49c1-a1d2-a575d2399f03'),
 ('831', '276', '255', '5', '1', '2', '2016-11-22 21:56:25', '2016-11-22 21:56:25', 'd8b749e6-b913-4c39-979e-fbca4cc14146'),
 ('832', '276', '255', '29', '0', '3', '2016-11-22 21:56:25', '2016-11-22 21:56:25', '6a606b07-7f43-472c-a9ac-47a9a44ccf09'),
 ('833', '276', '255', '4', '1', '4', '2016-11-22 21:56:25', '2016-11-22 21:56:25', '3363f075-851e-4d35-a7fd-3fd8f8b34809'),
 ('834', '276', '255', '54', '1', '5', '2016-11-22 21:56:25', '2016-11-22 21:56:25', 'f4d65d16-418c-4c4d-bf2c-4a258d25aca3'),
 ('835', '276', '255', '10', '0', '6', '2016-11-22 21:56:25', '2016-11-22 21:56:25', '1d056cfb-5587-46b6-a9b8-d311f314dc0d'),
 ('836', '276', '255', '48', '0', '7', '2016-11-22 21:56:25', '2016-11-22 21:56:25', '94543681-0e43-4e42-a2d9-8856bd99a006');



DROP TABLE IF EXISTS `craft_fieldlayouts`;


--
-- Schema for table `craft_fieldlayouts`
--
CREATE TABLE `craft_fieldlayouts` (
  `id` int(11) NOT NULL AUTO_INCREMENT,
  `type` varchar(150) COLLATE utf8_unicode_ci NOT NULL,
  `dateCreated` datetime NOT NULL,
  `dateUpdated` datetime NOT NULL,
  `uid` char(36) COLLATE utf8_unicode_ci NOT NULL DEFAULT '0',
  PRIMARY KEY (`id`),
  KEY `craft_fieldlayouts_type_idx` (`type`)
) ENGINE=InnoDB AUTO_INCREMENT=277 DEFAULT CHARSET=utf8 COLLATE=utf8_unicode_ci;

--
-- Data for table `craft_fieldlayouts`
--

INSERT INTO `craft_fieldlayouts` (`id`, `type`, `dateCreated`, `dateUpdated`, `uid`) VALUES
 ('1', 'Tag', '2016-10-07 18:01:54', '2016-10-07 18:01:54', '7146b624-8722-42e4-adbf-a0b95678f4ca'),
 ('3', 'Entry', '2016-10-07 18:01:54', '2016-10-07 18:01:54', '02985aac-0248-4255-9d27-b6df3dc23d7f'),
 ('7', 'Entry', '2016-10-13 20:24:42', '2016-10-13 20:24:42', '7bc95238-b9f1-49ea-977b-d4872c5fdc0d'),
 ('11', 'Category', '2016-10-13 21:56:23', '2016-10-13 21:56:23', 'af216fc8-8462-4373-851b-012a578367aa'),
 ('13', 'Asset', '2016-10-13 23:00:23', '2016-10-13 23:00:23', '0c0f298b-4762-47d8-ad03-ce06987d903f'),
 ('43', 'Entry', '2016-10-18 17:34:20', '2016-10-18 17:34:20', '72d587ab-4409-429d-8a96-8b1a688266ab'),
 ('45', 'Entry', '2016-10-18 23:48:41', '2016-10-18 23:48:41', '1d0bb2f9-9422-46d7-8879-d569a64be310'),
 ('110', 'Asset', '2016-11-01 21:41:09', '2016-11-01 21:41:09', 'd18d50d0-7d8d-4721-bc94-f2984a772ddf'),
 ('111', 'Entry', '2016-11-01 21:45:13', '2016-11-01 21:45:13', '4d7e6820-0c72-4513-931a-015e8fe6d73d'),
 ('115', 'Entry', '2016-11-01 22:53:15', '2016-11-01 22:53:15', 'dc3919fd-e7e6-4186-831b-df92571f3b78'),
 ('117', 'Asset', '2016-11-02 18:41:24', '2016-11-02 18:41:24', '303634dc-792d-4c5b-bbb0-599a53b34fb4'),
 ('122', 'Entry', '2016-11-02 20:47:41', '2016-11-02 20:47:41', 'c2ddc83d-e907-489d-b267-a25e6e3165fc'),
 ('126', 'Entry', '2016-11-02 23:33:15', '2016-11-02 23:33:15', '0f30d61b-9d82-4ed3-82e5-aa103b3a1f37'),
 ('139', 'Asset', '2016-11-03 21:34:44', '2016-11-03 21:34:44', '2f87382d-7df7-4c83-b68a-84281e0d7063'),
 ('149', 'Category', '2016-11-03 22:10:44', '2016-11-03 22:10:44', '792969e0-d7a9-4fc6-8dd3-b9cf6eca091a'),
 ('153', 'SuperTable_Block', '2016-11-04 18:31:50', '2016-11-04 18:31:50', '7d976b7e-bb35-444c-91cc-5acf54bccd38'),
 ('258', 'Entry', '2016-11-22 00:53:54', '2016-11-22 00:53:54', 'c018dfa2-5aba-4c1b-b47b-29145c0d3b3b'),
 ('267', 'MatrixBlock', '2016-11-22 20:44:42', '2016-11-22 20:44:42', 'f38fa9d8-1169-4e46-8786-0ff1c5c58262'),
 ('268', 'MatrixBlock', '2016-11-22 20:44:42', '2016-11-22 20:44:42', '87337e9e-ce43-454a-a790-0bbdcfcebc95'),
 ('269', 'MatrixBlock', '2016-11-22 20:44:42', '2016-11-22 20:44:42', '2223232e-259d-405b-ba04-8acf4aef6446'),
 ('270', 'MatrixBlock', '2016-11-22 20:44:42', '2016-11-22 20:44:42', '89c0f92a-a57d-48e0-8394-191484691951'),
 ('271', 'MatrixBlock', '2016-11-22 20:44:42', '2016-11-22 20:44:42', '6dafa4f8-2452-4a28-b310-ae1130e6c559'),
 ('272', 'MatrixBlock', '2016-11-22 20:44:42', '2016-11-22 20:44:42', 'bf53dfc2-b7af-48d0-ae1b-689ade5321d9'),
 ('273', 'MatrixBlock', '2016-11-22 20:44:43', '2016-11-22 20:44:43', 'cef95757-d756-4eb8-8c8a-3c2a02ce9b3b'),
 ('274', 'MatrixBlock', '2016-11-22 20:44:43', '2016-11-22 20:44:43', 'f80bbb49-cb09-4557-8826-14556becc28e'),
 ('276', 'Entry', '2016-11-22 21:56:25', '2016-11-22 21:56:25', 'c58a2bb7-4fe6-48b6-9315-8a08ab84f3b6');



DROP TABLE IF EXISTS `craft_fieldlayouttabs`;


--
-- Schema for table `craft_fieldlayouttabs`
--
CREATE TABLE `craft_fieldlayouttabs` (
  `id` int(11) NOT NULL AUTO_INCREMENT,
  `layoutId` int(11) NOT NULL,
  `name` varchar(255) COLLATE utf8_unicode_ci NOT NULL,
  `sortOrder` smallint(6) unsigned DEFAULT NULL,
  `dateCreated` datetime NOT NULL,
  `dateUpdated` datetime NOT NULL,
  `uid` char(36) COLLATE utf8_unicode_ci NOT NULL DEFAULT '0',
  PRIMARY KEY (`id`),
  KEY `craft_fieldlayouttabs_sortOrder_idx` (`sortOrder`),
  KEY `craft_fieldlayouttabs_layoutId_fk` (`layoutId`)
) ENGINE=InnoDB AUTO_INCREMENT=256 DEFAULT CHARSET=utf8 COLLATE=utf8_unicode_ci;

--
-- Data for table `craft_fieldlayouttabs`
--

INSERT INTO `craft_fieldlayouttabs` (`id`, `layoutId`, `name`, `sortOrder`, `dateCreated`, `dateUpdated`, `uid`) VALUES
 ('1', '3', 'Content', '1', '2016-10-07 18:01:54', '2016-10-07 18:01:54', '254099b6-1643-474a-b6f5-e8ba7c4e58ad'),
 ('33', '43', 'Work', '1', '2016-10-18 17:34:20', '2016-10-18 17:34:20', '16c9ec2b-b3db-4199-b3fc-88ecf43dceb0'),
 ('96', '111', 'Team', '1', '2016-11-01 21:45:13', '2016-11-01 21:45:13', '977b2236-231c-4766-bf8b-51bb2fdac52f'),
 ('105', '122', 'Contact', '1', '2016-11-02 20:47:41', '2016-11-02 20:47:41', 'ce8f4df5-0071-4812-9abf-9706768b4fe9'),
 ('108', '126', 'Offering', '1', '2016-11-02 23:33:15', '2016-11-02 23:33:15', 'ed819ef7-2760-4314-b263-6f6723853724'),
 ('132', '153', 'Content', '1', '2016-11-04 18:31:50', '2016-11-04 18:31:50', 'e24e5fc4-5e56-435f-bac5-8eadc40d66d6'),
 ('237', '258', 'Overview', '1', '2016-11-22 00:53:54', '2016-11-22 00:53:54', '8f9873bd-e7e3-4e1a-82cf-98a5ebd61dc8'),
 ('246', '267', 'Content', '1', '2016-11-22 20:44:42', '2016-11-22 20:44:42', 'fae383da-a684-4d85-8aa1-dc69d91f6213'),
 ('247', '268', 'Content', '1', '2016-11-22 20:44:42', '2016-11-22 20:44:42', '9a9444c8-a235-445d-a6d9-bb9f57604030'),
 ('248', '269', 'Content', '1', '2016-11-22 20:44:42', '2016-11-22 20:44:42', '395dee41-cf66-4116-a64d-461b49e46c40'),
 ('249', '270', 'Content', '1', '2016-11-22 20:44:42', '2016-11-22 20:44:42', '15569a1b-0055-41ff-8146-4ce833660f0a'),
 ('250', '271', 'Content', '1', '2016-11-22 20:44:42', '2016-11-22 20:44:42', '72a9086c-b971-4ef3-9ad3-45f3f4320b13'),
 ('251', '272', 'Content', '1', '2016-11-22 20:44:43', '2016-11-22 20:44:43', 'a45fd582-52fa-4a81-a9be-cff791e8f69b'),
 ('252', '273', 'Content', '1', '2016-11-22 20:44:43', '2016-11-22 20:44:43', '9ebb836f-21cc-48b0-841e-1f36f3578230'),
 ('253', '274', 'Content', '1', '2016-11-22 20:44:43', '2016-11-22 20:44:43', '86ede35e-e05d-4ed1-9cbd-2e1b85e2ec32'),
 ('255', '276', 'Content', '1', '2016-11-22 21:56:25', '2016-11-22 21:56:25', '04b905a7-419f-449a-ab8d-25cdaa631e1c');



DROP TABLE IF EXISTS `craft_fields`;


--
-- Schema for table `craft_fields`
--
CREATE TABLE `craft_fields` (
  `id` int(11) NOT NULL AUTO_INCREMENT,
  `groupId` int(11) DEFAULT NULL,
  `name` varchar(255) COLLATE utf8_unicode_ci NOT NULL,
  `handle` varchar(58) COLLATE utf8_unicode_ci NOT NULL,
  `context` varchar(255) COLLATE utf8_unicode_ci NOT NULL DEFAULT 'global',
  `instructions` text COLLATE utf8_unicode_ci,
  `translatable` tinyint(1) unsigned NOT NULL DEFAULT '0',
  `type` varchar(150) COLLATE utf8_unicode_ci NOT NULL,
  `settings` text COLLATE utf8_unicode_ci,
  `dateCreated` datetime NOT NULL,
  `dateUpdated` datetime NOT NULL,
  `uid` char(36) COLLATE utf8_unicode_ci NOT NULL DEFAULT '0',
  PRIMARY KEY (`id`),
  UNIQUE KEY `craft_fields_handle_context_unq_idx` (`handle`,`context`),
  KEY `craft_fields_context_idx` (`context`),
  KEY `craft_fields_groupId_fk` (`groupId`)
) ENGINE=InnoDB AUTO_INCREMENT=62 DEFAULT CHARSET=utf8 COLLATE=utf8_unicode_ci;

--
-- Data for table `craft_fields`
--

INSERT INTO `craft_fields` (`id`, `groupId`, `name`, `handle`, `context`, `instructions`, `translatable`, `type`, `settings`, `dateCreated`, `dateUpdated`, `uid`) VALUES
 ('1', '1', 'Body', 'body', 'global', '', '0', 'RichText', '{\"configFile\":\"Standard.json\",\"availableAssetSources\":\"*\",\"availableTransforms\":\"*\",\"cleanupHtml\":\"\",\"purifyHtml\":\"\",\"columnType\":\"text\"}', '2016-10-07 18:01:54', '2016-11-14 20:26:15', '51cd4b6b-bf39-4bf6-b992-bdf9f0b41845'),
 ('2', '1', 'Tags', 'tags', 'global', NULL, '0', 'Tags', '{\"source\":\"taggroup:1\"}', '2016-10-07 18:01:54', '2016-10-07 18:01:54', '1c37873b-ac54-4e96-a9ab-ab0dcff390d5'),
 ('3', '2', 'Disciplines', 'disciplines', 'global', '', '0', 'Categories', '{\"source\":\"group:1\",\"limit\":\"\",\"selectionLabel\":\"\"}', '2016-10-13 20:37:33', '2016-10-17 20:36:43', '6a862213-7ddf-4e92-9765-adc930123ca7'),
 ('4', '2', 'Highlight Color', 'highlightColor', 'global', '', '0', 'Color', NULL, '2016-10-13 22:55:18', '2016-10-13 22:55:18', '85d677e4-d08a-4ce2-a3fe-942bcfd78be0'),
 ('5', '2', 'Thumbnail Image', 'thumbnailImage', 'global', '1200 x 1200\r\n\r\n1200 x 1800  \r\n\r\n1200 x 900', '0', 'Assets', '{\"useSingleFolder\":\"1\",\"sources\":\"*\",\"defaultUploadLocationSource\":\"1\",\"defaultUploadLocationSubpath\":\"\",\"singleUploadLocationSource\":\"1\",\"singleUploadLocationSubpath\":\"{slug}\",\"restrictFiles\":\"1\",\"allowedKinds\":[\"image\"],\"limit\":\"1\",\"viewMode\":\"list\",\"selectionLabel\":\"\"}', '2016-10-13 22:55:31', '2016-11-22 21:54:44', '64063b44-3b0b-41a9-a30e-f6f5dea11bc3'),
 ('6', '2', 'Project Title', 'projectTitle', 'global', '', '0', 'PlainText', '{\"placeholder\":\"\",\"maxLength\":\"\",\"multiline\":\"\",\"initialRows\":\"4\"}', '2016-10-13 23:07:09', '2016-10-13 23:07:09', '0c64cf43-d474-4f47-9fcd-70f39be35c59'),
 ('7', '2', 'Hero Image', 'heroImage', 'global', '2400 x 1800', '0', 'Assets', '{\"useSingleFolder\":\"1\",\"sources\":\"*\",\"defaultUploadLocationSource\":\"1\",\"defaultUploadLocationSubpath\":\"\",\"singleUploadLocationSource\":\"1\",\"singleUploadLocationSubpath\":\"{slug}\",\"restrictFiles\":\"1\",\"allowedKinds\":[\"image\"],\"limit\":\"1\",\"viewMode\":\"list\",\"selectionLabel\":\"\"}', '2016-10-17 19:49:10', '2016-11-22 21:54:37', '73245140-400e-484a-a6ea-2e26a32ce9ca'),
 ('8', '2', 'Introduction', 'introduction', 'global', '', '0', 'RichText', '{\"configFile\":\"Standard.json\",\"availableAssetSources\":\"*\",\"availableTransforms\":\"*\",\"cleanupHtml\":\"\",\"purifyHtml\":\"\",\"columnType\":\"text\"}', '2016-10-17 19:50:59', '2016-11-11 19:44:41', '610fc480-4bda-439e-9d2d-b576046180e0'),
 ('9', '2', 'Hero Headline', 'heroHeadline', 'global', '', '0', 'PlainText', '{\"placeholder\":\"\",\"maxLength\":\"\",\"multiline\":\"1\",\"initialRows\":\"4\"}', '2016-10-17 19:52:39', '2016-10-17 19:52:39', 'ba348bfd-eba6-4425-ba27-84826af1f64b'),
 ('10', '1', 'Modules', 'modules', 'global', '', '0', 'Matrix', '{\"maxBlocks\":null}', '2016-10-17 20:17:12', '2016-11-22 20:44:42', 'b01f8465-86f0-413d-945b-38865da85704'),
 ('11', NULL, 'Image', 'image', 'matrixBlockType:1', '2400px wide ( default 2400 x 1800 )', '0', 'Assets', '{\"useSingleFolder\":\"1\",\"sources\":\"*\",\"defaultUploadLocationSource\":\"1\",\"defaultUploadLocationSubpath\":\"\",\"singleUploadLocationSource\":\"1\",\"singleUploadLocationSubpath\":\"{owner.slug}\",\"restrictFiles\":\"1\",\"allowedKinds\":[\"image\"],\"limit\":\"1\",\"viewMode\":\"list\",\"selectionLabel\":\"\"}', '2016-10-17 20:17:12', '2016-11-22 20:44:42', 'e510ba83-9fb2-487d-8b0f-f9382d9f43fd'),
 ('12', NULL, 'Layout Options', 'layoutOptions', 'matrixBlockType:1', '', '0', 'Dropdown', '{\"options\":[{\"label\":\"Full Width\",\"value\":\"full-width\",\"default\":\"1\"},{\"label\":\"Framed\",\"value\":\"framed\",\"default\":\"\"}]}', '2016-10-17 20:17:12', '2016-11-22 20:44:42', '244465de-651d-4a4a-935a-50c7ba920a37'),
 ('13', NULL, 'Vertical Spacing Level', 'verticalSpacingLevel', 'matrixBlockType:1', '', '0', 'Dropdown', '{\"options\":[{\"label\":\"0\",\"value\":\"vertical-spacing-0\",\"default\":\"1\"},{\"label\":\"1\",\"value\":\"vertical-spacing-1\",\"default\":\"\"},{\"label\":\"2\",\"value\":\"vertical-spacing-2\",\"default\":\"\"},{\"label\":\"3\",\"value\":\"vertical-spacing-3\",\"default\":\"\"},{\"label\":\"4\",\"value\":\"vertical-spacing-4\",\"default\":\"\"},{\"label\":\"5\",\"value\":\"vertical-spacing-5\",\"default\":\"\"}]}', '2016-10-17 20:17:12', '2016-11-22 20:44:42', '28392396-6ed4-4995-a521-a276fc3b9a29'),
 ('14', '2', 'Additional Information', 'additionalInformation', 'global', '', '0', 'Table', '{\"columns\":{\"col1\":{\"heading\":\"Header\",\"handle\":\"header\",\"width\":\"\",\"type\":\"singleline\"},\"col2\":{\"heading\":\"Info\",\"handle\":\"info\",\"width\":\"\",\"type\":\"multiline\"}},\"defaults\":{\"row1\":{\"col1\":\"\",\"col2\":\"\"}}}', '2016-10-17 20:25:04', '2016-10-17 20:25:04', '38307a90-ee61-4828-b5c4-9ae45dcdee88'),
 ('15', NULL, 'Image', 'image', 'matrixBlockType:2', '1600px wide ', '0', 'Assets', '{\"useSingleFolder\":\"1\",\"sources\":\"*\",\"defaultUploadLocationSource\":\"1\",\"defaultUploadLocationSubpath\":\"\",\"singleUploadLocationSource\":\"1\",\"singleUploadLocationSubpath\":\"{owner.slug}\",\"restrictFiles\":\"1\",\"allowedKinds\":[\"image\"],\"limit\":\"1\",\"viewMode\":\"list\",\"selectionLabel\":\"\"}', '2016-10-17 21:06:03', '2016-11-22 20:44:42', 'e31d3542-1819-41ee-8ee7-290ab1ded0fd'),
 ('16', NULL, 'Vertical Spacing Level', 'verticalSpacingLevel', 'matrixBlockType:2', '', '0', 'Dropdown', '{\"options\":[{\"label\":\"0\",\"value\":\"vertical-spacing-0\",\"default\":\"1\"},{\"label\":\"1\",\"value\":\"vertical-spacing-1\",\"default\":\"\"},{\"label\":\"2\",\"value\":\"vertical-spacing-2\",\"default\":\"\"},{\"label\":\"3\",\"value\":\"vertical-spacing-3\",\"default\":\"\"},{\"label\":\"4\",\"value\":\"vertical-spacing-4\",\"default\":\"\"},{\"label\":\"5\",\"value\":\"vertical-spacing-5\",\"default\":\"\"}]}', '2016-10-17 21:06:03', '2016-11-22 20:44:42', '92ff529f-797f-461e-96d8-4f305eeb6745'),
 ('17', NULL, 'Background Color', 'backgroundColor', 'matrixBlockType:2', '', '0', 'Color', NULL, '2016-10-17 21:06:03', '2016-11-22 20:44:42', 'ca914f69-23d7-439d-8968-c7d143fc017b'),
 ('18', NULL, 'Position', 'position', 'matrixBlockType:3', '', '0', 'PositionSelect', '{\"options\":[\"left\",\"right\"]}', '2016-10-17 21:24:28', '2016-11-22 20:44:42', 'd4a2a5ab-5153-458d-ab24-c87e8652642f'),
 ('19', NULL, 'Image', 'image', 'matrixBlockType:3', '1600px wide', '0', 'Assets', '{\"useSingleFolder\":\"1\",\"sources\":\"*\",\"defaultUploadLocationSource\":\"1\",\"defaultUploadLocationSubpath\":\"\",\"singleUploadLocationSource\":\"1\",\"singleUploadLocationSubpath\":\"{owner.slug}\",\"restrictFiles\":\"1\",\"allowedKinds\":[\"image\"],\"limit\":\"1\",\"viewMode\":\"list\",\"selectionLabel\":\"\"}', '2016-10-17 21:24:28', '2016-11-22 20:44:42', '3fe61e34-561a-449b-8012-494b5cf222c6'),
 ('20', NULL, 'Description', 'description', 'matrixBlockType:3', '', '0', 'RichText', '{\"configFile\":\"Standard.json\",\"availableAssetSources\":\"*\",\"availableTransforms\":\"*\",\"cleanupHtml\":\"\",\"purifyHtml\":\"\",\"columnType\":\"text\"}', '2016-10-17 21:24:28', '2016-11-22 20:44:42', '3d0b119a-fb6e-4bbb-a2aa-090e66f44882'),
 ('21', NULL, 'Vertical Spacing Level', 'verticalSpacingLevel', 'matrixBlockType:3', '', '0', 'Dropdown', '{\"options\":[{\"label\":\"0\",\"value\":\"vertical-spacing-0\",\"default\":\"1\"},{\"label\":\"1\",\"value\":\"vertical-spacing-1\",\"default\":\"\"},{\"label\":\"2\",\"value\":\"vertical-spacing-2\",\"default\":\"\"},{\"label\":\"3\",\"value\":\"vertical-spacing-3\",\"default\":\"\"},{\"label\":\"4\",\"value\":\"vertical-spacing-4\",\"default\":\"\"},{\"label\":\"5\",\"value\":\"vertical-spacing-5\",\"default\":\"\"}]}', '2016-10-17 21:26:27', '2016-11-22 20:44:42', 'b5bba079-92eb-4060-bb65-764b980ab6ac'),
 ('22', NULL, 'Left Image', 'leftImage', 'matrixBlockType:4', '1600px wide', '0', 'Assets', '{\"useSingleFolder\":\"1\",\"sources\":\"*\",\"defaultUploadLocationSource\":\"1\",\"defaultUploadLocationSubpath\":\"\",\"singleUploadLocationSource\":\"1\",\"singleUploadLocationSubpath\":\"{owner.slug}\",\"restrictFiles\":\"1\",\"allowedKinds\":[\"image\"],\"limit\":\"1\",\"viewMode\":\"list\",\"selectionLabel\":\"\"}', '2016-10-17 22:05:28', '2016-11-22 20:44:42', '99d3056b-0c6e-4c73-bd8e-8c3b8c233b60'),
 ('23', NULL, 'Right Image', 'rightImage', 'matrixBlockType:4', '1600px wide', '0', 'Assets', '{\"useSingleFolder\":\"1\",\"sources\":\"*\",\"defaultUploadLocationSource\":\"1\",\"defaultUploadLocationSubpath\":\"\",\"singleUploadLocationSource\":\"1\",\"singleUploadLocationSubpath\":\"{owner.slug}\",\"restrictFiles\":\"1\",\"allowedKinds\":[\"image\"],\"limit\":\"1\",\"viewMode\":\"list\",\"selectionLabel\":\"\"}', '2016-10-17 22:05:28', '2016-11-22 20:44:42', 'c5331def-8d6c-414a-b92a-7b3a2de4fc73'),
 ('24', NULL, 'Vertical Spacing Level', 'verticalSpacingLevel', 'matrixBlockType:4', '', '0', 'Dropdown', '{\"options\":[{\"label\":\"0\",\"value\":\"vertical-spacing-0\",\"default\":\"\"},{\"label\":\"1\",\"value\":\"vertical-spacing-1\",\"default\":\"\"},{\"label\":\"2\",\"value\":\"vertical-spacing-2\",\"default\":\"\"},{\"label\":\"3\",\"value\":\"vertical-spacing-3\",\"default\":\"\"},{\"label\":\"4\",\"value\":\"vertical-spacing-4\",\"default\":\"\"},{\"label\":\"5\",\"value\":\"vertical-spacing-5\",\"default\":\"\"}]}', '2016-10-17 22:05:28', '2016-11-22 20:44:42', '0355c8be-6c14-45de-8ece-f6cd4c8592c2'),
 ('25', NULL, 'Text', 'text', 'matrixBlockType:5', '', '0', 'RichText', '{\"configFile\":\"Standard.json\",\"availableAssetSources\":\"*\",\"availableTransforms\":\"*\",\"cleanupHtml\":\"\",\"purifyHtml\":\"\",\"columnType\":\"text\"}', '2016-10-17 22:31:03', '2016-11-22 20:44:42', '98f456e0-5e2e-465d-9c1c-5039d4a05dbc'),
 ('26', NULL, 'Vertical Spacing Level', 'verticalSpacingLevel', 'matrixBlockType:5', '', '0', 'Dropdown', '{\"options\":[{\"label\":\"0\",\"value\":\"vertical-spacing-0\",\"default\":\"\"},{\"label\":\"1\",\"value\":\"vertical-spacing-1\",\"default\":\"\"},{\"label\":\"2\",\"value\":\"vertical-spacing-2\",\"default\":\"\"},{\"label\":\"3\",\"value\":\"vertical-spacing-3\",\"default\":\"\"},{\"label\":\"4\",\"value\":\"vertical-spacing-4\",\"default\":\"\"},{\"label\":\"5\",\"value\":\"vertical-spacing-5\",\"default\":\"\"}]}', '2016-10-17 22:31:03', '2016-11-22 20:44:42', '31594943-0a86-4def-9567-8653f785189c'),
 ('27', NULL, 'Vimeo Video ID', 'vimeoVideoId', 'matrixBlockType:6', '', '0', 'PlainText', '{\"placeholder\":\"\",\"maxLength\":\"\",\"multiline\":\"\",\"initialRows\":\"4\"}', '2016-10-17 23:43:02', '2016-11-22 20:44:42', '3e42d637-0b10-451d-8f73-c9d2cd0e603b'),
 ('28', NULL, 'Autoplay', 'autoplay', 'matrixBlockType:6', '', '0', 'Lightswitch', '{\"default\":\"\"}', '2016-10-17 23:43:02', '2016-11-22 20:44:42', 'f2081b41-d257-49ab-9bb1-5183c2d01c87'),
 ('29', '2', 'Hero Font Color', 'heroFontColor', 'global', '', '0', 'Color', NULL, '2016-10-18 17:33:53', '2016-11-04 18:42:18', '2027dd1b-e0dd-4c82-824f-53cf2bbab894'),
 ('30', NULL, 'Images', 'images', 'matrixBlockType:7', '800px tall', '0', 'Assets', '{\"useSingleFolder\":\"1\",\"sources\":\"*\",\"defaultUploadLocationSource\":\"1\",\"defaultUploadLocationSubpath\":\"\",\"singleUploadLocationSource\":\"1\",\"singleUploadLocationSubpath\":\"{owner.slug}\",\"restrictFiles\":\"1\",\"allowedKinds\":[\"image\"],\"limit\":\"\",\"viewMode\":\"list\",\"selectionLabel\":\"\"}', '2016-10-31 20:49:06', '2016-11-22 20:44:43', 'cfaefb07-189a-4b01-8535-2b6def6f98a1'),
 ('31', NULL, 'Vertical Spacing Level', 'verticalSpacingLevel', 'matrixBlockType:7', '', '0', 'Dropdown', '{\"options\":[{\"label\":\"0\",\"value\":\"vertical-spacing-0\",\"default\":\"\"},{\"label\":\"1\",\"value\":\"vertical-spacing-1\",\"default\":\"\"},{\"label\":\"2\",\"value\":\"vertical-spacing-2\",\"default\":\"\"},{\"label\":\"3\",\"value\":\"vertical-spacing-3\",\"default\":\"\"},{\"label\":\"4\",\"value\":\"vertical-spacing-4\",\"default\":\"\"},{\"label\":\"5\",\"value\":\"vertical-spacing-5\",\"default\":\"\"}]}', '2016-10-31 21:18:33', '2016-11-22 20:44:43', 'e7ac0d73-1cd6-4648-9ee9-4bd0e779a51a'),
 ('32', NULL, 'Framed', 'framed', 'matrixBlockType:6', '', '0', 'Lightswitch', '{\"default\":\"\"}', '2016-10-31 21:46:38', '2016-11-22 20:44:42', '97c4fa82-e310-4cbb-b9e2-dadf159c8b00'),
 ('33', '3', 'Email', 'email', 'global', '', '0', 'PlainText', '{\"placeholder\":\"\",\"maxLength\":\"\",\"multiline\":\"1\",\"initialRows\":\"4\"}', '2016-10-31 22:29:14', '2016-10-31 22:46:37', '5bff9fa1-5add-4e29-a955-c66a64fe6225'),
 ('34', '3', 'Address', 'address', 'global', '', '0', 'PlainText', '{\"placeholder\":\"\",\"maxLength\":\"\",\"multiline\":\"1\",\"initialRows\":\"4\"}', '2016-10-31 22:29:55', '2016-10-31 22:29:55', '65448f85-9bb6-4883-a247-d7467f27a152'),
 ('35', '3', 'Phone Number', 'phoneNumber', 'global', '', '0', 'PlainText', '{\"placeholder\":\"\",\"maxLength\":\"\",\"multiline\":\"1\",\"initialRows\":\"4\"}', '2016-10-31 22:30:10', '2016-10-31 22:30:10', '8e872dc0-da9c-409f-b764-9cc161e90199'),
 ('36', '3', 'Fax Number', 'faxNumber', 'global', '', '0', 'PlainText', '{\"placeholder\":\"\",\"maxLength\":\"\",\"multiline\":\"1\",\"initialRows\":\"4\"}', '2016-10-31 22:30:34', '2016-10-31 22:30:34', '023dbff3-b2c4-4717-902c-fa3ae8bf0994'),
 ('37', NULL, 'Left Column', 'leftColumn', 'matrixBlockType:8', '', '0', 'RichText', '{\"configFile\":\"Standard.json\",\"availableAssetSources\":\"*\",\"availableTransforms\":\"*\",\"cleanupHtml\":\"\",\"purifyHtml\":\"\",\"columnType\":\"text\"}', '2016-11-01 18:50:10', '2016-11-22 20:44:43', '247dcdd6-7857-4fd2-95aa-aeef9b548fce'),
 ('38', NULL, 'Right Column', 'rightColumn', 'matrixBlockType:8', '', '0', 'RichText', '{\"configFile\":\"Standard.json\",\"availableAssetSources\":\"*\",\"availableTransforms\":\"*\",\"cleanupHtml\":\"\",\"purifyHtml\":\"\",\"columnType\":\"text\"}', '2016-11-01 18:50:10', '2016-11-22 20:44:43', 'd61ed1bf-4c6b-470a-ba6e-179fb4613638'),
 ('39', NULL, 'Background Color', 'backgroundColor', 'matrixBlockType:8', '', '0', 'Color', NULL, '2016-11-01 18:54:24', '2016-11-22 20:44:43', 'ad78c325-a52e-4002-89ea-0e77a3bb2879'),
 ('40', NULL, 'Vertical Spacing Level', 'verticalSpacingLevel', 'matrixBlockType:8', '', '0', 'Dropdown', '{\"options\":[{\"label\":\"0\",\"value\":\"vertical-spacing-0\",\"default\":\"\"},{\"label\":\"1\",\"value\":\"vertical-spacing-1\",\"default\":\"\"},{\"label\":\"2\",\"value\":\"vertical-spacing-2\",\"default\":\"\"},{\"label\":\"3\",\"value\":\"vertical-spacing-3\",\"default\":\"\"},{\"label\":\"4\",\"value\":\"vertical-spacing-4\",\"default\":\"\"},{\"label\":\"5\",\"value\":\"vertical-spacing-5\",\"default\":\"\"}]}', '2016-11-01 18:54:24', '2016-11-22 20:44:43', 'c2a9651d-c7ab-46e6-80a3-96f20d602b55'),
 ('41', '4', 'Job Title', 'jobTitle', 'global', '', '0', 'PlainText', '{\"placeholder\":\"\",\"maxLength\":\"\",\"multiline\":\"\",\"initialRows\":\"4\"}', '2016-11-01 21:40:25', '2016-11-01 21:40:25', '19fd5da5-219a-4da8-9980-8542e94794a4'),
 ('43', '4', 'Team Member Image', 'teamMemberImage', 'global', '1200 x 1200', '0', 'Assets', '{\"useSingleFolder\":\"1\",\"sources\":\"*\",\"defaultUploadLocationSource\":\"1\",\"defaultUploadLocationSubpath\":\"\",\"singleUploadLocationSource\":\"2\",\"singleUploadLocationSubpath\":\"\",\"restrictFiles\":\"1\",\"allowedKinds\":[\"image\"],\"limit\":\"1\",\"viewMode\":\"list\",\"selectionLabel\":\"\"}', '2016-11-01 21:44:49', '2016-11-22 20:46:34', '443b02ce-fb1a-4fbc-a498-44505ba1812f'),
 ('44', '4', 'Team Header', 'teamHeader', 'global', '', '0', 'PlainText', '{\"placeholder\":\"\",\"maxLength\":\"\",\"multiline\":\"1\",\"initialRows\":\"4\"}', '2016-11-01 22:29:44', '2016-11-01 22:29:44', '4e5c0934-d550-48a4-8e8f-11927b201ebb'),
 ('45', '1', 'Intro Left Column', 'introLeftColumn', 'global', '', '0', 'RichText', '{\"configFile\":\"Standard.json\",\"availableAssetSources\":\"*\",\"availableTransforms\":\"*\",\"cleanupHtml\":\"\",\"purifyHtml\":\"\",\"columnType\":\"text\"}', '2016-11-01 22:34:28', '2016-11-01 22:47:56', '62d046cb-a825-4a5f-9efb-b88749611afc'),
 ('46', '1', 'Intro Right Column', 'introRightColumn', 'global', '', '0', 'RichText', '{\"configFile\":\"Standard.json\",\"availableAssetSources\":\"*\",\"availableTransforms\":\"*\",\"cleanupHtml\":\"\",\"purifyHtml\":\"\",\"columnType\":\"text\"}', '2016-11-01 22:34:43', '2016-11-01 22:48:07', '267180cc-6bad-4ecf-9acd-5d0c4db275b5'),
 ('47', '1', 'Press & Awards', 'pressAwards', 'global', '', '0', 'RichText', '{\"configFile\":\"Standard.json\",\"availableAssetSources\":\"*\",\"availableTransforms\":\"*\",\"cleanupHtml\":\"\",\"purifyHtml\":\"\",\"columnType\":\"text\"}', '2016-11-01 22:48:48', '2016-11-14 20:03:12', 'ac5e844b-ef74-45fc-a021-a12d2dd79490'),
 ('48', '1', 'CTA', 'cta', 'global', '', '0', 'SuperTable', '{\"columns\":{\"49\":{\"width\":\"\"},\"52\":{\"width\":\"\"},\"53\":{\"width\":\"\"},\"50\":{\"width\":\"\"},\"51\":{\"width\":\"\"},\"new1\":{\"width\":\"\"}},\"fieldLayout\":\"row\",\"staticField\":null,\"selectionLabel\":\"Add a row\",\"maxRows\":\"1\"}', '2016-11-02 18:38:31', '2016-11-04 18:31:50', '25c47af6-87c1-40e6-9928-d455ccc78a09'),
 ('49', NULL, 'Background Image', 'backgroundImage', 'superTableBlockType:1', '', '0', 'Assets', '{\"useSingleFolder\":\"1\",\"sources\":\"*\",\"defaultUploadLocationSource\":\"1\",\"defaultUploadLocationSubpath\":\"\",\"singleUploadLocationSource\":\"3\",\"singleUploadLocationSubpath\":\"\",\"restrictFiles\":\"1\",\"allowedKinds\":[\"image\"],\"limit\":\"1\",\"viewMode\":\"list\",\"selectionLabel\":\"\"}', '2016-11-02 18:38:31', '2016-11-04 18:31:50', 'e6a0c2a6-89a7-4787-9055-b8de49b12e2e'),
 ('50', NULL, 'Header', 'header', 'superTableBlockType:1', '', '0', 'PlainText', '{\"placeholder\":\"\",\"maxLength\":\"\",\"multiline\":\"1\",\"initialRows\":\"4\"}', '2016-11-02 18:38:31', '2016-11-04 18:31:50', '6f60b15c-495d-47d4-a4b9-b3ef90aa0e38'),
 ('51', NULL, 'Subtext', 'subtext', 'superTableBlockType:1', '', '0', 'PlainText', '{\"placeholder\":\"\",\"maxLength\":\"\",\"multiline\":\"1\",\"initialRows\":\"4\"}', '2016-11-02 18:38:31', '2016-11-04 18:31:50', 'ceba0cde-9420-46e1-9daa-9f549fd293c7'),
 ('52', NULL, 'Background Color', 'backgroundColor', 'superTableBlockType:1', 'Only important if you don\'t choose an image.', '0', 'Color', NULL, '2016-11-02 18:42:23', '2016-11-04 18:31:50', '0c97040c-4a9b-461b-8cc6-6a38efbcca5d'),
 ('53', NULL, 'Link URL', 'linkUrl', 'superTableBlockType:1', '', '0', 'PlainText', '{\"placeholder\":\"\",\"maxLength\":\"\",\"multiline\":\"\",\"initialRows\":\"4\"}', '2016-11-02 19:01:06', '2016-11-04 18:31:50', 'f02fd837-4949-465a-972a-65f807fe881b'),
 ('54', '5', 'Journal Category', 'journalCategory', 'global', '', '0', 'Categories', '{\"source\":\"group:2\",\"limit\":\"1\",\"selectionLabel\":\"\"}', '2016-11-03 21:27:15', '2016-11-03 21:27:15', '239f9a87-d3f7-45df-a1a2-236715acc1fa'),
 ('57', NULL, 'Font Color', 'fontColor', 'superTableBlockType:1', '', '0', 'Color', NULL, '2016-11-04 18:31:50', '2016-11-04 18:31:50', 'b150e07e-459e-4e45-9d09-62e8ad8b18d2'),
 ('58', NULL, 'Image Width', 'imageWidth', 'matrixBlockType:2', '', '0', 'Dropdown', '{\"options\":[{\"label\":\"50% \",\"value\":\"50\",\"default\":\"1\"},{\"label\":\"75%\",\"value\":\"75\",\"default\":\"\"},{\"label\":\"100% \",\"value\":\"100\",\"default\":\"\"}]}', '2016-11-11 22:58:02', '2016-11-22 20:44:42', '765f580a-4353-4af6-9004-0cc75ca32966'),
 ('59', NULL, 'Image Width', 'imageWidth', 'matrixBlockType:3', '', '0', 'Dropdown', '{\"options\":[{\"label\":\"50%\",\"value\":\"50\",\"default\":\"1\"},{\"label\":\"75%\",\"value\":\"75\",\"default\":\"\"},{\"label\":\"100%\",\"value\":\"100\",\"default\":\"\"}]}', '2016-11-11 22:58:02', '2016-11-22 20:44:42', '805945e1-487a-454c-8476-04c05128b2ec'),
 ('60', NULL, 'Background Color', 'backgroundColor', 'matrixBlockType:3', '', '0', 'Color', NULL, '2016-11-11 23:02:10', '2016-11-22 20:44:42', 'a5fb2133-ecc5-45f3-adb1-bc586ac550c3'),
 ('61', NULL, 'Background Color', 'backgroundColor', 'matrixBlockType:5', '', '0', 'Color', NULL, '2016-11-14 20:15:15', '2016-11-22 20:44:42', 'd81ec270-385b-4fd7-8af6-f24e177c3fd9');



DROP TABLE IF EXISTS `craft_globalsets`;


--
-- Schema for table `craft_globalsets`
--
CREATE TABLE `craft_globalsets` (
  `id` int(11) NOT NULL,
  `name` varchar(255) COLLATE utf8_unicode_ci NOT NULL,
  `handle` varchar(255) COLLATE utf8_unicode_ci NOT NULL,
  `fieldLayoutId` int(10) DEFAULT NULL,
  `dateCreated` datetime NOT NULL,
  `dateUpdated` datetime NOT NULL,
  `uid` char(36) COLLATE utf8_unicode_ci NOT NULL DEFAULT '0',
  PRIMARY KEY (`id`),
  UNIQUE KEY `craft_globalsets_name_unq_idx` (`name`),
  UNIQUE KEY `craft_globalsets_handle_unq_idx` (`handle`),
  KEY `craft_globalsets_fieldLayoutId_fk` (`fieldLayoutId`)
) ENGINE=InnoDB DEFAULT CHARSET=utf8 COLLATE=utf8_unicode_ci;

DROP TABLE IF EXISTS `craft_info`;


--
-- Schema for table `craft_info`
--
CREATE TABLE `craft_info` (
  `id` int(11) NOT NULL AUTO_INCREMENT,
  `version` varchar(15) COLLATE utf8_unicode_ci NOT NULL,
  `build` int(11) unsigned NOT NULL,
  `schemaVersion` varchar(15) COLLATE utf8_unicode_ci NOT NULL,
  `releaseDate` datetime NOT NULL,
  `edition` tinyint(1) unsigned NOT NULL DEFAULT '0',
  `siteName` varchar(100) COLLATE utf8_unicode_ci NOT NULL,
  `siteUrl` varchar(255) COLLATE utf8_unicode_ci NOT NULL,
  `timezone` varchar(30) COLLATE utf8_unicode_ci DEFAULT NULL,
  `on` tinyint(1) unsigned NOT NULL DEFAULT '0',
  `maintenance` tinyint(1) unsigned NOT NULL DEFAULT '0',
  `track` varchar(40) COLLATE utf8_unicode_ci NOT NULL,
  `dateCreated` datetime NOT NULL,
  `dateUpdated` datetime NOT NULL,
  `uid` char(36) COLLATE utf8_unicode_ci NOT NULL DEFAULT '0',
  PRIMARY KEY (`id`)
) ENGINE=InnoDB AUTO_INCREMENT=2 DEFAULT CHARSET=utf8 COLLATE=utf8_unicode_ci;

--
-- Data for table `craft_info`
--

INSERT INTO `craft_info` (`id`, `version`, `build`, `schemaVersion`, `releaseDate`, `edition`, `siteName`, `siteUrl`, `timezone`, `on`, `maintenance`, `track`, `dateCreated`, `dateUpdated`, `uid`) VALUES
 ('1', '2.6', '2949', '2.6.7', '2016-10-05 17:47:04', '2', 'Turnstyle', 'http://turnstyle.studio', 'UTC', '1', '1', 'stable', '2016-10-07 18:01:49', '2016-11-22 22:13:14', 'ccfc5212-7b67-488b-80cc-468436a8346e');



DROP TABLE IF EXISTS `craft_locales`;


--
-- Schema for table `craft_locales`
--
CREATE TABLE `craft_locales` (
  `locale` char(12) COLLATE utf8_unicode_ci NOT NULL,
  `sortOrder` smallint(6) unsigned DEFAULT NULL,
  `dateCreated` datetime NOT NULL,
  `dateUpdated` datetime NOT NULL,
  `uid` char(36) COLLATE utf8_unicode_ci NOT NULL DEFAULT '0',
  PRIMARY KEY (`locale`),
  KEY `craft_locales_sortOrder_idx` (`sortOrder`)
) ENGINE=InnoDB DEFAULT CHARSET=utf8 COLLATE=utf8_unicode_ci;

--
-- Data for table `craft_locales`
--

INSERT INTO `craft_locales` (`locale`, `sortOrder`, `dateCreated`, `dateUpdated`, `uid`) VALUES
 ('en_us', '1', '2016-10-07 18:01:49', '2016-10-07 18:01:49', 'f96779a5-1968-4d73-9d30-9698c26a2c5c');



DROP TABLE IF EXISTS `craft_matrixblocks`;


--
-- Schema for table `craft_matrixblocks`
--
CREATE TABLE `craft_matrixblocks` (
  `id` int(11) NOT NULL,
  `ownerId` int(11) NOT NULL,
  `fieldId` int(11) NOT NULL,
  `typeId` int(11) DEFAULT NULL,
  `sortOrder` smallint(6) unsigned DEFAULT NULL,
  `ownerLocale` char(12) COLLATE utf8_unicode_ci DEFAULT NULL,
  `dateCreated` datetime NOT NULL,
  `dateUpdated` datetime NOT NULL,
  `uid` char(36) COLLATE utf8_unicode_ci NOT NULL DEFAULT '0',
  PRIMARY KEY (`id`),
  KEY `craft_matrixblocks_ownerId_idx` (`ownerId`),
  KEY `craft_matrixblocks_fieldId_idx` (`fieldId`),
  KEY `craft_matrixblocks_typeId_idx` (`typeId`),
  KEY `craft_matrixblocks_sortOrder_idx` (`sortOrder`),
  KEY `craft_matrixblocks_ownerLocale_fk` (`ownerLocale`)
) ENGINE=InnoDB DEFAULT CHARSET=utf8 COLLATE=utf8_unicode_ci;

--
-- Data for table `craft_matrixblocks`
--

INSERT INTO `craft_matrixblocks` (`id`, `ownerId`, `fieldId`, `typeId`, `sortOrder`, `ownerLocale`, `dateCreated`, `dateUpdated`, `uid`) VALUES
 ('28', '15', '10', '1', '1', NULL, '2016-10-17 20:30:09', '2016-11-22 21:55:01', 'ac4fac9a-168a-4b69-8b8a-717f024742f8'),
 ('31', '15', '10', '2', '3', NULL, '2016-10-17 21:07:10', '2016-11-22 21:55:01', '5a0b5bad-f5cf-4233-abe3-a3f71b795d6a'),
 ('32', '15', '10', '3', '6', NULL, '2016-10-17 21:25:01', '2016-11-22 21:55:01', 'cccffb3c-67b8-4cec-8d99-f6d899cb6d43'),
 ('37', '15', '10', '4', '7', NULL, '2016-10-17 22:08:15', '2016-11-22 21:55:01', 'cebda828-2f9c-4477-920e-59d60bb2445f'),
 ('38', '15', '10', '5', '8', NULL, '2016-10-17 22:32:57', '2016-11-22 21:55:01', 'c37d6278-fb2c-4e3e-a120-e6c1af49700e'),
 ('41', '15', '10', '6', '2', NULL, '2016-10-17 23:44:13', '2016-11-22 21:55:01', '024088af-d777-4dcc-b8cc-c17aa0973573'),
 ('42', '15', '10', '6', '9', NULL, '2016-10-18 16:53:31', '2016-11-22 21:55:01', '5abdb2f6-85e6-401c-94d1-4e83b89c4044'),
 ('52', '15', '10', '7', '10', NULL, '2016-10-31 21:24:09', '2016-11-22 21:55:02', '2d299571-4b46-4e14-a6a0-098daf51a0c8'),
 ('53', '15', '10', '6', '4', NULL, '2016-10-31 21:48:53', '2016-11-22 21:55:01', 'd216a655-1816-4ab7-9111-bb590e6c9ccc'),
 ('103', '101', '10', '7', '1', NULL, '2016-11-02 23:38:39', '2016-11-22 20:42:26', '82c650fd-0afa-4b3b-b20f-f8f3d3a8c84a'),
 ('104', '101', '10', '8', '2', NULL, '2016-11-02 23:38:39', '2016-11-22 20:42:26', '1b877d9c-3c58-4c8c-89dc-3973948821c8'),
 ('106', '101', '10', '8', '3', NULL, '2016-11-02 23:38:39', '2016-11-22 20:42:26', 'b4a969ef-4697-43d4-b89d-0457477481a6'),
 ('107', '101', '10', '8', '4', NULL, '2016-11-02 23:38:39', '2016-11-22 20:42:26', '2a176d4f-bf0a-404d-bdb0-843eaa8625a4'),
 ('108', '101', '10', '8', '5', NULL, '2016-11-02 23:38:39', '2016-11-22 20:42:26', '18cf39e9-9298-4238-936b-33c6486cd5f2'),
 ('115', '112', '10', '5', '1', NULL, '2016-11-03 21:38:50', '2016-11-22 22:04:12', '84c5bd67-de7d-430b-b9a9-a690f83cc399'),
 ('116', '112', '10', '7', '2', NULL, '2016-11-03 21:38:50', '2016-11-22 22:04:12', '62021909-8473-4b8d-b5c2-44bbb46a0260'),
 ('119', '118', '10', '5', '1', NULL, '2016-11-03 21:43:51', '2016-11-22 22:03:36', '38eb6a56-af03-49a4-8588-22e0b6abdf3f'),
 ('123', '122', '10', '5', '1', NULL, '2016-11-03 21:47:05', '2016-11-22 21:58:43', 'dd80b007-3320-4ca5-a247-73f58b69e248'),
 ('124', '122', '10', '2', '2', NULL, '2016-11-03 21:47:05', '2016-11-22 21:58:43', '87b973ac-d780-4c4f-b47f-22a10f744b92'),
 ('126', '122', '10', '5', '3', NULL, '2016-11-04 15:59:58', '2016-11-22 21:58:43', '23401fb5-a633-4c98-8a26-6e5098186484'),
 ('133', '5', '10', '1', '1', NULL, '2016-11-11 21:04:30', '2016-11-11 21:04:30', '282add8b-9d80-46e3-a872-1d65cc247b60'),
 ('134', '15', '10', '3', '5', NULL, '2016-11-14 22:57:35', '2016-11-22 21:55:01', '44a32c62-0d94-403b-a978-f48c77549d6b'),
 ('137', '16', '10', '1', '1', NULL, '2016-11-15 18:22:12', '2016-11-15 23:10:26', 'd7a49dc6-b4d0-440f-8489-bcdcf4c38bc0'),
 ('140', '16', '10', '1', '2', NULL, '2016-11-15 21:36:41', '2016-11-15 23:10:26', 'd758b4c5-94be-481b-849d-aff00c1f20d5'),
 ('141', '16', '10', '2', '3', NULL, '2016-11-15 21:49:27', '2016-11-15 23:10:26', 'a84e0a00-dc57-413b-9ef2-82fcc37e94e2'),
 ('142', '16', '10', '3', '4', NULL, '2016-11-15 21:49:27', '2016-11-15 23:10:26', 'e0ae84c2-459b-466c-b72e-f96da8702f84'),
 ('143', '16', '10', '4', '5', NULL, '2016-11-15 21:53:03', '2016-11-15 23:10:26', '2167ff3d-41b2-478d-a071-677f3a1e689d'),
 ('144', '16', '10', '5', '6', NULL, '2016-11-15 21:53:03', '2016-11-15 23:10:26', 'e3f9b4c7-e2a3-495f-b16d-a5ee03dab7da'),
 ('145', '16', '10', '3', '7', NULL, '2016-11-15 22:35:27', '2016-11-15 23:10:26', 'f80f5e15-c5bf-43c1-bbc5-2ab4a76ebb68');



DROP TABLE IF EXISTS `craft_matrixblocktypes`;


--
-- Schema for table `craft_matrixblocktypes`
--
CREATE TABLE `craft_matrixblocktypes` (
  `id` int(11) NOT NULL AUTO_INCREMENT,
  `fieldId` int(11) NOT NULL,
  `fieldLayoutId` int(11) DEFAULT NULL,
  `name` varchar(255) COLLATE utf8_unicode_ci NOT NULL,
  `handle` varchar(255) COLLATE utf8_unicode_ci NOT NULL,
  `sortOrder` smallint(6) unsigned DEFAULT NULL,
  `dateCreated` datetime NOT NULL,
  `dateUpdated` datetime NOT NULL,
  `uid` char(36) COLLATE utf8_unicode_ci NOT NULL DEFAULT '0',
  PRIMARY KEY (`id`),
  UNIQUE KEY `craft_matrixblocktypes_name_fieldId_unq_idx` (`name`,`fieldId`),
  UNIQUE KEY `craft_matrixblocktypes_handle_fieldId_unq_idx` (`handle`,`fieldId`),
  KEY `craft_matrixblocktypes_fieldId_fk` (`fieldId`),
  KEY `craft_matrixblocktypes_fieldLayoutId_fk` (`fieldLayoutId`)
) ENGINE=InnoDB AUTO_INCREMENT=9 DEFAULT CHARSET=utf8 COLLATE=utf8_unicode_ci;

--
-- Data for table `craft_matrixblocktypes`
--

INSERT INTO `craft_matrixblocktypes` (`id`, `fieldId`, `fieldLayoutId`, `name`, `handle`, `sortOrder`, `dateCreated`, `dateUpdated`, `uid`) VALUES
 ('1', '10', '267', 'Large Image', 'largeImage', '1', '2016-10-17 20:17:12', '2016-11-22 20:44:42', '0edc4efb-ac7c-4e97-b81b-7a88fe1809b2'),
 ('2', '10', '268', 'Inset Image', 'insetImage', '2', '2016-10-17 21:06:03', '2016-11-22 20:44:42', 'b3a5ff83-41a7-4b71-8716-9cec9a1ecdf1'),
 ('3', '10', '269', 'Image with Description', 'imageWithDescription', '3', '2016-10-17 21:24:28', '2016-11-22 20:44:42', '4d6110ce-c7e8-416d-9856-6bbde2800206'),
 ('4', '10', '270', 'Two Up Images', 'twoUpImages', '4', '2016-10-17 22:05:28', '2016-11-22 20:44:42', 'd3c2bc15-9299-438a-911c-862c86592d20'),
 ('5', '10', '271', 'Centered Text', 'centeredText', '5', '2016-10-17 22:31:03', '2016-11-22 20:44:42', '18a48efc-3cb9-4b03-b6fe-e457ccf93998'),
 ('6', '10', '272', 'Video', 'video', '6', '2016-10-17 23:43:02', '2016-11-22 20:44:43', 'bbe64627-53e5-4ad9-ad3b-ecffe55681ab'),
 ('7', '10', '273', 'Carousel', 'carousel', '7', '2016-10-31 20:49:06', '2016-11-22 20:44:43', '6bf560a6-459f-4f40-a1cf-70b9bf339adf'),
 ('8', '10', '274', 'Two Column Content', 'twoColumnContent', '8', '2016-11-01 18:50:10', '2016-11-22 20:44:43', 'e5957234-6b1b-43c8-8f15-caf1210bd335');



DROP TABLE IF EXISTS `craft_matrixcontent_modules`;


--
-- Schema for table `craft_matrixcontent_modules`
--
CREATE TABLE `craft_matrixcontent_modules` (
  `id` int(11) NOT NULL AUTO_INCREMENT,
  `elementId` int(11) NOT NULL,
  `locale` char(12) COLLATE utf8_unicode_ci NOT NULL,
  `field_largeImage_layoutOptions` varchar(255) COLLATE utf8_unicode_ci DEFAULT 'full-width',
  `field_largeImage_verticalSpacingLevel` varchar(255) COLLATE utf8_unicode_ci DEFAULT 'vertical-spacing-0',
  `field_insetImage_verticalSpacingLevel` varchar(255) COLLATE utf8_unicode_ci DEFAULT 'vertical-spacing-0',
  `field_insetImage_backgroundColor` char(7) COLLATE utf8_unicode_ci DEFAULT NULL,
  `field_imageWithDescription_position` varchar(255) COLLATE utf8_unicode_ci DEFAULT NULL,
  `field_imageWithDescription_description` text COLLATE utf8_unicode_ci,
  `field_imageWithDescription_verticalSpacingLevel` varchar(255) COLLATE utf8_unicode_ci DEFAULT 'vertical-spacing-0',
  `field_twoUpImages_verticalSpacingLevel` varchar(255) COLLATE utf8_unicode_ci DEFAULT NULL,
  `field_centeredText_text` text COLLATE utf8_unicode_ci,
  `field_centeredText_verticalSpacingLevel` varchar(255) COLLATE utf8_unicode_ci DEFAULT NULL,
  `field_video_vimeoVideoId` text COLLATE utf8_unicode_ci,
  `field_video_autoplay` tinyint(1) unsigned NOT NULL DEFAULT '0',
  `field_carousel_verticalSpacingLevel` varchar(255) COLLATE utf8_unicode_ci DEFAULT NULL,
  `field_video_framed` tinyint(1) unsigned NOT NULL DEFAULT '0',
  `field_twoColumnContent_leftColumn` text COLLATE utf8_unicode_ci,
  `field_twoColumnContent_rightColumn` text COLLATE utf8_unicode_ci,
  `field_twoColumnContent_backgroundColor` char(7) COLLATE utf8_unicode_ci DEFAULT NULL,
  `field_twoColumnContent_verticalSpacingLevel` varchar(255) COLLATE utf8_unicode_ci DEFAULT NULL,
  `field_insetImage_imageWidth` varchar(255) COLLATE utf8_unicode_ci DEFAULT '50',
  `field_imageWithDescription_imageWidth` varchar(255) COLLATE utf8_unicode_ci DEFAULT '50',
  `field_imageWithDescription_backgroundColor` char(7) COLLATE utf8_unicode_ci DEFAULT NULL,
  `field_centeredText_backgroundColor` char(7) COLLATE utf8_unicode_ci DEFAULT NULL,
  `dateCreated` datetime NOT NULL,
  `dateUpdated` datetime NOT NULL,
  `uid` char(36) COLLATE utf8_unicode_ci NOT NULL DEFAULT '0',
  PRIMARY KEY (`id`),
  UNIQUE KEY `craft_matrixcontent_modules_elementId_locale_unq_idx` (`elementId`,`locale`),
  KEY `craft_matrixcontent_modules_locale_fk` (`locale`)
) ENGINE=InnoDB AUTO_INCREMENT=41 DEFAULT CHARSET=utf8 COLLATE=utf8_unicode_ci;

--
-- Data for table `craft_matrixcontent_modules`
--

INSERT INTO `craft_matrixcontent_modules` (`id`, `elementId`, `locale`, `field_largeImage_layoutOptions`, `field_largeImage_verticalSpacingLevel`, `field_insetImage_verticalSpacingLevel`, `field_insetImage_backgroundColor`, `field_imageWithDescription_position`, `field_imageWithDescription_description`, `field_imageWithDescription_verticalSpacingLevel`, `field_twoUpImages_verticalSpacingLevel`, `field_centeredText_text`, `field_centeredText_verticalSpacingLevel`, `field_video_vimeoVideoId`, `field_video_autoplay`, `field_carousel_verticalSpacingLevel`, `field_video_framed`, `field_twoColumnContent_leftColumn`, `field_twoColumnContent_rightColumn`, `field_twoColumnContent_backgroundColor`, `field_twoColumnContent_verticalSpacingLevel`, `field_insetImage_imageWidth`, `field_imageWithDescription_imageWidth`, `field_imageWithDescription_backgroundColor`, `field_centeredText_backgroundColor`, `dateCreated`, `dateUpdated`, `uid`) VALUES
 ('1', '28', 'en_us', 'full-width', 'vertical-spacing-0', NULL, NULL, NULL, NULL, NULL, NULL, NULL, NULL, NULL, '0', NULL, '0', NULL, NULL, NULL, NULL, NULL, NULL, NULL, NULL, '2016-10-17 20:30:09', '2016-11-22 21:55:01', '24f3d1f7-73bd-493d-b93d-6c966e26e207'),
 ('2', '31', 'en_us', NULL, NULL, 'vertical-spacing-2', '#d6ff2e', NULL, NULL, NULL, NULL, NULL, NULL, NULL, '0', NULL, '0', NULL, NULL, NULL, NULL, '50', NULL, NULL, NULL, '2016-10-17 21:07:10', '2016-11-22 21:55:01', '3bd0eeee-03b4-499b-a466-d3d51ee17ea7'),
 ('3', '32', 'en_us', NULL, NULL, NULL, NULL, 'right', '<p class=\"large\">Subtitle</p>\r\n\r\n<p class=\"large\">Donec id elit non mi porta gravida at eget metus. Fusce dapibus, tellus ac cursus commodo, tortor mauris condimentum nibh, ut fermentum massa justo sit amet risus. Etiam porta sem malesuada magna mollis euismod. Lorem ipsum dolor sit.</p>', 'vertical-spacing-2', NULL, NULL, NULL, NULL, '0', NULL, '0', NULL, NULL, NULL, NULL, NULL, '50', '#f5f5f5', NULL, '2016-10-17 21:25:01', '2016-11-22 21:55:01', '3731e1aa-57fc-4e3d-871c-f98bd83c0b8e'),
 ('4', '37', 'en_us', NULL, NULL, NULL, NULL, NULL, NULL, NULL, 'vertical-spacing-2', NULL, NULL, NULL, '0', NULL, '0', NULL, NULL, NULL, NULL, NULL, NULL, NULL, NULL, '2016-10-17 22:08:15', '2016-11-22 21:55:01', 'f5068963-c422-43a4-a8df-3322d1e2c187'),
 ('5', '38', 'en_us', NULL, NULL, NULL, NULL, NULL, NULL, NULL, NULL, '<p class=\"large\"><span class=\"white\">Donec sed odio dui. Nullam quis risus eget urna mollis ornare vel eu leo. Praesent commodo cursus magna, vel scelerisque nisl consectetur et. Cras mattis consectetur purus sit amet fermentum. Maecenas sed diam eget risus varius blandit sit amet non magna. Praesent commodo cursus magna, vel scelerisque nisl consectetur et.</span></p>', 'vertical-spacing-4', NULL, '0', NULL, '0', NULL, NULL, NULL, NULL, NULL, NULL, NULL, '#0000ff', '2016-10-17 22:32:57', '2016-11-22 21:55:01', 'd904273b-b205-42f1-895c-bee8ad2a5edc'),
 ('6', '41', 'en_us', NULL, NULL, NULL, NULL, NULL, NULL, NULL, NULL, NULL, NULL, '172827555', '1', NULL, '1', NULL, NULL, NULL, NULL, NULL, NULL, NULL, NULL, '2016-10-17 23:44:13', '2016-11-22 21:55:01', '13bf856b-88e8-4cf7-a1b9-f5dca55cdb70'),
 ('7', '42', 'en_us', NULL, NULL, NULL, NULL, NULL, NULL, NULL, NULL, NULL, NULL, '172827555', '0', NULL, '1', NULL, NULL, NULL, NULL, NULL, NULL, NULL, NULL, '2016-10-18 16:53:31', '2016-11-22 21:55:01', 'c7ec7817-409f-4072-be0a-b9c6122e5239'),
 ('9', '52', 'en_us', NULL, NULL, NULL, NULL, NULL, NULL, NULL, NULL, NULL, NULL, NULL, '0', 'vertical-spacing-2', '0', NULL, NULL, NULL, NULL, NULL, NULL, NULL, NULL, '2016-10-31 21:24:09', '2016-11-22 21:55:01', 'd335dcc1-0235-4b5d-a2ce-328427d8245e'),
 ('10', '53', 'en_us', NULL, NULL, NULL, NULL, NULL, NULL, NULL, NULL, NULL, NULL, '172827555', '1', NULL, '0', NULL, NULL, NULL, NULL, NULL, NULL, NULL, NULL, '2016-10-31 21:48:53', '2016-11-22 21:55:01', 'a6f9b07b-de1b-4f37-91e0-fe80eebde40e'),
 ('18', '103', 'en_us', NULL, NULL, NULL, NULL, NULL, NULL, NULL, NULL, NULL, NULL, NULL, '0', 'vertical-spacing-2', '0', NULL, NULL, NULL, NULL, NULL, NULL, NULL, NULL, '2016-11-02 23:38:39', '2016-11-22 20:42:26', 'a9045466-cd9a-4199-a7ea-d2b39eb8ae39'),
 ('19', '104', 'en_us', NULL, NULL, NULL, NULL, NULL, NULL, NULL, NULL, NULL, NULL, NULL, '0', NULL, '0', '<p class=\"h3 med\"><span class=\"white\">STYLE<br>IS A<br>SIMPLE<br>WAY<br>OF<br>SAYING<br>COMPLEX<br>THINGS<br></span><span class=\"blue\">&mdash;JEAN<br>COCTEAU</span></p>', '<p class=\"large\"><span class=\"white\"><span></span>Style is Not a&nbsp;4-letter Word<span></span></span></p>\r\n\r\n<p class=\"large\"><span class=\"white\"><span></span>In our experience, the brands that are the most magnetic are those which project distinct, memorable and charismatic personalities. These brands place equal emphasis on what they say and how they say it. Some design purists might say that style is merely artificial decoration that should be avoided in favor of logic&mdash;“form follows function” and all that. Don’t get us wrong, we’re not proponents of style for its own sake, or as ornament applied after an idea has already been defined. Rather, we employ style as an integral and strategic component of our brand-development process. At its best, style can be that magical something about a company or product that pulls people in and transcends the logical. So, to us, style is not a 4-letter word. On the contrary, we embrace it, harnessing its power to cut through the clutter.&nbsp;</span></p>\r\n\r\n\r\n\r\n\r\n\r\n\r\n\r\n\r\n\r\n\r\n\r\n\r\n\r\n\r\n\r\n\r\n\r\n\r\n\r\n\r\n\r\n\r\n\r\n\r\n\r\n<p class=\"large\"><span class=\"white\">And besides, “style” has five letters.</span></p>', '#000000', 'vertical-spacing-2', NULL, NULL, NULL, NULL, '2016-11-02 23:38:39', '2016-11-22 20:42:26', '8d4c75d3-9de1-48ae-87fb-a6d3a971ec49'),
 ('21', '106', 'en_us', NULL, NULL, NULL, NULL, NULL, NULL, NULL, NULL, NULL, NULL, NULL, '0', NULL, '0', '<p class=\"large\"><span class=\"white\">We Do</span></p>', '<p class=\"h2 caps white\"><a href=\"http://turnstyle.studio/strategy\">Strategy</a><br><a href=\"{entry:56:url}\">Identity</a><br>Digital<br>Print<br>Packaging<br>Environment</p>', '#000000', 'vertical-spacing-2', NULL, NULL, NULL, NULL, '2016-11-02 23:38:39', '2016-11-22 20:42:26', '583a6015-86d0-4d93-8921-a611922de4ef'),
 ('22', '107', 'en_us', NULL, NULL, NULL, NULL, NULL, NULL, NULL, NULL, NULL, NULL, NULL, '0', NULL, '0', '<p class=\"h3 caps\">OUR<br>CLIENTS<br>&<br>INDUSTRIES</p>\r\n\r\n<p class=\"h3 caps\"></p>', '', '#ffffff', 'vertical-spacing-1', NULL, NULL, NULL, NULL, '2016-11-02 23:38:39', '2016-11-22 20:42:26', 'd5126e56-86f7-496b-bb7d-a8ffafbf09d6'),
 ('23', '108', 'en_us', NULL, NULL, NULL, NULL, NULL, NULL, NULL, NULL, NULL, NULL, NULL, '0', NULL, '0', '<p class=\"large\"><span class=\"gray\">Industry</span></p>\r\n\r\n<p class=\"h3 caps\">TEAGUE<br>NIKE<br>STARBUCKS<br>MICROSOFT<br>AMAZON<br>AIGA<br>NORDSTROM<br>TEAGUE<br>NIKE</p>\r\n\r\n\r\n\r\n\r\n\r\n<p class=\"large\"><span class=\"gray\">Industry</span></p>\r\n\r\n\r\n\r\n\r\n\r\n<p class=\"h3 caps\">TEAGUE<br>NIKE<br>STARBUCKS<br>MICROSOFT<br>AMAZON<br>AIGA<br>NORDSTROM<br>TEAGUE<br>NIKE</p>\r\n\r\n\r\n\r\n\r\n\r\n<p class=\"large\"><span class=\"gray\">Industry</span></p>\r\n\r\n\r\n\r\n\r\n\r\n<p class=\"h3 caps\">TEAGUE<br>NIKE<br>STARBUCKS<br>MICROSOFT<br>AMAZON<br>AIGA<br>NORDSTROM<br>TEAGUE<br>NIKE</p>', '<p class=\"large\"><span class=\"gray\">Industry</span></p>\r\n\r\n<p class=\"h3 caps\">TEAGUE<br>NIKE<br>STARBUCKS<br>MICROSOFT<br>AMAZON<br>AIGA<br>NORDSTROM<br>TEAGUE<br>NIKE</p>\r\n\r\n\r\n\r\n\r\n\r\n<p class=\"large\"><span class=\"gray\">Industry</span></p>\r\n\r\n\r\n\r\n\r\n\r\n<p class=\"h3 caps\">TEAGUE<br>NIKE<br>STARBUCKS<br>MICROSOFT<br>AMAZON<br>AIGA<br>NORDSTROM<br>TEAGUE<br>NIKE</p>\r\n\r\n\r\n\r\n\r\n\r\n<p class=\"large\"><span class=\"gray\">Industry</span></p>\r\n\r\n\r\n\r\n\r\n\r\n<p class=\"h3 caps\">TEAGUE<br>NIKE<br>STARBUCKS<br>MICROSOFT<br>AMAZON<br>AIGA<br>NORDSTROM<br>TEAGUE<br>NIKE</p>', '#ffffff', 'vertical-spacing-1', NULL, NULL, NULL, NULL, '2016-11-02 23:38:39', '2016-11-22 20:42:26', 'd6277ad1-6ca2-4887-9a36-6ec7c54f9aff'),
 ('24', '115', 'en_us', NULL, NULL, NULL, NULL, NULL, NULL, NULL, NULL, '<p>Lorem ipsum dolor sit amet, consectetur adipiscing elit. Integer posuere erat a ante venenatis dapibus posuere velit aliquet. Donec ullamcorper nulla non metus auctor fringilla. Nulla vitae elit libero, a pharetra augue. Fusce dapibus, tellus ac cursus commodo, tortor mauris condimentum nibh, ut fermentum massa justo sit amet risus. Etiam porta sem malesuada magna mollis euismod.</p>', 'vertical-spacing-1', NULL, '0', NULL, '0', NULL, NULL, NULL, NULL, NULL, NULL, NULL, '#000000', '2016-11-03 21:38:50', '2016-11-22 22:04:12', '4a56267f-4936-4891-9e89-47b34e927c44'),
 ('25', '116', 'en_us', NULL, NULL, NULL, NULL, NULL, NULL, NULL, NULL, NULL, NULL, NULL, '0', 'vertical-spacing-2', '0', NULL, NULL, NULL, NULL, NULL, NULL, NULL, NULL, '2016-11-03 21:38:50', '2016-11-22 22:04:12', '1fc5f8f7-07da-4b02-a9b5-fc66eea6499d'),
 ('26', '119', 'en_us', NULL, NULL, NULL, NULL, NULL, NULL, NULL, NULL, '<p>Together with our brand strategy partners at&nbsp;<a href=\"http://stokestrategy.com/\">Stoke,</a>&nbsp;Turnstyle is breaking ground on a new 5,000 sq. foot office in August 2016. The building will serve as home for 20+ strategists, designers and developers. Located on Canal Street, the park-side project borders the Burke-Gilman Trail and overlooks the Fremont Cut waterway. &nbsp;</p>\r\n\r\n<p>\"The firms continue to grow, and our need for space was at odds with the long-term lease trends of Seattle,” said Stoke partner Erin Quick. “It makes good financial sense for the businesses, and for the firms’ practices. We’re creating a unique place where creative thinkers can do their best work, and clients can collaborate with us in new and different ways.”</p>\r\n\r\n\r\n\r\n\r\n\r\n<p>On the street level, a cafe-style collaboration space serves as a foundation to two levels with open-floor studios and meeting space. Designed with 16’ floor-to-ceiling windows, the plan takes advantage of the views over the trail and canal.</p>\r\n\r\n\r\n\r\n\r\n\r\n<p>“The work areas will be bathed with natural light. An open atrium at the center creates visual interest, with the benefit of passive solar design,” said Ben Graham, partner at Turnstyle. “It\'s a design-friendly environment that makes the best of our open, collaborative work style.”&nbsp;</p>\r\n\r\n\r\n\r\n\r\n\r\n<p>“The commercial office market is racing, and the long-term value for buyers in Seattle looks good,” noted Graham. “As the business environment accelerates, having a place that minimizes our commutes, offers easy access to downtown, with everyday access to great restaurants, and enhances mobility options on the Burke-Gilman Trail – all with a deck and a view – seemed like a winning combination.”</p>\r\n\r\n\r\n\r\n\r\n\r\n<p>The architecture was led by award-winning&nbsp;<a href=\"http://heliotropearchitects.com/\">Heliotrope,</a>&nbsp;of Ballard. Seattle’s&nbsp;<a href=\"http://westernventures.com/\">Western Ventures</a>serves as the general contractor.</p>\r\n\r\n\r\n\r\n\r\n\r\n<p>Construction is targeted for completion in June, 2017.</p>', 'vertical-spacing-0', NULL, '0', NULL, '0', NULL, NULL, NULL, NULL, NULL, NULL, NULL, '#000000', '2016-11-03 21:43:51', '2016-11-22 22:03:36', '1f1356bc-72a1-4784-aab8-af391e0b0d0e'),
 ('27', '123', 'en_us', NULL, NULL, NULL, NULL, NULL, NULL, NULL, NULL, '<p>Turnstyle principal and creative director Steven Watson was invited to serve as a juror for Communication Arts magazine’s 56th Annual Design Competition. Communication Arts is a professional journal for designers, art directors, design firms, corporate design departments, agencies and everyone involved in visual communications. The CA Design Annual, published each September,&nbsp;is one of the most respected competitions in our industry.&nbsp;</p>\r\n\r\n<p>Of the 4,083 entries to the 56th Design Annual, only 153 were accepted, representing the work of 141 designers, design firms and in-house design departments, making the Design Annual the most exclusive major design competition in the world. Entries were selected on the basis of creative excellence and quality of execution.</p>', 'vertical-spacing-1', NULL, '0', NULL, '0', NULL, NULL, NULL, NULL, NULL, NULL, NULL, '#000000', '2016-11-03 21:47:05', '2016-11-22 21:58:43', 'b6cdf51d-f863-4a60-bee5-e63c474cee6c'),
 ('28', '124', 'en_us', NULL, NULL, 'vertical-spacing-1', '#ffffff', NULL, NULL, NULL, NULL, NULL, NULL, NULL, '0', NULL, '0', NULL, NULL, NULL, NULL, '50', NULL, NULL, NULL, '2016-11-03 21:47:05', '2016-11-22 21:58:43', '28d0884a-62c4-44db-85eb-4d36cef551c0'),
 ('29', '126', 'en_us', NULL, NULL, NULL, NULL, NULL, NULL, NULL, NULL, '<p>Steve screened entries along with five other jurors: Kelly Bjork (VSA Partners), Dora Drimalas (Hybrid-Design), Jay Fletcher (J Fletcher Deisgn), Jeffrey Keyton (MTV), and Jean Coyne (executive editor of Communication Arts magazine). It was an honor to be asked to participate alongside such accomplished fellow jurors.</p>\r\n\r\n<p>In the column that accompanies the design competition, Steve was asked for his point of view on the entries and the design trends they represent. He replied that “technology will continue to change how we consume media, images, and messages. But the underlying principles of design will always be relevant in communicating effectively, regardless of how the future evolves.”</p>', 'vertical-spacing-1', NULL, '0', NULL, '0', NULL, NULL, NULL, NULL, NULL, NULL, NULL, '#000000', '2016-11-04 15:59:58', '2016-11-22 21:58:43', '705ef58e-a5a8-44f6-8484-6a99da3956cb'),
 ('32', '133', 'en_us', 'full-width', 'vertical-spacing-0', NULL, NULL, NULL, NULL, NULL, NULL, NULL, NULL, NULL, '0', NULL, '0', NULL, NULL, NULL, NULL, '50', '50', NULL, NULL, '2016-11-11 21:04:30', '2016-11-11 21:04:30', '9d989ea1-e0aa-415f-9d5e-4184563681e5'),
 ('33', '134', 'en_us', NULL, NULL, NULL, NULL, 'left', '<p>Subtitle</p>\r\n\r\n<p>Donec id elit non mi porta gravida at eget metus. Fusce dapibus, tellus ac cursus commodo, tortor mauris condimentum nibh, ut fermentum massa justo sit amet risus. Etiam porta sem malesuada magna mollis euismod. Lorem ipsum dolor sit.</p>', 'vertical-spacing-1', NULL, NULL, NULL, NULL, '0', NULL, '0', NULL, NULL, NULL, NULL, NULL, '50', '#ffffff', NULL, '2016-11-14 22:57:35', '2016-11-22 21:55:01', '8f84d5d7-0fa7-43f7-9b53-a7c5bfab5703'),
 ('34', '137', 'en_us', 'framed', 'vertical-spacing-0', NULL, NULL, NULL, NULL, NULL, NULL, NULL, NULL, NULL, '0', NULL, '0', NULL, NULL, NULL, NULL, NULL, NULL, NULL, NULL, '2016-11-15 18:22:12', '2016-11-15 23:10:26', '327f795a-f27f-473f-bed0-70dcac195950'),
 ('35', '140', 'en_us', 'framed', 'vertical-spacing-1', NULL, NULL, NULL, NULL, NULL, NULL, NULL, NULL, NULL, '0', NULL, '0', NULL, NULL, NULL, NULL, NULL, NULL, NULL, NULL, '2016-11-15 21:36:41', '2016-11-15 23:10:26', 'fc5b8d48-e9b9-46b6-a470-e2e485790304'),
 ('36', '141', 'en_us', NULL, NULL, 'vertical-spacing-2', '#000000', NULL, NULL, NULL, NULL, NULL, NULL, NULL, '0', NULL, '0', NULL, NULL, NULL, NULL, '50', NULL, NULL, NULL, '2016-11-15 21:49:27', '2016-11-15 23:10:26', '685b7aad-1392-45dd-b640-e97c9a930ac6'),
 ('37', '142', 'en_us', NULL, NULL, NULL, NULL, 'right', '<p class=\"large\">Donec id elit non mi porta gravida at eget metus. Duis mollis, est non commodo luctus, nisi erat porttitor ligula, eget lacinia odio sem nec elit. Maecenas sed diam eget risus varius blandit sit amet non magna. Morbi leo risus, porta ac consectetur ac, vestibulum at eros.</p>', 'vertical-spacing-2', NULL, NULL, NULL, NULL, '0', NULL, '0', NULL, NULL, NULL, NULL, NULL, '100', '#afafaf', NULL, '2016-11-15 21:49:27', '2016-11-15 23:10:26', 'c5840826-886b-41dc-a1b2-b3824073bc45'),
 ('38', '143', 'en_us', NULL, NULL, NULL, NULL, NULL, NULL, NULL, 'vertical-spacing-4', NULL, NULL, NULL, '0', NULL, '0', NULL, NULL, NULL, NULL, NULL, NULL, NULL, NULL, '2016-11-15 21:53:03', '2016-11-15 23:10:26', '894976c8-38a3-4951-9844-e6f442557b10'),
 ('39', '144', 'en_us', NULL, NULL, NULL, NULL, NULL, NULL, NULL, NULL, '<p class=\"large\">Donec id elit non mi porta gravida at eget metus. Duis mollis, est non commodo luctus, nisi erat porttitor ligula, eget lacinia odio sem nec elit. Maecenas sed diam eget risus varius blandit sit amet non magna. Morbi leo risus, porta ac consectetur ac, vestibulum at eros.</p>\r\n\r\n<p class=\"large\"></p>', 'vertical-spacing-4', NULL, '0', NULL, '0', NULL, NULL, NULL, NULL, NULL, NULL, NULL, '#efefef', '2016-11-15 21:53:03', '2016-11-15 23:10:26', '64f70627-e48c-4c0f-b455-9cc5443ce357'),
 ('40', '145', 'en_us', NULL, NULL, NULL, NULL, 'left', '<p class=\"large\">Donec id elit non mi porta gravida at eget metus. Duis mollis, est non commodo luctus, nisi erat porttitor ligula, eget lacinia odio sem nec elit. Maecenas sed diam eget risus varius blandit sit amet non magna. Morbi leo risus, porta ac consectetur ac, vestibulum at eros.</p>\r\n\r\n<p class=\"large\"></p>', 'vertical-spacing-2', NULL, NULL, NULL, NULL, '0', NULL, '0', NULL, NULL, NULL, NULL, NULL, '50', '#ff5822', NULL, '2016-11-15 22:35:27', '2016-11-15 23:10:26', '32b2d4fd-c8df-4d19-8ee0-4584ace99723');



DROP TABLE IF EXISTS `craft_migrations`;


--
-- Schema for table `craft_migrations`
--
CREATE TABLE `craft_migrations` (
  `id` int(11) NOT NULL AUTO_INCREMENT,
  `pluginId` int(11) DEFAULT NULL,
  `version` varchar(255) COLLATE utf8_unicode_ci NOT NULL,
  `applyTime` datetime NOT NULL,
  `dateCreated` datetime NOT NULL,
  `dateUpdated` datetime NOT NULL,
  `uid` char(36) COLLATE utf8_unicode_ci NOT NULL DEFAULT '0',
  PRIMARY KEY (`id`),
  UNIQUE KEY `craft_migrations_version_unq_idx` (`version`),
  KEY `craft_migrations_pluginId_fk` (`pluginId`)
) ENGINE=InnoDB AUTO_INCREMENT=38 DEFAULT CHARSET=utf8 COLLATE=utf8_unicode_ci;

--
-- Data for table `craft_migrations`
--

INSERT INTO `craft_migrations` (`id`, `pluginId`, `version`, `applyTime`, `dateCreated`, `dateUpdated`, `uid`) VALUES
 ('1', NULL, 'm000000_000000_base', '2016-10-07 18:01:49', '2016-10-07 18:01:49', '2016-10-07 18:01:49', 'db821163-206b-48dd-9d44-5c9a137bce64'),
 ('2', NULL, 'm140730_000001_add_filename_and_format_to_transformindex', '2016-10-07 18:01:49', '2016-10-07 18:01:49', '2016-10-07 18:01:49', '8130e114-cdc2-4062-8d87-a73b80a6cf27'),
 ('3', NULL, 'm140815_000001_add_format_to_transforms', '2016-10-07 18:01:49', '2016-10-07 18:01:49', '2016-10-07 18:01:49', '3427f467-7e9b-463b-b0d2-868a8a6937cd'),
 ('4', NULL, 'm140822_000001_allow_more_than_128_items_per_field', '2016-10-07 18:01:49', '2016-10-07 18:01:49', '2016-10-07 18:01:49', '34536673-344d-42b2-91b0-6a3f79d076f4'),
 ('5', NULL, 'm140829_000001_single_title_formats', '2016-10-07 18:01:49', '2016-10-07 18:01:49', '2016-10-07 18:01:49', '26163d2f-0f0b-469f-a33f-70092e2988c7'),
 ('6', NULL, 'm140831_000001_extended_cache_keys', '2016-10-07 18:01:49', '2016-10-07 18:01:49', '2016-10-07 18:01:49', 'e2e40914-5ada-408c-b9c0-7ff319f53dce'),
 ('7', NULL, 'm140922_000001_delete_orphaned_matrix_blocks', '2016-10-07 18:01:49', '2016-10-07 18:01:49', '2016-10-07 18:01:49', '81cbb327-1f1d-4a21-82f1-91172ebf1374'),
 ('8', NULL, 'm141008_000001_elements_index_tune', '2016-10-07 18:01:49', '2016-10-07 18:01:49', '2016-10-07 18:01:49', '2342acbc-004e-4d91-a39e-a71643f6e800'),
 ('9', NULL, 'm141009_000001_assets_source_handle', '2016-10-07 18:01:49', '2016-10-07 18:01:49', '2016-10-07 18:01:49', '8c30ece4-d9d3-4424-b166-e1628ac6ad88'),
 ('10', NULL, 'm141024_000001_field_layout_tabs', '2016-10-07 18:01:49', '2016-10-07 18:01:49', '2016-10-07 18:01:49', '44076965-3f66-42eb-b91a-48e879f26a7e'),
 ('11', NULL, 'm141030_000000_plugin_schema_versions', '2016-10-07 18:01:49', '2016-10-07 18:01:49', '2016-10-07 18:01:49', '37456742-4912-42e6-b694-1282fedc6067'),
 ('12', NULL, 'm141030_000001_drop_structure_move_permission', '2016-10-07 18:01:49', '2016-10-07 18:01:49', '2016-10-07 18:01:49', '0223af46-26f9-4b28-9a0f-635525a2bd89'),
 ('13', NULL, 'm141103_000001_tag_titles', '2016-10-07 18:01:49', '2016-10-07 18:01:49', '2016-10-07 18:01:49', '0b9cec45-df10-4cb3-a00c-2bfd4c4bfc73'),
 ('14', NULL, 'm141109_000001_user_status_shuffle', '2016-10-07 18:01:49', '2016-10-07 18:01:49', '2016-10-07 18:01:49', 'fce244c2-87f2-40b8-9c5b-9b01131f9704'),
 ('15', NULL, 'm141126_000001_user_week_start_day', '2016-10-07 18:01:49', '2016-10-07 18:01:49', '2016-10-07 18:01:49', '6a0e7c8e-9295-43cd-8b12-4e1d4a65a485'),
 ('16', NULL, 'm150210_000001_adjust_user_photo_size', '2016-10-07 18:01:49', '2016-10-07 18:01:49', '2016-10-07 18:01:49', '240b250a-bd67-4dc7-a6a2-71a5e82f8db7'),
 ('17', NULL, 'm150724_000001_adjust_quality_settings', '2016-10-07 18:01:49', '2016-10-07 18:01:49', '2016-10-07 18:01:49', '3034e919-5384-4d3a-a39f-ebd071e9c6a5'),
 ('18', NULL, 'm150827_000000_element_index_settings', '2016-10-07 18:01:49', '2016-10-07 18:01:49', '2016-10-07 18:01:49', '3f892e00-f70c-4fba-b256-fa1410b1b485'),
 ('19', NULL, 'm150918_000001_add_colspan_to_widgets', '2016-10-07 18:01:49', '2016-10-07 18:01:49', '2016-10-07 18:01:49', '12741796-fc82-421a-99e1-6cec75e07abd'),
 ('20', NULL, 'm151007_000000_clear_asset_caches', '2016-10-07 18:01:49', '2016-10-07 18:01:49', '2016-10-07 18:01:49', '46ffdcac-d310-4f55-bd86-b8e1d19a6469'),
 ('21', NULL, 'm151109_000000_text_url_formats', '2016-10-07 18:01:49', '2016-10-07 18:01:49', '2016-10-07 18:01:49', '45cf8319-5d39-48c6-bfbd-b664ac37d62a'),
 ('22', NULL, 'm151110_000000_move_logo', '2016-10-07 18:01:49', '2016-10-07 18:01:49', '2016-10-07 18:01:49', '90d2dd17-dae0-4ded-aa57-8be47ebe27a5'),
 ('23', NULL, 'm151117_000000_adjust_image_widthheight', '2016-10-07 18:01:49', '2016-10-07 18:01:49', '2016-10-07 18:01:49', '1c303fa0-1f3d-4aa4-8f3a-7e653bb5d8f5'),
 ('24', NULL, 'm151127_000000_clear_license_key_status', '2016-10-07 18:01:49', '2016-10-07 18:01:49', '2016-10-07 18:01:49', '0ddeb4e6-aebb-4028-a284-d8ef8fbd1d70'),
 ('25', NULL, 'm151127_000000_plugin_license_keys', '2016-10-07 18:01:49', '2016-10-07 18:01:49', '2016-10-07 18:01:49', '1beea34f-f4af-4396-9486-8654806bd623'),
 ('26', NULL, 'm151130_000000_update_pt_widget_feeds', '2016-10-07 18:01:49', '2016-10-07 18:01:49', '2016-10-07 18:01:49', '9afa11cd-3885-4dce-b23e-0c39e2abd026'),
 ('27', NULL, 'm160114_000000_asset_sources_public_url_default_true', '2016-10-07 18:01:49', '2016-10-07 18:01:49', '2016-10-07 18:01:49', '3188106c-253a-4cc8-b3c7-bf40628c1277'),
 ('28', NULL, 'm160223_000000_sortorder_to_smallint', '2016-10-07 18:01:49', '2016-10-07 18:01:49', '2016-10-07 18:01:49', '0a128e6f-d5c0-402e-8ee1-e6b2b88615e5'),
 ('29', NULL, 'm160229_000000_set_default_entry_statuses', '2016-10-07 18:01:49', '2016-10-07 18:01:49', '2016-10-07 18:01:49', 'deb69458-2bec-4385-a540-a656841dc47d'),
 ('30', NULL, 'm160304_000000_client_permissions', '2016-10-07 18:01:49', '2016-10-07 18:01:49', '2016-10-07 18:01:49', '20267827-6dc4-4d8f-863b-167b6f089f4c'),
 ('31', NULL, 'm160322_000000_asset_filesize', '2016-10-07 18:01:49', '2016-10-07 18:01:49', '2016-10-07 18:01:49', '921b9920-12bc-4fa9-b414-6de8052ea190'),
 ('32', NULL, 'm160503_000000_orphaned_fieldlayouts', '2016-10-07 18:01:49', '2016-10-07 18:01:49', '2016-10-07 18:01:49', '82122ac3-a967-4bfb-b2db-f40bfb392ced'),
 ('33', NULL, 'm160510_000000_tasksettings', '2016-10-07 18:01:49', '2016-10-07 18:01:49', '2016-10-07 18:01:49', '3b23901c-c162-4744-baac-73b42a612b44'),
 ('34', NULL, 'm160829_000000_pending_user_content_cleanup', '2016-10-07 18:01:49', '2016-10-07 18:01:49', '2016-10-07 18:01:49', '4f9d690f-98be-4643-931e-8d5d1d07a3f0'),
 ('35', NULL, 'm160830_000000_asset_index_uri_increase', '2016-10-07 18:01:49', '2016-10-07 18:01:49', '2016-10-07 18:01:49', 'da739632-9a8b-4c36-9f94-a36495148820'),
 ('36', NULL, 'm160919_000000_usergroup_handle_title_unique', '2016-10-07 18:01:49', '2016-10-07 18:01:49', '2016-10-07 18:01:49', '3cbb9fec-a60c-445e-81c3-f13a4cede99c'),
 ('37', '1', 'm150901_144609_superTable_fixForContentTables', '2016-11-02 18:37:15', '2016-11-02 18:37:15', '2016-11-02 18:37:15', '7b97eece-af4d-4cb7-857b-7f49e81ff0c3');



DROP TABLE IF EXISTS `craft_plugins`;


--
-- Schema for table `craft_plugins`
--
CREATE TABLE `craft_plugins` (
  `id` int(11) NOT NULL AUTO_INCREMENT,
  `class` varchar(150) COLLATE utf8_unicode_ci NOT NULL,
  `version` varchar(15) COLLATE utf8_unicode_ci NOT NULL,
  `schemaVersion` varchar(15) COLLATE utf8_unicode_ci DEFAULT NULL,
  `licenseKey` char(24) COLLATE utf8_unicode_ci DEFAULT NULL,
  `licenseKeyStatus` enum('valid','invalid','mismatched','unknown') COLLATE utf8_unicode_ci NOT NULL DEFAULT 'unknown',
  `enabled` tinyint(1) unsigned NOT NULL DEFAULT '0',
  `settings` text COLLATE utf8_unicode_ci,
  `installDate` datetime NOT NULL,
  `dateCreated` datetime NOT NULL,
  `dateUpdated` datetime NOT NULL,
  `uid` char(36) COLLATE utf8_unicode_ci NOT NULL DEFAULT '0',
  PRIMARY KEY (`id`)
) ENGINE=InnoDB AUTO_INCREMENT=2 DEFAULT CHARSET=utf8 COLLATE=utf8_unicode_ci;

--
-- Data for table `craft_plugins`
--

INSERT INTO `craft_plugins` (`id`, `class`, `version`, `schemaVersion`, `licenseKey`, `licenseKeyStatus`, `enabled`, `settings`, `installDate`, `dateCreated`, `dateUpdated`, `uid`) VALUES
 ('1', 'SuperTable', '1.0.1', '1.0.0', NULL, 'unknown', '1', NULL, '2016-11-02 18:37:15', '2016-11-02 18:37:15', '2016-11-22 22:13:07', '179722d3-0d9d-4a1c-8941-971c2e3ceaee');



DROP TABLE IF EXISTS `craft_rackspaceaccess`;


--
-- Schema for table `craft_rackspaceaccess`
--
CREATE TABLE `craft_rackspaceaccess` (
  `id` int(11) NOT NULL AUTO_INCREMENT,
  `connectionKey` varchar(255) COLLATE utf8_unicode_ci NOT NULL,
  `token` varchar(255) COLLATE utf8_unicode_ci NOT NULL,
  `storageUrl` varchar(255) COLLATE utf8_unicode_ci NOT NULL,
  `cdnUrl` varchar(255) COLLATE utf8_unicode_ci NOT NULL,
  `dateCreated` datetime NOT NULL,
  `dateUpdated` datetime NOT NULL,
  `uid` char(36) COLLATE utf8_unicode_ci NOT NULL DEFAULT '0',
  PRIMARY KEY (`id`),
  UNIQUE KEY `craft_rackspaceaccess_connectionKey_unq_idx` (`connectionKey`)
) ENGINE=InnoDB DEFAULT CHARSET=utf8 COLLATE=utf8_unicode_ci;

DROP TABLE IF EXISTS `craft_relations`;


--
-- Schema for table `craft_relations`
--
CREATE TABLE `craft_relations` (
  `id` int(11) NOT NULL AUTO_INCREMENT,
  `fieldId` int(11) NOT NULL,
  `sourceId` int(11) NOT NULL,
  `sourceLocale` char(12) COLLATE utf8_unicode_ci DEFAULT NULL,
  `targetId` int(11) NOT NULL,
  `sortOrder` smallint(6) DEFAULT NULL,
  `dateCreated` datetime NOT NULL,
  `dateUpdated` datetime NOT NULL,
  `uid` char(36) COLLATE utf8_unicode_ci NOT NULL DEFAULT '0',
  PRIMARY KEY (`id`),
  UNIQUE KEY `craft_relations_fieldId_sourceId_sourceLocale_targetId_unq_idx` (`fieldId`,`sourceId`,`sourceLocale`,`targetId`),
  KEY `craft_relations_sourceId_fk` (`sourceId`),
  KEY `craft_relations_sourceLocale_fk` (`sourceLocale`),
  KEY `craft_relations_targetId_fk` (`targetId`)
) ENGINE=InnoDB AUTO_INCREMENT=1319 DEFAULT CHARSET=utf8 COLLATE=utf8_unicode_ci;

--
-- Data for table `craft_relations`
--

INSERT INTO `craft_relations` (`id`, `fieldId`, `sourceId`, `sourceLocale`, `targetId`, `sortOrder`, `dateCreated`, `dateUpdated`, `uid`) VALUES
 ('193', '7', '8', NULL, '26', '1', '2016-10-18 18:34:54', '2016-10-18 18:34:54', '087001db-26d0-41eb-9d65-c0aaf6b488df'),
 ('194', '5', '8', NULL, '23', '1', '2016-10-18 18:34:54', '2016-10-18 18:34:54', 'f1541723-8137-463e-9656-4ee2e1dde442'),
 ('195', '3', '8', NULL, '9', '1', '2016-10-18 18:34:54', '2016-10-18 18:34:54', 'a2cabfcc-4fe2-45e3-9257-2df114729c96'),
 ('199', '7', '6', NULL, '26', '1', '2016-10-18 18:35:05', '2016-10-18 18:35:05', '1e1ea827-4e64-432d-ac69-673810905f8d'),
 ('200', '5', '6', NULL, '22', '1', '2016-10-18 18:35:05', '2016-10-18 18:35:05', 'c149c561-8066-4f7c-ab1b-84af67afb458'),
 ('201', '3', '6', NULL, '11', '1', '2016-10-18 18:35:05', '2016-10-18 18:35:05', 'e16d3de1-f08d-42ed-8d71-a4c4af4d7cc8'),
 ('202', '7', '7', NULL, '40', '1', '2016-10-18 18:35:12', '2016-10-18 18:35:12', '11dff085-c1c9-49c2-abba-0526b05f18c7'),
 ('203', '5', '7', NULL, '24', '1', '2016-10-18 18:35:12', '2016-10-18 18:35:12', '2cff07d3-6e2f-45a2-9e84-8f11838a894b'),
 ('204', '3', '7', NULL, '10', '1', '2016-10-18 18:35:12', '2016-10-18 18:35:12', '589cd6f1-51a2-492e-83fe-8f1213c1d4ef'),
 ('476', '43', '67', NULL, '66', '1', '2016-11-01 21:53:12', '2016-11-01 21:53:12', '253293df-362d-4935-be38-d0f3fb20247f'),
 ('477', '43', '68', NULL, '66', '1', '2016-11-01 21:53:33', '2016-11-01 21:53:33', 'c4e1c594-b991-4cfe-9e5b-ebe85881492b'),
 ('478', '43', '69', NULL, '66', '1', '2016-11-01 21:53:49', '2016-11-01 21:53:49', 'f054d499-3c86-474c-b570-a753572c425d'),
 ('479', '43', '70', NULL, '66', '1', '2016-11-01 21:54:05', '2016-11-01 21:54:05', '04877a67-e025-4246-a802-4332b6b0369c'),
 ('480', '43', '71', NULL, '66', '1', '2016-11-01 21:54:25', '2016-11-01 21:54:25', '1f35aeac-ee8e-4835-8232-56b0d19e1c60'),
 ('481', '43', '72', NULL, '66', '1', '2016-11-01 21:54:57', '2016-11-01 21:54:57', '409242aa-caaf-46fd-a1e0-6ba0d29a8593'),
 ('482', '43', '73', NULL, '66', '1', '2016-11-01 21:55:28', '2016-11-01 21:55:28', 'b05761c4-0925-452a-9468-6900609d8b1b'),
 ('483', '43', '74', NULL, '66', '1', '2016-11-01 21:55:48', '2016-11-01 21:55:48', '212b05c7-f387-4812-9549-641bdaa67cb2'),
 ('484', '43', '75', NULL, '66', '1', '2016-11-01 21:56:07', '2016-11-01 21:56:07', '4231959d-b8e6-4dc6-96fa-922dc0d8c59c'),
 ('485', '43', '76', NULL, '66', '1', '2016-11-01 21:56:55', '2016-11-01 21:56:55', '4e79fbe7-d48d-4ec8-a2b3-4ccf79a7bc7e'),
 ('486', '43', '77', NULL, '66', '1', '2016-11-01 21:57:12', '2016-11-01 21:57:12', '4672dad7-a14a-4865-9290-988843c79cab'),
 ('487', '43', '78', NULL, '66', '1', '2016-11-01 21:57:25', '2016-11-01 21:57:25', '43027c2e-53fd-4f01-89c1-bdb567dafc21'),
 ('488', '43', '79', NULL, '66', '1', '2016-11-01 21:57:45', '2016-11-01 21:57:45', '9c400220-7651-4310-8335-4b9ed6710ca7'),
 ('489', '43', '80', NULL, '66', '1', '2016-11-01 21:58:24', '2016-11-01 21:58:24', '477bcce4-eb26-4595-8b5f-89fe116efe0b'),
 ('510', '49', '100', NULL, '97', '1', '2016-11-02 22:32:22', '2016-11-02 22:32:22', 'ec87be9b-f983-4dc0-a6eb-1d3f3ce5d4bd'),
 ('519', '49', '98', NULL, '97', '1', '2016-11-02 23:39:00', '2016-11-02 23:39:00', 'eea872fa-3002-4f78-bd1c-24f024db2b95'),
 ('690', '7', '5', NULL, '40', '1', '2016-11-11 21:04:30', '2016-11-11 21:04:30', 'f8d7f27d-fec9-4e44-974a-83161e9da5ee'),
 ('691', '5', '5', NULL, '24', '1', '2016-11-11 21:04:30', '2016-11-11 21:04:30', 'd96c3e97-1b68-4f2b-acf7-a49f071a31e9'),
 ('692', '3', '5', NULL, '12', '1', '2016-11-11 21:04:30', '2016-11-11 21:04:30', 'af5ba688-ed04-47a3-9d04-7f80bacc2a48'),
 ('693', '11', '133', NULL, '132', '1', '2016-11-11 21:04:30', '2016-11-11 21:04:30', 'f0b83302-c470-4bee-bb4e-9df85d88d493'),
 ('1194', '7', '16', NULL, '40', '1', '2016-11-15 23:10:25', '2016-11-15 23:10:25', '1bf532f1-91bd-4314-b40f-05322f789ebd'),
 ('1195', '5', '16', NULL, '135', '1', '2016-11-15 23:10:25', '2016-11-15 23:10:25', 'f1fada6a-0f1a-4377-8ffa-e1a53c6a4b12'),
 ('1196', '3', '16', NULL, '10', '1', '2016-11-15 23:10:25', '2016-11-15 23:10:25', '696f08eb-7cef-4ba6-98a3-82e8f462607a'),
 ('1197', '3', '16', NULL, '11', '2', '2016-11-15 23:10:25', '2016-11-15 23:10:25', '37851e54-b63c-4ece-913b-b8a4c8f1876c'),
 ('1198', '3', '16', NULL, '12', '3', '2016-11-15 23:10:25', '2016-11-15 23:10:25', '056e4ad5-4bfa-4b4f-91cd-75ecdcf05bc8'),
 ('1199', '3', '16', NULL, '14', '4', '2016-11-15 23:10:25', '2016-11-15 23:10:25', '65656c36-659a-43b0-93d3-37fa491667c7'),
 ('1200', '11', '137', NULL, '136', '1', '2016-11-15 23:10:26', '2016-11-15 23:10:26', '1572a349-2e0a-42f4-bd44-80334234eaa1'),
 ('1201', '11', '140', NULL, '136', '1', '2016-11-15 23:10:26', '2016-11-15 23:10:26', 'd41cbcc6-663c-460e-880d-2ee4563cf2a0'),
 ('1202', '15', '141', NULL, '136', '1', '2016-11-15 23:10:26', '2016-11-15 23:10:26', 'c5a5f89c-0f48-413d-b68f-c10a81aaefe3'),
 ('1203', '19', '142', NULL, '136', '1', '2016-11-15 23:10:26', '2016-11-15 23:10:26', '4eb386ae-efeb-4747-98a0-e14298d7d92a'),
 ('1204', '22', '143', NULL, '136', '1', '2016-11-15 23:10:26', '2016-11-15 23:10:26', '22d67e4f-f1b3-409d-a017-a94e41767ac5'),
 ('1205', '23', '143', NULL, '136', '1', '2016-11-15 23:10:26', '2016-11-15 23:10:26', 'be6f0758-9d38-4f43-a773-27657b2bf406'),
 ('1206', '19', '145', NULL, '136', '1', '2016-11-15 23:10:26', '2016-11-15 23:10:26', '608e5aa0-0518-41e4-bb32-08dcfd65c98b'),
 ('1275', '30', '103', NULL, '159', '1', '2016-11-22 20:42:26', '2016-11-22 20:42:26', '02e33531-8c2c-4dd6-85a6-4cbc0fde0900'),
 ('1276', '30', '103', NULL, '158', '2', '2016-11-22 20:42:26', '2016-11-22 20:42:26', 'a477b4b4-97f4-433b-8a16-eca4f0e59a73'),
 ('1277', '30', '103', NULL, '166', '3', '2016-11-22 20:42:26', '2016-11-22 20:42:26', '83347381-482b-48b1-83ef-a5753daba6e6'),
 ('1278', '30', '103', NULL, '160', '4', '2016-11-22 20:42:26', '2016-11-22 20:42:26', '90b523d2-b0b0-440a-9b31-79ec1e06d66d'),
 ('1279', '49', '102', NULL, '97', '1', '2016-11-22 20:42:26', '2016-11-22 20:42:26', '7352f6c9-fc8d-4825-9acb-84e8b703d533'),
 ('1293', '7', '15', NULL, '26', '1', '2016-11-22 21:55:01', '2016-11-22 21:55:01', '94653ffb-835f-4136-8c2c-e75ba31afb97'),
 ('1294', '5', '15', NULL, '170', '1', '2016-11-22 21:55:01', '2016-11-22 21:55:01', 'e3d513e4-d0bc-40ad-9604-626e2a343141'),
 ('1295', '3', '15', NULL, '12', '1', '2016-11-22 21:55:01', '2016-11-22 21:55:01', '39c3cd48-ab27-42c6-994f-3a6dfaf3a8f0'),
 ('1296', '11', '28', NULL, '138', '1', '2016-11-22 21:55:01', '2016-11-22 21:55:01', 'c64ce802-a7f4-419b-928c-f75f1969ef22'),
 ('1297', '15', '31', NULL, '30', '1', '2016-11-22 21:55:01', '2016-11-22 21:55:01', '1fe73ef4-6753-4a6b-9fb5-d8f93b14c3b5'),
 ('1298', '19', '134', NULL, '30', '1', '2016-11-22 21:55:01', '2016-11-22 21:55:01', 'bac94b91-5718-4a10-88ac-98a0137735da'),
 ('1299', '19', '32', NULL, '30', '1', '2016-11-22 21:55:01', '2016-11-22 21:55:01', 'e5b8e4e2-39de-41e8-b785-b1c2411ff140'),
 ('1300', '22', '37', NULL, '35', '1', '2016-11-22 21:55:01', '2016-11-22 21:55:01', '9a4aa56a-7d45-4e3a-831c-f96f0dcc529f'),
 ('1301', '23', '37', NULL, '36', '1', '2016-11-22 21:55:01', '2016-11-22 21:55:01', '1fe463f6-f70e-45df-8985-0706daff4fb7'),
 ('1302', '30', '52', NULL, '48', '1', '2016-11-22 21:55:01', '2016-11-22 21:55:01', '18232c74-7c03-497b-ae3f-d8579162ade3'),
 ('1303', '30', '52', NULL, '30', '2', '2016-11-22 21:55:01', '2016-11-22 21:55:01', 'ec877e31-77f0-418d-a462-a83640306b9f'),
 ('1304', '30', '52', NULL, '50', '3', '2016-11-22 21:55:01', '2016-11-22 21:55:01', '0b19a966-b68e-40e7-96a1-d35c19df712f'),
 ('1305', '30', '52', NULL, '35', '4', '2016-11-22 21:55:01', '2016-11-22 21:55:01', 'a7999906-e35b-47b7-8720-6c45caeb4215'),
 ('1306', '7', '122', NULL, '172', '1', '2016-11-22 21:58:43', '2016-11-22 21:58:43', 'e6c2298c-9906-4674-a797-d05cf8ed1c94'),
 ('1307', '5', '122', NULL, '168', '1', '2016-11-22 21:58:43', '2016-11-22 21:58:43', 'a9c92d93-43fa-429b-9b3f-4b30b71a549d'),
 ('1308', '54', '122', NULL, '111', '1', '2016-11-22 21:58:43', '2016-11-22 21:58:43', 'bdea2efa-0f3a-473f-be68-78cc80668b61'),
 ('1309', '15', '124', NULL, '120', '1', '2016-11-22 21:58:43', '2016-11-22 21:58:43', 'f1c9b21c-bfea-41c8-9e78-2faec1dd5425'),
 ('1310', '7', '118', NULL, '173', '1', '2016-11-22 22:03:36', '2016-11-22 22:03:36', 'fcb0afd9-c276-4610-a4ed-ae4c4fb0fb58'),
 ('1311', '5', '118', NULL, '167', '1', '2016-11-22 22:03:36', '2016-11-22 22:03:36', 'e941d3fc-7ddc-4c13-b79a-f00eee3d4938'),
 ('1312', '54', '118', NULL, '111', '1', '2016-11-22 22:03:36', '2016-11-22 22:03:36', 'ef8d3e17-ea87-4404-9ece-211d48df7605'),
 ('1313', '7', '112', NULL, '174', '1', '2016-11-22 22:04:12', '2016-11-22 22:04:12', '3e452e59-0b74-4c03-afb5-8d2bff68cecd'),
 ('1314', '5', '112', NULL, '169', '1', '2016-11-22 22:04:12', '2016-11-22 22:04:12', '0fc9fc9b-e3b8-4fcb-bdf6-d97a59b08329'),
 ('1315', '54', '112', NULL, '109', '1', '2016-11-22 22:04:12', '2016-11-22 22:04:12', 'bd022346-c5da-4b1d-901e-c7961bb14e0c'),
 ('1316', '30', '116', NULL, '48', '1', '2016-11-22 22:04:12', '2016-11-22 22:04:12', '30965546-e4a0-4019-8e7b-9d257fa2beeb'),
 ('1317', '30', '116', NULL, '49', '2', '2016-11-22 22:04:12', '2016-11-22 22:04:12', '826fab34-d572-4abe-8a76-7f52122ffc29'),
 ('1318', '30', '116', NULL, '50', '3', '2016-11-22 22:04:12', '2016-11-22 22:04:12', '5f4841af-b581-4575-81ba-eeb7b29aa618');



DROP TABLE IF EXISTS `craft_routes`;


--
-- Schema for table `craft_routes`
--
CREATE TABLE `craft_routes` (
  `id` int(11) NOT NULL AUTO_INCREMENT,
  `locale` char(12) COLLATE utf8_unicode_ci DEFAULT NULL,
  `urlParts` varchar(255) COLLATE utf8_unicode_ci NOT NULL,
  `urlPattern` varchar(255) COLLATE utf8_unicode_ci NOT NULL,
  `template` varchar(255) COLLATE utf8_unicode_ci NOT NULL,
  `sortOrder` smallint(6) unsigned DEFAULT NULL,
  `dateCreated` datetime NOT NULL,
  `dateUpdated` datetime NOT NULL,
  `uid` char(36) COLLATE utf8_unicode_ci NOT NULL DEFAULT '0',
  PRIMARY KEY (`id`),
  UNIQUE KEY `craft_routes_urlPattern_unq_idx` (`urlPattern`),
  KEY `craft_routes_locale_idx` (`locale`)
) ENGINE=InnoDB DEFAULT CHARSET=utf8 COLLATE=utf8_unicode_ci;

DROP TABLE IF EXISTS `craft_searchindex`;


--
-- Schema for table `craft_searchindex`
--
CREATE TABLE `craft_searchindex` (
  `elementId` int(11) NOT NULL,
  `attribute` varchar(25) COLLATE utf8_unicode_ci NOT NULL,
  `fieldId` int(11) NOT NULL,
  `locale` char(12) COLLATE utf8_unicode_ci NOT NULL,
  `keywords` text COLLATE utf8_unicode_ci NOT NULL,
  PRIMARY KEY (`elementId`,`attribute`,`fieldId`,`locale`),
  FULLTEXT KEY `craft_searchindex_keywords_idx` (`keywords`)
) ENGINE=MyISAM DEFAULT CHARSET=utf8 COLLATE=utf8_unicode_ci;

--
-- Data for table `craft_searchindex`
--

INSERT INTO `craft_searchindex` (`elementId`, `attribute`, `fieldId`, `locale`, `keywords`) VALUES
 ('1', 'username', '0', 'en_us', ' themaster '),
 ('1', 'firstname', '0', 'en_us', ' nick '),
 ('1', 'lastname', '0', 'en_us', ' katarow '),
 ('1', 'fullname', '0', 'en_us', ' nick katarow '),
 ('1', 'email', '0', 'en_us', ' nick turnstylestudio com '),
 ('1', 'slug', '0', 'en_us', ''),
 ('2', 'slug', '0', 'en_us', ' homepage '),
 ('2', 'title', '0', 'en_us', ' turnstyle '),
 ('2', 'field', '1', 'en_us', ' it s true this site doesn t have a whole lot of content yet but don t worry our web developers have just installed the cms and they re setting things up for the content editors this very moment soon turnstyle dev will be an oasis of fresh perspectives sharp analyses and astute opinions that will keep you coming back again and again '),
 ('112', 'title', '0', 'en_us', ' turnstyle featured in idn magazine '),
 ('112', 'field', '55', 'en_us', ' daff00 '),
 ('112', 'field', '56', 'en_us', ' journal fpo '),
 ('112', 'field', '54', 'en_us', ' awards press '),
 ('112', 'slug', '0', 'en_us', ' turnstyle featured in idn magazine '),
 ('112', 'field', '10', 'en_us', ' 000000 lorem ipsum dolor sit amet consectetur adipiscing elit integer posuere erat a ante venenatis dapibus posuere velit aliquet donec ullamcorper nulla non metus auctor fringilla nulla vitae elit libero a pharetra augue fusce dapibus tellus ac cursus commodo tortor mauris condimentum nibh ut fermentum massa justo sit amet risus etiam porta sem malesuada magna mollis euismod vertical spacing 1 carousel fpo 2 carousel fpo 3 carousel fpo1 vertical spacing 2 '),
 ('4', 'slug', '0', 'en_us', ''),
 ('4', 'title', '0', 'en_us', ' work '),
 ('5', 'slug', '0', 'en_us', ' print entry '),
 ('5', 'title', '0', 'en_us', ' print entry '),
 ('6', 'slug', '0', 'en_us', ' digital entry '),
 ('6', 'title', '0', 'en_us', ' digital entry '),
 ('7', 'slug', '0', 'en_us', ' identity entry '),
 ('7', 'title', '0', 'en_us', ' identity entry '),
 ('8', 'slug', '0', 'en_us', ' strategy entry '),
 ('8', 'title', '0', 'en_us', ' strategy entry '),
 ('9', 'slug', '0', 'en_us', ' strategy '),
 ('9', 'title', '0', 'en_us', ' strategy '),
 ('10', 'slug', '0', 'en_us', ' identity '),
 ('10', 'title', '0', 'en_us', ' identity '),
 ('11', 'slug', '0', 'en_us', ' digital '),
 ('11', 'title', '0', 'en_us', ' digital '),
 ('12', 'slug', '0', 'en_us', ' print '),
 ('12', 'title', '0', 'en_us', ' print '),
 ('13', 'slug', '0', 'en_us', ' packaging '),
 ('13', 'title', '0', 'en_us', ' packaging '),
 ('14', 'slug', '0', 'en_us', ' environment '),
 ('14', 'title', '0', 'en_us', ' environment '),
 ('8', 'field', '3', 'en_us', ' strategy '),
 ('7', 'field', '3', 'en_us', ' identity '),
 ('6', 'field', '3', 'en_us', ' digital '),
 ('5', 'field', '3', 'en_us', ' print '),
 ('15', 'field', '3', 'en_us', ' print '),
 ('15', 'slug', '0', 'en_us', ' justin golmer promo '),
 ('15', 'title', '0', 'en_us', ' justin golmer '),
 ('16', 'field', '3', 'en_us', ' identity digital print environment '),
 ('16', 'slug', '0', 'en_us', ' oiselle identity '),
 ('16', 'title', '0', 'en_us', ' oiselle '),
 ('16', 'field', '4', 'en_us', ' ff5822 '),
 ('16', 'field', '5', 'en_us', ' oiselle thumbnail 1 '),
 ('22', 'kind', '0', 'en_us', ' image '),
 ('22', 'slug', '0', 'en_us', ' thumb fpo 2 '),
 ('22', 'extension', '0', 'en_us', ' jpg '),
 ('22', 'filename', '0', 'en_us', ' thumb fpo 2 jpg '),
 ('23', 'kind', '0', 'en_us', ' image '),
 ('23', 'slug', '0', 'en_us', ' thumb fpo 3 '),
 ('23', 'extension', '0', 'en_us', ' jpg '),
 ('23', 'filename', '0', 'en_us', ' thumb fpo 3 jpg '),
 ('24', 'kind', '0', 'en_us', ' image '),
 ('24', 'slug', '0', 'en_us', ' thumb fpo 4 '),
 ('24', 'extension', '0', 'en_us', ' jpg '),
 ('24', 'filename', '0', 'en_us', ' thumb fpo 4 jpg '),
 ('15', 'field', '5', 'en_us', ' 1200x900 '),
 ('16', 'field', '6', 'en_us', ' brand identity system '),
 ('15', 'field', '4', 'en_us', ' ffae96 '),
 ('15', 'field', '6', 'en_us', ' photography promo '),
 ('21', 'filename', '0', 'en_us', ' thumb fpo 1 jpg '),
 ('21', 'extension', '0', 'en_us', ' jpg '),
 ('21', 'kind', '0', 'en_us', ' image '),
 ('21', 'slug', '0', 'en_us', ' thumb fpo 1 '),
 ('21', 'title', '0', 'en_us', ' thumb fpo 1 '),
 ('22', 'title', '0', 'en_us', ' thumb fpo 2 '),
 ('23', 'title', '0', 'en_us', ' thumb fpo 3 '),
 ('24', 'title', '0', 'en_us', ' thumb fpo 4 '),
 ('8', 'field', '6', 'en_us', ' project title '),
 ('8', 'field', '4', 'en_us', ' 000000 '),
 ('8', 'field', '5', 'en_us', ' thumb fpo 3 '),
 ('5', 'field', '6', 'en_us', ' cool print project title '),
 ('5', 'field', '4', 'en_us', ' 000000 '),
 ('5', 'field', '5', 'en_us', ' thumb fpo 4 '),
 ('6', 'field', '6', 'en_us', ' sweet mother of digital '),
 ('6', 'field', '4', 'en_us', ' 000000 '),
 ('6', 'field', '5', 'en_us', ' 090716 sea cottoncandy med rinnzimd '),
 ('7', 'field', '6', 'en_us', ' mr robot '),
 ('7', 'field', '4', 'en_us', ' 000000 '),
 ('7', 'field', '5', 'en_us', ' thumb fpo 4 '),
 ('27', 'extension', '0', 'en_us', ' jpg '),
 ('27', 'kind', '0', 'en_us', ' image '),
 ('27', 'filename', '0', 'en_us', ' large image fpo 1_161017_202946 jpg '),
 ('26', 'filename', '0', 'en_us', ' hero fpo 1 jpg '),
 ('26', 'extension', '0', 'en_us', ' jpg '),
 ('26', 'kind', '0', 'en_us', ' image '),
 ('26', 'slug', '0', 'en_us', ' hero fpo 1 '),
 ('26', 'title', '0', 'en_us', ' hero fpo 1 '),
 ('27', 'slug', '0', 'en_us', ' large image fpo 1 '),
 ('27', 'title', '0', 'en_us', ' large image fpo 1 '),
 ('15', 'field', '7', 'en_us', ' hero fpo 1 '),
 ('15', 'field', '9', 'en_us', ' wake up style shoot do it all again '),
 ('15', 'field', '8', 'en_us', ' justin gollmer one of our go to photography partners asked us design a ten year retrospective promotional brochure wake style shoot do it all again is a collection of images highlighting his work behind beside and around the camera the brochure is divided into four sections that blur the lines between gollmer s personal and commercial work people action travel and product short sheets bound to the exterior provide thumbnail image guides to each section with captions for each image '),
 ('15', 'field', '14', 'en_us', ' recogonition print regional design annual 2015 recogonition print regional design annual 2015 '),
 ('15', 'field', '10', 'en_us', ' justin golmer promo 1 full width vertical spacing 0 1 1 172827555 d6ff2e inset fpo 1 50 vertical spacing 2 1 0 172827555 ffffff subtitle donec id elit non mi porta gravida at eget metus fusce dapibus tellus ac cursus commodo tortor mauris condimentum nibh ut fermentum massa justo sit amet risus etiam porta sem malesuada magna mollis euismod lorem ipsum dolor sit inset fpo 1 50 left vertical spacing 1 f5f5f5 subtitle donec id elit non mi porta gravida at eget metus fusce dapibus tellus ac cursus commodo tortor mauris condimentum nibh ut fermentum massa justo sit amet risus etiam porta sem malesuada magna mollis euismod lorem ipsum dolor sit inset fpo 1 50 right vertical spacing 2 twoup fpo 1 twoup fpo 2 vertical spacing 2 0000ff donec sed odio dui nullam quis risus eget urna mollis ornare vel eu leo praesent commodo cursus magna vel scelerisque nisl consectetur et cras mattis consectetur purus sit amet fermentum maecenas sed diam eget risus varius blandit sit amet non magna praesent commodo cursus magna vel scelerisque nisl consectetur et vertical spacing 4 0 1 172827555 carousel fpo 2 inset fpo 1 carousel fpo1 twoup fpo 1 vertical spacing 2 ');
INSERT INTO `craft_searchindex` (`elementId`, `attribute`, `fieldId`, `locale`, `keywords`) VALUES
 ('28', 'field', '11', 'en_us', ' justin golmer promo 1 '),
 ('28', 'field', '12', 'en_us', ' full width '),
 ('28', 'field', '13', 'en_us', ' vertical spacing 0 '),
 ('28', 'slug', '0', 'en_us', ''),
 ('5', 'field', '7', 'en_us', ' hero fpo 2 '),
 ('5', 'field', '9', 'en_us', ' hero headline is here '),
 ('5', 'field', '8', 'en_us', ''),
 ('5', 'field', '14', 'en_us', ''),
 ('5', 'field', '10', 'en_us', ' twoup fpo 1 full width vertical spacing 0 '),
 ('6', 'field', '7', 'en_us', ' hero fpo 1 '),
 ('6', 'field', '9', 'en_us', ' here s to headlines '),
 ('6', 'field', '8', 'en_us', ''),
 ('6', 'field', '14', 'en_us', ''),
 ('6', 'field', '10', 'en_us', ''),
 ('7', 'field', '7', 'en_us', ' hero fpo 2 '),
 ('7', 'field', '9', 'en_us', ' example hero headline '),
 ('7', 'field', '8', 'en_us', ''),
 ('7', 'field', '14', 'en_us', ''),
 ('7', 'field', '10', 'en_us', ''),
 ('8', 'field', '7', 'en_us', ' hero fpo 1 '),
 ('8', 'field', '9', 'en_us', ' hero headline here '),
 ('8', 'field', '8', 'en_us', ''),
 ('8', 'field', '14', 'en_us', ''),
 ('8', 'field', '10', 'en_us', ' large image fpo 1 161017 202946 full width vertical spacing 0 '),
 ('16', 'field', '7', 'en_us', ' hero fpo 2 '),
 ('16', 'field', '9', 'en_us', ' an infusion of new energy '),
 ('16', 'field', '8', 'en_us', ' as they prepared to open their first bricks and mortar store oisellea pioneer in women s running and athletic fashionhad a mature brand that needed an infusion of new energy turnstyle worked with the oiselle team to establish an updated identity system and then applied it to a huge range of customer touch points coordinated to deliver install and deploy in concert with their store opening in seattle s university village in the summer of 2015 '),
 ('16', 'field', '14', 'en_us', ''),
 ('16', 'field', '10', 'en_us', ' oiselle kit 2 black framed vertical spacing 0 oiselle kit 2 black framed vertical spacing 1 000000 oiselle kit 2 black 50 vertical spacing 2 afafaf donec id elit non mi porta gravida at eget metus duis mollis est non commodo luctus nisi erat porttitor ligula eget lacinia odio sem nec elit maecenas sed diam eget risus varius blandit sit amet non magna morbi leo risus porta ac consectetur ac vestibulum at eros oiselle kit 2 black 100 right vertical spacing 2 oiselle kit 2 black oiselle kit 2 black vertical spacing 4 efefef donec id elit non mi porta gravida at eget metus duis mollis est non commodo luctus nisi erat porttitor ligula eget lacinia odio sem nec elit maecenas sed diam eget risus varius blandit sit amet non magna morbi leo risus porta ac consectetur ac vestibulum at eros vertical spacing 4 ff5822 donec id elit non mi porta gravida at eget metus duis mollis est non commodo luctus nisi erat porttitor ligula eget lacinia odio sem nec elit maecenas sed diam eget risus varius blandit sit amet non magna morbi leo risus porta ac consectetur ac vestibulum at eros oiselle kit 2 black 50 left vertical spacing 2 '),
 ('31', 'field', '17', 'en_us', ' d6ff2e '),
 ('31', 'field', '16', 'en_us', ' vertical spacing 2 '),
 ('31', 'field', '15', 'en_us', ' inset fpo 1 '),
 ('30', 'filename', '0', 'en_us', ' inset fpo 1 jpg '),
 ('30', 'extension', '0', 'en_us', ' jpg '),
 ('30', 'kind', '0', 'en_us', ' image '),
 ('30', 'slug', '0', 'en_us', ' inset fpo 1 '),
 ('30', 'title', '0', 'en_us', ' inset fpo 1 '),
 ('31', 'slug', '0', 'en_us', ''),
 ('32', 'field', '18', 'en_us', ' right '),
 ('32', 'field', '19', 'en_us', ' inset fpo 1 '),
 ('32', 'field', '20', 'en_us', ' subtitle donec id elit non mi porta gravida at eget metus fusce dapibus tellus ac cursus commodo tortor mauris condimentum nibh ut fermentum massa justo sit amet risus etiam porta sem malesuada magna mollis euismod lorem ipsum dolor sit '),
 ('32', 'slug', '0', 'en_us', ''),
 ('32', 'field', '21', 'en_us', ' vertical spacing 2 '),
 ('36', 'slug', '0', 'en_us', ' twoup fpo 2 '),
 ('36', 'kind', '0', 'en_us', ' image '),
 ('36', 'extension', '0', 'en_us', ' jpg '),
 ('36', 'filename', '0', 'en_us', ' twoup fpo 2 jpg '),
 ('37', 'field', '23', 'en_us', ' twoup fpo 2 '),
 ('37', 'field', '22', 'en_us', ' twoup fpo 1 '),
 ('35', 'filename', '0', 'en_us', ' twoup fpo 1 jpg '),
 ('35', 'extension', '0', 'en_us', ' jpg '),
 ('35', 'kind', '0', 'en_us', ' image '),
 ('35', 'slug', '0', 'en_us', ' twoup fpo 1 '),
 ('35', 'title', '0', 'en_us', ' twoup fpo 1 '),
 ('36', 'title', '0', 'en_us', ' twoup fpo 2 '),
 ('37', 'field', '24', 'en_us', ' vertical spacing 2 '),
 ('37', 'slug', '0', 'en_us', ''),
 ('38', 'field', '25', 'en_us', ' donec sed odio dui nullam quis risus eget urna mollis ornare vel eu leo praesent commodo cursus magna vel scelerisque nisl consectetur et cras mattis consectetur purus sit amet fermentum maecenas sed diam eget risus varius blandit sit amet non magna praesent commodo cursus magna vel scelerisque nisl consectetur et '),
 ('38', 'field', '26', 'en_us', ' vertical spacing 4 '),
 ('38', 'slug', '0', 'en_us', ''),
 ('40', 'filename', '0', 'en_us', ' hero fpo 2 jpg '),
 ('40', 'extension', '0', 'en_us', ' jpg '),
 ('40', 'kind', '0', 'en_us', ' image '),
 ('40', 'slug', '0', 'en_us', ' hero fpo 2 '),
 ('40', 'title', '0', 'en_us', ' hero fpo 2 '),
 ('41', 'field', '27', 'en_us', ' 172827555 '),
 ('41', 'field', '28', 'en_us', ' 1 '),
 ('41', 'slug', '0', 'en_us', ''),
 ('42', 'field', '27', 'en_us', ' 172827555 '),
 ('42', 'field', '28', 'en_us', ' 0 '),
 ('42', 'slug', '0', 'en_us', ''),
 ('16', 'field', '29', 'en_us', ' efefef '),
 ('15', 'field', '29', 'en_us', ' efefef '),
 ('8', 'field', '29', 'en_us', ' 000000 '),
 ('5', 'field', '29', 'en_us', ' 000000 '),
 ('6', 'field', '29', 'en_us', ' 000000 '),
 ('7', 'field', '29', 'en_us', ' off white '),
 ('43', 'slug', '0', 'en_us', ' contact '),
 ('43', 'title', '0', 'en_us', ' contact '),
 ('44', 'slug', '0', 'en_us', ''),
 ('44', 'title', '0', 'en_us', ' journal '),
 ('46', 'username', '0', 'en_us', ' kgabouer '),
 ('46', 'firstname', '0', 'en_us', ' kyle '),
 ('46', 'lastname', '0', 'en_us', ' gabouer '),
 ('46', 'fullname', '0', 'en_us', ' kyle gabouer '),
 ('46', 'email', '0', 'en_us', ' kyle turnstylestudio com '),
 ('46', 'slug', '0', 'en_us', ''),
 ('47', 'username', '0', 'en_us', ' bgraham '),
 ('47', 'firstname', '0', 'en_us', ' ben '),
 ('47', 'lastname', '0', 'en_us', ' graham '),
 ('47', 'fullname', '0', 'en_us', ' ben graham '),
 ('47', 'email', '0', 'en_us', ' ben turnstylestudio com '),
 ('47', 'slug', '0', 'en_us', ''),
 ('48', 'filename', '0', 'en_us', ' carousel fpo 2 jpg '),
 ('48', 'extension', '0', 'en_us', ' jpg '),
 ('48', 'kind', '0', 'en_us', ' image '),
 ('48', 'slug', '0', 'en_us', ' carousel fpo 2 '),
 ('48', 'title', '0', 'en_us', ' carousel fpo 2 '),
 ('49', 'filename', '0', 'en_us', ' carousel fpo 3 jpg '),
 ('49', 'extension', '0', 'en_us', ' jpg ');
INSERT INTO `craft_searchindex` (`elementId`, `attribute`, `fieldId`, `locale`, `keywords`) VALUES
 ('49', 'kind', '0', 'en_us', ' image '),
 ('49', 'slug', '0', 'en_us', ' carousel fpo 3 '),
 ('49', 'title', '0', 'en_us', ' carousel fpo 3 '),
 ('50', 'filename', '0', 'en_us', ' carousel fpo1 jpg '),
 ('50', 'extension', '0', 'en_us', ' jpg '),
 ('50', 'kind', '0', 'en_us', ' image '),
 ('50', 'slug', '0', 'en_us', ' carousel fpo1 '),
 ('50', 'title', '0', 'en_us', ' carousel fpo1 '),
 ('52', 'field', '31', 'en_us', ' vertical spacing 2 '),
 ('52', 'field', '30', 'en_us', ' carousel fpo 2 inset fpo 1 carousel fpo1 twoup fpo 1 '),
 ('52', 'slug', '0', 'en_us', ''),
 ('41', 'field', '32', 'en_us', ' 1 '),
 ('53', 'field', '27', 'en_us', ' 172827555 '),
 ('53', 'field', '28', 'en_us', ' 1 '),
 ('53', 'field', '32', 'en_us', ' 0 '),
 ('53', 'slug', '0', 'en_us', ''),
 ('42', 'field', '32', 'en_us', ' 1 '),
 ('43', 'field', '33', 'en_us', ' info turnstyle studio '),
 ('43', 'field', '34', 'en_us', ' 3621 stone way n suite b seattle wa 98103 '),
 ('43', 'field', '35', 'en_us', ' 206 297 7350 '),
 ('43', 'field', '36', 'en_us', ' 206 297 7390 '),
 ('109', 'title', '0', 'en_us', ' awards press '),
 ('109', 'slug', '0', 'en_us', ' awards and press '),
 ('55', 'slug', '0', 'en_us', ' strategy '),
 ('55', 'title', '0', 'en_us', ' strategy '),
 ('56', 'slug', '0', 'en_us', ' identity '),
 ('56', 'title', '0', 'en_us', ' identity '),
 ('81', 'title', '0', 'en_us', ' handsome '),
 ('82', 'slug', '0', 'en_us', ' pretty good '),
 ('82', 'title', '0', 'en_us', ' pretty good '),
 ('83', 'slug', '0', 'en_us', ' clever '),
 ('83', 'title', '0', 'en_us', ' clever '),
 ('84', 'slug', '0', 'en_us', ' cheesy '),
 ('84', 'title', '0', 'en_us', ' cheesy '),
 ('85', 'slug', '0', 'en_us', ' flavorful '),
 ('81', 'slug', '0', 'en_us', ' handsome '),
 ('118', 'title', '0', 'en_us', ' we re building our own building '),
 ('119', 'field', '25', 'en_us', ' together with our brand strategy partners at stoke turnstyle is breaking ground on a new 5 000 sq foot office in august 2016 the building will serve as home for 20 strategists designers and developers located on canal street the park side project borders the burke gilman trail and overlooks the fremont cut waterway the firms continue to grow and our need for space was at odds with the long term lease trends of seattle said stoke partner erin quick it makes good financial sense for the businesses and for the firms practices we re creating a unique place where creative thinkers can do their best work and clients can collaborate with us in new and different ways on the street level a cafe style collaboration space serves as a foundation to two levels with open floor studios and meeting space designed with 16 floor to ceiling windows the plan takes advantage of the views over the trail and canal the work areas will be bathed with natural light an open atrium at the center creates visual interest with the benefit of passive solar design said ben graham partner at turnstyle it s a design friendly environment that makes the best of our open collaborative work style the commercial office market is racing and the long term value for buyers in seattle looks good noted graham as the business environment accelerates having a place that minimizes our commutes offers easy access to downtown with everyday access to great restaurants and enhances mobility options on the burke gilman trail all with a deck and a view seemed like a winning combination the architecture was led by award winning heliotrope of ballard seattle s western venturesserves as the general contractor construction is targeted for completion in june 2017 '),
 ('60', 'filename', '0', 'en_us', ' t 1 svg '),
 ('60', 'extension', '0', 'en_us', ' svg '),
 ('60', 'kind', '0', 'en_us', ' image '),
 ('60', 'slug', '0', 'en_us', ' t 1 '),
 ('60', 'title', '0', 'en_us', ' t 1 '),
 ('117', 'extension', '0', 'en_us', ' jpg '),
 ('117', 'kind', '0', 'en_us', ' image '),
 ('117', 'slug', '0', 'en_us', ' render april2016 altered 972 501 90 c1 '),
 ('117', 'title', '0', 'en_us', ' render april2016 altered 972 501 90 c1 '),
 ('118', 'field', '55', 'en_us', ' 000000 '),
 ('118', 'field', '56', 'en_us', ' render april2016 altered 972 501 90 c1 '),
 ('118', 'field', '54', 'en_us', ' news '),
 ('118', 'field', '10', 'en_us', ' 000000 together with our brand strategy partners at stoke turnstyle is breaking ground on a new 5 000 sq foot office in august 2016 the building will serve as home for 20 strategists designers and developers located on canal street the park side project borders the burke gilman trail and overlooks the fremont cut waterway the firms continue to grow and our need for space was at odds with the long term lease trends of seattle said stoke partner erin quick it makes good financial sense for the businesses and for the firms practices we re creating a unique place where creative thinkers can do their best work and clients can collaborate with us in new and different ways on the street level a cafe style collaboration space serves as a foundation to two levels with open floor studios and meeting space designed with 16 floor to ceiling windows the plan takes advantage of the views over the trail and canal the work areas will be bathed with natural light an open atrium at the center creates visual interest with the benefit of passive solar design said ben graham partner at turnstyle it s a design friendly environment that makes the best of our open collaborative work style the commercial office market is racing and the long term value for buyers in seattle looks good noted graham as the business environment accelerates having a place that minimizes our commutes offers easy access to downtown with everyday access to great restaurants and enhances mobility options on the burke gilman trail all with a deck and a view seemed like a winning combination the architecture was led by award winning heliotrope of ballard seattle s western venturesserves as the general contractor construction is targeted for completion in june 2017 vertical spacing 0 '),
 ('118', 'slug', '0', 'en_us', ' were building our own building '),
 ('114', 'kind', '0', 'en_us', ' image '),
 ('114', 'slug', '0', 'en_us', ' journal fpo '),
 ('114', 'title', '0', 'en_us', ' journal fpo '),
 ('115', 'field', '25', 'en_us', ' lorem ipsum dolor sit amet consectetur adipiscing elit integer posuere erat a ante venenatis dapibus posuere velit aliquet donec ullamcorper nulla non metus auctor fringilla nulla vitae elit libero a pharetra augue fusce dapibus tellus ac cursus commodo tortor mauris condimentum nibh ut fermentum massa justo sit amet risus etiam porta sem malesuada magna mollis euismod '),
 ('67', 'slug', '0', 'en_us', ' regina baerwalde '),
 ('67', 'field', '43', 'en_us', ' team 1 '),
 ('67', 'field', '41', 'en_us', ' senior designer '),
 ('66', 'filename', '0', 'en_us', ' team 1 jpg '),
 ('66', 'extension', '0', 'en_us', ' jpg '),
 ('66', 'kind', '0', 'en_us', ' image '),
 ('66', 'slug', '0', 'en_us', ' team 1 '),
 ('66', 'title', '0', 'en_us', ' team 1 '),
 ('67', 'title', '0', 'en_us', ' regina baerwalde '),
 ('68', 'field', '41', 'en_us', ' account manager '),
 ('68', 'field', '43', 'en_us', ' team 1 '),
 ('68', 'slug', '0', 'en_us', ' abbey baker '),
 ('68', 'title', '0', 'en_us', ' abbey baker '),
 ('69', 'field', '41', 'en_us', ' senior designer '),
 ('69', 'field', '43', 'en_us', ' team 1 '),
 ('69', 'slug', '0', 'en_us', ' robert bennett '),
 ('69', 'title', '0', 'en_us', ' robert bennett '),
 ('70', 'field', '41', 'en_us', ' designer '),
 ('70', 'field', '43', 'en_us', ' team 1 '),
 ('70', 'slug', '0', 'en_us', ' mallory close '),
 ('70', 'title', '0', 'en_us', ' mallory close '),
 ('71', 'field', '41', 'en_us', ' client relations director '),
 ('71', 'field', '43', 'en_us', ' team 1 '),
 ('71', 'slug', '0', 'en_us', ' stephanie cooke '),
 ('71', 'title', '0', 'en_us', ' stephanie cooke '),
 ('72', 'field', '41', 'en_us', ' principal business director '),
 ('72', 'field', '43', 'en_us', ' team 1 '),
 ('72', 'slug', '0', 'en_us', ' matt diefenbach '),
 ('72', 'title', '0', 'en_us', ' matt diefenbach '),
 ('73', 'field', '41', 'en_us', ' digital design director '),
 ('73', 'field', '43', 'en_us', ' team 1 '),
 ('73', 'slug', '0', 'en_us', ' kyle gabouer '),
 ('73', 'title', '0', 'en_us', ' kyle gabouer '),
 ('74', 'field', '41', 'en_us', ' associate creative director '),
 ('74', 'field', '43', 'en_us', ' team 1 '),
 ('74', 'slug', '0', 'en_us', ' jason gomez '),
 ('74', 'title', '0', 'en_us', ' jason gomez '),
 ('75', 'field', '41', 'en_us', ' principal creative director '),
 ('75', 'field', '43', 'en_us', ' team 1 '),
 ('75', 'slug', '0', 'en_us', ' ben graham '),
 ('75', 'title', '0', 'en_us', ' ben graham '),
 ('76', 'field', '41', 'en_us', ' operations finance manager '),
 ('76', 'field', '43', 'en_us', ' team 1 '),
 ('76', 'slug', '0', 'en_us', ' dani johnson ');
INSERT INTO `craft_searchindex` (`elementId`, `attribute`, `fieldId`, `locale`, `keywords`) VALUES
 ('76', 'title', '0', 'en_us', ' dani johnson '),
 ('77', 'field', '41', 'en_us', ' senior web developer '),
 ('77', 'field', '43', 'en_us', ' team 1 '),
 ('77', 'slug', '0', 'en_us', ' nick katarow '),
 ('77', 'title', '0', 'en_us', ' nick katarow '),
 ('78', 'field', '41', 'en_us', ' account manager '),
 ('78', 'field', '43', 'en_us', ' team 1 '),
 ('78', 'slug', '0', 'en_us', ' helen kong '),
 ('78', 'title', '0', 'en_us', ' helen kong '),
 ('79', 'field', '41', 'en_us', ' designer '),
 ('79', 'field', '43', 'en_us', ' team 1 '),
 ('79', 'slug', '0', 'en_us', ' garret steider '),
 ('79', 'title', '0', 'en_us', ' garret steider '),
 ('80', 'field', '41', 'en_us', ' principal creative director '),
 ('80', 'field', '43', 'en_us', ' team 1 '),
 ('80', 'slug', '0', 'en_us', ' steve watson '),
 ('80', 'title', '0', 'en_us', ' steve watson '),
 ('117', 'filename', '0', 'en_us', ' renderapril2016_altered_972_501_90_c1 jpg '),
 ('115', 'field', '26', 'en_us', ' vertical spacing 1 '),
 ('115', 'slug', '0', 'en_us', ''),
 ('116', 'field', '30', 'en_us', ' carousel fpo 2 carousel fpo 3 carousel fpo1 '),
 ('116', 'field', '31', 'en_us', ' vertical spacing 2 '),
 ('116', 'slug', '0', 'en_us', ''),
 ('111', 'title', '0', 'en_us', ' news '),
 ('114', 'filename', '0', 'en_us', ' journal fpo jpg '),
 ('114', 'extension', '0', 'en_us', ' jpg '),
 ('85', 'title', '0', 'en_us', ' flavorful '),
 ('98', 'field', '52', 'en_us', ' 0000ff '),
 ('87', 'slug', '0', 'en_us', ' lumpy '),
 ('87', 'title', '0', 'en_us', ' lumpy '),
 ('88', 'slug', '0', 'en_us', ' righteous '),
 ('88', 'title', '0', 'en_us', ' righteous '),
 ('89', 'slug', '0', 'en_us', ' fastidious '),
 ('89', 'title', '0', 'en_us', ' fastidious '),
 ('90', 'slug', '0', 'en_us', ' jocular '),
 ('90', 'title', '0', 'en_us', ' jocular '),
 ('91', 'slug', '0', 'en_us', ' luminous '),
 ('91', 'title', '0', 'en_us', ' luminous '),
 ('92', 'slug', '0', 'en_us', ' neighborly '),
 ('92', 'title', '0', 'en_us', ' neighborly '),
 ('93', 'slug', '0', 'en_us', ' propitious '),
 ('93', 'title', '0', 'en_us', ' propitious '),
 ('94', 'slug', '0', 'en_us', ' spasmodic '),
 ('94', 'title', '0', 'en_us', ' spasmodic '),
 ('95', 'slug', '0', 'en_us', ' zealous '),
 ('95', 'title', '0', 'en_us', ' zealous '),
 ('98', 'field', '49', 'en_us', ' cta contact '),
 ('110', 'slug', '0', 'en_us', ' our clients '),
 ('110', 'title', '0', 'en_us', ' our clients '),
 ('97', 'filename', '0', 'en_us', ' cta contact jpg '),
 ('97', 'extension', '0', 'en_us', ' jpg '),
 ('97', 'kind', '0', 'en_us', ' image '),
 ('97', 'slug', '0', 'en_us', ' cta contact '),
 ('97', 'title', '0', 'en_us', ' cta contact '),
 ('111', 'slug', '0', 'en_us', ' news '),
 ('98', 'field', '50', 'en_us', ' drop us a line '),
 ('98', 'field', '51', 'en_us', ' contact us '),
 ('98', 'slug', '0', 'en_us', ''),
 ('98', 'field', '53', 'en_us', ' contact '),
 ('43', 'field', '48', 'en_us', ' ffae96 check out what s happening journal our journal '),
 ('99', 'field', '49', 'en_us', ''),
 ('99', 'field', '52', 'en_us', ' ffae96 '),
 ('99', 'field', '53', 'en_us', ' journal '),
 ('99', 'field', '50', 'en_us', ' check out what s happening '),
 ('99', 'field', '51', 'en_us', ' our journal '),
 ('99', 'slug', '0', 'en_us', ''),
 ('55', 'field', '45', 'en_us', ' logo voice personality visual system guidelines '),
 ('55', 'field', '46', 'en_us', ' in our heart of hearts we are identity designers although our capabilities and experience extend to a wide range of design and strategy offerings identity is at the core of everything we do we love the challenge of crafting visual systems that capture our clients unique brand personas systems that clarify purpose encourage action and inspire brand loyalty whether we re designing from the ground up managing a transition or building upon an established identity the whole brand experience is always on our radar we design identities that balance the use of iconic enduring brand elements with the flexibility to evolve surprise and delight '),
 ('55', 'field', '48', 'en_us', ' 000000 cta contact see what makes us tick overview our studio '),
 ('100', 'field', '49', 'en_us', ' cta contact '),
 ('100', 'field', '52', 'en_us', ' 000000 '),
 ('100', 'field', '53', 'en_us', ' overview '),
 ('100', 'field', '50', 'en_us', ' see what makes us tick '),
 ('100', 'field', '51', 'en_us', ' our studio '),
 ('100', 'slug', '0', 'en_us', ''),
 ('56', 'field', '45', 'en_us', ''),
 ('56', 'field', '46', 'en_us', ''),
 ('56', 'field', '48', 'en_us', ''),
 ('101', 'slug', '0', 'en_us', ' studio '),
 ('101', 'title', '0', 'en_us', ' studio '),
 ('101', 'field', '45', 'en_us', ''),
 ('101', 'field', '46', 'en_us', ' born in 2004 we are a full service creative agency with offices in seattle and portland a dedicated team of designers strategists developers and account specialists we create highly crafted brand experiences that clarify purpose encourage action and inspire brand loyalty we d love to get to know you and help tell your story '),
 ('101', 'field', '48', 'en_us', ' 000000 cta contact efefef drop us a line contact contact us '),
 ('102', 'field', '49', 'en_us', ' cta contact '),
 ('102', 'field', '52', 'en_us', ' 000000 '),
 ('102', 'field', '53', 'en_us', ' contact '),
 ('102', 'field', '50', 'en_us', ' drop us a line '),
 ('102', 'field', '51', 'en_us', ' contact us '),
 ('102', 'slug', '0', 'en_us', ''),
 ('101', 'field', '10', 'en_us', ' 20140325 fuzzco interior19490 final squire fox 1600x800 20140325 fuzzco interior4265 1 final squire fox 1600x800 mg 6666 edit 800 mg 6706 edit 1600x800 vertical spacing 2 000000 styleis asimplewayofsayingcomplexthingsjeancocteau style is not a 4 letter word in our experience the brands that are the most magnetic are those which project distinct memorable and charismatic personalities these brands place equal emphasis on what they say and how they say it some design purists might say that style is merely artificial decoration that should be avoided in favor of logic form follows function and all that don t get us wrong we re not proponents of style for its own sake or as ornament applied after an idea has already been defined rather we employ style as an integral and strategic component of our brand development process at its best style can be that magical something about a company or product that pulls people in and transcends the logical so to us style is not a 4 letter word on the contrary we embrace it harnessing its power to cut through the clutter and besides style has five letters vertical spacing 2 000000 we do strategyidentitydigitalprintpackagingenvironment vertical spacing 2 ffffff ourclients industries vertical spacing 1 ffffff industry teaguenikestarbucksmicrosoftamazonaiganordstromteaguenike industry teaguenikestarbucksmicrosoftamazonaiganordstromteaguenike industry teaguenikestarbucksmicrosoftamazonaiganordstromteaguenike industry teaguenikestarbucksmicrosoftamazonaiganordstromteaguenike industry teaguenikestarbucksmicrosoftamazonaiganordstromteaguenike industry teaguenikestarbucksmicrosoftamazonaiganordstromteaguenike vertical spacing 1 '),
 ('103', 'field', '30', 'en_us', ' 20140325 fuzzco interior19490 final squire fox 1600x800 20140325 fuzzco interior4265 1 final squire fox 1600x800 mg 6666 edit 800 mg 6706 edit 1600x800 '),
 ('103', 'field', '31', 'en_us', ' vertical spacing 2 '),
 ('103', 'slug', '0', 'en_us', ''),
 ('104', 'field', '39', 'en_us', ' 000000 '),
 ('104', 'field', '37', 'en_us', ' styleis asimplewayofsayingcomplexthingsjeancocteau '),
 ('104', 'field', '38', 'en_us', ' style is not a 4 letter word in our experience the brands that are the most magnetic are those which project distinct memorable and charismatic personalities these brands place equal emphasis on what they say and how they say it some design purists might say that style is merely artificial decoration that should be avoided in favor of logic form follows function and all that don t get us wrong we re not proponents of style for its own sake or as ornament applied after an idea has already been defined rather we employ style as an integral and strategic component of our brand development process at its best style can be that magical something about a company or product that pulls people in and transcends the logical so to us style is not a 4 letter word on the contrary we embrace it harnessing its power to cut through the clutter and besides style has five letters '),
 ('104', 'field', '40', 'en_us', ' vertical spacing 2 '),
 ('104', 'slug', '0', 'en_us', ''),
 ('158', 'extension', '0', 'en_us', ' jpg '),
 ('158', 'kind', '0', 'en_us', ' image ');
INSERT INTO `craft_searchindex` (`elementId`, `attribute`, `fieldId`, `locale`, `keywords`) VALUES
 ('158', 'slug', '0', 'en_us', ' 20140325 fuzzco interior4265 1 final squire fox 1600x800 '),
 ('158', 'title', '0', 'en_us', ' 20140325 fuzzco interior4265 1 final squire fox 1600x800 '),
 ('159', 'filename', '0', 'en_us', ' 20140325_fuzzco_interior19490_final_squirefox 1600x800 jpg '),
 ('159', 'extension', '0', 'en_us', ' jpg '),
 ('159', 'kind', '0', 'en_us', ' image '),
 ('159', 'slug', '0', 'en_us', ' 20140325 fuzzco interior19490 final squire fox 1600x800 '),
 ('159', 'title', '0', 'en_us', ' 20140325 fuzzco interior19490 final squire fox 1600x800 '),
 ('160', 'filename', '0', 'en_us', ' mg_6706 edit 1600x800 jpg '),
 ('160', 'extension', '0', 'en_us', ' jpg '),
 ('160', 'kind', '0', 'en_us', ' image '),
 ('160', 'slug', '0', 'en_us', ' mg 6706 edit 1600x800 '),
 ('160', 'title', '0', 'en_us', ' mg 6706 edit 1600x800 '),
 ('158', 'filename', '0', 'en_us', ' 20140325_fuzzco_interior4265 1_final_squirefox 1600x800 jpg '),
 ('106', 'field', '39', 'en_us', ' 000000 '),
 ('106', 'field', '37', 'en_us', ' we do '),
 ('106', 'field', '38', 'en_us', ' strategyidentitydigitalprintpackagingenvironment '),
 ('106', 'field', '40', 'en_us', ' vertical spacing 2 '),
 ('106', 'slug', '0', 'en_us', ''),
 ('107', 'field', '39', 'en_us', ' ffffff '),
 ('107', 'field', '37', 'en_us', ' ourclients industries '),
 ('107', 'field', '38', 'en_us', ''),
 ('107', 'field', '40', 'en_us', ' vertical spacing 1 '),
 ('107', 'slug', '0', 'en_us', ''),
 ('108', 'field', '39', 'en_us', ' ffffff '),
 ('108', 'field', '37', 'en_us', ' industry teaguenikestarbucksmicrosoftamazonaiganordstromteaguenike industry teaguenikestarbucksmicrosoftamazonaiganordstromteaguenike industry teaguenikestarbucksmicrosoftamazonaiganordstromteaguenike '),
 ('108', 'field', '38', 'en_us', ' industry teaguenikestarbucksmicrosoftamazonaiganordstromteaguenike industry teaguenikestarbucksmicrosoftamazonaiganordstromteaguenike industry teaguenikestarbucksmicrosoftamazonaiganordstromteaguenike '),
 ('108', 'field', '40', 'en_us', ' vertical spacing 1 '),
 ('108', 'slug', '0', 'en_us', ''),
 ('101', 'field', '44', 'en_us', ' meet our talented team '),
 ('101', 'field', '47', 'en_us', ' 08 2016 idn magazine v23n2 06 2016 communication arts design annual 2016 05 2016 print magazine regional design annual 2016 03 2016 communication arts design annual 2015 02 2016 idn magazine v23n2 12 2015 communication arts design annual 2016 10 2015 print magazine regional design annual 2016 10 2015 communication arts design annual 2015 06 2015 print magazine regional design annual 2016 02 2015 communication arts design annual 2015 '),
 ('119', 'field', '26', 'en_us', ' vertical spacing 0 '),
 ('119', 'slug', '0', 'en_us', ''),
 ('120', 'filename', '0', 'en_us', ' commarts_design annual 2015 ttt spread jpg '),
 ('120', 'extension', '0', 'en_us', ' jpg '),
 ('120', 'kind', '0', 'en_us', ' image '),
 ('120', 'slug', '0', 'en_us', ' comm arts design annual 2015 ttt spread '),
 ('120', 'title', '0', 'en_us', ' comm arts design annual 2015 ttt spread '),
 ('121', 'filename', '0', 'en_us', ' commarts_design annual 2015_972_501_90_c1 jpg '),
 ('121', 'extension', '0', 'en_us', ' jpg '),
 ('121', 'kind', '0', 'en_us', ' image '),
 ('121', 'slug', '0', 'en_us', ' comm arts design annual 2015 972 501 90 c1 '),
 ('121', 'title', '0', 'en_us', ' comm arts design annual 2015 972 501 90 c1 '),
 ('122', 'field', '55', 'en_us', ' ff7fc5 '),
 ('122', 'field', '56', 'en_us', ' comm arts design annual 2015 972 501 90 c1 '),
 ('122', 'field', '54', 'en_us', ' news '),
 ('122', 'field', '10', 'en_us', ' 000000 turnstyle principal and creative director steven watson was invited to serve as a juror for communication arts magazine s 56th annual design competition communication arts is a professional journal for designers art directors design firms corporate design departments agencies and everyone involved in visual communications the ca design annual published each september is one of the most respected competitions in our industry of the 4 083 entries to the 56th design annual only 153 were accepted representing the work of 141 designers design firms and in house design departments making the design annual the most exclusive major design competition in the world entries were selected on the basis of creative excellence and quality of execution vertical spacing 1 ffffff comm arts design annual 2015 ttt spread 50 vertical spacing 1 000000 steve screened entries along with five other jurors kelly bjork vsa partners dora drimalas hybrid design jay fletcher j fletcher deisgn jeffrey keyton mtv and jean coyne executive editor of communication arts magazine it was an honor to be asked to participate alongside such accomplished fellow jurors in the column that accompanies the design competition steve was asked for his point of view on the entries and the design trends they represent he replied that technology will continue to change how we consume media images and messages but the underlying principles of design will always be relevant in communicating effectively regardless of how the future evolves vertical spacing 1 '),
 ('122', 'slug', '0', 'en_us', ' turnstyle principal serves as juror for communication arts design annual '),
 ('122', 'title', '0', 'en_us', ' turnstyle principal serves as juror for communication arts design annual '),
 ('123', 'field', '25', 'en_us', ' turnstyle principal and creative director steven watson was invited to serve as a juror for communication arts magazine s 56th annual design competition communication arts is a professional journal for designers art directors design firms corporate design departments agencies and everyone involved in visual communications the ca design annual published each september is one of the most respected competitions in our industry of the 4 083 entries to the 56th design annual only 153 were accepted representing the work of 141 designers design firms and in house design departments making the design annual the most exclusive major design competition in the world entries were selected on the basis of creative excellence and quality of execution '),
 ('126', 'field', '25', 'en_us', ' steve screened entries along with five other jurors kelly bjork vsa partners dora drimalas hybrid design jay fletcher j fletcher deisgn jeffrey keyton mtv and jean coyne executive editor of communication arts magazine it was an honor to be asked to participate alongside such accomplished fellow jurors in the column that accompanies the design competition steve was asked for his point of view on the entries and the design trends they represent he replied that technology will continue to change how we consume media images and messages but the underlying principles of design will always be relevant in communicating effectively regardless of how the future evolves '),
 ('123', 'field', '26', 'en_us', ' vertical spacing 1 '),
 ('123', 'slug', '0', 'en_us', ''),
 ('124', 'field', '15', 'en_us', ' comm arts design annual 2015 ttt spread '),
 ('124', 'field', '16', 'en_us', ' vertical spacing 1 '),
 ('124', 'field', '17', 'en_us', ' ffffff '),
 ('124', 'slug', '0', 'en_us', ''),
 ('122', 'field', '48', 'en_us', ' ffae96 ffffff i wanna read more journal our journal '),
 ('125', 'field', '49', 'en_us', ''),
 ('125', 'field', '52', 'en_us', ' ffae96 '),
 ('125', 'field', '53', 'en_us', ' journal '),
 ('125', 'field', '50', 'en_us', ' i wanna read more '),
 ('125', 'field', '51', 'en_us', ' our journal '),
 ('125', 'slug', '0', 'en_us', ''),
 ('126', 'field', '26', 'en_us', ' vertical spacing 1 '),
 ('126', 'slug', '0', 'en_us', ''),
 ('122', 'field', '29', 'en_us', ' daff00 '),
 ('125', 'field', '57', 'en_us', ' ffffff '),
 ('127', 'slug', '0', 'en_us', ' new work '),
 ('127', 'title', '0', 'en_us', ' new work '),
 ('102', 'field', '57', 'en_us', ' efefef '),
 ('128', 'filename', '0', 'en_us', ' large image fpo 1 jpg '),
 ('128', 'extension', '0', 'en_us', ' jpg '),
 ('128', 'kind', '0', 'en_us', ' image '),
 ('128', 'slug', '0', 'en_us', ''),
 ('128', 'title', '0', 'en_us', ' large image fpo 1 '),
 ('129', 'field', '11', 'en_us', ' large image fpo 1 '),
 ('129', 'field', '12', 'en_us', ' full width '),
 ('129', 'field', '13', 'en_us', ' vertical spacing 0 '),
 ('129', 'slug', '0', 'en_us', ''),
 ('130', 'filename', '0', 'en_us', ' large image fpo 1_161017_202946 jpg '),
 ('130', 'extension', '0', 'en_us', ' jpg '),
 ('130', 'kind', '0', 'en_us', ' image '),
 ('130', 'slug', '0', 'en_us', ''),
 ('130', 'title', '0', 'en_us', ' large image fpo 1 161017 202946 '),
 ('131', 'field', '11', 'en_us', ' large image fpo 1 161017 202946 '),
 ('131', 'field', '12', 'en_us', ' full width '),
 ('131', 'field', '13', 'en_us', ' vertical spacing 0 '),
 ('131', 'slug', '0', 'en_us', ''),
 ('132', 'filename', '0', 'en_us', ' twoup fpo 1 jpg '),
 ('132', 'extension', '0', 'en_us', ' jpg '),
 ('132', 'kind', '0', 'en_us', ' image '),
 ('132', 'slug', '0', 'en_us', ' twoup fpo 1 '),
 ('132', 'title', '0', 'en_us', ' twoup fpo 1 '),
 ('133', 'field', '11', 'en_us', ' twoup fpo 1 '),
 ('133', 'field', '12', 'en_us', ' full width '),
 ('133', 'field', '13', 'en_us', ' vertical spacing 0 '),
 ('133', 'slug', '0', 'en_us', ''),
 ('31', 'field', '58', 'en_us', ' 50 '),
 ('32', 'field', '59', 'en_us', ' 50 '),
 ('32', 'field', '60', 'en_us', ' f5f5f5 ');
INSERT INTO `craft_searchindex` (`elementId`, `attribute`, `fieldId`, `locale`, `keywords`) VALUES
 ('38', 'field', '61', 'en_us', ' 0000ff '),
 ('134', 'field', '18', 'en_us', ' left '),
 ('134', 'field', '19', 'en_us', ' inset fpo 1 '),
 ('134', 'field', '59', 'en_us', ' 50 '),
 ('134', 'field', '20', 'en_us', ' subtitle donec id elit non mi porta gravida at eget metus fusce dapibus tellus ac cursus commodo tortor mauris condimentum nibh ut fermentum massa justo sit amet risus etiam porta sem malesuada magna mollis euismod lorem ipsum dolor sit '),
 ('134', 'field', '21', 'en_us', ' vertical spacing 1 '),
 ('134', 'field', '60', 'en_us', ' ffffff '),
 ('134', 'slug', '0', 'en_us', ''),
 ('135', 'filename', '0', 'en_us', ' oiselle thumbnail 1 jpg '),
 ('135', 'extension', '0', 'en_us', ' jpg '),
 ('135', 'kind', '0', 'en_us', ' image '),
 ('135', 'slug', '0', 'en_us', ' oiselle thumbnail 1 '),
 ('135', 'title', '0', 'en_us', ' oiselle thumbnail 1 '),
 ('136', 'filename', '0', 'en_us', ' oiselle kit 2 black jpg '),
 ('136', 'extension', '0', 'en_us', ' jpg '),
 ('136', 'kind', '0', 'en_us', ' image '),
 ('136', 'slug', '0', 'en_us', ' oiselle kit 2 black '),
 ('136', 'title', '0', 'en_us', ' oiselle kit 2 black '),
 ('137', 'field', '11', 'en_us', ' oiselle kit 2 black '),
 ('137', 'field', '12', 'en_us', ' framed '),
 ('137', 'field', '13', 'en_us', ' vertical spacing 0 '),
 ('137', 'slug', '0', 'en_us', ''),
 ('138', 'filename', '0', 'en_us', ' justin golmer promo 1 jpg '),
 ('138', 'extension', '0', 'en_us', ' jpg '),
 ('138', 'kind', '0', 'en_us', ' image '),
 ('138', 'slug', '0', 'en_us', ' justin golmer promo 1 '),
 ('138', 'title', '0', 'en_us', ' justin golmer promo 1 '),
 ('140', 'field', '11', 'en_us', ' oiselle kit 2 black '),
 ('140', 'field', '12', 'en_us', ' framed '),
 ('140', 'field', '13', 'en_us', ' vertical spacing 1 '),
 ('140', 'slug', '0', 'en_us', ''),
 ('141', 'field', '15', 'en_us', ' oiselle kit 2 black '),
 ('141', 'field', '58', 'en_us', ' 50 '),
 ('141', 'field', '16', 'en_us', ' vertical spacing 2 '),
 ('141', 'field', '17', 'en_us', ' 000000 '),
 ('141', 'slug', '0', 'en_us', ''),
 ('142', 'field', '18', 'en_us', ' right '),
 ('142', 'field', '19', 'en_us', ' oiselle kit 2 black '),
 ('142', 'field', '59', 'en_us', ' 100 '),
 ('142', 'field', '20', 'en_us', ' donec id elit non mi porta gravida at eget metus duis mollis est non commodo luctus nisi erat porttitor ligula eget lacinia odio sem nec elit maecenas sed diam eget risus varius blandit sit amet non magna morbi leo risus porta ac consectetur ac vestibulum at eros '),
 ('142', 'field', '21', 'en_us', ' vertical spacing 2 '),
 ('142', 'field', '60', 'en_us', ' afafaf '),
 ('142', 'slug', '0', 'en_us', ''),
 ('143', 'field', '22', 'en_us', ' oiselle kit 2 black '),
 ('143', 'field', '23', 'en_us', ' oiselle kit 2 black '),
 ('143', 'field', '24', 'en_us', ' vertical spacing 4 '),
 ('143', 'slug', '0', 'en_us', ''),
 ('144', 'field', '25', 'en_us', ' donec id elit non mi porta gravida at eget metus duis mollis est non commodo luctus nisi erat porttitor ligula eget lacinia odio sem nec elit maecenas sed diam eget risus varius blandit sit amet non magna morbi leo risus porta ac consectetur ac vestibulum at eros '),
 ('144', 'field', '26', 'en_us', ' vertical spacing 4 '),
 ('144', 'field', '61', 'en_us', ' efefef '),
 ('144', 'slug', '0', 'en_us', ''),
 ('145', 'field', '18', 'en_us', ' left '),
 ('145', 'field', '19', 'en_us', ' oiselle kit 2 black '),
 ('145', 'field', '59', 'en_us', ' 50 '),
 ('145', 'field', '20', 'en_us', ' donec id elit non mi porta gravida at eget metus duis mollis est non commodo luctus nisi erat porttitor ligula eget lacinia odio sem nec elit maecenas sed diam eget risus varius blandit sit amet non magna morbi leo risus porta ac consectetur ac vestibulum at eros '),
 ('145', 'field', '21', 'en_us', ' vertical spacing 2 '),
 ('145', 'field', '60', 'en_us', ' ff5822 '),
 ('145', 'slug', '0', 'en_us', ''),
 ('146', 'username', '0', 'en_us', ' mdiefenbach '),
 ('146', 'firstname', '0', 'en_us', ' matt '),
 ('146', 'lastname', '0', 'en_us', ' diefenbach '),
 ('146', 'fullname', '0', 'en_us', ' matt diefenbach '),
 ('146', 'email', '0', 'en_us', ' matt turnstylestudio com '),
 ('146', 'slug', '0', 'en_us', ''),
 ('147', 'username', '0', 'en_us', ' swatson '),
 ('147', 'firstname', '0', 'en_us', ' steve '),
 ('147', 'lastname', '0', 'en_us', ' watson '),
 ('147', 'fullname', '0', 'en_us', ' steve watson '),
 ('147', 'email', '0', 'en_us', ' steve turnstylestudio com '),
 ('147', 'slug', '0', 'en_us', ''),
 ('148', 'username', '0', 'en_us', ' rbaerwalde '),
 ('148', 'firstname', '0', 'en_us', ' regina '),
 ('148', 'lastname', '0', 'en_us', ' baerwalde '),
 ('148', 'fullname', '0', 'en_us', ' regina baerwalde '),
 ('148', 'email', '0', 'en_us', ' regina turnstylestudio com '),
 ('148', 'slug', '0', 'en_us', ''),
 ('149', 'username', '0', 'en_us', ' abaker '),
 ('149', 'firstname', '0', 'en_us', ' abbey '),
 ('149', 'lastname', '0', 'en_us', ' baker '),
 ('149', 'fullname', '0', 'en_us', ' abbey baker '),
 ('149', 'email', '0', 'en_us', ' abbey turnstylestudio com '),
 ('149', 'slug', '0', 'en_us', ''),
 ('150', 'username', '0', 'en_us', ' gsteider '),
 ('150', 'firstname', '0', 'en_us', ' garret '),
 ('150', 'lastname', '0', 'en_us', ' steider '),
 ('150', 'fullname', '0', 'en_us', ' garret steider '),
 ('150', 'email', '0', 'en_us', ' garret turnstylestudio com '),
 ('150', 'slug', '0', 'en_us', ''),
 ('151', 'username', '0', 'en_us', ' rbennett '),
 ('151', 'firstname', '0', 'en_us', ' robert '),
 ('151', 'lastname', '0', 'en_us', ' bennett '),
 ('151', 'fullname', '0', 'en_us', ' robert bennett '),
 ('151', 'email', '0', 'en_us', ' robert turnstylestudio com '),
 ('151', 'slug', '0', 'en_us', ''),
 ('152', 'username', '0', 'en_us', ' jgomez '),
 ('152', 'firstname', '0', 'en_us', ' jason '),
 ('152', 'lastname', '0', 'en_us', ' gomez '),
 ('152', 'fullname', '0', 'en_us', ' jason gomez '),
 ('152', 'email', '0', 'en_us', ' jason turnstylestudio com '),
 ('152', 'slug', '0', 'en_us', '');
INSERT INTO `craft_searchindex` (`elementId`, `attribute`, `fieldId`, `locale`, `keywords`) VALUES
 ('153', 'filename', '0', 'en_us', ' 090716_sea_cottoncandy_med_rinnzimd gif '),
 ('153', 'extension', '0', 'en_us', ' gif '),
 ('153', 'kind', '0', 'en_us', ' image '),
 ('153', 'slug', '0', 'en_us', ''),
 ('153', 'title', '0', 'en_us', ' 090716 sea cottoncandy med rinnzimd '),
 ('154', 'filename', '0', 'en_us', ' t 01 gif '),
 ('154', 'extension', '0', 'en_us', ' gif '),
 ('154', 'kind', '0', 'en_us', ' image '),
 ('154', 'slug', '0', 'en_us', ' t 01 '),
 ('154', 'title', '0', 'en_us', ' t 01 '),
 ('166', 'kind', '0', 'en_us', ' image '),
 ('166', 'slug', '0', 'en_us', ' mg 6666 edit 800 '),
 ('166', 'title', '0', 'en_us', ' mg 6666 edit 800 '),
 ('166', 'extension', '0', 'en_us', ' jpg '),
 ('166', 'filename', '0', 'en_us', ' mg_6666 edit 800 jpg '),
 ('167', 'filename', '0', 'en_us', ' 1200x900 jpg '),
 ('167', 'extension', '0', 'en_us', ' jpg '),
 ('167', 'kind', '0', 'en_us', ' image '),
 ('167', 'slug', '0', 'en_us', ''),
 ('167', 'title', '0', 'en_us', ' 1200x900 '),
 ('168', 'filename', '0', 'en_us', ' 1200x1200 jpg '),
 ('168', 'extension', '0', 'en_us', ' jpg '),
 ('168', 'kind', '0', 'en_us', ' image '),
 ('168', 'slug', '0', 'en_us', ''),
 ('168', 'title', '0', 'en_us', ' 1200x1200 '),
 ('169', 'filename', '0', 'en_us', ' 1200x1800 jpg '),
 ('169', 'extension', '0', 'en_us', ' jpg '),
 ('169', 'kind', '0', 'en_us', ' image '),
 ('169', 'slug', '0', 'en_us', ''),
 ('169', 'title', '0', 'en_us', ' 1200x1800 '),
 ('122', 'field', '4', 'en_us', ' 000000 '),
 ('122', 'field', '5', 'en_us', ' 1200x1200 '),
 ('170', 'filename', '0', 'en_us', ' 1200x900 jpg '),
 ('170', 'extension', '0', 'en_us', ' jpg '),
 ('170', 'kind', '0', 'en_us', ' image '),
 ('170', 'slug', '0', 'en_us', ' 1200x900 '),
 ('170', 'title', '0', 'en_us', ' 1200x900 '),
 ('171', 'filename', '0', 'en_us', ' 1200x1800 jpg '),
 ('171', 'extension', '0', 'en_us', ' jpg '),
 ('171', 'kind', '0', 'en_us', ' image '),
 ('171', 'slug', '0', 'en_us', ''),
 ('171', 'title', '0', 'en_us', ' 1200x1800 '),
 ('172', 'filename', '0', 'en_us', ' 2400x1800 jpg '),
 ('172', 'extension', '0', 'en_us', ' jpg '),
 ('172', 'kind', '0', 'en_us', ' image '),
 ('172', 'slug', '0', 'en_us', ' 2400x1800 '),
 ('172', 'title', '0', 'en_us', ' 2400x1800 '),
 ('122', 'field', '7', 'en_us', ' 2400x1800 '),
 ('123', 'field', '61', 'en_us', ' 000000 '),
 ('124', 'field', '58', 'en_us', ' 50 '),
 ('126', 'field', '61', 'en_us', ' 000000 '),
 ('173', 'filename', '0', 'en_us', ' 2400x1800 jpg '),
 ('173', 'extension', '0', 'en_us', ' jpg '),
 ('173', 'kind', '0', 'en_us', ' image '),
 ('173', 'slug', '0', 'en_us', ' 2400x1800 '),
 ('173', 'title', '0', 'en_us', ' 2400x1800 '),
 ('118', 'field', '7', 'en_us', ' 2400x1800 '),
 ('118', 'field', '5', 'en_us', ' 1200x900 '),
 ('118', 'field', '29', 'en_us', ' 000000 '),
 ('118', 'field', '4', 'en_us', ' 000000 '),
 ('118', 'field', '48', 'en_us', ''),
 ('119', 'field', '61', 'en_us', ' 000000 '),
 ('174', 'filename', '0', 'en_us', ' 2400x1800 jpg '),
 ('174', 'extension', '0', 'en_us', ' jpg '),
 ('174', 'kind', '0', 'en_us', ' image '),
 ('174', 'slug', '0', 'en_us', ' 2400x1800 '),
 ('174', 'title', '0', 'en_us', ' 2400x1800 '),
 ('112', 'field', '7', 'en_us', ' 2400x1800 '),
 ('112', 'field', '5', 'en_us', ' 1200x1800 '),
 ('112', 'field', '29', 'en_us', ' 000000 '),
 ('112', 'field', '4', 'en_us', ' 000000 '),
 ('112', 'field', '48', 'en_us', ''),
 ('115', 'field', '61', 'en_us', ' 000000 '),
 ('175', 'filename', '0', 'en_us', ' large image fpo 1 jpg '),
 ('175', 'extension', '0', 'en_us', ' jpg '),
 ('175', 'kind', '0', 'en_us', ' image '),
 ('175', 'slug', '0', 'en_us', ' large image fpo 1 '),
 ('175', 'title', '0', 'en_us', ' large image fpo 1 ');



DROP TABLE IF EXISTS `craft_sections`;


--
-- Schema for table `craft_sections`
--
CREATE TABLE `craft_sections` (
  `id` int(11) NOT NULL AUTO_INCREMENT,
  `structureId` int(11) DEFAULT NULL,
  `name` varchar(255) COLLATE utf8_unicode_ci NOT NULL,
  `handle` varchar(255) COLLATE utf8_unicode_ci NOT NULL,
  `type` enum('single','channel','structure') COLLATE utf8_unicode_ci NOT NULL DEFAULT 'channel',
  `hasUrls` tinyint(1) unsigned NOT NULL DEFAULT '1',
  `template` varchar(500) COLLATE utf8_unicode_ci DEFAULT NULL,
  `enableVersioning` tinyint(1) unsigned NOT NULL DEFAULT '0',
  `dateCreated` datetime NOT NULL,
  `dateUpdated` datetime NOT NULL,
  `uid` char(36) COLLATE utf8_unicode_ci NOT NULL DEFAULT '0',
  PRIMARY KEY (`id`),
  UNIQUE KEY `craft_sections_name_unq_idx` (`name`),
  UNIQUE KEY `craft_sections_handle_unq_idx` (`handle`),
  KEY `craft_sections_structureId_fk` (`structureId`)
) ENGINE=InnoDB AUTO_INCREMENT=11 DEFAULT CHARSET=utf8 COLLATE=utf8_unicode_ci;

--
-- Data for table `craft_sections`
--

INSERT INTO `craft_sections` (`id`, `structureId`, `name`, `handle`, `type`, `hasUrls`, `template`, `enableVersioning`, `dateCreated`, `dateUpdated`, `uid`) VALUES
 ('1', NULL, 'Homepage', 'homepage', 'single', '1', 'index', '1', '2016-10-07 18:01:54', '2016-10-07 18:01:54', '25a619cc-2363-4a08-93be-71406eb50082'),
 ('2', NULL, 'Journal Articles', 'journalArticles', 'channel', '1', 'journal/_entry', '1', '2016-10-07 18:01:54', '2016-10-18 23:48:29', '771d1f91-69cf-47d3-b4a8-91f50e99f0d3'),
 ('3', NULL, 'Work Articles', 'workArticles', 'channel', '1', 'work/_entry', '1', '2016-10-13 20:24:33', '2016-10-17 20:30:40', '20f9d772-4af1-42e8-b521-ee05ab6485d1'),
 ('4', NULL, 'Work', 'work', 'single', '1', 'work', '1', '2016-10-13 20:24:42', '2016-10-13 20:24:42', '2de180bf-7f92-464c-adfc-3b6427ae8cf3'),
 ('5', NULL, 'Contact', 'contact', 'single', '1', 'contact', '1', '2016-10-18 23:43:07', '2016-10-18 23:43:07', '8eb6b746-1371-48a3-b530-ec283137e7cf'),
 ('6', NULL, 'Journal', 'journal', 'single', '1', 'journal', '1', '2016-10-18 23:48:41', '2016-10-18 23:48:41', '993eb221-032d-4b08-9825-46b6aaf2f0cd'),
 ('7', '2', 'Offerings', 'offerings', 'structure', '1', 'offerings/', '1', '2016-11-01 18:30:53', '2016-11-02 23:29:51', 'dbeac5c9-60a0-421b-83a2-8d34791d62e2'),
 ('8', NULL, 'Team', 'team', 'channel', '0', NULL, '1', '2016-11-01 21:39:53', '2016-11-01 21:39:53', '10d4b46a-5ccf-43d4-988c-9292805fbe6a'),
 ('9', NULL, 'Adjectives', 'adjectives', 'channel', '0', NULL, '1', '2016-11-01 22:53:15', '2016-11-01 22:53:15', '51c9896c-6070-40e0-9e58-8475e81a40f6'),
 ('10', NULL, 'Studio', 'studio', 'single', '1', 'studio', '1', '2016-11-02 23:30:00', '2016-11-02 23:39:14', '1cdb8065-a7b9-41d7-8e49-d13321b77aa9');



DROP TABLE IF EXISTS `craft_sections_i18n`;


--
-- Schema for table `craft_sections_i18n`
--
CREATE TABLE `craft_sections_i18n` (
  `id` int(11) NOT NULL AUTO_INCREMENT,
  `sectionId` int(11) NOT NULL,
  `locale` char(12) COLLATE utf8_unicode_ci NOT NULL,
  `enabledByDefault` tinyint(1) unsigned NOT NULL DEFAULT '1',
  `urlFormat` text COLLATE utf8_unicode_ci,
  `nestedUrlFormat` text COLLATE utf8_unicode_ci,
  `dateCreated` datetime NOT NULL,
  `dateUpdated` datetime NOT NULL,
  `uid` char(36) COLLATE utf8_unicode_ci NOT NULL DEFAULT '0',
  PRIMARY KEY (`id`),
  UNIQUE KEY `craft_sections_i18n_sectionId_locale_unq_idx` (`sectionId`,`locale`),
  KEY `craft_sections_i18n_locale_fk` (`locale`)
) ENGINE=InnoDB AUTO_INCREMENT=11 DEFAULT CHARSET=utf8 COLLATE=utf8_unicode_ci;

--
-- Data for table `craft_sections_i18n`
--

INSERT INTO `craft_sections_i18n` (`id`, `sectionId`, `locale`, `enabledByDefault`, `urlFormat`, `nestedUrlFormat`, `dateCreated`, `dateUpdated`, `uid`) VALUES
 ('1', '1', 'en_us', '1', '__home__', NULL, '2016-10-07 18:01:54', '2016-10-07 18:01:54', 'a415ebb2-c7a7-4410-a640-dbd0e5ad0383'),
 ('2', '2', 'en_us', '1', 'journal/{slug}', NULL, '2016-10-07 18:01:54', '2016-10-18 23:48:08', '3b796d59-27b0-4239-b034-b11cff2a0763'),
 ('3', '3', 'en_us', '1', 'work/{slug}', NULL, '2016-10-13 20:24:33', '2016-10-17 17:57:32', '511133b0-1337-49dc-8ff6-c107588a4241'),
 ('4', '4', 'en_us', '1', 'work', NULL, '2016-10-13 20:24:42', '2016-10-13 20:24:42', 'c54fbc59-32bb-4444-a0ce-567f65198e6f'),
 ('5', '5', 'en_us', '1', 'contact', NULL, '2016-10-18 23:43:07', '2016-10-18 23:43:07', '397f3691-f122-4d33-89dc-fc00411245b8'),
 ('6', '6', 'en_us', '1', 'journal', NULL, '2016-10-18 23:48:41', '2016-10-18 23:48:41', '9d4a1aa8-901a-4083-9b69-9d1388c4b611'),
 ('7', '7', 'en_us', '1', '{slug}', '{parent.uri}/{slug}', '2016-11-01 18:30:53', '2016-11-02 17:45:45', 'b5d2202e-d66a-4cba-bd19-e6c1c128d1d1'),
 ('8', '8', 'en_us', '1', NULL, NULL, '2016-11-01 21:39:53', '2016-11-01 21:39:53', '1339f628-84cc-41be-a3ea-7c770d2877f2'),
 ('9', '9', 'en_us', '1', NULL, NULL, '2016-11-01 22:53:15', '2016-11-01 22:53:15', 'c822a7bf-8255-4eb1-979a-e4eadffe2d4a'),
 ('10', '10', 'en_us', '1', 'overview', NULL, '2016-11-02 23:30:00', '2016-11-02 23:39:14', '7d6a832b-f194-402f-88e6-5b22cd9a6264');



DROP TABLE IF EXISTS `craft_sessions`;


--
-- Schema for table `craft_sessions`
--
CREATE TABLE `craft_sessions` (
  `id` int(11) NOT NULL AUTO_INCREMENT,
  `userId` int(11) NOT NULL,
  `token` char(100) COLLATE utf8_unicode_ci NOT NULL,
  `dateCreated` datetime NOT NULL,
  `dateUpdated` datetime NOT NULL,
  `uid` char(36) COLLATE utf8_unicode_ci NOT NULL DEFAULT '0',
  PRIMARY KEY (`id`),
  KEY `craft_sessions_uid_idx` (`uid`),
  KEY `craft_sessions_token_idx` (`token`),
  KEY `craft_sessions_dateUpdated_idx` (`dateUpdated`),
  KEY `craft_sessions_userId_fk` (`userId`)
) ENGINE=InnoDB AUTO_INCREMENT=65 DEFAULT CHARSET=utf8 COLLATE=utf8_unicode_ci;

--
-- Data for table `craft_sessions`
--

INSERT INTO `craft_sessions` (`id`, `userId`, `token`, `dateCreated`, `dateUpdated`, `uid`) VALUES
 ('1', '1', 'c14f7dd13d3dfa9dc2c2ec71cfb3fe6d8ec12bb8czozMjoiOVVfdXZTaXZNV3NWeTBmMG5hODBLTHBZNlM4VjQ1TVoiOw==', '2016-10-07 18:01:54', '2016-10-07 18:01:54', '55cea4f8-98be-4b10-ba25-c8ed95062590'),
 ('10', '1', '3a40b8b98e7fe6f491a6876b79d45384ddcbb977czozMjoibEJlejdndVNBNEpBcUhqVEFhOWR6d3dLZGFsNV9aaTEiOw==', '2016-10-13 23:25:33', '2016-10-13 23:25:33', 'da25ce8c-4aa7-464a-a635-a15c30a85b97'),
 ('11', '1', '677ff72c3021330285f632b3d082ba8a61a9d97eczozMjoiVTJiTjNDY01DOU0yeHZFNnpQMnMzZGN2bE1kbWJlbUciOw==', '2016-10-17 17:57:16', '2016-10-17 17:57:16', 'fce55c9d-7565-4bc1-a423-535b66c119dd'),
 ('25', '1', '608b3a3b09f2ce56e630dba58edb89ea9e0dcba9czozMjoidHJGUnY5flFvb3J1V3hGSFNUcFNRcmdyU3QxT05UQmUiOw==', '2016-10-17 23:41:17', '2016-10-17 23:41:17', 'c541497c-aaa9-42f4-9fd6-e8a739185868'),
 ('26', '1', '746010cf44648c3ec3013a965675e054d39e051bczozMjoiWURWTHBwNFpUMnpuOHFITXY5a1BWc1BkVVRIUFdYclkiOw==', '2016-10-18 16:35:47', '2016-10-18 16:35:47', 'cdf4d05b-6f25-4081-a131-3fe39a45ea0d'),
 ('27', '1', 'a18d1caf8eca18ecc6e9a854a1cc2df90dc7e75aczozMjoiQ1hBUlpSb2g2U1loVXA2X3kyTTdGYXlwZGZDTk9aR1UiOw==', '2016-10-18 23:42:53', '2016-10-18 23:42:53', 'b8b9c66a-b2c0-46d4-a2b8-1cb561c0ed1e'),
 ('28', '1', 'fb71863958f17a0f6ae53d5bbc3efb345e421479czozMjoiQzl3NnRTUWlCeXREem54cmZMUXprUXpCcnU2VUFKYmEiOw==', '2016-10-19 17:16:14', '2016-10-19 17:16:14', '8d45dd01-ae06-4f1c-ba29-1603907e7870'),
 ('30', '47', 'fd19fed92e77e15e86c1dac205afb1dced22cb84czozMjoiSnlLRXpWNUpqU2I2YTM5OEQ4YlBldkoxVU9uRn43Rm0iOw==', '2016-10-20 21:25:37', '2016-10-20 21:25:37', '7f40ef4a-c8e1-4947-b52a-4b66ea80b4be'),
 ('31', '1', '445bc9368cbb5b14ada2c03dfa0db43f1d081739czozMjoiRlJ2THlZcDh2bXNjMmR5bFVzUmV6STI4cTJCaHFORFAiOw==', '2016-10-20 22:31:15', '2016-10-20 22:31:15', '540da430-ed7e-4c7e-b767-4ab6432ea3c9'),
 ('32', '1', '4acd9dcfe647ae379165a2512d6657c4d10df174czozMjoiU1lXTTFLOHJFdmpHNmM2RjZJSGRtNVV5cXY4elNrOEciOw==', '2016-11-01 20:24:47', '2016-11-01 20:24:47', '2123ca60-9be1-4d1f-b0e3-e6eec1592f08'),
 ('35', '46', 'fe9894ff7488678bc64fdad902c5886ded94fe05czozMjoiVHZFM3ZNWGYwNUpYOWUyOE53dWlHdER4NFRNUldza08iOw==', '2016-11-10 17:48:01', '2016-11-10 17:48:01', 'f591f801-edc8-4f72-9509-b28cc9cd60b9'),
 ('36', '46', 'dccbdd98cfab0df2e123ab4f23e581c18e5628beczozMjoiV1YxSkF+SUxXX1J5SWw0VkJIYWRoUThTVTdnV3RBUEYiOw==', '2016-11-11 18:51:11', '2016-11-11 18:51:11', '91610bcc-f6f0-4531-8915-125880bd6b71'),
 ('37', '1', '3adf48f314b2c23aaf7519370196e6d3273fed0bczozMjoib0F1YnhPWXBZcVVnVXh1MTdZdG9iSE5qd0xlUmdkMksiOw==', '2016-11-11 19:37:01', '2016-11-11 19:37:01', 'b9c27e05-98f2-4a30-9c46-7b448a10422c'),
 ('38', '46', '511d157d9e7feeaf0c666d19f62284187ee17511czozMjoiMjVZY2Y3MDk3QVZFdm5rRjlQcXN1RmdLNFNESkFfbzYiOw==', '2016-11-11 21:14:43', '2016-11-11 21:14:43', '051018a8-5360-48c7-aa54-85ee7ee822d8'),
 ('39', '1', '0ca7d1a06b9d8770166fab4e1c24e77185c25087czozMjoiWmppVkN0MjhsNFdCbUR0bU5INnNMYUdzNTRtaW5ZMDMiOw==', '2016-11-11 22:55:39', '2016-11-11 22:55:39', '2ba24765-c0d4-4100-b517-99fae7a30d87'),
 ('40', '46', '7ef0a243ce01b830af0564a6239e8b744e757aebczozMjoiSUZ2a1FtRHhTQ2FnTGVkSmVjSWlNR3B4aEd6eldxVTgiOw==', '2016-11-11 23:41:00', '2016-11-11 23:41:00', 'd599bcc3-e417-4223-b111-d31ead627a95'),
 ('42', '1', 'd7217b39c28ced5ae0b8b2caf8e111b2074e5fd3czozMjoiZnhubTI0SHdGfjhkNWxGVG81T2tZM0MxTW5ITn5Ca3kiOw==', '2016-11-14 19:58:18', '2016-11-14 19:58:18', 'c9fa6b69-232f-4c75-87b5-06e4fc7dafb2'),
 ('43', '1', '71e883b9acdd8fb441639160faf05cd66f602774czozMjoicHUzb3dtX1NGfkkxOWx6NzdkdFhTSldScGYzSjJEfjAiOw==', '2016-11-14 22:56:14', '2016-11-14 22:56:14', '8c1f59d3-9001-4bfd-96b2-e3102e982836'),
 ('45', '1', 'e44b91efcc6652f6d6ddf989c2ed12f179ddf305czozMjoidWE0ekVSSzc2RHZiVmh4ZFdJZ2JfMzNfa3p4WH5GM3ciOw==', '2016-11-15 18:34:18', '2016-11-15 18:34:18', '40a81518-0cbb-43b8-9cfc-a09575ee7395'),
 ('46', '1', 'c5251b41e5dc7808da75652e2eaa78b6f654ab9dczozMjoic3BjNmxXbHJ+cm5XX1c2bFBYbH5YeHVyR0t5VnVyYWoiOw==', '2016-11-15 23:10:07', '2016-11-15 23:10:07', '245c9c25-aba6-4d42-8a4a-cf31d40568d4'),
 ('47', '46', 'ab85203f2a47a4dc010911b4901f12c09624ad06czozMjoieVdOMWphMWdMUkR+VTdxY3FWbndqNHdwM2JCaUk0cW0iOw==', '2016-11-15 23:28:12', '2016-11-15 23:28:12', '6d72624e-5293-44f0-b9c5-1f65281b7fe1'),
 ('48', '1', '8c0faaa2b6618a0c4052d5cc9b03b73d4c0e1b7bczozMjoiRUEwVXl1b0RYdlJXa1loOGZidGVRTUJUQzVhRmZDOTMiOw==', '2016-11-16 18:12:53', '2016-11-16 18:12:53', '3fce4a57-20ba-471e-8456-25ab1170eac6'),
 ('50', '152', '34702c509146d16641675ec0f63c97f1f26f0fedczozMjoiNFNXcGNNWDA1Yzh4Wm1uS1J6bU9LWlViT1pCVjg2VFQiOw==', '2016-11-17 17:52:18', '2016-11-17 17:52:18', '680cd6d8-3fa4-463d-a5a1-4f846f3cf37c'),
 ('51', '151', '8c6bd5cc993c483e0854ee97b06da87e62a2b877czozMjoiTjlxZFVFX1l6YXV4WXFlT3NNZW1hbjF4NnZlZ355bFkiOw==', '2016-11-17 18:00:28', '2016-11-17 18:00:28', 'adbb12fa-3121-43e6-8adc-0bb0beb24597'),
 ('53', '150', '272f4f3438c9494c9239717fe0f02f5dd29b2127czozMjoiNlJHaEdqbEY4ZU01aWttX1B2NkFnejI5WW5jOWl2MjciOw==', '2016-11-17 18:07:07', '2016-11-17 18:07:07', '75f3b672-cfbf-4780-be20-3662e39470ed'),
 ('54', '148', 'acf17428b6760b65c0cd5a45556a932fb1a84b70czozMjoiNTZJM040SklEbWRaM2JOQ2FnUWtCb0UyS0lNN1kycmkiOw==', '2016-11-17 18:43:23', '2016-11-17 18:43:23', '03e19bad-0c0c-4772-a9cc-712b973c172e'),
 ('55', '46', '6219a567e68ede01af7e4513a8c5402bcc891992czozMjoicGJIVkkwRVZ3U2xFMFZXdTg4RVFmZGhFSlAxbGJraEMiOw==', '2016-11-17 19:19:13', '2016-11-17 19:19:13', '693c2049-aaf1-486d-bc03-57f6f04a2f81'),
 ('56', '146', '3310916ae451989e9ffddbcaeac2f6a575c33b7dczozMjoibWYxSHhZU0JYc2NTWXZlejBORDN1cEJDeV9MamRmWUEiOw==', '2016-11-17 20:07:51', '2016-11-17 20:07:51', '19bacfb3-fa39-4ae2-a4b5-0fca07f5ab39'),
 ('57', '147', '7ecafa2aa4a4b0b589f8eef91c18619cfa9c111fczozMjoieE84MUU3OX5ueFlWdEI0TXFjbV9tNTN2N1lJQWN1MjkiOw==', '2016-11-17 21:01:12', '2016-11-17 21:01:12', 'e6650c0e-3eba-464e-bc5a-08422d0b6b49'),
 ('58', '152', '5982d47e8296acafb6db44c431ffe226dc4b57caczozMjoiV3paM0YwSnRvVUN0RTVHQmg2ZE14NHVSTHpPdTM2UzgiOw==', '2016-11-18 22:41:17', '2016-11-18 22:41:17', '563d93f8-c6cc-4438-bce0-6f0c23b98290'),
 ('59', '149', 'b6950bb9a6a9bef164f6c84e1eb519abd844fbc0czozMjoidzNJVWF6UHR2bkhCV09VRm8zbDl5ZzdsdVd5T0M4OG8iOw==', '2016-11-18 22:48:43', '2016-11-18 22:48:43', 'ffd66ec1-1aa6-44db-8e1c-d5eb9cbc24e2'),
 ('60', '46', '201d7f267efab0cbda9891de9799223f8f32592bczozMjoielpDTWpyaDBkTjkwMDl6Zm53MlJ1S0dvRTU5cVdneGwiOw==', '2016-11-18 23:49:00', '2016-11-18 23:49:00', '2f66626e-1a9e-4f04-bcf6-7e00a17e2b2a'),
 ('61', '46', '767e4a7ff97322b761b5551964ace645e5d308feczozMjoiTWZCWVpRRG1uV0RDTk1TY3lfVzk2YXNnV1N4TkRPNDMiOw==', '2016-11-21 20:17:23', '2016-11-21 20:17:23', '7c3e38de-0d5b-4e41-b050-293ed644ec67'),
 ('62', '46', '5ac09ce28352cf6106bdb34a6ef7b5d128bd8653czozMjoiYzgxODZwVnRQVUd5WW1fSUNGb3RxRTRNS1VmYWN3ZjIiOw==', '2016-11-22 19:31:00', '2016-11-22 21:08:10', 'b3b39b12-2223-43cc-af20-0e1da6950f12'),
 ('63', '1', '6538967516ff85996e1a359bd4540f38cf76b559czozMjoiaEhCQVA0UG5pTF92aHlmdzlUQ0c1VVVNMXlYSHZudzMiOw==', '2016-11-22 21:31:35', '2016-11-22 21:31:35', '4815b33d-212a-4da6-afc9-5b75c1708cdb'),
 ('64', '1', 'f8d147ed36c0459ed3007fa476498c566ba7e1c8czozMjoiaEwyVWRndH5pV21jOFdhfmo3UFRQcG05M295czNIbEwiOw==', '2016-11-22 22:12:31', '2016-11-22 22:12:31', 'b789603b-1341-49f4-9f8e-c2a078931deb');



DROP TABLE IF EXISTS `craft_shunnedmessages`;


--
-- Schema for table `craft_shunnedmessages`
--
CREATE TABLE `craft_shunnedmessages` (
  `id` int(11) NOT NULL AUTO_INCREMENT,
  `userId` int(11) NOT NULL,
  `message` varchar(255) COLLATE utf8_unicode_ci NOT NULL,
  `expiryDate` datetime DEFAULT NULL,
  `dateCreated` datetime NOT NULL,
  `dateUpdated` datetime NOT NULL,
  `uid` char(36) COLLATE utf8_unicode_ci NOT NULL DEFAULT '0',
  PRIMARY KEY (`id`),
  UNIQUE KEY `craft_shunnedmessages_userId_message_unq_idx` (`userId`,`message`)
) ENGINE=InnoDB DEFAULT CHARSET=utf8 COLLATE=utf8_unicode_ci;

DROP TABLE IF EXISTS `craft_structureelements`;


--
-- Schema for table `craft_structureelements`
--
CREATE TABLE `craft_structureelements` (
  `id` int(11) NOT NULL AUTO_INCREMENT,
  `structureId` int(11) NOT NULL,
  `elementId` int(11) DEFAULT NULL,
  `root` int(11) unsigned DEFAULT NULL,
  `lft` int(11) unsigned NOT NULL,
  `rgt` int(11) unsigned NOT NULL,
  `level` smallint(6) unsigned NOT NULL,
  `dateCreated` datetime NOT NULL,
  `dateUpdated` datetime NOT NULL,
  `uid` char(36) COLLATE utf8_unicode_ci NOT NULL DEFAULT '0',
  PRIMARY KEY (`id`),
  UNIQUE KEY `craft_structureelements_structureId_elementId_unq_idx` (`structureId`,`elementId`),
  KEY `craft_structureelements_root_idx` (`root`),
  KEY `craft_structureelements_lft_idx` (`lft`),
  KEY `craft_structureelements_rgt_idx` (`rgt`),
  KEY `craft_structureelements_level_idx` (`level`),
  KEY `craft_structureelements_elementId_fk` (`elementId`)
) ENGINE=InnoDB AUTO_INCREMENT=17 DEFAULT CHARSET=utf8 COLLATE=utf8_unicode_ci;

--
-- Data for table `craft_structureelements`
--

INSERT INTO `craft_structureelements` (`id`, `structureId`, `elementId`, `root`, `lft`, `rgt`, `level`, `dateCreated`, `dateUpdated`, `uid`) VALUES
 ('1', '1', NULL, '1', '1', '14', '0', '2016-10-13 20:36:24', '2016-10-13 20:36:24', '1124c88c-05c0-40a3-b1e3-2d34666c78b6'),
 ('2', '1', '9', '1', '2', '3', '1', '2016-10-13 20:36:24', '2016-10-13 20:36:24', '9cbdcb91-7129-468b-b3fa-deb5760e6797'),
 ('3', '1', '10', '1', '4', '5', '1', '2016-10-13 20:36:32', '2016-10-13 20:36:32', 'bab5bb1c-67b7-4d69-af38-3038c870612d'),
 ('4', '1', '11', '1', '6', '7', '1', '2016-10-13 20:36:44', '2016-10-13 20:36:44', 'cb62cb6a-32ee-4d03-a204-93838b8fa366'),
 ('5', '1', '12', '1', '8', '9', '1', '2016-10-13 20:36:54', '2016-10-13 20:36:54', 'f7d810fc-8489-4938-a8b7-1b0f5e8a0bc5'),
 ('6', '1', '13', '1', '10', '11', '1', '2016-10-13 20:37:02', '2016-10-13 20:37:02', '8aa6960f-ceb0-4444-b7b5-adecb356097e'),
 ('7', '1', '14', '1', '12', '13', '1', '2016-10-13 20:37:10', '2016-10-13 20:37:10', '336bca94-501f-4b89-a5ba-04e149d29690'),
 ('8', '2', NULL, '8', '1', '6', '0', '2016-11-01 18:31:05', '2016-11-01 18:31:05', '60f34995-147f-4b6e-9536-97c5cd1ef842'),
 ('10', '2', '55', '8', '2', '3', '1', '2016-11-01 18:31:38', '2016-11-01 18:31:38', '31bf1c59-c444-4386-9097-dfc8beda8eae'),
 ('11', '2', '56', '8', '4', '5', '1', '2016-11-01 18:31:47', '2016-11-01 18:31:47', '985a473b-9cfb-40df-a77a-93856cfdb759'),
 ('12', '3', NULL, '12', '1', '10', '0', '2016-11-03 21:09:22', '2016-11-03 21:09:22', '096eea13-85a6-4e03-ad2c-646ef4319f9e'),
 ('13', '3', '109', '12', '2', '3', '1', '2016-11-03 21:09:22', '2016-11-03 21:09:22', 'ece76d52-8c9a-4a89-912b-78e6e45a8938'),
 ('14', '3', '110', '12', '4', '5', '1', '2016-11-03 21:09:33', '2016-11-03 21:09:33', '370552c4-ecb2-482c-a6bd-153d5453e897'),
 ('15', '3', '111', '12', '6', '7', '1', '2016-11-03 21:09:48', '2016-11-03 21:09:48', '74b182cf-a1e2-41a8-8c44-250c85527a78'),
 ('16', '3', '127', '12', '8', '9', '1', '2016-11-11 19:45:22', '2016-11-11 19:45:22', '349279d8-f3f2-4225-aa71-89a29689a249');



DROP TABLE IF EXISTS `craft_structures`;


--
-- Schema for table `craft_structures`
--
CREATE TABLE `craft_structures` (
  `id` int(11) NOT NULL AUTO_INCREMENT,
  `maxLevels` smallint(6) unsigned DEFAULT NULL,
  `dateCreated` datetime NOT NULL,
  `dateUpdated` datetime NOT NULL,
  `uid` char(36) COLLATE utf8_unicode_ci NOT NULL DEFAULT '0',
  PRIMARY KEY (`id`)
) ENGINE=InnoDB AUTO_INCREMENT=4 DEFAULT CHARSET=utf8 COLLATE=utf8_unicode_ci;

--
-- Data for table `craft_structures`
--

INSERT INTO `craft_structures` (`id`, `maxLevels`, `dateCreated`, `dateUpdated`, `uid`) VALUES
 ('1', NULL, '2016-10-13 20:36:13', '2016-10-13 21:56:23', '3311a35f-5028-453b-9b78-b0f78d69433d'),
 ('2', NULL, '2016-11-01 18:30:53', '2016-11-02 23:29:51', '992b30df-ff03-4923-a967-78b0f912c09d'),
 ('3', NULL, '2016-11-03 21:08:43', '2016-11-03 22:10:44', '9bee82eb-b916-40cf-99c4-349f8b1b65d2');



DROP TABLE IF EXISTS `craft_supertableblocks`;


--
-- Schema for table `craft_supertableblocks`
--
CREATE TABLE `craft_supertableblocks` (
  `id` int(11) NOT NULL,
  `ownerId` int(11) NOT NULL,
  `fieldId` int(11) NOT NULL,
  `typeId` int(11) DEFAULT NULL,
  `sortOrder` smallint(6) unsigned DEFAULT NULL,
  `ownerLocale` char(12) COLLATE utf8_unicode_ci DEFAULT NULL,
  `dateCreated` datetime NOT NULL,
  `dateUpdated` datetime NOT NULL,
  `uid` char(36) COLLATE utf8_unicode_ci NOT NULL DEFAULT '0',
  PRIMARY KEY (`id`),
  KEY `craft_supertableblocks_ownerId_idx` (`ownerId`),
  KEY `craft_supertableblocks_fieldId_idx` (`fieldId`),
  KEY `craft_supertableblocks_typeId_idx` (`typeId`),
  KEY `craft_supertableblocks_sortOrder_idx` (`sortOrder`),
  KEY `craft_supertableblocks_ownerLocale_fk` (`ownerLocale`)
) ENGINE=InnoDB DEFAULT CHARSET=utf8 COLLATE=utf8_unicode_ci;

--
-- Data for table `craft_supertableblocks`
--

INSERT INTO `craft_supertableblocks` (`id`, `ownerId`, `fieldId`, `typeId`, `sortOrder`, `ownerLocale`, `dateCreated`, `dateUpdated`, `uid`) VALUES
 ('99', '43', '48', '1', '1', NULL, '2016-11-02 20:49:02', '2016-11-02 20:49:02', 'f81599af-bb26-4e18-b675-647354d671f9'),
 ('100', '55', '48', '1', '1', NULL, '2016-11-02 22:32:22', '2016-11-02 22:32:22', '2a412745-1f9a-4196-8089-bda7647af8bb'),
 ('102', '101', '48', '1', '1', NULL, '2016-11-02 23:34:23', '2016-11-22 20:42:26', '5195c566-cf53-4491-9366-3da67e9ccf31'),
 ('125', '122', '48', '1', '1', NULL, '2016-11-03 23:15:46', '2016-11-22 21:58:43', '2baaff69-b0f0-416e-856f-b2f30aa6ffba');



DROP TABLE IF EXISTS `craft_supertableblocktypes`;


--
-- Schema for table `craft_supertableblocktypes`
--
CREATE TABLE `craft_supertableblocktypes` (
  `id` int(11) NOT NULL AUTO_INCREMENT,
  `fieldId` int(11) NOT NULL,
  `fieldLayoutId` int(11) DEFAULT NULL,
  `dateCreated` datetime NOT NULL,
  `dateUpdated` datetime NOT NULL,
  `uid` char(36) COLLATE utf8_unicode_ci NOT NULL DEFAULT '0',
  PRIMARY KEY (`id`),
  KEY `craft_supertableblocktypes_fieldId_fk` (`fieldId`),
  KEY `craft_supertableblocktypes_fieldLayoutId_fk` (`fieldLayoutId`)
) ENGINE=InnoDB AUTO_INCREMENT=2 DEFAULT CHARSET=utf8 COLLATE=utf8_unicode_ci;

--
-- Data for table `craft_supertableblocktypes`
--

INSERT INTO `craft_supertableblocktypes` (`id`, `fieldId`, `fieldLayoutId`, `dateCreated`, `dateUpdated`, `uid`) VALUES
 ('1', '48', '153', '2016-11-02 18:38:31', '2016-11-04 18:31:50', '8146f946-7c08-49c7-b833-59127b4b08d3');



DROP TABLE IF EXISTS `craft_supertablecontent_cta`;


--
-- Schema for table `craft_supertablecontent_cta`
--
CREATE TABLE `craft_supertablecontent_cta` (
  `id` int(11) NOT NULL AUTO_INCREMENT,
  `elementId` int(11) NOT NULL,
  `locale` char(12) COLLATE utf8_unicode_ci NOT NULL,
  `field_header` text COLLATE utf8_unicode_ci,
  `field_subtext` text COLLATE utf8_unicode_ci,
  `field_backgroundColor` char(7) COLLATE utf8_unicode_ci DEFAULT NULL,
  `field_linkUrl` text COLLATE utf8_unicode_ci,
  `field_fontColor` char(7) COLLATE utf8_unicode_ci DEFAULT NULL,
  `dateCreated` datetime NOT NULL,
  `dateUpdated` datetime NOT NULL,
  `uid` char(36) COLLATE utf8_unicode_ci NOT NULL DEFAULT '0',
  PRIMARY KEY (`id`),
  UNIQUE KEY `craft_supertablecontent_cta_elementId_locale_unq_idx` (`elementId`,`locale`),
  KEY `craft_supertablecontent_cta_locale_fk` (`locale`)
) ENGINE=InnoDB AUTO_INCREMENT=6 DEFAULT CHARSET=utf8 COLLATE=utf8_unicode_ci;

--
-- Data for table `craft_supertablecontent_cta`
--

INSERT INTO `craft_supertablecontent_cta` (`id`, `elementId`, `locale`, `field_header`, `field_subtext`, `field_backgroundColor`, `field_linkUrl`, `field_fontColor`, `dateCreated`, `dateUpdated`, `uid`) VALUES
 ('1', '98', 'en_us', 'Drop \r\nus \r\na \r\nline', 'Contact Us', '#0000ff', '/contact', NULL, '2016-11-02 18:59:49', '2016-11-02 23:39:00', '043143c9-756a-410c-bcdb-5c775562387a'),
 ('2', '99', 'en_us', 'Check\r\nout\r\nwhat\'s\r\nhappening', 'Our Journal', '#ffae96', '/journal', NULL, '2016-11-02 20:49:02', '2016-11-02 20:49:02', 'fc6d1938-7d8f-44e6-9a68-97abbed9a4d9'),
 ('3', '100', 'en_us', 'See\r\nWhat \r\nMakes\r\nUs\r\nTick', 'Our Studio', '#000000', '/overview', NULL, '2016-11-02 22:32:22', '2016-11-02 22:32:22', 'e77f9781-5e42-4935-9d5d-0c4f5c793b75'),
 ('4', '102', 'en_us', 'Drop \r\nus \r\na \r\nline', 'Contact Us', '#000000', '/contact', '#efefef', '2016-11-02 23:34:23', '2016-11-22 20:42:26', '882ae1a9-62ae-4936-a130-2d998163064b'),
 ('5', '125', 'en_us', 'I\r\nWanna\r\nRead\r\nMore', 'Our Journal', '#ffae96', '/journal', '#ffffff', '2016-11-03 23:15:46', '2016-11-22 21:58:43', '3d1c8d31-7a93-4eee-b8c9-532d85978953');



DROP TABLE IF EXISTS `craft_systemsettings`;


--
-- Schema for table `craft_systemsettings`
--
CREATE TABLE `craft_systemsettings` (
  `id` int(11) NOT NULL AUTO_INCREMENT,
  `category` varchar(15) COLLATE utf8_unicode_ci NOT NULL,
  `settings` text COLLATE utf8_unicode_ci,
  `dateCreated` datetime NOT NULL,
  `dateUpdated` datetime NOT NULL,
  `uid` char(36) COLLATE utf8_unicode_ci NOT NULL DEFAULT '0',
  PRIMARY KEY (`id`),
  UNIQUE KEY `craft_systemsettings_category_unq_idx` (`category`)
) ENGINE=InnoDB AUTO_INCREMENT=2 DEFAULT CHARSET=utf8 COLLATE=utf8_unicode_ci;

--
-- Data for table `craft_systemsettings`
--

INSERT INTO `craft_systemsettings` (`id`, `category`, `settings`, `dateCreated`, `dateUpdated`, `uid`) VALUES
 ('1', 'email', '{\"protocol\":\"php\",\"emailAddress\":\"nick@turnstylestudio.com\",\"senderName\":\"Turnstyle\"}', '2016-10-07 18:01:54', '2016-10-07 18:01:54', 'c6208422-1cc5-49b4-ad3b-c9cc15767bd7');



DROP TABLE IF EXISTS `craft_taggroups`;


--
-- Schema for table `craft_taggroups`
--
CREATE TABLE `craft_taggroups` (
  `id` int(11) NOT NULL AUTO_INCREMENT,
  `name` varchar(255) COLLATE utf8_unicode_ci NOT NULL,
  `handle` varchar(255) COLLATE utf8_unicode_ci NOT NULL,
  `fieldLayoutId` int(10) DEFAULT NULL,
  `dateCreated` datetime NOT NULL,
  `dateUpdated` datetime NOT NULL,
  `uid` char(36) COLLATE utf8_unicode_ci NOT NULL DEFAULT '0',
  PRIMARY KEY (`id`),
  UNIQUE KEY `craft_taggroups_name_unq_idx` (`name`),
  UNIQUE KEY `craft_taggroups_handle_unq_idx` (`handle`),
  KEY `craft_taggroups_fieldLayoutId_fk` (`fieldLayoutId`)
) ENGINE=InnoDB AUTO_INCREMENT=2 DEFAULT CHARSET=utf8 COLLATE=utf8_unicode_ci;

--
-- Data for table `craft_taggroups`
--

INSERT INTO `craft_taggroups` (`id`, `name`, `handle`, `fieldLayoutId`, `dateCreated`, `dateUpdated`, `uid`) VALUES
 ('1', 'Default', 'default', '1', '2016-10-07 18:01:54', '2016-10-07 18:01:54', '635f898f-54f4-476f-95b6-fd35c369a3f0');



DROP TABLE IF EXISTS `craft_tags`;


--
-- Schema for table `craft_tags`
--
CREATE TABLE `craft_tags` (
  `id` int(11) NOT NULL,
  `groupId` int(11) NOT NULL,
  `dateCreated` datetime NOT NULL,
  `dateUpdated` datetime NOT NULL,
  `uid` char(36) COLLATE utf8_unicode_ci NOT NULL DEFAULT '0',
  PRIMARY KEY (`id`),
  KEY `craft_tags_groupId_fk` (`groupId`)
) ENGINE=InnoDB DEFAULT CHARSET=utf8 COLLATE=utf8_unicode_ci;

DROP TABLE IF EXISTS `craft_tasks`;


--
-- Schema for table `craft_tasks`
--
CREATE TABLE `craft_tasks` (
  `id` int(11) NOT NULL AUTO_INCREMENT,
  `root` int(11) unsigned DEFAULT NULL,
  `lft` int(11) unsigned NOT NULL,
  `rgt` int(11) unsigned NOT NULL,
  `level` smallint(6) unsigned NOT NULL,
  `currentStep` int(11) unsigned DEFAULT NULL,
  `totalSteps` int(11) unsigned DEFAULT NULL,
  `status` enum('pending','error','running') COLLATE utf8_unicode_ci DEFAULT NULL,
  `type` varchar(150) COLLATE utf8_unicode_ci NOT NULL,
  `description` varchar(255) COLLATE utf8_unicode_ci DEFAULT NULL,
  `settings` mediumtext COLLATE utf8_unicode_ci,
  `dateCreated` datetime NOT NULL,
  `dateUpdated` datetime NOT NULL,
  `uid` char(36) COLLATE utf8_unicode_ci NOT NULL DEFAULT '0',
  PRIMARY KEY (`id`),
  KEY `craft_tasks_root_idx` (`root`),
  KEY `craft_tasks_lft_idx` (`lft`),
  KEY `craft_tasks_rgt_idx` (`rgt`),
  KEY `craft_tasks_level_idx` (`level`)
) ENGINE=InnoDB AUTO_INCREMENT=367 DEFAULT CHARSET=utf8 COLLATE=utf8_unicode_ci;

DROP TABLE IF EXISTS `craft_templatecachecriteria`;


--
-- Schema for table `craft_templatecachecriteria`
--
CREATE TABLE `craft_templatecachecriteria` (
  `id` int(11) NOT NULL AUTO_INCREMENT,
  `cacheId` int(11) NOT NULL,
  `type` varchar(150) COLLATE utf8_unicode_ci NOT NULL,
  `criteria` text COLLATE utf8_unicode_ci NOT NULL,
  PRIMARY KEY (`id`),
  KEY `craft_templatecachecriteria_cacheId_fk` (`cacheId`),
  KEY `craft_templatecachecriteria_type_idx` (`type`)
) ENGINE=InnoDB DEFAULT CHARSET=utf8 COLLATE=utf8_unicode_ci;

DROP TABLE IF EXISTS `craft_templatecacheelements`;


--
-- Schema for table `craft_templatecacheelements`
--
CREATE TABLE `craft_templatecacheelements` (
  `cacheId` int(11) NOT NULL,
  `elementId` int(11) NOT NULL,
  KEY `craft_templatecacheelements_cacheId_fk` (`cacheId`),
  KEY `craft_templatecacheelements_elementId_fk` (`elementId`)
) ENGINE=InnoDB DEFAULT CHARSET=utf8 COLLATE=utf8_unicode_ci;

DROP TABLE IF EXISTS `craft_templatecaches`;


--
-- Schema for table `craft_templatecaches`
--
CREATE TABLE `craft_templatecaches` (
  `id` int(11) NOT NULL AUTO_INCREMENT,
  `cacheKey` varchar(255) COLLATE utf8_unicode_ci NOT NULL,
  `locale` char(12) COLLATE utf8_unicode_ci NOT NULL,
  `path` varchar(255) COLLATE utf8_unicode_ci DEFAULT NULL,
  `expiryDate` datetime NOT NULL,
  `body` mediumtext COLLATE utf8_unicode_ci NOT NULL,
  PRIMARY KEY (`id`),
  KEY `craft_templatecaches_expiryDate_cacheKey_locale_path_idx` (`expiryDate`,`cacheKey`,`locale`,`path`),
  KEY `craft_templatecaches_locale_fk` (`locale`)
) ENGINE=InnoDB DEFAULT CHARSET=utf8 COLLATE=utf8_unicode_ci;

DROP TABLE IF EXISTS `craft_tokens`;


--
-- Schema for table `craft_tokens`
--
CREATE TABLE `craft_tokens` (
  `id` int(11) NOT NULL AUTO_INCREMENT,
  `token` char(32) COLLATE utf8_unicode_ci NOT NULL,
  `route` text COLLATE utf8_unicode_ci,
  `usageLimit` tinyint(3) unsigned DEFAULT NULL,
  `usageCount` tinyint(3) unsigned DEFAULT NULL,
  `expiryDate` datetime NOT NULL,
  `dateCreated` datetime NOT NULL,
  `dateUpdated` datetime NOT NULL,
  `uid` char(36) COLLATE utf8_unicode_ci NOT NULL DEFAULT '0',
  PRIMARY KEY (`id`),
  UNIQUE KEY `craft_tokens_token_unq_idx` (`token`),
  KEY `craft_tokens_expiryDate_idx` (`expiryDate`)
) ENGINE=InnoDB DEFAULT CHARSET=utf8 COLLATE=utf8_unicode_ci;

DROP TABLE IF EXISTS `craft_usergroups`;


--
-- Schema for table `craft_usergroups`
--
CREATE TABLE `craft_usergroups` (
  `id` int(11) NOT NULL AUTO_INCREMENT,
  `name` varchar(255) COLLATE utf8_unicode_ci NOT NULL,
  `handle` varchar(255) COLLATE utf8_unicode_ci NOT NULL,
  `dateCreated` datetime NOT NULL,
  `dateUpdated` datetime NOT NULL,
  `uid` char(36) COLLATE utf8_unicode_ci NOT NULL DEFAULT '0',
  PRIMARY KEY (`id`),
  UNIQUE KEY `craft_usergroups_name_unq_idx` (`name`),
  UNIQUE KEY `craft_usergroups_handle_unq_idx` (`handle`)
) ENGINE=InnoDB DEFAULT CHARSET=utf8 COLLATE=utf8_unicode_ci;

DROP TABLE IF EXISTS `craft_usergroups_users`;


--
-- Schema for table `craft_usergroups_users`
--
CREATE TABLE `craft_usergroups_users` (
  `id` int(11) NOT NULL AUTO_INCREMENT,
  `groupId` int(11) NOT NULL,
  `userId` int(11) NOT NULL,
  `dateCreated` datetime NOT NULL,
  `dateUpdated` datetime NOT NULL,
  `uid` char(36) COLLATE utf8_unicode_ci NOT NULL DEFAULT '0',
  PRIMARY KEY (`id`),
  UNIQUE KEY `craft_usergroups_users_groupId_userId_unq_idx` (`groupId`,`userId`),
  KEY `craft_usergroups_users_userId_fk` (`userId`)
) ENGINE=InnoDB DEFAULT CHARSET=utf8 COLLATE=utf8_unicode_ci;

DROP TABLE IF EXISTS `craft_userpermissions`;


--
-- Schema for table `craft_userpermissions`
--
CREATE TABLE `craft_userpermissions` (
  `id` int(11) NOT NULL AUTO_INCREMENT,
  `name` varchar(255) COLLATE utf8_unicode_ci NOT NULL,
  `dateCreated` datetime NOT NULL,
  `dateUpdated` datetime NOT NULL,
  `uid` char(36) COLLATE utf8_unicode_ci NOT NULL DEFAULT '0',
  PRIMARY KEY (`id`),
  UNIQUE KEY `craft_userpermissions_name_unq_idx` (`name`)
) ENGINE=InnoDB DEFAULT CHARSET=utf8 COLLATE=utf8_unicode_ci;

DROP TABLE IF EXISTS `craft_userpermissions_usergroups`;


--
-- Schema for table `craft_userpermissions_usergroups`
--
CREATE TABLE `craft_userpermissions_usergroups` (
  `id` int(11) NOT NULL AUTO_INCREMENT,
  `permissionId` int(11) NOT NULL,
  `groupId` int(11) NOT NULL,
  `dateCreated` datetime NOT NULL,
  `dateUpdated` datetime NOT NULL,
  `uid` char(36) COLLATE utf8_unicode_ci NOT NULL DEFAULT '0',
  PRIMARY KEY (`id`),
  UNIQUE KEY `craft_userpermissions_usergroups_permissionId_groupId_unq_idx` (`permissionId`,`groupId`),
  KEY `craft_userpermissions_usergroups_groupId_fk` (`groupId`)
) ENGINE=InnoDB DEFAULT CHARSET=utf8 COLLATE=utf8_unicode_ci;

DROP TABLE IF EXISTS `craft_userpermissions_users`;


--
-- Schema for table `craft_userpermissions_users`
--
CREATE TABLE `craft_userpermissions_users` (
  `id` int(11) NOT NULL AUTO_INCREMENT,
  `permissionId` int(11) NOT NULL,
  `userId` int(11) NOT NULL,
  `dateCreated` datetime NOT NULL,
  `dateUpdated` datetime NOT NULL,
  `uid` char(36) COLLATE utf8_unicode_ci NOT NULL DEFAULT '0',
  PRIMARY KEY (`id`),
  UNIQUE KEY `craft_userpermissions_users_permissionId_userId_unq_idx` (`permissionId`,`userId`),
  KEY `craft_userpermissions_users_userId_fk` (`userId`)
) ENGINE=InnoDB DEFAULT CHARSET=utf8 COLLATE=utf8_unicode_ci;

DROP TABLE IF EXISTS `craft_users`;


--
-- Schema for table `craft_users`
--
CREATE TABLE `craft_users` (
  `id` int(11) NOT NULL,
  `username` varchar(100) COLLATE utf8_unicode_ci NOT NULL,
  `photo` varchar(100) COLLATE utf8_unicode_ci DEFAULT NULL,
  `firstName` varchar(100) COLLATE utf8_unicode_ci DEFAULT NULL,
  `lastName` varchar(100) COLLATE utf8_unicode_ci DEFAULT NULL,
  `email` varchar(255) COLLATE utf8_unicode_ci NOT NULL,
  `password` char(255) COLLATE utf8_unicode_ci DEFAULT NULL,
  `preferredLocale` char(12) COLLATE utf8_unicode_ci DEFAULT NULL,
  `weekStartDay` tinyint(1) unsigned NOT NULL DEFAULT '0',
  `admin` tinyint(1) unsigned NOT NULL DEFAULT '0',
  `client` tinyint(1) unsigned NOT NULL DEFAULT '0',
  `locked` tinyint(1) unsigned NOT NULL DEFAULT '0',
  `suspended` tinyint(1) unsigned NOT NULL DEFAULT '0',
  `pending` tinyint(1) unsigned NOT NULL DEFAULT '0',
  `archived` tinyint(1) unsigned NOT NULL DEFAULT '0',
  `lastLoginDate` datetime DEFAULT NULL,
  `lastLoginAttemptIPAddress` varchar(45) COLLATE utf8_unicode_ci DEFAULT NULL,
  `invalidLoginWindowStart` datetime DEFAULT NULL,
  `invalidLoginCount` tinyint(4) unsigned DEFAULT NULL,
  `lastInvalidLoginDate` datetime DEFAULT NULL,
  `lockoutDate` datetime DEFAULT NULL,
  `verificationCode` char(100) COLLATE utf8_unicode_ci DEFAULT NULL,
  `verificationCodeIssuedDate` datetime DEFAULT NULL,
  `unverifiedEmail` varchar(255) COLLATE utf8_unicode_ci DEFAULT NULL,
  `passwordResetRequired` tinyint(1) unsigned NOT NULL DEFAULT '0',
  `lastPasswordChangeDate` datetime DEFAULT NULL,
  `dateCreated` datetime NOT NULL,
  `dateUpdated` datetime NOT NULL,
  `uid` char(36) COLLATE utf8_unicode_ci NOT NULL DEFAULT '0',
  PRIMARY KEY (`id`),
  UNIQUE KEY `craft_users_username_unq_idx` (`username`),
  UNIQUE KEY `craft_users_email_unq_idx` (`email`),
  KEY `craft_users_verificationCode_idx` (`verificationCode`),
  KEY `craft_users_uid_idx` (`uid`),
  KEY `craft_users_preferredLocale_fk` (`preferredLocale`)
) ENGINE=InnoDB DEFAULT CHARSET=utf8 COLLATE=utf8_unicode_ci;

--
-- Data for table `craft_users`
--

INSERT INTO `craft_users` (`id`, `username`, `photo`, `firstName`, `lastName`, `email`, `password`, `preferredLocale`, `weekStartDay`, `admin`, `client`, `locked`, `suspended`, `pending`, `archived`, `lastLoginDate`, `lastLoginAttemptIPAddress`, `invalidLoginWindowStart`, `invalidLoginCount`, `lastInvalidLoginDate`, `lockoutDate`, `verificationCode`, `verificationCodeIssuedDate`, `unverifiedEmail`, `passwordResetRequired`, `lastPasswordChangeDate`, `dateCreated`, `dateUpdated`, `uid`) VALUES
 ('1', 'themaster', 'Nick_02_430_220_90_c1.jpg', 'Nick', 'Katarow', 'nick@turnstylestudio.com', '$2y$13$n1fb9Zi3xG6Mi1hGM2pGkeQYunNLcPconJGhBRW39.EuPkhmk5XMm', NULL, '0', '1', '0', '0', '0', '0', '0', '2016-11-22 22:12:31', '::1', NULL, NULL, NULL, NULL, NULL, NULL, NULL, '0', '2016-10-07 18:01:52', '2016-10-07 18:01:52', '2016-11-22 22:12:32', 'b7823d1b-e5f4-4f11-882a-ebd3b3f39491'),
 ('46', 'kgabouer', 'Kyle_00_430_220_90_c1.jpg', 'Kyle', 'Gabouer', 'kyle@turnstylestudio.com', '$2y$13$ex18SDu6zknx/pEj4biw7OXS0tYn8zgpHcjGe9fU29Fc0Bg0hQjgG', NULL, '0', '1', '0', '0', '0', '0', '0', '2016-11-22 19:31:00', '96.85.209.46', NULL, NULL, '2016-11-18 23:48:14', NULL, NULL, NULL, NULL, '0', '2016-11-11 18:43:20', '2016-10-20 20:44:16', '2016-11-22 19:31:00', '887011e6-9a93-41d0-8352-e1e8e50052eb'),
 ('47', 'bgraham', 'Ben_01_2_430_220_90_c1.jpg', 'Ben', 'Graham', 'ben@turnstylestudio.com', '$2y$13$V84s93YSNWt1TqNDrNV2muUsn.BO3SXZdLGSVphBu36AT6RQngpZm', NULL, '0', '1', '0', '0', '0', '0', '0', '2016-10-20 21:25:37', '96.85.209.46', NULL, NULL, NULL, NULL, NULL, NULL, NULL, '0', '2016-10-20 21:25:21', '2016-10-20 20:45:10', '2016-10-20 21:25:37', '7b37964c-a10c-45ac-9240-09df6024fc69'),
 ('146', 'mdiefenbach', 'Matt_01_3_430_220_90_c1.jpg', 'Matt', 'Diefenbach', 'matt@turnstylestudio.com', '$2y$13$OCtWrrozaFbjpDJptLPa6uKmKDVPiNN60NMCze2UIvl5n2.gpCFUS', NULL, '0', '1', '0', '0', '0', '0', '0', '2016-11-17 20:07:51', '96.85.209.46', NULL, NULL, NULL, NULL, NULL, NULL, NULL, '0', '2016-11-17 20:07:26', '2016-11-17 17:46:18', '2016-11-17 20:07:51', '71589282-6a20-44c9-a9a8-64a9e5765003'),
 ('147', 'swatson', 'Terrence-Howard.jpg', 'Steve', 'Watson', 'steve@turnstylestudio.com', '$2y$13$tkU9WHwX4i.apcV/Wq9juewvcklp5YjwG88laS8nEwA3yneFURZme', NULL, '0', '1', '0', '0', '0', '0', '0', '2016-11-17 21:01:12', '96.85.209.46', NULL, NULL, '2016-11-17 20:55:53', NULL, NULL, NULL, NULL, '0', '2016-11-17 20:57:34', '2016-11-17 17:46:53', '2016-11-17 21:01:12', '87904dc3-9921-410a-a19b-cfc3bacc994f'),
 ('148', 'rbaerwalde', 'Regina_01_430_220_90_c1.jpg', 'Regina', 'Baerwalde', 'regina@turnstylestudio.com', '$2y$13$gSy7Z/K36lbhXFKEe2Rsqu26D3yzbyLh2mfwoQbp1/XuURJxnQABy', NULL, '0', '1', '0', '0', '0', '0', '0', '2016-11-17 18:43:23', '96.85.209.46', NULL, NULL, NULL, NULL, NULL, NULL, NULL, '0', '2016-11-17 18:43:07', '2016-11-17 17:47:35', '2016-11-17 18:43:23', '4268a120-c3fb-4821-967e-703e1ee3193d'),
 ('149', 'abaker', 'Abbey_01_430_220_90_c1.jpg', 'Abbey', 'Baker', 'abbey@turnstylestudio.com', '$2y$13$dFzFv2ESDM0Eyr4n0sKoneUJ0q5pWTHiiEq/GO7NfhXR/xvU5KsHq', NULL, '0', '1', '0', '0', '0', '0', '0', '2016-11-18 22:48:43', '96.85.209.46', NULL, NULL, '2016-11-18 22:46:04', NULL, NULL, NULL, NULL, '0', '2016-11-18 22:48:20', '2016-11-17 17:48:02', '2016-11-18 22:48:43', 'ca84f9bd-caf4-4077-962f-d6ff7d417c13'),
 ('150', 'gsteider', 'Garret_01_1_430_220_90_c1.jpg', 'Garret', 'Steider', 'garret@turnstylestudio.com', '$2y$13$FCpVTXIvuoVIJilYyAnk2ObD/Z3DA2EK6oHng2ttwhOVMAu.3odei', NULL, '0', '1', '0', '0', '0', '0', '0', '2016-11-17 18:07:07', '96.85.209.46', NULL, NULL, NULL, NULL, NULL, NULL, NULL, '0', '2016-11-17 18:03:53', '2016-11-17 17:48:28', '2016-11-17 18:07:07', '954a6b6c-13a8-4646-8c4b-398de27698ad'),
 ('151', 'rbennett', 'Robert_01_430_220_90_c1.jpg', 'Robert', 'Bennett', 'robert@turnstylestudio.com', '$2y$13$FvwlQA0LwfGQyPkl2EvDK./j4aGYItpXp2.z/jOaYkto0jq8PUCJ6', NULL, '0', '1', '0', '0', '0', '0', '0', '2016-11-17 18:00:28', '96.85.209.46', NULL, NULL, NULL, NULL, NULL, NULL, NULL, '0', '2016-11-17 18:00:14', '2016-11-17 17:48:51', '2016-11-17 18:00:28', '95e1d448-2a34-46f3-8261-ee755fbebc6b'),
 ('152', 'jgomez', 'Jason_01B_1_430_220_90_c1.jpg', 'Jason', 'Gomez', 'jason@turnstylestudio.com', '$2y$13$2F434Nv.41YR6EdVbivDlOljWyk4yJap37EkoNvPYrDgcgdrGFk4y', NULL, '0', '1', '0', '0', '0', '0', '0', '2016-11-18 22:41:17', '96.85.209.46', NULL, NULL, NULL, NULL, NULL, NULL, NULL, '0', '2016-11-17 17:52:08', '2016-11-17 17:49:13', '2016-11-18 22:41:17', 'f3c45639-7fa0-4a2e-9fd2-7a5f762e62db');



DROP TABLE IF EXISTS `craft_widgets`;


--
-- Schema for table `craft_widgets`
--
CREATE TABLE `craft_widgets` (
  `id` int(11) NOT NULL AUTO_INCREMENT,
  `userId` int(11) NOT NULL,
  `type` varchar(150) COLLATE utf8_unicode_ci NOT NULL,
  `sortOrder` smallint(6) unsigned DEFAULT NULL,
  `colspan` tinyint(4) unsigned DEFAULT NULL,
  `settings` text COLLATE utf8_unicode_ci,
  `enabled` tinyint(1) unsigned NOT NULL DEFAULT '1',
  `dateCreated` datetime NOT NULL,
  `dateUpdated` datetime NOT NULL,
  `uid` char(36) COLLATE utf8_unicode_ci NOT NULL DEFAULT '0',
  PRIMARY KEY (`id`),
  KEY `craft_widgets_userId_fk` (`userId`)
) ENGINE=InnoDB AUTO_INCREMENT=41 DEFAULT CHARSET=utf8 COLLATE=utf8_unicode_ci;

--
-- Data for table `craft_widgets`
--

INSERT INTO `craft_widgets` (`id`, `userId`, `type`, `sortOrder`, `colspan`, `settings`, `enabled`, `dateCreated`, `dateUpdated`, `uid`) VALUES
 ('1', '1', 'RecentEntries', '1', NULL, NULL, '1', '2016-10-07 18:01:58', '2016-10-07 18:01:58', '77885f44-8a17-4f42-8187-10900733d350'),
 ('2', '1', 'GetHelp', '2', NULL, NULL, '1', '2016-10-07 18:01:58', '2016-10-07 18:01:58', 'b708b22b-482f-4cde-a9ca-a9eec1d19fff'),
 ('3', '1', 'Updates', '3', NULL, NULL, '1', '2016-10-07 18:01:58', '2016-10-07 18:01:58', '281b2d56-5aa4-483a-8f17-700f38541dc5'),
 ('4', '1', 'Feed', '4', NULL, '{\"url\":\"https:\\/\\/craftcms.com\\/news.rss\",\"title\":\"Craft News\"}', '1', '2016-10-07 18:01:58', '2016-10-07 18:01:58', '033bebd5-7200-4121-9eac-23198db632c1'),
 ('5', '47', 'RecentEntries', '1', NULL, NULL, '1', '2016-10-20 21:25:38', '2016-10-20 21:25:38', 'a44fb5d4-2838-4cfc-9eb7-5b2858352bf9'),
 ('6', '47', 'GetHelp', '2', NULL, NULL, '1', '2016-10-20 21:25:38', '2016-10-20 21:25:38', '9b363129-2987-4511-988c-405fca299dbb'),
 ('7', '47', 'Updates', '3', NULL, NULL, '1', '2016-10-20 21:25:38', '2016-10-20 21:25:38', '993e2d25-8812-4e0c-ba48-a023efebed47'),
 ('8', '47', 'Feed', '4', NULL, '{\"url\":\"https:\\/\\/craftcms.com\\/news.rss\",\"title\":\"Craft News\"}', '1', '2016-10-20 21:25:38', '2016-10-20 21:25:38', '40e6dc3f-9a27-43d4-9b88-f178cf37d1ed'),
 ('9', '46', 'RecentEntries', '1', NULL, NULL, '1', '2016-11-10 17:48:01', '2016-11-10 17:48:01', 'b403a80c-0870-4b23-a7e6-78c82a1b6b3b'),
 ('10', '46', 'GetHelp', '2', NULL, NULL, '1', '2016-11-10 17:48:01', '2016-11-10 17:48:01', '7ba43a6a-3314-4d6b-a356-beacb1c06331'),
 ('11', '46', 'Updates', '3', NULL, NULL, '1', '2016-11-10 17:48:01', '2016-11-10 17:48:01', 'd62c0968-dc94-4abd-b862-18554ba3ce61'),
 ('12', '46', 'Feed', '4', NULL, '{\"url\":\"https:\\/\\/craftcms.com\\/news.rss\",\"title\":\"Craft News\"}', '1', '2016-11-10 17:48:01', '2016-11-10 17:48:01', '43b39a99-f854-4431-b472-15381c452e1a'),
 ('13', '152', 'RecentEntries', '1', NULL, NULL, '1', '2016-11-17 17:52:19', '2016-11-17 17:52:19', '627f7e85-4448-4d9f-abfb-23c340410925'),
 ('14', '152', 'GetHelp', '2', NULL, NULL, '1', '2016-11-17 17:52:19', '2016-11-17 17:52:19', 'be3c9923-819e-47c2-a7b0-6a9bb9a7a4b8'),
 ('15', '152', 'Updates', '3', NULL, NULL, '1', '2016-11-17 17:52:19', '2016-11-17 17:52:19', '67264f2c-7009-4cd1-8ac8-46aed2dc5bec'),
 ('16', '152', 'Feed', '4', NULL, '{\"url\":\"https:\\/\\/craftcms.com\\/news.rss\",\"title\":\"Craft News\"}', '1', '2016-11-17 17:52:19', '2016-11-17 17:52:19', 'c6ad88d0-fa08-4e94-876f-0d80568f0c12'),
 ('17', '151', 'RecentEntries', '1', NULL, NULL, '1', '2016-11-17 18:00:28', '2016-11-17 18:00:28', 'e5629e5e-9b78-4adf-9ebd-1a8ccaa95130'),
 ('18', '151', 'GetHelp', '2', NULL, NULL, '1', '2016-11-17 18:00:28', '2016-11-17 18:00:28', '4411fa82-5589-4677-8fa0-ee9038dc051b'),
 ('19', '151', 'Updates', '3', NULL, NULL, '1', '2016-11-17 18:00:28', '2016-11-17 18:00:28', 'e1fcb6eb-de90-4fcc-bc59-69d14de9d1dc'),
 ('20', '151', 'Feed', '4', NULL, '{\"url\":\"https:\\/\\/craftcms.com\\/news.rss\",\"title\":\"Craft News\"}', '1', '2016-11-17 18:00:28', '2016-11-17 18:00:28', '5bcd59a2-3ee2-40f0-9e9b-46ccd9811356'),
 ('21', '150', 'RecentEntries', '1', NULL, NULL, '1', '2016-11-17 18:04:18', '2016-11-17 18:04:18', '01b79b32-ea36-40b0-a361-ffeb708cc44e'),
 ('22', '150', 'GetHelp', '2', NULL, NULL, '1', '2016-11-17 18:04:18', '2016-11-17 18:04:18', 'e831c24f-b665-4b8c-9543-0e0994bdf226'),
 ('23', '150', 'Updates', '3', NULL, NULL, '1', '2016-11-17 18:04:18', '2016-11-17 18:04:18', '519368b7-1251-403d-a238-b37cb514db30'),
 ('24', '150', 'Feed', '4', NULL, '{\"url\":\"https:\\/\\/craftcms.com\\/news.rss\",\"title\":\"Craft News\"}', '1', '2016-11-17 18:04:18', '2016-11-17 18:04:18', '1c1bbeaa-7246-4b82-8448-ff623f25a887'),
 ('25', '148', 'RecentEntries', '1', NULL, NULL, '1', '2016-11-17 18:43:24', '2016-11-17 18:43:24', '6d301fcf-43af-48da-bf5e-173da1c529ea'),
 ('26', '148', 'GetHelp', '2', NULL, NULL, '1', '2016-11-17 18:43:24', '2016-11-17 18:43:24', '86715bd0-d69e-48a4-937b-23470a30e8de'),
 ('27', '148', 'Updates', '3', NULL, NULL, '1', '2016-11-17 18:43:24', '2016-11-17 18:43:24', 'dcdad903-5a47-4ff7-87d4-7c02414f7a36'),
 ('28', '148', 'Feed', '4', NULL, '{\"url\":\"https:\\/\\/craftcms.com\\/news.rss\",\"title\":\"Craft News\"}', '1', '2016-11-17 18:43:24', '2016-11-17 18:43:24', 'ab06198c-bf6f-43b7-a77a-a08f7f66e235'),
 ('29', '146', 'RecentEntries', '1', NULL, NULL, '1', '2016-11-17 20:07:53', '2016-11-17 20:07:53', '3678c39c-30d2-4abd-8fc6-6bb50432e904'),
 ('30', '146', 'GetHelp', '2', NULL, NULL, '1', '2016-11-17 20:07:53', '2016-11-17 20:07:53', '6bb471eb-3ee9-487a-b9df-6dbc6c6fdb32'),
 ('31', '146', 'Updates', '3', NULL, NULL, '1', '2016-11-17 20:07:53', '2016-11-17 20:07:53', 'cf4200bf-779b-4929-83c2-bbedb8eb0850'),
 ('32', '146', 'Feed', '4', NULL, '{\"url\":\"https:\\/\\/craftcms.com\\/news.rss\",\"title\":\"Craft News\"}', '1', '2016-11-17 20:07:53', '2016-11-17 20:07:53', 'e27400a4-14a2-4da1-9da9-52ef5340b053'),
 ('33', '147', 'RecentEntries', '1', NULL, NULL, '1', '2016-11-17 21:01:13', '2016-11-17 21:01:13', 'c57d45e4-0362-431e-8993-96e66e531ad7'),
 ('34', '147', 'GetHelp', '2', NULL, NULL, '1', '2016-11-17 21:01:13', '2016-11-17 21:01:13', 'f725b7bf-aa63-4a2b-a341-a9952506a1b6'),
 ('35', '147', 'Updates', '3', NULL, NULL, '1', '2016-11-17 21:01:13', '2016-11-17 21:01:13', '7ab1bf68-68b6-4cb2-9531-d66216424451'),
 ('36', '147', 'Feed', '4', NULL, '{\"url\":\"https:\\/\\/craftcms.com\\/news.rss\",\"title\":\"Craft News\"}', '1', '2016-11-17 21:01:13', '2016-11-17 21:01:13', '0f8c9259-cbe1-4ca4-b4c8-c08f38a5b43e'),
 ('37', '149', 'RecentEntries', '1', NULL, NULL, '1', '2016-11-18 22:48:43', '2016-11-18 22:48:43', '614ba8de-96d1-452d-9630-8732958c16a6'),
 ('38', '149', 'GetHelp', '2', NULL, NULL, '1', '2016-11-18 22:48:43', '2016-11-18 22:48:43', 'a2c8d2a6-cee6-47ab-b1a6-7ec9bfec8af7'),
 ('39', '149', 'Updates', '3', NULL, NULL, '1', '2016-11-18 22:48:43', '2016-11-18 22:48:43', 'aecbac27-594d-4ff5-9c56-c953d7500480'),
 ('40', '149', 'Feed', '4', NULL, '{\"url\":\"https:\\/\\/craftcms.com\\/news.rss\",\"title\":\"Craft News\"}', '1', '2016-11-18 22:48:43', '2016-11-18 22:48:43', '4b351895-c6e3-4be8-8aca-c113c007f64f');


--
-- Constraints for tables
--


--
-- Constraints for table `craft_assetfiles`
--
ALTER TABLE `craft_assetfiles`
	ADD CONSTRAINT `craft_assetfiles_folderId_fk` FOREIGN KEY (`folderId`) REFERENCES `craft_assetfolders` (`id`) ON DELETE CASCADE,
	ADD CONSTRAINT `craft_assetfiles_id_fk` FOREIGN KEY (`id`) REFERENCES `craft_elements` (`id`) ON DELETE CASCADE,
	ADD CONSTRAINT `craft_assetfiles_sourceId_fk` FOREIGN KEY (`sourceId`) REFERENCES `craft_assetsources` (`id`) ON DELETE CASCADE;

--
-- Constraints for table `craft_assetfolders`
--
ALTER TABLE `craft_assetfolders`
	ADD CONSTRAINT `craft_assetfolders_parentId_fk` FOREIGN KEY (`parentId`) REFERENCES `craft_assetfolders` (`id`) ON DELETE CASCADE,
	ADD CONSTRAINT `craft_assetfolders_sourceId_fk` FOREIGN KEY (`sourceId`) REFERENCES `craft_assetsources` (`id`) ON DELETE CASCADE;

--
-- Constraints for table `craft_assetindexdata`
--
ALTER TABLE `craft_assetindexdata`
	ADD CONSTRAINT `craft_assetindexdata_sourceId_fk` FOREIGN KEY (`sourceId`) REFERENCES `craft_assetsources` (`id`) ON DELETE CASCADE;

--
-- Constraints for table `craft_assetsources`
--
ALTER TABLE `craft_assetsources`
	ADD CONSTRAINT `craft_assetsources_fieldLayoutId_fk` FOREIGN KEY (`fieldLayoutId`) REFERENCES `craft_fieldlayouts` (`id`) ON DELETE SET NULL;

--
-- Constraints for table `craft_categories`
--
ALTER TABLE `craft_categories`
	ADD CONSTRAINT `craft_categories_groupId_fk` FOREIGN KEY (`groupId`) REFERENCES `craft_categorygroups` (`id`) ON DELETE CASCADE,
	ADD CONSTRAINT `craft_categories_id_fk` FOREIGN KEY (`id`) REFERENCES `craft_elements` (`id`) ON DELETE CASCADE;

--
-- Constraints for table `craft_categorygroups`
--
ALTER TABLE `craft_categorygroups`
	ADD CONSTRAINT `craft_categorygroups_fieldLayoutId_fk` FOREIGN KEY (`fieldLayoutId`) REFERENCES `craft_fieldlayouts` (`id`) ON DELETE SET NULL,
	ADD CONSTRAINT `craft_categorygroups_structureId_fk` FOREIGN KEY (`structureId`) REFERENCES `craft_structures` (`id`) ON DELETE CASCADE;

--
-- Constraints for table `craft_categorygroups_i18n`
--
ALTER TABLE `craft_categorygroups_i18n`
	ADD CONSTRAINT `craft_categorygroups_i18n_groupId_fk` FOREIGN KEY (`groupId`) REFERENCES `craft_categorygroups` (`id`) ON DELETE CASCADE,
	ADD CONSTRAINT `craft_categorygroups_i18n_locale_fk` FOREIGN KEY (`locale`) REFERENCES `craft_locales` (`locale`) ON DELETE CASCADE ON UPDATE CASCADE;

--
-- Constraints for table `craft_content`
--
ALTER TABLE `craft_content`
	ADD CONSTRAINT `craft_content_elementId_fk` FOREIGN KEY (`elementId`) REFERENCES `craft_elements` (`id`) ON DELETE CASCADE,
	ADD CONSTRAINT `craft_content_locale_fk` FOREIGN KEY (`locale`) REFERENCES `craft_locales` (`locale`) ON DELETE CASCADE ON UPDATE CASCADE;

--
-- Constraints for table `craft_elements_i18n`
--
ALTER TABLE `craft_elements_i18n`
	ADD CONSTRAINT `craft_elements_i18n_elementId_fk` FOREIGN KEY (`elementId`) REFERENCES `craft_elements` (`id`) ON DELETE CASCADE,
	ADD CONSTRAINT `craft_elements_i18n_locale_fk` FOREIGN KEY (`locale`) REFERENCES `craft_locales` (`locale`) ON DELETE CASCADE ON UPDATE CASCADE;

--
-- Constraints for table `craft_emailmessages`
--
ALTER TABLE `craft_emailmessages`
	ADD CONSTRAINT `craft_emailmessages_locale_fk` FOREIGN KEY (`locale`) REFERENCES `craft_locales` (`locale`) ON DELETE CASCADE ON UPDATE CASCADE;

--
-- Constraints for table `craft_entries`
--
ALTER TABLE `craft_entries`
	ADD CONSTRAINT `craft_entries_authorId_fk` FOREIGN KEY (`authorId`) REFERENCES `craft_users` (`id`) ON DELETE CASCADE,
	ADD CONSTRAINT `craft_entries_id_fk` FOREIGN KEY (`id`) REFERENCES `craft_elements` (`id`) ON DELETE CASCADE,
	ADD CONSTRAINT `craft_entries_sectionId_fk` FOREIGN KEY (`sectionId`) REFERENCES `craft_sections` (`id`) ON DELETE CASCADE,
	ADD CONSTRAINT `craft_entries_typeId_fk` FOREIGN KEY (`typeId`) REFERENCES `craft_entrytypes` (`id`) ON DELETE CASCADE;

--
-- Constraints for table `craft_entrydrafts`
--
ALTER TABLE `craft_entrydrafts`
	ADD CONSTRAINT `craft_entrydrafts_creatorId_fk` FOREIGN KEY (`creatorId`) REFERENCES `craft_users` (`id`) ON DELETE CASCADE,
	ADD CONSTRAINT `craft_entrydrafts_entryId_fk` FOREIGN KEY (`entryId`) REFERENCES `craft_entries` (`id`) ON DELETE CASCADE,
	ADD CONSTRAINT `craft_entrydrafts_locale_fk` FOREIGN KEY (`locale`) REFERENCES `craft_locales` (`locale`) ON DELETE CASCADE ON UPDATE CASCADE,
	ADD CONSTRAINT `craft_entrydrafts_sectionId_fk` FOREIGN KEY (`sectionId`) REFERENCES `craft_sections` (`id`) ON DELETE CASCADE;

--
-- Constraints for table `craft_entrytypes`
--
ALTER TABLE `craft_entrytypes`
	ADD CONSTRAINT `craft_entrytypes_fieldLayoutId_fk` FOREIGN KEY (`fieldLayoutId`) REFERENCES `craft_fieldlayouts` (`id`) ON DELETE SET NULL,
	ADD CONSTRAINT `craft_entrytypes_sectionId_fk` FOREIGN KEY (`sectionId`) REFERENCES `craft_sections` (`id`) ON DELETE CASCADE;

--
-- Constraints for table `craft_entryversions`
--
ALTER TABLE `craft_entryversions`
	ADD CONSTRAINT `craft_entryversions_creatorId_fk` FOREIGN KEY (`creatorId`) REFERENCES `craft_users` (`id`) ON DELETE SET NULL,
	ADD CONSTRAINT `craft_entryversions_entryId_fk` FOREIGN KEY (`entryId`) REFERENCES `craft_entries` (`id`) ON DELETE CASCADE,
	ADD CONSTRAINT `craft_entryversions_locale_fk` FOREIGN KEY (`locale`) REFERENCES `craft_locales` (`locale`) ON DELETE CASCADE ON UPDATE CASCADE,
	ADD CONSTRAINT `craft_entryversions_sectionId_fk` FOREIGN KEY (`sectionId`) REFERENCES `craft_sections` (`id`) ON DELETE CASCADE;

--
-- Constraints for table `craft_fieldlayoutfields`
--
ALTER TABLE `craft_fieldlayoutfields`
	ADD CONSTRAINT `craft_fieldlayoutfields_fieldId_fk` FOREIGN KEY (`fieldId`) REFERENCES `craft_fields` (`id`) ON DELETE CASCADE,
	ADD CONSTRAINT `craft_fieldlayoutfields_layoutId_fk` FOREIGN KEY (`layoutId`) REFERENCES `craft_fieldlayouts` (`id`) ON DELETE CASCADE,
	ADD CONSTRAINT `craft_fieldlayoutfields_tabId_fk` FOREIGN KEY (`tabId`) REFERENCES `craft_fieldlayouttabs` (`id`) ON DELETE CASCADE;

--
-- Constraints for table `craft_fieldlayouttabs`
--
ALTER TABLE `craft_fieldlayouttabs`
	ADD CONSTRAINT `craft_fieldlayouttabs_layoutId_fk` FOREIGN KEY (`layoutId`) REFERENCES `craft_fieldlayouts` (`id`) ON DELETE CASCADE;

--
-- Constraints for table `craft_fields`
--
ALTER TABLE `craft_fields`
	ADD CONSTRAINT `craft_fields_groupId_fk` FOREIGN KEY (`groupId`) REFERENCES `craft_fieldgroups` (`id`) ON DELETE CASCADE;

--
-- Constraints for table `craft_globalsets`
--
ALTER TABLE `craft_globalsets`
	ADD CONSTRAINT `craft_globalsets_fieldLayoutId_fk` FOREIGN KEY (`fieldLayoutId`) REFERENCES `craft_fieldlayouts` (`id`) ON DELETE SET NULL,
	ADD CONSTRAINT `craft_globalsets_id_fk` FOREIGN KEY (`id`) REFERENCES `craft_elements` (`id`) ON DELETE CASCADE;

--
-- Constraints for table `craft_matrixblocks`
--
ALTER TABLE `craft_matrixblocks`
	ADD CONSTRAINT `craft_matrixblocks_fieldId_fk` FOREIGN KEY (`fieldId`) REFERENCES `craft_fields` (`id`) ON DELETE CASCADE,
	ADD CONSTRAINT `craft_matrixblocks_id_fk` FOREIGN KEY (`id`) REFERENCES `craft_elements` (`id`) ON DELETE CASCADE,
	ADD CONSTRAINT `craft_matrixblocks_ownerId_fk` FOREIGN KEY (`ownerId`) REFERENCES `craft_elements` (`id`) ON DELETE CASCADE,
	ADD CONSTRAINT `craft_matrixblocks_ownerLocale_fk` FOREIGN KEY (`ownerLocale`) REFERENCES `craft_locales` (`locale`) ON DELETE CASCADE ON UPDATE CASCADE,
	ADD CONSTRAINT `craft_matrixblocks_typeId_fk` FOREIGN KEY (`typeId`) REFERENCES `craft_matrixblocktypes` (`id`) ON DELETE CASCADE;

--
-- Constraints for table `craft_matrixblocktypes`
--
ALTER TABLE `craft_matrixblocktypes`
	ADD CONSTRAINT `craft_matrixblocktypes_fieldId_fk` FOREIGN KEY (`fieldId`) REFERENCES `craft_fields` (`id`) ON DELETE CASCADE,
	ADD CONSTRAINT `craft_matrixblocktypes_fieldLayoutId_fk` FOREIGN KEY (`fieldLayoutId`) REFERENCES `craft_fieldlayouts` (`id`) ON DELETE SET NULL;

--
-- Constraints for table `craft_matrixcontent_modules`
--
ALTER TABLE `craft_matrixcontent_modules`
	ADD CONSTRAINT `craft_matrixcontent_modules_elementId_fk` FOREIGN KEY (`elementId`) REFERENCES `craft_elements` (`id`) ON DELETE CASCADE,
	ADD CONSTRAINT `craft_matrixcontent_modules_locale_fk` FOREIGN KEY (`locale`) REFERENCES `craft_locales` (`locale`) ON DELETE CASCADE ON UPDATE CASCADE;

--
-- Constraints for table `craft_migrations`
--
ALTER TABLE `craft_migrations`
	ADD CONSTRAINT `craft_migrations_pluginId_fk` FOREIGN KEY (`pluginId`) REFERENCES `craft_plugins` (`id`) ON DELETE CASCADE;

--
-- Constraints for table `craft_relations`
--
ALTER TABLE `craft_relations`
	ADD CONSTRAINT `craft_relations_fieldId_fk` FOREIGN KEY (`fieldId`) REFERENCES `craft_fields` (`id`) ON DELETE CASCADE,
	ADD CONSTRAINT `craft_relations_sourceId_fk` FOREIGN KEY (`sourceId`) REFERENCES `craft_elements` (`id`) ON DELETE CASCADE,
	ADD CONSTRAINT `craft_relations_sourceLocale_fk` FOREIGN KEY (`sourceLocale`) REFERENCES `craft_locales` (`locale`) ON DELETE CASCADE ON UPDATE CASCADE,
	ADD CONSTRAINT `craft_relations_targetId_fk` FOREIGN KEY (`targetId`) REFERENCES `craft_elements` (`id`) ON DELETE CASCADE;

--
-- Constraints for table `craft_routes`
--
ALTER TABLE `craft_routes`
	ADD CONSTRAINT `craft_routes_locale_fk` FOREIGN KEY (`locale`) REFERENCES `craft_locales` (`locale`) ON DELETE CASCADE ON UPDATE CASCADE;

--
-- Constraints for table `craft_sections`
--
ALTER TABLE `craft_sections`
	ADD CONSTRAINT `craft_sections_structureId_fk` FOREIGN KEY (`structureId`) REFERENCES `craft_structures` (`id`) ON DELETE SET NULL;

--
-- Constraints for table `craft_sections_i18n`
--
ALTER TABLE `craft_sections_i18n`
	ADD CONSTRAINT `craft_sections_i18n_locale_fk` FOREIGN KEY (`locale`) REFERENCES `craft_locales` (`locale`) ON DELETE CASCADE ON UPDATE CASCADE,
	ADD CONSTRAINT `craft_sections_i18n_sectionId_fk` FOREIGN KEY (`sectionId`) REFERENCES `craft_sections` (`id`) ON DELETE CASCADE;

--
-- Constraints for table `craft_sessions`
--
ALTER TABLE `craft_sessions`
	ADD CONSTRAINT `craft_sessions_userId_fk` FOREIGN KEY (`userId`) REFERENCES `craft_users` (`id`) ON DELETE CASCADE;

--
-- Constraints for table `craft_shunnedmessages`
--
ALTER TABLE `craft_shunnedmessages`
	ADD CONSTRAINT `craft_shunnedmessages_userId_fk` FOREIGN KEY (`userId`) REFERENCES `craft_users` (`id`) ON DELETE CASCADE;

--
-- Constraints for table `craft_structureelements`
--
ALTER TABLE `craft_structureelements`
	ADD CONSTRAINT `craft_structureelements_elementId_fk` FOREIGN KEY (`elementId`) REFERENCES `craft_elements` (`id`) ON DELETE CASCADE,
	ADD CONSTRAINT `craft_structureelements_structureId_fk` FOREIGN KEY (`structureId`) REFERENCES `craft_structures` (`id`) ON DELETE CASCADE;

--
-- Constraints for table `craft_supertableblocks`
--
ALTER TABLE `craft_supertableblocks`
	ADD CONSTRAINT `craft_supertableblocks_fieldId_fk` FOREIGN KEY (`fieldId`) REFERENCES `craft_fields` (`id`) ON DELETE CASCADE,
	ADD CONSTRAINT `craft_supertableblocks_id_fk` FOREIGN KEY (`id`) REFERENCES `craft_elements` (`id`) ON DELETE CASCADE,
	ADD CONSTRAINT `craft_supertableblocks_ownerId_fk` FOREIGN KEY (`ownerId`) REFERENCES `craft_elements` (`id`) ON DELETE CASCADE,
	ADD CONSTRAINT `craft_supertableblocks_ownerLocale_fk` FOREIGN KEY (`ownerLocale`) REFERENCES `craft_locales` (`locale`) ON DELETE CASCADE ON UPDATE CASCADE,
	ADD CONSTRAINT `craft_supertableblocks_typeId_fk` FOREIGN KEY (`typeId`) REFERENCES `craft_supertableblocktypes` (`id`) ON DELETE CASCADE;

--
-- Constraints for table `craft_supertableblocktypes`
--
ALTER TABLE `craft_supertableblocktypes`
	ADD CONSTRAINT `craft_supertableblocktypes_fieldId_fk` FOREIGN KEY (`fieldId`) REFERENCES `craft_fields` (`id`) ON DELETE CASCADE,
	ADD CONSTRAINT `craft_supertableblocktypes_fieldLayoutId_fk` FOREIGN KEY (`fieldLayoutId`) REFERENCES `craft_fieldlayouts` (`id`) ON DELETE SET NULL;

--
-- Constraints for table `craft_supertablecontent_cta`
--
ALTER TABLE `craft_supertablecontent_cta`
	ADD CONSTRAINT `craft_supertablecontent_cta_elementId_fk` FOREIGN KEY (`elementId`) REFERENCES `craft_elements` (`id`) ON DELETE CASCADE,
	ADD CONSTRAINT `craft_supertablecontent_cta_locale_fk` FOREIGN KEY (`locale`) REFERENCES `craft_locales` (`locale`) ON DELETE CASCADE ON UPDATE CASCADE;

--
-- Constraints for table `craft_taggroups`
--
ALTER TABLE `craft_taggroups`
	ADD CONSTRAINT `craft_taggroups_fieldLayoutId_fk` FOREIGN KEY (`fieldLayoutId`) REFERENCES `craft_fieldlayouts` (`id`) ON DELETE SET NULL;

--
-- Constraints for table `craft_tags`
--
ALTER TABLE `craft_tags`
	ADD CONSTRAINT `craft_tags_groupId_fk` FOREIGN KEY (`groupId`) REFERENCES `craft_taggroups` (`id`) ON DELETE CASCADE,
	ADD CONSTRAINT `craft_tags_id_fk` FOREIGN KEY (`id`) REFERENCES `craft_elements` (`id`) ON DELETE CASCADE;

--
-- Constraints for table `craft_templatecachecriteria`
--
ALTER TABLE `craft_templatecachecriteria`
	ADD CONSTRAINT `craft_templatecachecriteria_cacheId_fk` FOREIGN KEY (`cacheId`) REFERENCES `craft_templatecaches` (`id`) ON DELETE CASCADE;

--
-- Constraints for table `craft_templatecacheelements`
--
ALTER TABLE `craft_templatecacheelements`
	ADD CONSTRAINT `craft_templatecacheelements_cacheId_fk` FOREIGN KEY (`cacheId`) REFERENCES `craft_templatecaches` (`id`) ON DELETE CASCADE,
	ADD CONSTRAINT `craft_templatecacheelements_elementId_fk` FOREIGN KEY (`elementId`) REFERENCES `craft_elements` (`id`) ON DELETE CASCADE;

--
-- Constraints for table `craft_templatecaches`
--
ALTER TABLE `craft_templatecaches`
	ADD CONSTRAINT `craft_templatecaches_locale_fk` FOREIGN KEY (`locale`) REFERENCES `craft_locales` (`locale`) ON DELETE CASCADE ON UPDATE CASCADE;

--
-- Constraints for table `craft_usergroups_users`
--
ALTER TABLE `craft_usergroups_users`
	ADD CONSTRAINT `craft_usergroups_users_groupId_fk` FOREIGN KEY (`groupId`) REFERENCES `craft_usergroups` (`id`) ON DELETE CASCADE,
	ADD CONSTRAINT `craft_usergroups_users_userId_fk` FOREIGN KEY (`userId`) REFERENCES `craft_users` (`id`) ON DELETE CASCADE;

--
-- Constraints for table `craft_userpermissions_usergroups`
--
ALTER TABLE `craft_userpermissions_usergroups`
	ADD CONSTRAINT `craft_userpermissions_usergroups_groupId_fk` FOREIGN KEY (`groupId`) REFERENCES `craft_usergroups` (`id`) ON DELETE CASCADE,
	ADD CONSTRAINT `craft_userpermissions_usergroups_permissionId_fk` FOREIGN KEY (`permissionId`) REFERENCES `craft_userpermissions` (`id`) ON DELETE CASCADE;

--
-- Constraints for table `craft_userpermissions_users`
--
ALTER TABLE `craft_userpermissions_users`
	ADD CONSTRAINT `craft_userpermissions_users_permissionId_fk` FOREIGN KEY (`permissionId`) REFERENCES `craft_userpermissions` (`id`) ON DELETE CASCADE,
	ADD CONSTRAINT `craft_userpermissions_users_userId_fk` FOREIGN KEY (`userId`) REFERENCES `craft_users` (`id`) ON DELETE CASCADE;

--
-- Constraints for table `craft_users`
--
ALTER TABLE `craft_users`
	ADD CONSTRAINT `craft_users_id_fk` FOREIGN KEY (`id`) REFERENCES `craft_elements` (`id`) ON DELETE CASCADE,
	ADD CONSTRAINT `craft_users_preferredLocale_fk` FOREIGN KEY (`preferredLocale`) REFERENCES `craft_locales` (`locale`) ON DELETE SET NULL ON UPDATE CASCADE;

--
-- Constraints for table `craft_widgets`
--
ALTER TABLE `craft_widgets`
	ADD CONSTRAINT `craft_widgets_userId_fk` FOREIGN KEY (`userId`) REFERENCES `craft_users` (`id`) ON DELETE CASCADE;

SET FOREIGN_KEY_CHECKS = 1;
